{
  "type": "FeatureCollection",
  "crs": {
    "type": "name",
    "properties": {
      "name": "urn:ogc:def:crs:OGC:1.3:CRS84"
    }
  },
  "features": [
    {
      "type": "Feature",
      "properties": {
        "id": "",
        "registration_no": "A-154060356-00002-9",
        "name": "五花馬-松山機場",
        "phone": "02-25450419",
        "address": "臺北市松山區敦化北路340之10號2樓",
        "rating": "優",
        "city": "臺北市"
      },
      "geometry": {
        "type": "Point",
        "coordinates": [
          121.5502919,
          25.05987077
        ]
      }
    },
    {
      "type": "Feature",
      "properties": {
        "id": "",
        "registration_no": "A-202265142-00001-2",
        "name": "林翠華養生饅頭-松山機場",
        "phone": "02-25450419",
        "address": "臺北市松山區敦化北路340之10號2樓",
        "rating": "優",
        "city": "臺北市"
      },
      "geometry": {
        "type": "Point",
        "coordinates": [
          121.5502919,
          25.05987077
        ]
      }
    },
    {
      "type": "Feature",
      "properties": {
        "id": "",
        "registration_no": "A-183048655-00006-3",
        "name": "二師兄肉羹-松山機場",
        "phone": "02-25450419",
        "address": "臺北市松山區敦化北路340之10號2樓",
        "rating": "優",
        "city": "臺北市"
      },
      "geometry": {
        "type": "Point",
        "coordinates": [
          121.5502919,
          25.05987077
        ]
      }
    },
    {
      "type": "Feature",
      "properties": {
        "id": "",
        "registration_no": "A-112411160-00927-2",
        "name": "麥當勞民生二和德昌(股)公司",
        "phone": "02-27471086",
        "address": "臺北市松山區民生東路5段234號",
        "rating": "優",
        "city": "臺北市"
      },
      "geometry": {
        "type": "Point",
        "coordinates": [
          121.5660661,
          25.05893592
        ]
      }
    },
    {
      "type": "Feature",
      "properties": {
        "id": "",
        "registration_no": "A-112411160-01008-3",
        "name": "麥當勞 - 台北北安",
        "phone": "02-25336263",
        "address": "臺北市中山區北安路626號1樓",
        "rating": "優",
        "city": "臺北市"
      },
      "geometry": {
        "type": "Point",
        "coordinates": [
          121.549115,
          25.08271835
        ]
      }
    },
    {
      "type": "Feature",
      "properties": {
        "id": "",
        "registration_no": "A-112411160-00856-3",
        "name": "麥當勞-長春",
        "phone": "02-25042797",
        "address": "臺北市中山區長春路172號",
        "rating": "優",
        "city": "臺北市"
      },
      "geometry": {
        "type": "Point",
        "coordinates": [
          121.5338501,
          25.05469182
        ]
      }
    },
    {
      "type": "Feature",
      "properties": {
        "id": "",
        "registration_no": "A-112411160-00907-0",
        "name": "麥當勞-台北民權II分公司",
        "phone": "02-25910105",
        "address": "臺北市中山區民權東路2段43號1樓",
        "rating": "優",
        "city": "臺北市"
      },
      "geometry": {
        "type": "Point",
        "coordinates": [
          121.5304709,
          25.06275857
        ]
      }
    },
    {
      "type": "Feature",
      "properties": {
        "id": "",
        "registration_no": "A-128841757-00112-4",
        "name": "韓姜熙的小廚房 - 台北大直店",
        "phone": "02-66178168",
        "address": "臺北市中山區敬業三路20號B1",
        "rating": "優",
        "city": "臺北市"
      },
      "geometry": {
        "type": "Point",
        "coordinates": [
          121.556712,
          25.08292589
        ]
      }
    },
    {
      "type": "Feature",
      "properties": {
        "id": "",
        "registration_no": "A-142647488-00001-2",
        "name": "台北中山雅樂軒酒店",
        "phone": "02-77439999",
        "address": "臺北市中山區雙城街1號",
        "rating": "優",
        "city": "臺北市"
      },
      "geometry": {
        "type": "Point",
        "coordinates": [
          121.5244352,
          25.063064
        ]
      }
    },
    {
      "type": "Feature",
      "properties": {
        "id": "",
        "registration_no": "A-116098275-00011-8",
        "name": "Mo-Mo-Paradise台北中山牧場",
        "phone": "02-25622328",
        "address": "臺北市中山區南京西路6號2樓",
        "rating": "優",
        "city": "臺北市"
      },
      "geometry": {
        "type": "Point",
        "coordinates": [
          121.5218488,
          25.05206825
        ]
      }
    },
    {
      "type": "Feature",
      "properties": {
        "id": "",
        "registration_no": "A-112411160-00900-3",
        "name": "麥當勞-民權一",
        "phone": "02-27177152",
        "address": "臺北市松山區民權東路3段128號1樓",
        "rating": "優",
        "city": "臺北市"
      },
      "geometry": {
        "type": "Point",
        "coordinates": [
          121.5460885,
          25.06182457
        ]
      }
    },
    {
      "type": "Feature",
      "properties": {
        "id": "",
        "registration_no": "A-112411160-01715-8",
        "name": "麥當勞-台北南京六",
        "phone": "02-27170738",
        "address": "臺北市松山區南京東路4段57號",
        "rating": "優",
        "city": "臺北市"
      },
      "geometry": {
        "type": "Point",
        "coordinates": [
          121.5527213,
          25.05185279
        ]
      }
    },
    {
      "type": "Feature",
      "properties": {
        "id": "",
        "registration_no": "A-123932737-00003-7",
        "name": "樂雅樂餐廳-敦化店",
        "phone": "02-25461931",
        "address": "臺北市松山區敦化北路199巷9號1樓",
        "rating": "優",
        "city": "臺北市"
      },
      "geometry": {
        "type": "Point",
        "coordinates": [
          121.5520948,
          25.05674887
        ]
      }
    },
    {
      "type": "Feature",
      "properties": {
        "id": "",
        "registration_no": "A-154280160-00002-6",
        "name": "大來自助餐-台北市萬芳醫院",
        "phone": "02-29307930#1663",
        "address": "臺北市文山區興隆路3段111號B1",
        "rating": "優",
        "city": "臺北市"
      },
      "geometry": {
        "type": "Point",
        "coordinates": [
          121.5588032,
          24.99829904
        ]
      }
    },
    {
      "type": "Feature",
      "properties": {
        "id": "",
        "registration_no": "A-137884600-00001-5",
        "name": "我家養生料理-台北市萬芳醫院",
        "phone": "02-29307930#7852",
        "address": "臺北市文山區興隆路3段111號B1",
        "rating": "優",
        "city": "臺北市"
      },
      "geometry": {
        "type": "Point",
        "coordinates": [
          121.5588032,
          24.99829904
        ]
      }
    },
    {
      "type": "Feature",
      "properties": {
        "id": "",
        "registration_no": "A-170443909-00046-4",
        "name": "乾杯股份有限公司-黑毛屋(SOGO天母店)",
        "phone": "02-28366018",
        "address": "臺北市士林區臺北市士林區中山北路6段77號8樓",
        "rating": "優",
        "city": "臺北市"
      },
      "geometry": {
        "type": "Point",
        "coordinates": [
          121.524278,
          25.105007
        ]
      }
    },
    {
      "type": "Feature",
      "properties": {
        "id": "",
        "registration_no": "A-112411160-00945-2",
        "name": "麥當勞-台北德行餐廳",
        "phone": "02-28362779",
        "address": "臺北市士林區臺北市士林區德行東路227號1樓",
        "rating": "優",
        "city": "臺北市"
      },
      "geometry": {
        "type": "Point",
        "coordinates": [
          121.53308,
          25.10953457
        ]
      }
    },
    {
      "type": "Feature",
      "properties": {
        "id": "",
        "registration_no": "A-112411160-00862-0",
        "name": "麥當勞-重北一餐廳",
        "phone": "02-28162230",
        "address": "臺北市士林區臺北市士林區重慶北路4段123號",
        "rating": "優",
        "city": "臺北市"
      },
      "geometry": {
        "type": "Point",
        "coordinates": [
          121.5120045,
          25.08250319
        ]
      }
    },
    {
      "type": "Feature",
      "properties": {
        "id": "",
        "registration_no": "A-116852172-00045-9",
        "name": "西雅圖極品咖啡-台大醫院店",
        "phone": "02-23225907",
        "address": "臺北市中正區中山南路7號",
        "rating": "優",
        "city": "臺北市"
      },
      "geometry": {
        "type": "Point",
        "coordinates": [
          121.5185579,
          25.04077573
        ]
      }
    },
    {
      "type": "Feature",
      "properties": {
        "id": "",
        "registration_no": "A-170443909-00048-6",
        "name": "乾杯股份有限公司-黑毛屋(微風北車店)",
        "phone": "02-23751511",
        "address": "臺北市中正區北平西路3號2樓",
        "rating": "優",
        "city": "臺北市"
      },
      "geometry": {
        "type": "Point",
        "coordinates": [
          121.5170577,
          25.04717594
        ]
      }
    },
    {
      "type": "Feature",
      "properties": {
        "id": "",
        "registration_no": "A-103631207-00003-3",
        "name": "台北凱撒大飯店-王朝中餐廳",
        "phone": "02-23115150#2404",
        "address": "臺北市中正區忠孝西路1段38號",
        "rating": "優",
        "city": "臺北市"
      },
      "geometry": {
        "type": "Point",
        "coordinates": [
          121.5164363,
          25.04621453
        ]
      }
    },
    {
      "type": "Feature",
      "properties": {
        "id": "",
        "registration_no": "A-103631207-00002-2",
        "name": "凱撒大飯店-checkers自助餐",
        "phone": "02-23118948",
        "address": "臺北市中正區忠孝西路1段38號2樓",
        "rating": "優",
        "city": "臺北市"
      },
      "geometry": {
        "type": "Point",
        "coordinates": [
          121.5164363,
          25.04621453
        ]
      }
    },
    {
      "type": "Feature",
      "properties": {
        "id": "",
        "registration_no": "A-112411160-00931-7",
        "name": "麥當勞-台北濟南",
        "phone": "02-23958275",
        "address": "臺北市中正區濟南路2段66號1樓",
        "rating": "優",
        "city": "臺北市"
      },
      "geometry": {
        "type": "Point",
        "coordinates": [
          121.5325214,
          25.04012648
        ]
      }
    },
    {
      "type": "Feature",
      "properties": {
        "id": "",
        "registration_no": "A-112411160-00952-0",
        "name": "麥當勞-台北木柵店",
        "phone": "02-29394168",
        "address": "臺北市文山區木柵路3段57號1樓",
        "rating": "優",
        "city": "臺北市"
      },
      "geometry": {
        "type": "Point",
        "coordinates": [
          121.5664802,
          24.98864335
        ]
      }
    },
    {
      "type": "Feature",
      "properties": {
        "id": "",
        "registration_no": "A-112411160-00990-2",
        "name": "麥當勞-台北指南店",
        "phone": "02-86617768",
        "address": "臺北市文山區指南路2段67號1樓",
        "rating": "優",
        "city": "臺北市"
      },
      "geometry": {
        "type": "Point",
        "coordinates": [
          121.574728,
          24.98794266
        ]
      }
    },
    {
      "type": "Feature",
      "properties": {
        "id": "",
        "registration_no": "A-183053426-00085-2",
        "name": "肉多多-台北西門營業所",
        "phone": "966678323",
        "address": "臺北市萬華區漢中街42號4樓",
        "rating": "優",
        "city": "臺北市"
      },
      "geometry": {
        "type": "Point",
        "coordinates": [
          121.5073461,
          25.04422542
        ]
      }
    },
    {
      "type": "Feature",
      "properties": {
        "id": "",
        "registration_no": "A-112411160-00832-7",
        "name": "麥當勞-昆明",
        "phone": "02-23146526",
        "address": "臺北市萬華區昆明街92之4號",
        "rating": "優",
        "city": "臺北市"
      },
      "geometry": {
        "type": "Point",
        "coordinates": [
          121.5053366,
          25.0450239
        ]
      }
    },
    {
      "type": "Feature",
      "properties": {
        "id": "",
        "registration_no": "A-112411160-01200-7",
        "name": "麥當勞-松山車站",
        "phone": "02-27420575",
        "address": "臺北市信義區松山路11號1樓",
        "rating": "優",
        "city": "臺北市"
      },
      "geometry": {
        "type": "Point",
        "coordinates": [
          121.5782525,
          25.04845585
        ]
      }
    },
    {
      "type": "Feature",
      "properties": {
        "id": "",
        "registration_no": "A-123932737-00010-5",
        "name": "樂雅樂餐廳-南港店",
        "phone": "02-27831861",
        "address": "臺北市南港區經貿二路66之1號",
        "rating": "優",
        "city": "臺北市"
      },
      "geometry": {
        "type": "Point",
        "coordinates": [
          121.6166507,
          25.05726952
        ]
      }
    },
    {
      "type": "Feature",
      "properties": {
        "id": "",
        "registration_no": "A-128841757-00043-7",
        "name": "涓豆腐-南港車站店",
        "phone": "02-26513288",
        "address": "臺北市南港區忠孝東路7段369號8樓C棟",
        "rating": "優",
        "city": "臺北市"
      },
      "geometry": {
        "type": "Point",
        "coordinates": [
          121.6049325,
          25.05198655
        ]
      }
    },
    {
      "type": "Feature",
      "properties": {
        "id": "",
        "registration_no": "A-170443909-00027-3",
        "name": "乾杯-南港中信店",
        "phone": "02-27866066",
        "address": "臺北市南港區經貿二路186之1號2樓",
        "rating": "優",
        "city": "臺北市"
      },
      "geometry": {
        "type": "Point",
        "coordinates": [
          121.6151862,
          25.05922329
        ]
      }
    },
    {
      "type": "Feature",
      "properties": {
        "id": "",
        "registration_no": "A-153098740-00002-6",
        "name": "台北艾麗酒店-宴會廳",
        "phone": "02-66318044",
        "address": "臺北市信義區松高路18號5樓",
        "rating": "優",
        "city": "臺北市"
      },
      "geometry": {
        "type": "Point",
        "coordinates": [
          121.5674653,
          25.03861822
        ]
      }
    },
    {
      "type": "Feature",
      "properties": {
        "id": "",
        "registration_no": "A-153098740-00001-5",
        "name": "台北艾麗酒店-La Farfalla",
        "phone": "02-66318060",
        "address": "臺北市信義區松高路18號6樓",
        "rating": "優",
        "city": "臺北市"
      },
      "geometry": {
        "type": "Point",
        "coordinates": [
          121.5674653,
          25.03861822
        ]
      }
    },
    {
      "type": "Feature",
      "properties": {
        "id": "",
        "registration_no": "A-170443909-00022-8",
        "name": "黑毛屋本家-信義店",
        "phone": "02-27237722",
        "address": "臺北市信義區松高路19號6樓",
        "rating": "優",
        "city": "臺北市"
      },
      "geometry": {
        "type": "Point",
        "coordinates": [
          121.5666669,
          25.03935906
        ]
      }
    },
    {
      "type": "Feature",
      "properties": {
        "id": "",
        "registration_no": "A-170443909-00014-9",
        "name": "老乾杯-信義店",
        "phone": "02-27253311",
        "address": "臺北市信義區松壽路9號8樓",
        "rating": "優",
        "city": "臺北市"
      },
      "geometry": {
        "type": "Point",
        "coordinates": [
          121.5666623,
          25.03608161
        ]
      }
    },
    {
      "type": "Feature",
      "properties": {
        "id": "",
        "registration_no": "A-112411160-01105-1",
        "name": "麥當勞-新光信義",
        "phone": "02-87896315",
        "address": "臺北市信義區松高路12號B2",
        "rating": "優",
        "city": "臺北市"
      },
      "geometry": {
        "type": "Point",
        "coordinates": [
          121.5668002,
          25.0388131
        ]
      }
    },
    {
      "type": "Feature",
      "properties": {
        "id": "",
        "registration_no": "A-116098275-00017-4",
        "name": "三澧企業股份有限公司-天吉屋 台北京站店",
        "phone": "919394190",
        "address": "臺北市大同區承德路1段1號1樓",
        "rating": "優",
        "city": "臺北市"
      },
      "geometry": {
        "type": "Point",
        "coordinates": [
          121.5167841,
          25.04909007
        ]
      }
    },
    {
      "type": "Feature",
      "properties": {
        "id": "",
        "registration_no": "A-116098275-00023-1",
        "name": "三澧企業股份有限公司-BELLINI Pasta Pasta 台北京站店",
        "phone": "02-25503238",
        "address": "臺北市大同區承德路1段1號4樓",
        "rating": "優",
        "city": "臺北市"
      },
      "geometry": {
        "type": "Point",
        "coordinates": [
          121.5167841,
          25.04909007
        ]
      }
    },
    {
      "type": "Feature",
      "properties": {
        "id": "",
        "registration_no": "A-116098275-00009-5",
        "name": "三澧企業股份有限公司 Mo-Mo-Paradise 台北京站牧場",
        "phone": "02-25500889",
        "address": "臺北市大同區承德路1段1號4樓",
        "rating": "優",
        "city": "臺北市"
      },
      "geometry": {
        "type": "Point",
        "coordinates": [
          121.5167841,
          25.04909007
        ]
      }
    },
    {
      "type": "Feature",
      "properties": {
        "id": "",
        "registration_no": "A-112411160-00960-9",
        "name": "和德昌股份有限公司 麥當勞-台北承德",
        "phone": "02-25563502",
        "address": "臺北市大同區承德路1段34-36號1樓，32號2樓之1",
        "rating": "優",
        "city": "臺北市"
      },
      "geometry": {
        "type": "Point",
        "coordinates": [
          121.5168305,
          25.05071878
        ]
      }
    },
    {
      "type": "Feature",
      "properties": {
        "id": "",
        "registration_no": "A-124399710-00036-2",
        "name": "紅蕃茄餐飲-臺北市立中崙高中",
        "phone": "02-27535316#312",
        "address": "臺北市松山區八德路4段101號",
        "rating": "優",
        "city": "臺北市"
      },
      "geometry": {
        "type": "Point",
        "coordinates": [
          121.5610691,
          25.04870476
        ]
      }
    },
    {
      "type": "Feature",
      "properties": {
        "id": "",
        "registration_no": "A-183293333-00019-2",
        "name": "築間-台北西門町店",
        "phone": "02-23310003",
        "address": "臺北市萬華區昆明街92之1號2樓",
        "rating": "優",
        "city": "臺北市"
      },
      "geometry": {
        "type": "Point",
        "coordinates": [
          121.5053799,
          25.04525644
        ]
      }
    },
    {
      "type": "Feature",
      "properties": {
        "id": "",
        "registration_no": "A-128514120-00005-6",
        "name": "樂麵屋 (西門店)",
        "phone": "02-23819989",
        "address": "臺北市萬華區昆明街25號",
        "rating": "優",
        "city": "臺北市"
      },
      "geometry": {
        "type": "Point",
        "coordinates": [
          121.5055751,
          25.04531289
        ]
      }
    },
    {
      "type": "Feature",
      "properties": {
        "id": "",
        "registration_no": "A-145899471-00013-9",
        "name": "兩餐年糕火鍋吃到飽 西門店",
        "phone": "02-23119736",
        "address": "臺北市萬華區西寧南路123號4樓",
        "rating": "優",
        "city": "臺北市"
      },
      "geometry": {
        "type": "Point",
        "coordinates": [
          121.5065689,
          25.04457457
        ]
      }
    },
    {
      "type": "Feature",
      "properties": {
        "id": "",
        "registration_no": "A-161210008-00036-5",
        "name": "石二鍋台北家樂福桂林店",
        "phone": "02-23830331",
        "address": "臺北市萬華區桂林路1號",
        "rating": "優",
        "city": "臺北市"
      },
      "geometry": {
        "type": "Point",
        "coordinates": [
          121.5063035,
          25.03767543
        ]
      }
    },
    {
      "type": "Feature",
      "properties": {
        "id": "",
        "registration_no": "A-183293333-00016-9",
        "name": "築間餐飲事業股份有限公司-築間-台北南京二店",
        "phone": "02-25429199",
        "address": "臺北市中山區臺北市中山區南京東路1段138號2樓",
        "rating": "優",
        "city": "臺北市"
      },
      "geometry": {
        "type": "Point",
        "coordinates": [
          121.5273384,
          25.0518815
        ]
      }
    },
    {
      "type": "Feature",
      "properties": {
        "id": "",
        "registration_no": "A-123157756-00001-5",
        "name": "匡振股份有限公司-壹品宴",
        "phone": "02-25419102",
        "address": "臺北市中山區臺北市中山區南京東路2段63號2樓",
        "rating": "良",
        "city": "臺北市"
      },
      "geometry": {
        "type": "Point",
        "coordinates": [
          121.5302502,
          25.05225613
        ]
      }
    },
    {
      "type": "Feature",
      "properties": {
        "id": "",
        "registration_no": "A-124970147-00001-3",
        "name": "品粹國際股份有限公司-Molino de Urdániz 渥達尼斯磨坊",
        "phone": "02-25006832",
        "address": "臺北市中山區建國北路1段61號GF",
        "rating": "優",
        "city": "臺北市"
      },
      "geometry": {
        "type": "Point",
        "coordinates": [
          121.5371316,
          25.05067098
        ]
      }
    },
    {
      "type": "Feature",
      "properties": {
        "id": "",
        "registration_no": "A-122721208-00011-4",
        "name": "鬍鬚張股份有限公司-鬍鬚張-台北吉林店",
        "phone": "02-25316407",
        "address": "臺北市中山區吉林路220號",
        "rating": "優",
        "city": "臺北市"
      },
      "geometry": {
        "type": "Point",
        "coordinates": [
          121.5301028,
          25.05900444
        ]
      }
    },
    {
      "type": "Feature",
      "properties": {
        "id": "",
        "registration_no": "A-127316811-00001-8",
        "name": "登峰旅館股份有限公司-薇閣精品旅館-大直館",
        "phone": "02-85026000#870",
        "address": "臺北市中山區敬業三路11號",
        "rating": "優",
        "city": "臺北市"
      },
      "geometry": {
        "type": "Point",
        "coordinates": [
          121.5559103,
          25.08357175
        ]
      }
    },
    {
      "type": "Feature",
      "properties": {
        "id": "",
        "registration_no": "A-154055473-00016-8",
        "name": "荃鴻股份有限公司Krispy Kreme-美麗華",
        "phone": "02-85023977",
        "address": "臺北市中山區敬業三路20號B1",
        "rating": "優",
        "city": "臺北市"
      },
      "geometry": {
        "type": "Point",
        "coordinates": [
          121.556712,
          25.08292589
        ]
      }
    },
    {
      "type": "Feature",
      "properties": {
        "id": "",
        "registration_no": "A-122721208-00031-6",
        "name": "鬍鬚張股份有限公司鬍鬚張-大直北安店",
        "phone": "02-25327592",
        "address": "臺北市中山區北安路631號",
        "rating": "優",
        "city": "臺北市"
      },
      "geometry": {
        "type": "Point",
        "coordinates": [
          121.5489755,
          25.08349003
        ]
      }
    },
    {
      "type": "Feature",
      "properties": {
        "id": "",
        "registration_no": "A-111636802-00001-6",
        "name": "台北國賓大飯店-國賓中餐廳",
        "phone": "02-21002100#2172",
        "address": "臺北市中山區遼寧街177號2樓",
        "rating": "優",
        "city": "臺北市"
      },
      "geometry": {
        "type": "Point",
        "coordinates": [
          121.5423653,
          25.05279588
        ]
      }
    },
    {
      "type": "Feature",
      "properties": {
        "id": "",
        "registration_no": "A-111636802-00004-9",
        "name": "台北國賓大飯店-A CUT牛排館",
        "phone": "02-21002100#2172",
        "address": "臺北市中山區遼寧街177號2樓",
        "rating": "優",
        "city": "臺北市"
      },
      "geometry": {
        "type": "Point",
        "coordinates": [
          121.5423653,
          25.05279588
        ]
      }
    },
    {
      "type": "Feature",
      "properties": {
        "id": "",
        "registration_no": "A-131008061-00001-8",
        "name": "臺北市士林區文昌國民小學駐點廚房 (上將食品)",
        "phone": "02-82524258",
        "address": "臺北市士林區文林路615巷20號",
        "rating": "優",
        "city": "臺北市"
      },
      "geometry": {
        "type": "Point",
        "coordinates": [
          121.5209052,
          25.09961618
        ]
      }
    },
    {
      "type": "Feature",
      "properties": {
        "id": "",
        "registration_no": "A-101056109-00001-1",
        "name": "臺北市私立華興高級中等學校廚房",
        "phone": "02-28316834#278",
        "address": "臺北市士林區仰德大道1段101號",
        "rating": "優",
        "city": "臺北市"
      },
      "geometry": {
        "type": "Point",
        "coordinates": [
          121.5382082,
          25.10460409
        ]
      }
    },
    {
      "type": "Feature",
      "properties": {
        "id": "",
        "registration_no": "A-179955280-00199-2",
        "name": "開飯川食堂-天母店",
        "phone": "02-77464806",
        "address": "臺北市士林區忠誠路2段55號5樓",
        "rating": "優",
        "city": "臺北市"
      },
      "geometry": {
        "type": "Point",
        "coordinates": [
          121.5314382,
          25.11181106
        ]
      }
    },
    {
      "type": "Feature",
      "properties": {
        "id": "",
        "registration_no": "A-179955280-00200-5",
        "name": "饗泰多-天母店",
        "phone": "02-77464176",
        "address": "臺北市士林區忠誠路2段55號5樓",
        "rating": "優",
        "city": "臺北市"
      },
      "geometry": {
        "type": "Point",
        "coordinates": [
          121.5314382,
          25.11181106
        ]
      }
    },
    {
      "type": "Feature",
      "properties": {
        "id": "",
        "registration_no": "A-179955280-00201-6",
        "name": "果然匯-天母店",
        "phone": "02-28318000",
        "address": "臺北市士林區忠誠路2段55號B1",
        "rating": "優",
        "city": "臺北市"
      },
      "geometry": {
        "type": "Point",
        "coordinates": [
          121.5311061,
          25.11215081
        ]
      }
    },
    {
      "type": "Feature",
      "properties": {
        "id": "",
        "registration_no": "A-180292991-00002-0",
        "name": "beard papa 微風北車店",
        "phone": "02-23140253",
        "address": "臺北市中正區北平西路3號1樓",
        "rating": "優",
        "city": "臺北市"
      },
      "geometry": {
        "type": "Point",
        "coordinates": [
          121.5170577,
          25.04717594
        ]
      }
    },
    {
      "type": "Feature",
      "properties": {
        "id": "",
        "registration_no": "A-153740383-00009-0",
        "name": "徹思叔叔起司蛋糕-微風北車店",
        "phone": "02-23831221",
        "address": "臺北市中正區北平西路3號1樓",
        "rating": "優",
        "city": "臺北市"
      },
      "geometry": {
        "type": "Point",
        "coordinates": [
          121.5170577,
          25.04717594
        ]
      }
    },
    {
      "type": "Feature",
      "properties": {
        "id": "",
        "registration_no": "A-194050426-00006-4",
        "name": "老董牛肉麵-微風台大醫院店",
        "phone": "02-23952298#8125",
        "address": "臺北市中正區中山南路7號B1",
        "rating": "優",
        "city": "臺北市"
      },
      "geometry": {
        "type": "Point",
        "coordinates": [
          121.5185182,
          25.04130244
        ]
      }
    },
    {
      "type": "Feature",
      "properties": {
        "id": "",
        "registration_no": "A-153949524-00027-8",
        "name": "安永鮮食-微風台大醫院店",
        "phone": "02-23952128",
        "address": "臺北市中正區中山南路7號B1",
        "rating": "優",
        "city": "臺北市"
      },
      "geometry": {
        "type": "Point",
        "coordinates": [
          121.5185182,
          25.04130244
        ]
      }
    },
    {
      "type": "Feature",
      "properties": {
        "id": "",
        "registration_no": "A-127787256-00002-4",
        "name": "明德素食園-微風台大醫院店",
        "phone": "02-23952298#8117",
        "address": "臺北市中正區中山南路7號B1",
        "rating": "優",
        "city": "臺北市"
      },
      "geometry": {
        "type": "Point",
        "coordinates": [
          121.5185182,
          25.04130244
        ]
      }
    },
    {
      "type": "Feature",
      "properties": {
        "id": "",
        "registration_no": "A-278958562-00001-0",
        "name": "太傻包子-微風台大醫院店",
        "phone": "02-23952298#8142",
        "address": "臺北市中正區中山南路7號B1",
        "rating": "優",
        "city": "臺北市"
      },
      "geometry": {
        "type": "Point",
        "coordinates": [
          121.5185182,
          25.04130244
        ]
      }
    },
    {
      "type": "Feature",
      "properties": {
        "id": "",
        "registration_no": "A-122721208-00027-1",
        "name": "鬍鬚張-台北南昌店",
        "phone": "02-23964359",
        "address": "臺北市中正區南昌路1段70號",
        "rating": "優",
        "city": "臺北市"
      },
      "geometry": {
        "type": "Point",
        "coordinates": [
          121.5171377,
          25.03117996
        ]
      }
    },
    {
      "type": "Feature",
      "properties": {
        "id": "",
        "registration_no": "F-122721208-00050-2",
        "name": "鬍鬚張-台北華山店",
        "phone": "02-23219599",
        "address": "臺北市中正區忠孝東路1段150號",
        "rating": "優",
        "city": "臺北市"
      },
      "geometry": {
        "type": "Point",
        "coordinates": [
          121.5258007,
          25.044009
        ]
      }
    },
    {
      "type": "Feature",
      "properties": {
        "id": "",
        "registration_no": "A-161210008-00025-3",
        "name": "石二鍋台北民權東店",
        "phone": "02-25172389",
        "address": "臺北市中山區民權東路3段19號",
        "rating": "優",
        "city": "臺北市"
      },
      "geometry": {
        "type": "Point",
        "coordinates": [
          121.5416285,
          25.06255774
        ]
      }
    },
    {
      "type": "Feature",
      "properties": {
        "id": "",
        "registration_no": "A-170750455-00015-7",
        "name": "松山機場聯合貴賓室(高雄空廚公司)",
        "phone": "02-87703566",
        "address": "臺北市松山區敦化北路340之9號3樓",
        "rating": "優",
        "city": "臺北市"
      },
      "geometry": {
        "type": "Point",
        "coordinates": [
          121.5519046,
          25.06364885
        ]
      }
    },
    {
      "type": "Feature",
      "properties": {
        "id": "",
        "registration_no": "A-153952668-00007-9",
        "name": "大地酒店-奇岩一號",
        "phone": "02-55518888",
        "address": "臺北市北投區奇岩路1號",
        "rating": "優",
        "city": "臺北市"
      },
      "geometry": {
        "type": "Point",
        "coordinates": [
          121.5072777,
          25.1346279
        ]
      }
    },
    {
      "type": "Feature",
      "properties": {
        "id": "",
        "registration_no": "A-153952668-00005-7",
        "name": "大地酒店-月兒彎彎",
        "phone": "02-55518888",
        "address": "臺北市北投區奇岩路1號",
        "rating": "優",
        "city": "臺北市"
      },
      "geometry": {
        "type": "Point",
        "coordinates": [
          121.5072777,
          25.1346279
        ]
      }
    },
    {
      "type": "Feature",
      "properties": {
        "id": "",
        "registration_no": "A-183160925-00012-5",
        "name": "劍潭國小廚房 (味安餐飲)",
        "phone": "02-28851798",
        "address": "臺北市士林區通河街16號",
        "rating": "優",
        "city": "臺北市"
      },
      "geometry": {
        "type": "Point",
        "coordinates": [
          121.5229502,
          25.07995702
        ]
      }
    },
    {
      "type": "Feature",
      "properties": {
        "id": "",
        "registration_no": "A-183160925-00013-6",
        "name": "螢橋國小廚房 (味安餐飲)",
        "phone": "02-23653395",
        "address": "臺北市中正區詔安街29號",
        "rating": "優",
        "city": "臺北市"
      },
      "geometry": {
        "type": "Point",
        "coordinates": [
          121.5144463,
          25.02492764
        ]
      }
    },
    {
      "type": "Feature",
      "properties": {
        "id": "",
        "registration_no": "A-183160925-00007-9",
        "name": "松山國小廚房 (味安餐飲)",
        "phone": "02-25281158",
        "address": "臺北市松山區八德路4段746號",
        "rating": "優",
        "city": "臺北市"
      },
      "geometry": {
        "type": "Point",
        "coordinates": [
          121.5792687,
          25.0512052
        ]
      }
    },
    {
      "type": "Feature",
      "properties": {
        "id": "",
        "registration_no": "A-122640634-00021-8",
        "name": "幸安國民小學午餐廚房 (中原食品)",
        "phone": "02-27032775",
        "address": "臺北市大安區仁愛路3段22號",
        "rating": "優",
        "city": "臺北市"
      },
      "geometry": {
        "type": "Point",
        "coordinates": [
          121.5349493,
          25.03766063
        ]
      }
    },
    {
      "type": "Feature",
      "properties": {
        "id": "",
        "registration_no": "A-122721208-00079-8",
        "name": "鬍鬚張-內湖湖光店",
        "phone": "02-27921220",
        "address": "臺北市內湖區功路3段177號1樓",
        "rating": "優",
        "city": "臺北市"
      },
      "geometry": {
        "type": "Point",
        "coordinates": [
          121.5888703,
          25.0695059
        ]
      }
    },
    {
      "type": "Feature",
      "properties": {
        "id": "",
        "registration_no": "A-122640634-00019-5",
        "name": "南湖國民小學午餐廚房(中原食品)",
        "phone": "02-26310327",
        "address": "臺北市內湖區康寧路3段200號",
        "rating": "優",
        "city": "臺北市"
      },
      "geometry": {
        "type": "Point",
        "coordinates": [
          121.6118436,
          25.06808686
        ]
      }
    },
    {
      "type": "Feature",
      "properties": {
        "id": "",
        "registration_no": "A-108611406-00001-5",
        "name": "麗山國民小學駐點廚房 (上將食品)",
        "phone": "02-26587249",
        "address": "臺北市內湖區港華街100號",
        "rating": "優",
        "city": "臺北市"
      },
      "geometry": {
        "type": "Point",
        "coordinates": [
          121.5724693,
          25.08350948
        ]
      }
    },
    {
      "type": "Feature",
      "properties": {
        "id": "",
        "registration_no": "A-197307955-00001-4",
        "name": "宮保王食品有限公司",
        "phone": "02-26519947",
        "address": "臺北市南港區南港路3段149巷49弄12、14號",
        "rating": "優",
        "city": "臺北市"
      },
      "geometry": {
        "type": "Point",
        "coordinates": [
          121.5856298,
          25.05217597
        ]
      }
    },
    {
      "type": "Feature",
      "properties": {
        "id": "",
        "registration_no": "A-200234907-00001-5",
        "name": "佳善自助餐-實踐大學店",
        "phone": "02-25328354",
        "address": "臺北市中山區大直街70號",
        "rating": "優",
        "city": "臺北市"
      },
      "geometry": {
        "type": "Point",
        "coordinates": [
          121.5462342,
          25.08358655
        ]
      }
    },
    {
      "type": "Feature",
      "properties": {
        "id": "",
        "registration_no": "A-200132697-00000-7",
        "name": "輔大豬排-實踐大學店",
        "phone": "02-25328354",
        "address": "臺北市中山區大直街70號",
        "rating": "優",
        "city": "臺北市"
      },
      "geometry": {
        "type": "Point",
        "coordinates": [
          121.5462342,
          25.08358655
        ]
      }
    },
    {
      "type": "Feature",
      "properties": {
        "id": "",
        "registration_no": "A-128514120-00004-5",
        "name": "樂麵屋 (永康公園店)",
        "phone": "02-23278007",
        "address": "臺北市大安區永康街10巷3號",
        "rating": "優",
        "city": "臺北市"
      },
      "geometry": {
        "type": "Point",
        "coordinates": [
          121.5294856,
          25.03201789
        ]
      }
    },
    {
      "type": "Feature",
      "properties": {
        "id": "",
        "registration_no": "A-142863611-00002-1",
        "name": "Rice℃afé杓文字",
        "phone": "02-23948236",
        "address": "臺北市大安區永康街10巷7號",
        "rating": "優",
        "city": "臺北市"
      },
      "geometry": {
        "type": "Point",
        "coordinates": [
          121.5292702,
          25.03205566
        ]
      }
    },
    {
      "type": "Feature",
      "properties": {
        "id": "",
        "registration_no": "A-189780471-00007-9",
        "name": "成功高中-紅太陽廚房",
        "phone": "02-23215863",
        "address": "臺北市中正區濟南路1段71號",
        "rating": "優",
        "city": "臺北市"
      },
      "geometry": {
        "type": "Point",
        "coordinates": [
          121.5238111,
          25.04239448
        ]
      }
    },
    {
      "type": "Feature",
      "properties": {
        "id": "",
        "registration_no": "A-122640634-00025-2",
        "name": "和平國民小學午餐廚房(中原食品)",
        "phone": "02-23088698",
        "address": "臺北市大安區敦南街76巷28號",
        "rating": "優",
        "city": "臺北市"
      },
      "geometry": {
        "type": "Point",
        "coordinates": [
          121.5466684,
          25.02072517
        ]
      }
    },
    {
      "type": "Feature",
      "properties": {
        "id": "",
        "registration_no": "A-154180916-00001-3",
        "name": "和逸飯店-台北忠孝館",
        "phone": "02-77253399",
        "address": "臺北市中正區忠孝東路1段31號",
        "rating": "優",
        "city": "臺北市"
      },
      "geometry": {
        "type": "Point",
        "coordinates": [
          121.5253363,
          25.04453639
        ]
      }
    },
    {
      "type": "Feature",
      "properties": {
        "id": "",
        "registration_no": "A-179955280-00112-7",
        "name": "饗食天堂京站店",
        "phone": "02-66171168",
        "address": "臺北市大同區承德路1段1號4樓",
        "rating": "優",
        "city": "臺北市"
      },
      "geometry": {
        "type": "Point",
        "coordinates": [
          121.5167841,
          25.04909007
        ]
      }
    },
    {
      "type": "Feature",
      "properties": {
        "id": "",
        "registration_no": "A-179955280-00121-7",
        "name": "開飯川食堂京站店",
        "phone": "02-25565788",
        "address": "臺北市大同區承德路1段1號4樓",
        "rating": "優",
        "city": "臺北市"
      },
      "geometry": {
        "type": "Point",
        "coordinates": [
          121.5167841,
          25.04909007
        ]
      }
    },
    {
      "type": "Feature",
      "properties": {
        "id": "",
        "registration_no": "A-200209691-00001-7",
        "name": "成功高中-熱食一 (品大餐飲)",
        "phone": "02-23215719",
        "address": "臺北市中正區濟南路1段71號",
        "rating": "優",
        "city": "臺北市"
      },
      "geometry": {
        "type": "Point",
        "coordinates": [
          121.5238111,
          25.04239448
        ]
      }
    },
    {
      "type": "Feature",
      "properties": {
        "id": "",
        "registration_no": "A-122721208-00002-4",
        "name": "鬍鬚張-美食文化館",
        "phone": "02-25589489",
        "address": "臺北市大同區寧夏路54號",
        "rating": "優",
        "city": "臺北市"
      },
      "geometry": {
        "type": "Point",
        "coordinates": [
          121.5153325,
          25.056563
        ]
      }
    },
    {
      "type": "Feature",
      "properties": {
        "id": "",
        "registration_no": "A-127754430-00004-4",
        "name": "開南高級中等學校熱食部 (冠霖物流)",
        "phone": "02-23612666",
        "address": "臺北市中正區濟南路1段6號",
        "rating": "優",
        "city": "臺北市"
      },
      "geometry": {
        "type": "Point",
        "coordinates": [
          121.5218372,
          25.04241741
        ]
      }
    },
    {
      "type": "Feature",
      "properties": {
        "id": "",
        "registration_no": "A-122640634-00022-9",
        "name": "大屯國民小學午餐廚房 (中原食品)",
        "phone": "02-28914353#36",
        "address": "臺北市北投區復興三路312號",
        "rating": "優",
        "city": "臺北市"
      },
      "geometry": {
        "type": "Point",
        "coordinates": [
          121.5042793,
          25.15473059
        ]
      }
    },
    {
      "type": "Feature",
      "properties": {
        "id": "",
        "registration_no": "A-112411160-01114-1",
        "name": "麥當勞-台北中央",
        "phone": "02-28952638",
        "address": "臺北市北投區中央北路4段532號1樓",
        "rating": "優",
        "city": "臺北市"
      },
      "geometry": {
        "type": "Point",
        "coordinates": [
          121.467903,
          25.12838279
        ]
      }
    },
    {
      "type": "Feature",
      "properties": {
        "id": "",
        "registration_no": "A-116098275-00038-7",
        "name": "Mo-Mo-Paradise 內湖大潤發牧場",
        "phone": "02-87929938",
        "address": "臺北市內湖區舊宗路1段188號",
        "rating": "優",
        "city": "臺北市"
      },
      "geometry": {
        "type": "Point",
        "coordinates": [
          121.5759885,
          25.06265274
        ]
      }
    },
    {
      "type": "Feature",
      "properties": {
        "id": "",
        "registration_no": "A-112411160-01697-7",
        "name": "麥當勞-內湖金龍",
        "phone": "02-27911678",
        "address": "臺北市內湖區金龍路6號",
        "rating": "優",
        "city": "臺北市"
      },
      "geometry": {
        "type": "Point",
        "coordinates": [
          121.5941686,
          25.08451757
        ]
      }
    },
    {
      "type": "Feature",
      "properties": {
        "id": "",
        "registration_no": "A-123932737-00067-7",
        "name": "樂雅樂餐廳-西湖店",
        "phone": "02-87515272",
        "address": "臺北市內湖區瑞光路583巷31號1樓",
        "rating": "優",
        "city": "臺北市"
      },
      "geometry": {
        "type": "Point",
        "coordinates": [
          121.5679682,
          25.08082559
        ]
      }
    },
    {
      "type": "Feature",
      "properties": {
        "id": "",
        "registration_no": "A-128841757-00032-5",
        "name": "北村豆腐家-內湖潤泰店",
        "phone": "02-27952388",
        "address": "臺北市內湖區成功路4段188號2樓",
        "rating": "良",
        "city": "臺北市"
      },
      "geometry": {
        "type": "Point",
        "coordinates": [
          121.5945468,
          25.08408133
        ]
      }
    },
    {
      "type": "Feature",
      "properties": {
        "id": "",
        "registration_no": "A-116852172-00019-0",
        "name": "西雅圖極品咖啡-振興醫院店",
        "phone": "02-28264400#8902",
        "address": "臺北市北投區振興街45號",
        "rating": "優",
        "city": "臺北市"
      },
      "geometry": {
        "type": "Point",
        "coordinates": [
          121.5224005,
          25.11754256
        ]
      }
    },
    {
      "type": "Feature",
      "properties": {
        "id": "",
        "registration_no": "A-123932737-00001-5",
        "name": "樂雅樂餐廳-北投店",
        "phone": "02-28976248",
        "address": "臺北市北投區北投路2段9號1樓",
        "rating": "優",
        "city": "臺北市"
      },
      "geometry": {
        "type": "Point",
        "coordinates": [
          121.4989709,
          25.13051247
        ]
      }
    },
    {
      "type": "Feature",
      "properties": {
        "id": "",
        "registration_no": "F-122721208-00051-3",
        "name": "鬍鬚張-台北石牌店",
        "phone": "02-55713812",
        "address": "臺北市北投區石牌路2段25號",
        "rating": "優",
        "city": "臺北市"
      },
      "geometry": {
        "type": "Point",
        "coordinates": [
          121.5154379,
          25.11589325
        ]
      }
    },
    {
      "type": "Feature",
      "properties": {
        "id": "",
        "registration_no": "A-122721208-00037-2",
        "name": "鬍鬚張-內湖瑞光店",
        "phone": "02-26590629",
        "address": "臺北市內湖區瑞光路301號",
        "rating": "優",
        "city": "臺北市"
      },
      "geometry": {
        "type": "Point",
        "coordinates": [
          121.5759622,
          25.07587997
        ]
      }
    },
    {
      "type": "Feature",
      "properties": {
        "id": "",
        "registration_no": "A-152610926-00012-2",
        "name": "小王子的飛行旅程餐廳-國立臺北藝術大學",
        "phone": "02-28986397",
        "address": "臺北市北投區學園路1號",
        "rating": "優",
        "city": "臺北市"
      },
      "geometry": {
        "type": "Point",
        "coordinates": [
          121.4663681,
          25.13008528
        ]
      }
    },
    {
      "type": "Feature",
      "properties": {
        "id": "",
        "registration_no": "A-183052094-00000-9",
        "name": "達文西廚房-國立臺北藝術大學",
        "phone": "02-28950540",
        "address": "臺北市北投區學園路1號",
        "rating": "優",
        "city": "臺北市"
      },
      "geometry": {
        "type": "Point",
        "coordinates": [
          121.4663681,
          25.13008528
        ]
      }
    },
    {
      "type": "Feature",
      "properties": {
        "id": "",
        "registration_no": "A-183293333-00079-8",
        "name": "築間-台北內湖店",
        "phone": "02-26561277",
        "address": "臺北市內湖區內湖路1段318號",
        "rating": "優",
        "city": "臺北市"
      },
      "geometry": {
        "type": "Point",
        "coordinates": [
          121.5697012,
          25.08169894
        ]
      }
    },
    {
      "type": "Feature",
      "properties": {
        "id": "",
        "registration_no": "A-179394302-00001-6",
        "name": "悅廚-振興醫院店",
        "phone": "02-28264400#8906",
        "address": "臺北市北投區振興街45號",
        "rating": "優",
        "city": "臺北市"
      },
      "geometry": {
        "type": "Point",
        "coordinates": [
          121.5224005,
          25.11754256
        ]
      }
    },
    {
      "type": "Feature",
      "properties": {
        "id": "",
        "registration_no": "A-112411160-00855-2",
        "name": "麥當勞 - 士林餐廳",
        "phone": "02-28313010",
        "address": "臺北市士林區中山北路5段602號",
        "rating": "優",
        "city": "臺北市"
      },
      "geometry": {
        "type": "Point",
        "coordinates": [
          121.5281368,
          25.09606498
        ]
      }
    },
    {
      "type": "Feature",
      "properties": {
        "id": "",
        "registration_no": "A-153751439-00003-8",
        "name": "士林 萬麗酒店 宴會廳",
        "phone": "02-88612389",
        "address": "臺北市士林區中山北路5段470巷8號",
        "rating": "優",
        "city": "臺北市"
      },
      "geometry": {
        "type": "Point",
        "coordinates": [
          121.5292049,
          25.0931692
        ]
      }
    },
    {
      "type": "Feature",
      "properties": {
        "id": "",
        "registration_no": "A-153751439-00004-9",
        "name": "士林 萬麗酒店 Tea Lab茶坊",
        "phone": "02-88612389",
        "address": "臺北市士林區中山北路5段470巷8號",
        "rating": "優",
        "city": "臺北市"
      },
      "geometry": {
        "type": "Point",
        "coordinates": [
          121.5292049,
          25.0931692
        ]
      }
    },
    {
      "type": "Feature",
      "properties": {
        "id": "",
        "registration_no": "A-153751439-00005-0",
        "name": "士林 萬麗酒店 R-bar",
        "phone": "02-88612389",
        "address": "臺北市士林區中山北路5段470巷8號",
        "rating": "優",
        "city": "臺北市"
      },
      "geometry": {
        "type": "Point",
        "coordinates": [
          121.5292049,
          25.0931692
        ]
      }
    },
    {
      "type": "Feature",
      "properties": {
        "id": "",
        "registration_no": "A-153751439-00002-7",
        "name": "士林 萬麗酒店 士林廚房",
        "phone": "02-88612389",
        "address": "臺北市士林區中山北路5段470巷8號",
        "rating": "優",
        "city": "臺北市"
      },
      "geometry": {
        "type": "Point",
        "coordinates": [
          121.5292049,
          25.0931692
        ]
      }
    },
    {
      "type": "Feature",
      "properties": {
        "id": "",
        "registration_no": "A-153751439-00001-6",
        "name": "士林 萬麗酒店 萬麗軒",
        "phone": "02-88612389",
        "address": "臺北市士林區中山北路5段470巷8號",
        "rating": "優",
        "city": "臺北市"
      },
      "geometry": {
        "type": "Point",
        "coordinates": [
          121.5292049,
          25.0931692
        ]
      }
    },
    {
      "type": "Feature",
      "properties": {
        "id": "",
        "registration_no": "A-179955280-00142-0",
        "name": "饗饗餐廳 信義店",
        "phone": "02-87809988",
        "address": "臺北市信義區忠孝東路5段68號46樓",
        "rating": "優",
        "city": "臺北市"
      },
      "geometry": {
        "type": "Point",
        "coordinates": [
          121.5666938,
          25.04064778
        ]
      }
    },
    {
      "type": "Feature",
      "properties": {
        "id": "",
        "registration_no": "A-127973174-00001-9",
        "name": "彭園會館 台北館",
        "phone": "02-25288122",
        "address": "臺北市信義區忠孝東路5段297號5樓",
        "rating": "良",
        "city": "臺北市"
      },
      "geometry": {
        "type": "Point",
        "coordinates": [
          121.5728493,
          25.04114671
        ]
      }
    },
    {
      "type": "Feature",
      "properties": {
        "id": "",
        "registration_no": "A-154669129-00022-4",
        "name": "藏壽司 松高店",
        "phone": "02-27206900",
        "address": "臺北市信義區松高路16號B1",
        "rating": "優",
        "city": "臺北市"
      },
      "geometry": {
        "type": "Point",
        "coordinates": [
          121.567277,
          25.03872882
        ]
      }
    },
    {
      "type": "Feature",
      "properties": {
        "id": "",
        "registration_no": "A-123932928-00023-1",
        "name": "TGI Fridays星期五餐廳　松高店",
        "phone": "02-27227126",
        "address": "臺北市信義區松高路16號3樓",
        "rating": "優",
        "city": "臺北市"
      },
      "geometry": {
        "type": "Point",
        "coordinates": [
          121.567277,
          25.03872882
        ]
      }
    },
    {
      "type": "Feature",
      "properties": {
        "id": "",
        "registration_no": "A-179955280-00127-3",
        "name": "饗泰多餐廳 松高店",
        "phone": "02-27221728",
        "address": "臺北市信義區松高路16號3樓",
        "rating": "優",
        "city": "臺北市"
      },
      "geometry": {
        "type": "Point",
        "coordinates": [
          121.567277,
          25.03872882
        ]
      }
    },
    {
      "type": "Feature",
      "properties": {
        "id": "",
        "registration_no": "A-154687739-00001-8",
        "name": "德州牛排餐廳 松高店",
        "phone": "02-27251030",
        "address": "臺北市信義區松高路16號3樓",
        "rating": "優",
        "city": "臺北市"
      },
      "geometry": {
        "type": "Point",
        "coordinates": [
          121.567277,
          25.03872882
        ]
      }
    },
    {
      "type": "Feature",
      "properties": {
        "id": "",
        "registration_no": "A-152312692-00001-9",
        "name": "掌門精釀啤酒餐廳 松高店",
        "phone": "02-66369959#8401",
        "address": "臺北市信義區松高路16號4樓",
        "rating": "優",
        "city": "臺北市"
      },
      "geometry": {
        "type": "Point",
        "coordinates": [
          121.567277,
          25.03872882
        ]
      }
    },
    {
      "type": "Feature",
      "properties": {
        "id": "",
        "registration_no": "A-179955280-00113-8",
        "name": "饗食天堂餐廳 信義店",
        "phone": "02-77375889",
        "address": "臺北市信義區松壽路12號6樓",
        "rating": "優",
        "city": "臺北市"
      },
      "geometry": {
        "type": "Point",
        "coordinates": [
          121.5660209,
          25.03566809
        ]
      }
    },
    {
      "type": "Feature",
      "properties": {
        "id": "",
        "registration_no": "A-169713432-00002-5",
        "name": "兩餐年糕火鍋餐廳 信義店",
        "phone": "02-77452220",
        "address": "臺北市信義區松壽路12號4樓",
        "rating": "良",
        "city": "臺北市"
      },
      "geometry": {
        "type": "Point",
        "coordinates": [
          121.5660209,
          25.03566809
        ]
      }
    },
    {
      "type": "Feature",
      "properties": {
        "id": "",
        "registration_no": "A-122640634-00029-6",
        "name": "臺北市景興國小-中原食品",
        "phone": "02-29331681",
        "address": "臺北市文山區景華街150巷21號",
        "rating": "優",
        "city": "臺北市"
      },
      "geometry": {
        "type": "Point",
        "coordinates": [
          121.5482057,
          24.99608614
        ]
      }
    },
    {
      "type": "Feature",
      "properties": {
        "id": "",
        "registration_no": "A-161210008-00029-7",
        "name": "石二鍋-台北興隆店",
        "phone": "02-22342838",
        "address": "臺北市文山區興隆路4段149號1樓",
        "rating": "優",
        "city": "臺北市"
      },
      "geometry": {
        "type": "Point",
        "coordinates": [
          121.5617155,
          24.98479861
        ]
      }
    },
    {
      "type": "Feature",
      "properties": {
        "id": "",
        "registration_no": "A-153952668-00006-8",
        "name": "大地酒店-喜歡廳",
        "phone": "02-55518888",
        "address": "臺北市北投區奇岩路1號",
        "rating": "優",
        "city": "臺北市"
      },
      "geometry": {
        "type": "Point",
        "coordinates": [
          121.5072777,
          25.1346279
        ]
      }
    },
    {
      "type": "Feature",
      "properties": {
        "id": "",
        "registration_no": "A-200227204-00001-7",
        "name": "珍品軒-振興醫院店",
        "phone": "02-28264400#8905",
        "address": "臺北市北投區振興街45號",
        "rating": "優",
        "city": "臺北市"
      },
      "geometry": {
        "type": "Point",
        "coordinates": [
          121.5224005,
          25.11754256
        ]
      }
    },
    {
      "type": "Feature",
      "properties": {
        "id": "",
        "registration_no": "A-125094980-00007-2",
        "name": "桃源國民小學(宏遠國際餐飲股份有限公司)",
        "phone": "931620610",
        "address": "臺北市北投區中央北路3段40巷45號",
        "rating": "優",
        "city": "臺北市"
      },
      "geometry": {
        "type": "Point",
        "coordinates": [
          121.4845111,
          25.13964497
        ]
      }
    },
    {
      "type": "Feature",
      "properties": {
        "id": "",
        "registration_no": "A-125094980-00036-4",
        "name": "力行國民小學(宏遠國際餐飲股份有限公司)",
        "phone": "931620610",
        "address": "臺北市文山區木新路3段155巷7號",
        "rating": "優",
        "city": "臺北市"
      },
      "geometry": {
        "type": "Point",
        "coordinates": [
          121.5610002,
          24.98092173
        ]
      }
    },
    {
      "type": "Feature",
      "properties": {
        "id": "",
        "registration_no": "A-142735778-00002-3",
        "name": "木槿花",
        "phone": "02-28355500",
        "address": "臺北市士林區承德路5段55號",
        "rating": "優",
        "city": "臺北市"
      },
      "geometry": {
        "type": "Point",
        "coordinates": [
          121.5141693,
          25.09683515
        ]
      }
    },
    {
      "type": "Feature",
      "properties": {
        "id": "",
        "registration_no": "A-152660679-00003-2",
        "name": "突厥",
        "phone": "02-28355500",
        "address": "臺北市士林區承德路5段55號",
        "rating": "優",
        "city": "臺北市"
      },
      "geometry": {
        "type": "Point",
        "coordinates": [
          121.5141693,
          25.09683515
        ]
      }
    },
    {
      "type": "Feature",
      "properties": {
        "id": "",
        "registration_no": "A-200162777-00001-0",
        "name": "熊大廚",
        "phone": "02-28355500",
        "address": "臺北市士林區承德路5段55號",
        "rating": "優",
        "city": "臺北市"
      },
      "geometry": {
        "type": "Point",
        "coordinates": [
          121.5141693,
          25.09683515
        ]
      }
    },
    {
      "type": "Feature",
      "properties": {
        "id": "",
        "registration_no": "A-200151742-00001-0",
        "name": "呀咪食堂",
        "phone": "02-28355500",
        "address": "臺北市士林區承德路5段55號",
        "rating": "優",
        "city": "臺北市"
      },
      "geometry": {
        "type": "Point",
        "coordinates": [
          121.5141693,
          25.09683515
        ]
      }
    },
    {
      "type": "Feature",
      "properties": {
        "id": "",
        "registration_no": "A-200123471-00001-8",
        "name": "鼎豐Food",
        "phone": "02-28355500",
        "address": "臺北市士林區承德路5段55號",
        "rating": "優",
        "city": "臺北市"
      },
      "geometry": {
        "type": "Point",
        "coordinates": [
          121.5141693,
          25.09683515
        ]
      }
    },
    {
      "type": "Feature",
      "properties": {
        "id": "",
        "registration_no": "A-123309178-00043-8",
        "name": "漢堡王-兒童新樂園",
        "phone": "02-28355500",
        "address": "臺北市士林區承德路5段55號",
        "rating": "優",
        "city": "臺北市"
      },
      "geometry": {
        "type": "Point",
        "coordinates": [
          121.5141693,
          25.09683515
        ]
      }
    },
    {
      "type": "Feature",
      "properties": {
        "id": "",
        "registration_no": "A-180703050-00025-8",
        "name": "葡兒飛",
        "phone": "02-28355500",
        "address": "臺北市士林區承德路5段55號",
        "rating": "優",
        "city": "臺北市"
      },
      "geometry": {
        "type": "Point",
        "coordinates": [
          121.5141693,
          25.09683515
        ]
      }
    },
    {
      "type": "Feature",
      "properties": {
        "id": "",
        "registration_no": "A-199697368-00013-9",
        "name": "義品院",
        "phone": "02-28355500",
        "address": "臺北市士林區承德路5段55號",
        "rating": "優",
        "city": "臺北市"
      },
      "geometry": {
        "type": "Point",
        "coordinates": [
          121.5141693,
          25.09683515
        ]
      }
    },
    {
      "type": "Feature",
      "properties": {
        "id": "",
        "registration_no": "A-400126705-00002-4",
        "name": "臺北市立聯合醫院中興院區",
        "phone": "02-25523234#3047",
        "address": "臺北市大同區鄭州路145號B1營養科",
        "rating": "優",
        "city": "臺北市"
      },
      "geometry": {
        "type": "Point",
        "coordinates": [
          121.5089858,
          25.05058854
        ]
      }
    },
    {
      "type": "Feature",
      "properties": {
        "id": "",
        "registration_no": "A-153089762-00024-4",
        "name": "大戶屋-微風台北車站店",
        "phone": "02-23319337",
        "address": "臺北市中正區北平西路3號2樓",
        "rating": "優",
        "city": "臺北市"
      },
      "geometry": {
        "type": "Point",
        "coordinates": [
          121.5170577,
          25.04717594
        ]
      }
    },
    {
      "type": "Feature",
      "properties": {
        "id": "",
        "registration_no": "A-153089762-00017-6",
        "name": "大戶屋-台北凱撒店",
        "phone": "02-23612377",
        "address": "臺北市中正區忠孝西路1段38號B1",
        "rating": "優",
        "city": "臺北市"
      },
      "geometry": {
        "type": "Point",
        "coordinates": [
          121.516179,
          25.04637816
        ]
      }
    },
    {
      "type": "Feature",
      "properties": {
        "id": "",
        "registration_no": "A-112465165-00001-9",
        "name": "彭園湘菜林森店",
        "phone": "02-25519157",
        "address": "臺北市中山區林森北路380號2、3樓",
        "rating": "優",
        "city": "臺北市"
      },
      "geometry": {
        "type": "Point",
        "coordinates": [
          121.5254881,
          25.05843585
        ]
      }
    },
    {
      "type": "Feature",
      "properties": {
        "id": "",
        "registration_no": "A-154359481-00001-8",
        "name": "湘8老",
        "phone": "02-27097979",
        "address": "臺北市大安區安和路2段74巷8號",
        "rating": "優",
        "city": "臺北市"
      },
      "geometry": {
        "type": "Point",
        "coordinates": [
          121.5513392,
          25.03028753
        ]
      }
    },
    {
      "type": "Feature",
      "properties": {
        "id": "",
        "registration_no": "A-153691897-00037-6",
        "name": "臺北市市立大同國小(統鮮美食股份有限公司)",
        "phone": "02-25996774",
        "address": "臺北市大同區大龍街51號",
        "rating": "優",
        "city": "臺北市"
      },
      "geometry": {
        "type": "Point",
        "coordinates": [
          121.5161028,
          25.0647913
        ]
      }
    },
    {
      "type": "Feature",
      "properties": {
        "id": "",
        "registration_no": "A-186125275-00006-0",
        "name": "鼎泰豐-台北101店",
        "phone": "989788948",
        "address": "臺北市信義區市府路45號B1",
        "rating": "優",
        "city": "臺北市"
      },
      "geometry": {
        "type": "Point",
        "coordinates": [
          121.5639041,
          25.0340262
        ]
      }
    },
    {
      "type": "Feature",
      "properties": {
        "id": "",
        "registration_no": "A-169456052-00001-6",
        "name": "凱林鐵板燒-台北101店",
        "phone": "02-81018285",
        "address": "臺北市信義區市府路45號B1",
        "rating": "優",
        "city": "臺北市"
      },
      "geometry": {
        "type": "Point",
        "coordinates": [
          121.5639041,
          25.0340262
        ]
      }
    },
    {
      "type": "Feature",
      "properties": {
        "id": "",
        "registration_no": "A-153717587-00010-2",
        "name": "雪嶽山-台北101店",
        "phone": "02-81018503",
        "address": "臺北市信義區市府路45號B1",
        "rating": "優",
        "city": "臺北市"
      },
      "geometry": {
        "type": "Point",
        "coordinates": [
          121.5639041,
          25.0340262
        ]
      }
    },
    {
      "type": "Feature",
      "properties": {
        "id": "",
        "registration_no": "A-125003736-00054-3",
        "name": "阿官火鍋-台北101店",
        "phone": "02-81017693",
        "address": "臺北市信義區市府路45號B1",
        "rating": "優",
        "city": "臺北市"
      },
      "geometry": {
        "type": "Point",
        "coordinates": [
          121.5639041,
          25.0340262
        ]
      }
    },
    {
      "type": "Feature",
      "properties": {
        "id": "",
        "registration_no": "A-400126705-00006-8",
        "name": "臺北市立聯合醫院忠孝醫院供膳場所、臺北市立聯合醫院忠孝院區附設護理之家",
        "phone": "02-27861288#8004",
        "address": "臺北市南港區同德路87號B1營養科",
        "rating": "優",
        "city": "臺北市"
      },
      "geometry": {
        "type": "Point",
        "coordinates": [
          121.5862704,
          25.0462538
        ]
      }
    },
    {
      "type": "Feature",
      "properties": {
        "id": "",
        "registration_no": "A-189624042-00001-4",
        "name": "凱鴻素食有限公司",
        "phone": "02-26514639",
        "address": "臺北市南港區松河街406號1樓",
        "rating": "優",
        "city": "臺北市"
      },
      "geometry": {
        "type": "Point",
        "coordinates": [
          121.5893795,
          25.05537633
        ]
      }
    },
    {
      "type": "Feature",
      "properties": {
        "id": "",
        "registration_no": "A-153323036-00000-3",
        "name": "鉅登團膳食品有限公司",
        "phone": "02-27852196",
        "address": "臺北市南港區南港路3段80巷32號2樓",
        "rating": "優",
        "city": "臺北市"
      },
      "geometry": {
        "type": "Point",
        "coordinates": [
          121.5906345,
          25.05510157
        ]
      }
    },
    {
      "type": "Feature",
      "properties": {
        "id": "",
        "registration_no": "A-124399710-00056-4",
        "name": "紅蕃茄自助餐-南港高工",
        "phone": "905118717",
        "address": "臺北市南港區興中路29號",
        "rating": "良",
        "city": "臺北市"
      },
      "geometry": {
        "type": "Point",
        "coordinates": [
          121.6071919,
          25.05633472
        ]
      }
    },
    {
      "type": "Feature",
      "properties": {
        "id": "",
        "registration_no": "A-105714195-00075-2",
        "name": "遠百企業股份有限公司-景美分公司",
        "phone": "02-29332088#206",
        "address": "臺北市文山區景中街30巷12號",
        "rating": "優",
        "city": "臺北市"
      },
      "geometry": {
        "type": "Point",
        "coordinates": [
          121.5420478,
          24.99225004
        ]
      }
    },
    {
      "type": "Feature",
      "properties": {
        "id": "",
        "registration_no": "A-191120573-00001-7",
        "name": "QBurger 信義吳興店",
        "phone": "02-27200965",
        "address": "臺北市信義區吳興街281巷59號",
        "rating": "優",
        "city": "臺北市"
      },
      "geometry": {
        "type": "Point",
        "coordinates": [
          121.5657782,
          25.026564
        ]
      }
    },
    {
      "type": "Feature",
      "properties": {
        "id": "",
        "registration_no": "A-200180197-00002-7",
        "name": "國立臺灣師範大學附屬高級中學-富秝餐飲有限公司",
        "phone": "982106083",
        "address": "臺北市大安區信義路3段143號",
        "rating": "優",
        "city": "臺北市"
      },
      "geometry": {
        "type": "Point",
        "coordinates": [
          121.5403964,
          25.03367504
        ]
      }
    },
    {
      "type": "Feature",
      "properties": {
        "id": "",
        "registration_no": "A-173992941-00001-3",
        "name": "有限責任臺北市立松山高級工農職業學校員生消費合作社",
        "phone": "02-27226616#316",
        "address": "臺北市信義區忠孝東路5段236巷15號自強樓B1",
        "rating": "優",
        "city": "臺北市"
      },
      "geometry": {
        "type": "Point",
        "coordinates": [
          121.5720411,
          25.0398525
        ]
      }
    },
    {
      "type": "Feature",
      "properties": {
        "id": "",
        "registration_no": "A-150657348-00002-8",
        "name": "松山高中 黑金珠咖啡館",
        "phone": "916069335",
        "address": "臺北市信義區基隆路1段156號",
        "rating": "優",
        "city": "臺北市"
      },
      "geometry": {
        "type": "Point",
        "coordinates": [
          121.5658251,
          25.04387812
        ]
      }
    },
    {
      "type": "Feature",
      "properties": {
        "id": "",
        "registration_no": "A-190628186-00001-9",
        "name": "QBurger 信義信安店",
        "phone": "02-87321008",
        "address": "臺北市信義區信安街127號",
        "rating": "優",
        "city": "臺北市"
      },
      "geometry": {
        "type": "Point",
        "coordinates": [
          121.5559377,
          25.02421371
        ]
      }
    },
    {
      "type": "Feature",
      "properties": {
        "id": "",
        "registration_no": "A-153931593-00001-7",
        "name": "誠品行旅-The Chapter",
        "phone": "02-66262880",
        "address": "臺北市信義區菸廠路98號1樓",
        "rating": "優",
        "city": "臺北市"
      },
      "geometry": {
        "type": "Point",
        "coordinates": [
          121.5617335,
          25.04465542
        ]
      }
    },
    {
      "type": "Feature",
      "properties": {
        "id": "",
        "registration_no": "A-153931593-00002-8",
        "name": "誠品行旅-In Between",
        "phone": "02-66262882",
        "address": "臺北市信義區菸廠路98號2樓",
        "rating": "優",
        "city": "臺北市"
      },
      "geometry": {
        "type": "Point",
        "coordinates": [
          121.5617335,
          25.04465542
        ]
      }
    },
    {
      "type": "Feature",
      "properties": {
        "id": "",
        "registration_no": "A-153691897-00038-7",
        "name": "駐外福星國小廚房-統鮮美食股份有限公司",
        "phone": "975963257",
        "address": "臺北市萬華區中華路1段66號",
        "rating": "優",
        "city": "臺北市"
      },
      "geometry": {
        "type": "Point",
        "coordinates": [
          121.5089065,
          25.04634479
        ]
      }
    },
    {
      "type": "Feature",
      "properties": {
        "id": "",
        "registration_no": "A-180529551-00006-9",
        "name": "萬芳高中熱食部(連大莊企業有限公司)",
        "phone": "929741935",
        "address": "臺北市文山區興隆路3段115巷1號",
        "rating": "優",
        "city": "臺北市"
      },
      "geometry": {
        "type": "Point",
        "coordinates": [
          121.5587811,
          25.00055877
        ]
      }
    },
    {
      "type": "Feature",
      "properties": {
        "id": "",
        "registration_no": "A-180529551-00010-4",
        "name": "大理高中熱食部(連大莊企業有限公司)",
        "phone": "02-23380671",
        "address": "臺北市萬華區長順街2號",
        "rating": "優",
        "city": "臺北市"
      },
      "geometry": {
        "type": "Point",
        "coordinates": [
          121.4912985,
          25.03089158
        ]
      }
    },
    {
      "type": "Feature",
      "properties": {
        "id": "",
        "registration_no": "A-180529551-00019-3",
        "name": "華江高中早餐部(連大莊企業有限公司)",
        "phone": "02-23391345",
        "address": "臺北市萬華區西藏路213號",
        "rating": "優",
        "city": "臺北市"
      },
      "geometry": {
        "type": "Point",
        "coordinates": [
          121.4961687,
          25.0285265
        ]
      }
    },
    {
      "type": "Feature",
      "properties": {
        "id": "",
        "registration_no": "A-180529551-00005-8",
        "name": "華江高中熱食部(連大莊企業有限公司)",
        "phone": "02-23391345",
        "address": "臺北市萬華區西藏路213號",
        "rating": "優",
        "city": "臺北市"
      },
      "geometry": {
        "type": "Point",
        "coordinates": [
          121.4961687,
          25.0285265
        ]
      }
    },
    {
      "type": "Feature",
      "properties": {
        "id": "",
        "registration_no": "A-200150834-00001-1",
        "name": "QBurger 萬華寶興店",
        "phone": "02-23010052",
        "address": "臺北市萬華區寶興街149號1樓",
        "rating": "優",
        "city": "臺北市"
      },
      "geometry": {
        "type": "Point",
        "coordinates": [
          121.4951624,
          25.02443806
        ]
      }
    },
    {
      "type": "Feature",
      "properties": {
        "id": "",
        "registration_no": "A-152810086-00005-3",
        "name": "格萊天漾大飯店-12F",
        "phone": "02-23383366",
        "address": "臺北市萬華區艋舺大道101號12樓",
        "rating": "優",
        "city": "臺北市"
      },
      "geometry": {
        "type": "Point",
        "coordinates": [
          121.5014724,
          25.03333859
        ]
      }
    },
    {
      "type": "Feature",
      "properties": {
        "id": "",
        "registration_no": "A-152810086-00001-9",
        "name": "格萊天漾大飯店-13F",
        "phone": "02-23383366",
        "address": "臺北市萬華區艋舺大道101號13樓",
        "rating": "優",
        "city": "臺北市"
      },
      "geometry": {
        "type": "Point",
        "coordinates": [
          121.5014724,
          25.03333859
        ]
      }
    },
    {
      "type": "Feature",
      "properties": {
        "id": "",
        "registration_no": "A-152810086-00002-0",
        "name": "格萊天漾大飯店-14F",
        "phone": "02-23383366",
        "address": "臺北市萬華區艋舺大道101號14樓",
        "rating": "優",
        "city": "臺北市"
      },
      "geometry": {
        "type": "Point",
        "coordinates": [
          121.5014724,
          25.03333859
        ]
      }
    },
    {
      "type": "Feature",
      "properties": {
        "id": "",
        "registration_no": "A-152810086-00003-1",
        "name": "格萊天漾大飯店-15F",
        "phone": "02-23383366",
        "address": "臺北市萬華區艋舺大道101號15樓",
        "rating": "優",
        "city": "臺北市"
      },
      "geometry": {
        "type": "Point",
        "coordinates": [
          121.5014724,
          25.03333859
        ]
      }
    },
    {
      "type": "Feature",
      "properties": {
        "id": "",
        "registration_no": "A-152810086-00004-2",
        "name": "格萊天漾大飯店-16F",
        "phone": "02-23383366",
        "address": "臺北市萬華區艋舺大道101號16樓",
        "rating": "優",
        "city": "臺北市"
      },
      "geometry": {
        "type": "Point",
        "coordinates": [
          121.5014724,
          25.03333859
        ]
      }
    },
    {
      "type": "Feature",
      "properties": {
        "id": "",
        "registration_no": "A-177011217-00000-4",
        "name": "環球敦品產後護理之家",
        "phone": "02-23715777",
        "address": "臺北市中正區中華路2段77號",
        "rating": "優",
        "city": "臺北市"
      },
      "geometry": {
        "type": "Point",
        "coordinates": [
          121.5058739,
          25.03417879
        ]
      }
    },
    {
      "type": "Feature",
      "properties": {
        "id": "",
        "registration_no": "A-103794905-00047-6",
        "name": "台糖台北會館",
        "phone": "02-23885522",
        "address": "臺北市中正區中華路1段39號",
        "rating": "優",
        "city": "臺北市"
      },
      "geometry": {
        "type": "Point",
        "coordinates": [
          121.5096702,
          25.04533682
        ]
      }
    },
    {
      "type": "Feature",
      "properties": {
        "id": "",
        "registration_no": "A-123932928-00006-2",
        "name": "Friday's-西門餐廳",
        "phone": "02-27425579",
        "address": "臺北市萬華區武昌街2段72號2樓",
        "rating": "優",
        "city": "臺北市"
      },
      "geometry": {
        "type": "Point",
        "coordinates": [
          121.5061998,
          25.04481325
        ]
      }
    },
    {
      "type": "Feature",
      "properties": {
        "id": "",
        "registration_no": "A-185107849-00004-4",
        "name": "JAI宅",
        "phone": "02-23717666",
        "address": "臺北市萬華區武昌街2段50巷10號2樓",
        "rating": "優",
        "city": "臺北市"
      },
      "geometry": {
        "type": "Point",
        "coordinates": [
          121.5067952,
          25.04406466
        ]
      }
    },
    {
      "type": "Feature",
      "properties": {
        "id": "",
        "registration_no": "A-125100343-00001-7",
        "name": "我!就厲害燒烤吃到飽 西門店",
        "phone": "02-23315527",
        "address": "臺北市萬華區漢中街127號4、5樓",
        "rating": "優",
        "city": "臺北市"
      },
      "geometry": {
        "type": "Point",
        "coordinates": [
          121.5076041,
          25.04281178
        ]
      }
    },
    {
      "type": "Feature",
      "properties": {
        "id": "",
        "registration_no": "A-183294656-00001-2",
        "name": "成真咖啡-台北西門店",
        "phone": "02-23110277",
        "address": "臺北市萬華區漢口街2段53巷2號",
        "rating": "優",
        "city": "臺北市"
      },
      "geometry": {
        "type": "Point",
        "coordinates": [
          121.5062533,
          25.04611647
        ]
      }
    },
    {
      "type": "Feature",
      "properties": {
        "id": "",
        "registration_no": "A-200079980-00001-3",
        "name": "朱媽媽小吃店",
        "phone": "02-25979989",
        "address": "臺北市大同區酒泉街10巷1號",
        "rating": "優",
        "city": "臺北市"
      },
      "geometry": {
        "type": "Point",
        "coordinates": [
          121.5197609,
          25.07052746
        ]
      }
    },
    {
      "type": "Feature",
      "properties": {
        "id": "",
        "registration_no": "A-200220411-00001-0",
        "name": "Thai boat noodle original",
        "phone": "02-23888775",
        "address": "臺北市萬華區中華路2段8號",
        "rating": "優",
        "city": "臺北市"
      },
      "geometry": {
        "type": "Point",
        "coordinates": [
          121.505483,
          25.03397658
        ]
      }
    },
    {
      "type": "Feature",
      "properties": {
        "id": "",
        "registration_no": "A-200173060-00001-7",
        "name": "富宏牛肉麵",
        "phone": "02-23713028",
        "address": "臺北市萬華區洛陽街67號",
        "rating": "優",
        "city": "臺北市"
      },
      "geometry": {
        "type": "Point",
        "coordinates": [
          121.5078173,
          25.04753276
        ]
      }
    },
    {
      "type": "Feature",
      "properties": {
        "id": "",
        "registration_no": "A-101492756-00001-3",
        "name": "威尼斯點心坊",
        "phone": "02-23367918",
        "address": "臺北市萬華區莒光路145號",
        "rating": "良",
        "city": "臺北市"
      },
      "geometry": {
        "type": "Point",
        "coordinates": [
          121.5031633,
          25.03110343
        ]
      }
    },
    {
      "type": "Feature",
      "properties": {
        "id": "",
        "registration_no": "A-200112607-00001-7",
        "name": "ASI南洋風味館",
        "phone": "02-25861178",
        "address": "臺北市大同區酒泉街26之4號",
        "rating": "良",
        "city": "臺北市"
      },
      "geometry": {
        "type": "Point",
        "coordinates": [
          121.5194386,
          25.07056229
        ]
      }
    },
    {
      "type": "Feature",
      "properties": {
        "id": "",
        "registration_no": "A-200079788-00001-9",
        "name": "坂京鍋燒麵",
        "phone": "980760598",
        "address": "臺北市大同區酒泉街10巷17號",
        "rating": "優",
        "city": "臺北市"
      },
      "geometry": {
        "type": "Point",
        "coordinates": [
          121.5197306,
          25.07028359
        ]
      }
    },
    {
      "type": "Feature",
      "properties": {
        "id": "",
        "registration_no": "A-116735133-00003-0",
        "name": "21工房",
        "phone": "02-25851913",
        "address": "臺北市大同區酒泉街10巷25號",
        "rating": "優",
        "city": "臺北市"
      },
      "geometry": {
        "type": "Point",
        "coordinates": [
          121.5196703,
          25.06986349
        ]
      }
    },
    {
      "type": "Feature",
      "properties": {
        "id": "",
        "registration_no": "A-112856563-00003-7",
        "name": "晶湯匙",
        "phone": "02-25526835",
        "address": "臺北市大同區承德路1段1號4樓",
        "rating": "優",
        "city": "臺北市"
      },
      "geometry": {
        "type": "Point",
        "coordinates": [
          121.5167841,
          25.04909007
        ]
      }
    },
    {
      "type": "Feature",
      "properties": {
        "id": "",
        "registration_no": "A-154332478-00002-6",
        "name": "君城本家-重慶門市",
        "phone": "02-25961901",
        "address": "臺北市大同區重慶北路3段53號1樓",
        "rating": "優",
        "city": "臺北市"
      },
      "geometry": {
        "type": "Point",
        "coordinates": [
          121.5138989,
          25.06577878
        ]
      }
    },
    {
      "type": "Feature",
      "properties": {
        "id": "",
        "registration_no": "A-200110346-00001-5",
        "name": "天天利美食坊",
        "phone": "02-23756299",
        "address": "臺北市萬華區漢中街32巷1號",
        "rating": "良",
        "city": "臺北市"
      },
      "geometry": {
        "type": "Point",
        "coordinates": [
          121.507551,
          25.04500339
        ]
      }
    },
    {
      "type": "Feature",
      "properties": {
        "id": "",
        "registration_no": "A-124293977-00170-9",
        "name": "四海遊龍-台北兒童新樂園",
        "phone": "02-28355500",
        "address": "臺北市士林區承德路5段55號",
        "rating": "優",
        "city": "臺北市"
      },
      "geometry": {
        "type": "Point",
        "coordinates": [
          121.5141693,
          25.09683515
        ]
      }
    },
    {
      "type": "Feature",
      "properties": {
        "id": "",
        "registration_no": "A-199697368-00014-0",
        "name": "鴻屋蛋包飯",
        "phone": "02-28355500",
        "address": "臺北市士林區承德路5段55號",
        "rating": "優",
        "city": "臺北市"
      },
      "geometry": {
        "type": "Point",
        "coordinates": [
          121.5141693,
          25.09683515
        ]
      }
    },
    {
      "type": "Feature",
      "properties": {
        "id": "",
        "registration_no": "A-170837404-00006-7",
        "name": "花蓮扁食-台北新兒童樂園",
        "phone": "02-28355500",
        "address": "臺北市士林區承德路5段55號",
        "rating": "優",
        "city": "臺北市"
      },
      "geometry": {
        "type": "Point",
        "coordinates": [
          121.5141693,
          25.09683515
        ]
      }
    },
    {
      "type": "Feature",
      "properties": {
        "id": "",
        "registration_no": "A-128310379-00001-2",
        "name": "KADOKADO-台北101店",
        "phone": "02-81010188",
        "address": "臺北市信義區信義路5段7號89樓",
        "rating": "優",
        "city": "臺北市"
      },
      "geometry": {
        "type": "Point",
        "coordinates": [
          121.5647896,
          25.03341671
        ]
      }
    },
    {
      "type": "Feature",
      "properties": {
        "id": "",
        "registration_no": "A-188141238-00001-4",
        "name": "QBurger 中山天祥店",
        "phone": "02-25311238",
        "address": "臺北市中山區天祥路22號1樓",
        "rating": "優",
        "city": "臺北市"
      },
      "geometry": {
        "type": "Point",
        "coordinates": [
          121.5209605,
          25.06115368
        ]
      }
    },
    {
      "type": "Feature",
      "properties": {
        "id": "",
        "registration_no": "A-127549234-00002-6",
        "name": "點水樓-南京店",
        "phone": "02-87126689",
        "address": "臺北市松山區南京東路4段61號",
        "rating": "優",
        "city": "臺北市"
      },
      "geometry": {
        "type": "Point",
        "coordinates": [
          121.55282,
          25.05184998
        ]
      }
    },
    {
      "type": "Feature",
      "properties": {
        "id": "",
        "registration_no": "A-202292788-00001-8",
        "name": "城市商旅-臺北南東館",
        "phone": "02-27425888",
        "address": "臺北市松山區南京東路411號B3-7樓",
        "rating": "優",
        "city": "臺北市"
      },
      "geometry": {
        "type": "Point",
        "coordinates": [
          121.5768018,
          25.0497252
        ]
      }
    },
    {
      "type": "Feature",
      "properties": {
        "id": "",
        "registration_no": "A-112518228-00001-8",
        "name": "大來商旅（桃莉廚房）",
        "phone": "02-27160011",
        "address": "臺北市松山區長春路432號1-7樓",
        "rating": "優",
        "city": "臺北市"
      },
      "geometry": {
        "type": "Point",
        "coordinates": [
          121.5448825,
          25.05444066
        ]
      }
    },
    {
      "type": "Feature",
      "properties": {
        "id": "",
        "registration_no": "A-124322213-00001-8",
        "name": "秀蘭 Gourmet",
        "phone": "02-23930167",
        "address": "臺北市大安區信義路2段198巷5之5號1樓",
        "rating": "良",
        "city": "臺北市"
      },
      "geometry": {
        "type": "Point",
        "coordinates": [
          121.5304154,
          25.03319279
        ]
      }
    },
    {
      "type": "Feature",
      "properties": {
        "id": "",
        "registration_no": "A-191041521-00001-2",
        "name": "QBurger 中山農安店",
        "phone": "02-25150024",
        "address": "臺北市中山區農安街170號1樓、地下室",
        "rating": "優",
        "city": "臺北市"
      },
      "geometry": {
        "type": "Point",
        "coordinates": [
          121.5344329,
          25.06462974
        ]
      }
    },
    {
      "type": "Feature",
      "properties": {
        "id": "",
        "registration_no": "A-180529551-00012-6",
        "name": "內湖高中熱食部(連大莊企業有限公司)",
        "phone": "02-27977035#318",
        "address": "臺北市內湖區文德路218號",
        "rating": "良",
        "city": "臺北市"
      },
      "geometry": {
        "type": "Point",
        "coordinates": [
          121.5865219,
          25.07840268
        ]
      }
    },
    {
      "type": "Feature",
      "properties": {
        "id": "",
        "registration_no": "A-199094649-00002-0",
        "name": "湘之坊-內湖高工熱食部",
        "phone": "02-26574874#175",
        "address": "臺北市內湖區內湖路1段520號B1",
        "rating": "優",
        "city": "臺北市"
      },
      "geometry": {
        "type": "Point",
        "coordinates": [
          121.5759171,
          25.07964391
        ]
      }
    },
    {
      "type": "Feature",
      "properties": {
        "id": "",
        "registration_no": "A-188373216-00001-7",
        "name": "QBurger 內湖港墘店",
        "phone": "02-27999375",
        "address": "臺北市內湖區麗山街68巷16號1樓及地下室",
        "rating": "優",
        "city": "臺北市"
      },
      "geometry": {
        "type": "Point",
        "coordinates": [
          121.5790104,
          25.08203539
        ]
      }
    },
    {
      "type": "Feature",
      "properties": {
        "id": "",
        "registration_no": "A-196972798-00011-7",
        "name": "好市多股份有限公司-內湖分公司",
        "phone": "02-77378818#201",
        "address": "臺北市內湖區舊宗路1段268號",
        "rating": "優",
        "city": "臺北市"
      },
      "geometry": {
        "type": "Point",
        "coordinates": [
          121.5761151,
          25.06398538
        ]
      }
    },
    {
      "type": "Feature",
      "properties": {
        "id": "",
        "registration_no": "A-183475761-00000-9",
        "name": "士福美食股份有限公司",
        "phone": "02-27928561",
        "address": "臺北市內湖區新明路193、195號",
        "rating": "優",
        "city": "臺北市"
      },
      "geometry": {
        "type": "Point",
        "coordinates": [
          121.5883149,
          25.05852918
        ]
      }
    },
    {
      "type": "Feature",
      "properties": {
        "id": "",
        "registration_no": "A-112398429-00000-6",
        "name": "柯達大飯店臺北一店",
        "phone": "02-25422222",
        "address": "臺北市中山區中山北路2段11巷1號",
        "rating": "優",
        "city": "臺北市"
      },
      "geometry": {
        "type": "Point",
        "coordinates": [
          121.5232102,
          25.05283775
        ]
      }
    },
    {
      "type": "Feature",
      "properties": {
        "id": "",
        "registration_no": "A-170491824-00000-3",
        "name": "柯達大飯店臺北二店",
        "phone": "02-25255555",
        "address": "臺北市中山區中山北路2段139號",
        "rating": "優",
        "city": "臺北市"
      },
      "geometry": {
        "type": "Point",
        "coordinates": [
          121.5230637,
          25.06182989
        ]
      }
    },
    {
      "type": "Feature",
      "properties": {
        "id": "",
        "registration_no": "A-153089762-00030-1",
        "name": "大戶屋-民權東路1段店",
        "phone": "02-25958663",
        "address": "臺北市中山區民權東路1段9號B1",
        "rating": "優",
        "city": "臺北市"
      },
      "geometry": {
        "type": "Point",
        "coordinates": [
          121.5233499,
          25.06289133
        ]
      }
    },
    {
      "type": "Feature",
      "properties": {
        "id": "",
        "registration_no": "A-180529551-00008-1",
        "name": "大同高中熟食部(連大莊企業有限公司)",
        "phone": "02-25019527",
        "address": "臺北市中山區長春路167號",
        "rating": "優",
        "city": "臺北市"
      },
      "geometry": {
        "type": "Point",
        "coordinates": [
          121.5351085,
          25.05498628
        ]
      }
    },
    {
      "type": "Feature",
      "properties": {
        "id": "",
        "registration_no": "A-190094555-00001-6",
        "name": "QBurger 大橋頭店",
        "phone": "02-25500147",
        "address": "臺北市大同區民權西路226號",
        "rating": "優",
        "city": "臺北市"
      },
      "geometry": {
        "type": "Point",
        "coordinates": [
          121.5132424,
          25.06279721
        ]
      }
    },
    {
      "type": "Feature",
      "properties": {
        "id": "",
        "registration_no": "A-180529551-00027-2",
        "name": "成淵熱食部",
        "phone": "02-29653646",
        "address": "臺北市大同區承德路2段235號",
        "rating": "優",
        "city": "臺北市"
      },
      "geometry": {
        "type": "Point",
        "coordinates": [
          121.5185272,
          25.06127489
        ]
      }
    },
    {
      "type": "Feature",
      "properties": {
        "id": "",
        "registration_no": "A-180529551-00028-3",
        "name": "成淵早餐部",
        "phone": "02-29653646",
        "address": "臺北市大同區承德路2段235號",
        "rating": "優",
        "city": "臺北市"
      },
      "geometry": {
        "type": "Point",
        "coordinates": [
          121.5185272,
          25.06127489
        ]
      }
    },
    {
      "type": "Feature",
      "properties": {
        "id": "",
        "registration_no": "A-129050746-00000-1",
        "name": "臺北車站智選假日酒店",
        "phone": "02-25505799",
        "address": "臺北市大同區重慶北路1段73號",
        "rating": "優",
        "city": "臺北市"
      },
      "geometry": {
        "type": "Point",
        "coordinates": [
          121.5142159,
          25.05224175
        ]
      }
    },
    {
      "type": "Feature",
      "properties": {
        "id": "",
        "registration_no": "A-103771706-00001-0",
        "name": "臺北市立啟聰學校",
        "phone": "02-25924446#104",
        "address": "臺北市大同區重慶北路3段320號",
        "rating": "優",
        "city": "臺北市"
      },
      "geometry": {
        "type": "Point",
        "coordinates": [
          121.5135891,
          25.07469783
        ]
      }
    },
    {
      "type": "Feature",
      "properties": {
        "id": "",
        "registration_no": "A-153691897-00040-0",
        "name": "統鮮美食駐外雙永國小廚房",
        "phone": "02-87858111\n#1120",
        "address": "臺北市信義區松山路287巷5號",
        "rating": "優",
        "city": "臺北市"
      },
      "geometry": {
        "type": "Point",
        "coordinates": [
          121.5797532,
          25.04334654
        ]
      }
    },
    {
      "type": "Feature",
      "properties": {
        "id": "",
        "registration_no": "A-154651346-00001-3",
        "name": "美樂食餐飲-大安森林食堂",
        "phone": "02-27550997",
        "address": "臺北市大安區新生南路1段161之3號",
        "rating": "優",
        "city": "臺北市"
      },
      "geometry": {
        "type": "Point",
        "coordinates": [
          121.5328885,
          25.03451342
        ]
      }
    },
    {
      "type": "Feature",
      "properties": {
        "id": "",
        "registration_no": "A-200114776-00001-6",
        "name": "驥園川菜餐廳",
        "phone": "916260303",
        "address": "臺北市大安區敦化南路1段324號B1",
        "rating": "良",
        "city": "臺北市"
      },
      "geometry": {
        "type": "Point",
        "coordinates": [
          121.5485064,
          25.03528363
        ]
      }
    },
    {
      "type": "Feature",
      "properties": {
        "id": "",
        "registration_no": "A-125673165-00001-4",
        "name": "五月雪客家私房珍釀",
        "phone": "919246798",
        "address": "臺北市大安區敦化南路1段329巷16號",
        "rating": "優",
        "city": "臺北市"
      },
      "geometry": {
        "type": "Point",
        "coordinates": [
          121.5499681,
          25.03386778
        ]
      }
    },
    {
      "type": "Feature",
      "properties": {
        "id": "",
        "registration_no": "A-170805613-00001-9",
        "name": "勺日zhuori",
        "phone": "02-27113171",
        "address": "臺北市大安區復興南路1段206號1樓",
        "rating": "優",
        "city": "臺北市"
      },
      "geometry": {
        "type": "Point",
        "coordinates": [
          121.5434987,
          25.03942976
        ]
      }
    },
    {
      "type": "Feature",
      "properties": {
        "id": "",
        "registration_no": "A-128671839-00001-3",
        "name": "真的好海鮮餐廳",
        "phone": "02-27713000",
        "address": "臺北市大安區復興南路1段222號1樓、B1",
        "rating": "良",
        "city": "臺北市"
      },
      "geometry": {
        "type": "Point",
        "coordinates": [
          121.5435574,
          25.0390932
        ]
      }
    },
    {
      "type": "Feature",
      "properties": {
        "id": "",
        "registration_no": "A-116098275-00025-3",
        "name": "BELLINI Caffe 臺北敦南店",
        "phone": "02-27002088",
        "address": "臺北市大安區敦化南路1段370號B1、B2",
        "rating": "優",
        "city": "臺北市"
      },
      "geometry": {
        "type": "Point",
        "coordinates": [
          121.5484868,
          25.03370472
        ]
      }
    },
    {
      "type": "Feature",
      "properties": {
        "id": "",
        "registration_no": "A-200167496-00001-3",
        "name": "ULV Restaurant",
        "phone": "926810631",
        "address": "臺北市大安區敦化南路1段160巷18號1樓",
        "rating": "優",
        "city": "臺北市"
      },
      "geometry": {
        "type": "Point",
        "coordinates": [
          121.5477168,
          25.04346548
        ]
      }
    },
    {
      "type": "Feature",
      "properties": {
        "id": "",
        "registration_no": "A-180676602-00026-1",
        "name": "Mamak檔忠孝店",
        "phone": "02-27316086",
        "address": "臺北市大安區敦化南路1段187巷72號1樓",
        "rating": "優",
        "city": "臺北市"
      },
      "geometry": {
        "type": "Point",
        "coordinates": [
          121.5527664,
          25.04243149
        ]
      }
    },
    {
      "type": "Feature",
      "properties": {
        "id": "",
        "registration_no": "A-128216918-00003-8",
        "name": "莫宰羊精緻羊肉料理",
        "phone": "02-23691466",
        "address": "臺北市大安區新生南路3段28號",
        "rating": "良",
        "city": "臺北市"
      },
      "geometry": {
        "type": "Point",
        "coordinates": [
          121.5343843,
          25.02387006
        ]
      }
    },
    {
      "type": "Feature",
      "properties": {
        "id": "",
        "registration_no": "A-190396290-00001-7",
        "name": "侍燒肉",
        "phone": "911885851",
        "address": "臺北市大安區敦化南路1段177巷22號1樓",
        "rating": "優",
        "city": "臺北市"
      },
      "geometry": {
        "type": "Point",
        "coordinates": [
          121.550268,
          25.04298436
        ]
      }
    },
    {
      "type": "Feature",
      "properties": {
        "id": "",
        "registration_no": "A-142990665-00001-0",
        "name": "梵燒肉",
        "phone": "02-25811711",
        "address": "臺北市大安區敦化南路1段235號2樓",
        "rating": "優",
        "city": "臺北市"
      },
      "geometry": {
        "type": "Point",
        "coordinates": [
          121.5492673,
          25.04029368
        ]
      }
    },
    {
      "type": "Feature",
      "properties": {
        "id": "",
        "registration_no": "A-113841505-00001-6",
        "name": "橘色",
        "phone": "928597897",
        "address": "臺北市大安區大安路1段135號",
        "rating": "優",
        "city": "臺北市"
      },
      "geometry": {
        "type": "Point",
        "coordinates": [
          121.5461662,
          25.03868008
        ]
      }
    },
    {
      "type": "Feature",
      "properties": {
        "id": "",
        "registration_no": "A-200125580-00001-1",
        "name": "不一樣乾麵",
        "phone": "02-87731781",
        "address": "臺北市大安區延吉街70巷5弄10號1樓",
        "rating": "良",
        "city": "臺北市"
      },
      "geometry": {
        "type": "Point",
        "coordinates": [
          121.5538504,
          25.04222123
        ]
      }
    },
    {
      "type": "Feature",
      "properties": {
        "id": "",
        "registration_no": "A-180530207-00001-4",
        "name": "玉喜飯店",
        "phone": "02-87738898",
        "address": "臺北市大安區忠孝東路4段289號3-5樓",
        "rating": "良",
        "city": "臺北市"
      },
      "geometry": {
        "type": "Point",
        "coordinates": [
          121.5547375,
          25.04161065
        ]
      }
    },
    {
      "type": "Feature",
      "properties": {
        "id": "",
        "registration_no": "A-150759197-00001-2",
        "name": "春申食府",
        "phone": "02-27073555",
        "address": "臺北市大安區仁愛路4段66號B1",
        "rating": "優",
        "city": "臺北市"
      },
      "geometry": {
        "type": "Point",
        "coordinates": [
          121.5477263,
          25.03765285
        ]
      }
    },
    {
      "type": "Feature",
      "properties": {
        "id": "",
        "registration_no": "A-153933184-00003-7",
        "name": "謙安和",
        "phone": "02-27008128",
        "address": "臺北市大安區安和路1段127巷4號",
        "rating": "優",
        "city": "臺北市"
      },
      "geometry": {
        "type": "Point",
        "coordinates": [
          121.552859,
          25.03457299
        ]
      }
    },
    {
      "type": "Feature",
      "properties": {
        "id": "",
        "registration_no": "A-142868475-00002-4",
        "name": "LADY M 臺北旗艦店",
        "phone": "02-77309380",
        "address": "臺北市大安區光復南路240巷26號",
        "rating": "優",
        "city": "臺北市"
      },
      "geometry": {
        "type": "Point",
        "coordinates": [
          121.5563391,
          25.04084274
        ]
      }
    },
    {
      "type": "Feature",
      "properties": {
        "id": "",
        "registration_no": "A-143670887-00001-2",
        "name": "蘭ORCHID",
        "phone": "981797460",
        "address": "臺北市大安區安和路2段83號",
        "rating": "優",
        "city": "臺北市"
      },
      "geometry": {
        "type": "Point",
        "coordinates": [
          121.5521731,
          25.03002342
        ]
      }
    },
    {
      "type": "Feature",
      "properties": {
        "id": "",
        "registration_no": "A-129227955-00001-0",
        "name": "Indulge Bistro",
        "phone": "02-27730080",
        "address": "臺北市大安區復興南路1段219巷11號1樓",
        "rating": "優",
        "city": "臺北市"
      },
      "geometry": {
        "type": "Point",
        "coordinates": [
          121.5447517,
          25.03912931
        ]
      }
    },
    {
      "type": "Feature",
      "properties": {
        "id": "",
        "registration_no": "A-186384960-00019-2",
        "name": "哈根達斯 - 美麗華",
        "phone": "02-85026505",
        "address": "臺北市中山區敬業三路20號1樓",
        "rating": "優",
        "city": "臺北市"
      },
      "geometry": {
        "type": "Point",
        "coordinates": [
          121.556712,
          25.08292589
        ]
      }
    },
    {
      "type": "Feature",
      "properties": {
        "id": "",
        "registration_no": "A-127549234-00015-0",
        "name": "點水樓 - 大直店",
        "phone": "02-85098080",
        "address": "臺北市中山區樂群三路299號3樓",
        "rating": "優",
        "city": "臺北市"
      },
      "geometry": {
        "type": "Point",
        "coordinates": [
          121.5592154,
          25.08273352
        ]
      }
    },
    {
      "type": "Feature",
      "properties": {
        "id": "",
        "registration_no": "A-128841757-00039-2",
        "name": "涓豆腐 - 美麗華店",
        "phone": "02-85021186",
        "address": "臺北市中山區敬業三路20號3樓",
        "rating": "優",
        "city": "臺北市"
      },
      "geometry": {
        "type": "Point",
        "coordinates": [
          121.556712,
          25.08292589
        ]
      }
    },
    {
      "type": "Feature",
      "properties": {
        "id": "",
        "registration_no": "A-152929520-00018-1",
        "name": "壽司郎 - 美麗華",
        "phone": "02-85025389",
        "address": "臺北市中山區敬業三路20號2樓",
        "rating": "優",
        "city": "臺北市"
      },
      "geometry": {
        "type": "Point",
        "coordinates": [
          121.556712,
          25.08292589
        ]
      }
    },
    {
      "type": "Feature",
      "properties": {
        "id": "",
        "registration_no": "A-154752668-00035-9",
        "name": "添好運 - 美麗華店",
        "phone": "989842841",
        "address": "臺北市中山區敬業三路22號2樓",
        "rating": "優",
        "city": "臺北市"
      },
      "geometry": {
        "type": "Point",
        "coordinates": [
          121.5579668,
          25.08281981
        ]
      }
    },
    {
      "type": "Feature",
      "properties": {
        "id": "",
        "registration_no": "A-123932928-00012-9",
        "name": "Fridays - 美麗華店",
        "phone": "02-21753358",
        "address": "臺北市中山區敬業三路22號2樓",
        "rating": "良",
        "city": "臺北市"
      },
      "geometry": {
        "type": "Point",
        "coordinates": [
          121.5579668,
          25.08281981
        ]
      }
    },
    {
      "type": "Feature",
      "properties": {
        "id": "",
        "registration_no": "A-170437940-00009-1",
        "name": "駱姐正雞酒",
        "phone": "906337347",
        "address": "臺北市中山區敬業三路20號B1",
        "rating": "優",
        "city": "臺北市"
      },
      "geometry": {
        "type": "Point",
        "coordinates": [
          121.556712,
          25.08292589
        ]
      }
    },
    {
      "type": "Feature",
      "properties": {
        "id": "",
        "registration_no": "A-191066022-00001-5",
        "name": "新佳坡海南雞飯",
        "phone": "988976818",
        "address": "臺北市中山區敬業三路20號B1",
        "rating": "優",
        "city": "臺北市"
      },
      "geometry": {
        "type": "Point",
        "coordinates": [
          121.556712,
          25.08292589
        ]
      }
    },
    {
      "type": "Feature",
      "properties": {
        "id": "",
        "registration_no": "F-113830417-00005-5",
        "name": "軒記蚵仔煎",
        "phone": "02-25875595",
        "address": "臺北市中山區敬業三路20號B1",
        "rating": "優",
        "city": "臺北市"
      },
      "geometry": {
        "type": "Point",
        "coordinates": [
          121.556712,
          25.08292589
        ]
      }
    },
    {
      "type": "Feature",
      "properties": {
        "id": "",
        "registration_no": "A-153095716-00055-4",
        "name": "朱記餡餅粥店-美麗華",
        "phone": "02-85022605",
        "address": "臺北市中山區敬業三路20號B1",
        "rating": "優",
        "city": "臺北市"
      },
      "geometry": {
        "type": "Point",
        "coordinates": [
          121.556712,
          25.08292589
        ]
      }
    },
    {
      "type": "Feature",
      "properties": {
        "id": "",
        "registration_no": "A-128578518-00004-6",
        "name": "豆之味豆腐坊",
        "phone": "988038829",
        "address": "臺北市中山區敬業三路20號B1",
        "rating": "優",
        "city": "臺北市"
      },
      "geometry": {
        "type": "Point",
        "coordinates": [
          121.556712,
          25.08292589
        ]
      }
    },
    {
      "type": "Feature",
      "properties": {
        "id": "",
        "registration_no": "A-154055473-00017-9",
        "name": "Jamba Juice",
        "phone": "955150624",
        "address": "臺北市中山區敬業三路20號B1",
        "rating": "優",
        "city": "臺北市"
      },
      "geometry": {
        "type": "Point",
        "coordinates": [
          121.556712,
          25.08292589
        ]
      }
    },
    {
      "type": "Feature",
      "properties": {
        "id": "",
        "registration_no": "A-128459597-00014-2",
        "name": "酷聖石冰淇淋 - 美麗華",
        "phone": "926082091",
        "address": "臺北市中山區敬業三路20號B1",
        "rating": "優",
        "city": "臺北市"
      },
      "geometry": {
        "type": "Point",
        "coordinates": [
          121.556712,
          25.08292589
        ]
      }
    },
    {
      "type": "Feature",
      "properties": {
        "id": "",
        "registration_no": "A-153710347-00005-3",
        "name": "大心Express - 美麗華",
        "phone": "02-85023909",
        "address": "臺北市中山區敬業三路20號B1",
        "rating": "優",
        "city": "臺北市"
      },
      "geometry": {
        "type": "Point",
        "coordinates": [
          121.556712,
          25.08292589
        ]
      }
    },
    {
      "type": "Feature",
      "properties": {
        "id": "",
        "registration_no": "A-150906000-00005-3",
        "name": "杏桃鬆餅屋 - 大直美麗華店",
        "phone": "02-85020929",
        "address": "臺北市中山區敬業三路20號B1",
        "rating": "優",
        "city": "臺北市"
      },
      "geometry": {
        "type": "Point",
        "coordinates": [
          121.556712,
          25.08292589
        ]
      }
    },
    {
      "type": "Feature",
      "properties": {
        "id": "",
        "registration_no": "A-150906000-00011-0",
        "name": "靜岡勝政日式豬排 - 大直美麗華店",
        "phone": "02-85015929",
        "address": "臺北市中山區敬業三路20號B1",
        "rating": "優",
        "city": "臺北市"
      },
      "geometry": {
        "type": "Point",
        "coordinates": [
          121.556712,
          25.08292589
        ]
      }
    },
    {
      "type": "Feature",
      "properties": {
        "id": "",
        "registration_no": "A-186384960-00015-8",
        "name": "哈根達斯 - 美麗華影城",
        "phone": "02-85022517",
        "address": "臺北市中山區敬業三路20號",
        "rating": "優",
        "city": "臺北市"
      },
      "geometry": {
        "type": "Point",
        "coordinates": [
          121.556712,
          25.08292589
        ]
      }
    },
    {
      "type": "Feature",
      "properties": {
        "id": "",
        "registration_no": "A-127337604-00001-1",
        "name": "美琪蒙古烤肉",
        "phone": "02-21753800",
        "address": "臺北市中山區敬業三路20號5樓",
        "rating": "優",
        "city": "臺北市"
      },
      "geometry": {
        "type": "Point",
        "coordinates": [
          121.556712,
          25.08292589
        ]
      }
    },
    {
      "type": "Feature",
      "properties": {
        "id": "",
        "registration_no": "A-182813125-00001-9",
        "name": "Meat love - 美麗華",
        "phone": "928556043",
        "address": "臺北市中山區敬業三路20號5樓",
        "rating": "優",
        "city": "臺北市"
      },
      "geometry": {
        "type": "Point",
        "coordinates": [
          121.556712,
          25.08292589
        ]
      }
    },
    {
      "type": "Feature",
      "properties": {
        "id": "",
        "registration_no": "A-153710347-00004-2",
        "name": "時時香 - 美麗華店",
        "phone": "02-85026389",
        "address": "臺北市中山區敬業三路20號5樓",
        "rating": "優",
        "city": "臺北市"
      },
      "geometry": {
        "type": "Point",
        "coordinates": [
          121.556712,
          25.08292589
        ]
      }
    },
    {
      "type": "Feature",
      "properties": {
        "id": "",
        "registration_no": "A-155827835-00002-3",
        "name": "唐點小聚 - 美麗華店",
        "phone": "02-85025558",
        "address": "臺北市中山區敬業三路20號5樓",
        "rating": "優",
        "city": "臺北市"
      },
      "geometry": {
        "type": "Point",
        "coordinates": [
          121.556712,
          25.08292589
        ]
      }
    },
    {
      "type": "Feature",
      "properties": {
        "id": "",
        "registration_no": "A-153691897-00041-1",
        "name": "統鮮美食駐外永安國小廚房",
        "phone": "02-25335672",
        "address": "臺北市中山區明水路397巷19弄1號",
        "rating": "優",
        "city": "臺北市"
      },
      "geometry": {
        "type": "Point",
        "coordinates": [
          121.5493916,
          25.07873552
        ]
      }
    },
    {
      "type": "Feature",
      "properties": {
        "id": "",
        "registration_no": "A-150906000-00001-9",
        "name": "BEPPIN PASTA - 美麗華",
        "phone": "02-85012822",
        "address": "臺北市中山區敬業三路20號5樓",
        "rating": "優",
        "city": "臺北市"
      },
      "geometry": {
        "type": "Point",
        "coordinates": [
          121.556712,
          25.08292589
        ]
      }
    },
    {
      "type": "Feature",
      "properties": {
        "id": "",
        "registration_no": "A-153089762-00022-2",
        "name": "大戶屋 - 美麗華店",
        "phone": "02-85012772",
        "address": "臺北市中山區敬業三路20號B1",
        "rating": "優",
        "city": "臺北市"
      },
      "geometry": {
        "type": "Point",
        "coordinates": [
          121.556712,
          25.08292589
        ]
      }
    },
    {
      "type": "Feature",
      "properties": {
        "id": "",
        "registration_no": "A-142855289-00012-4",
        "name": "溫野菜 - 美麗華店",
        "phone": "02-85023324",
        "address": "臺北市中山區敬業三路20號5樓",
        "rating": "優",
        "city": "臺北市"
      },
      "geometry": {
        "type": "Point",
        "coordinates": [
          121.556712,
          25.08292589
        ]
      }
    },
    {
      "type": "Feature",
      "properties": {
        "id": "",
        "registration_no": "A-124692475-00001-8",
        "name": "金色三麥 - 美麗華店",
        "phone": "02-21753139",
        "address": "臺北市中山區敬業三路20號5樓",
        "rating": "優",
        "city": "臺北市"
      },
      "geometry": {
        "type": "Point",
        "coordinates": [
          121.556712,
          25.08292589
        ]
      }
    },
    {
      "type": "Feature",
      "properties": {
        "id": "",
        "registration_no": "A-179955280-00133-0",
        "name": "開飯川食堂敦化店",
        "phone": "02-24515618",
        "address": "臺北市大安區敦化南路1段246號B2",
        "rating": "優",
        "city": "臺北市"
      },
      "geometry": {
        "type": "Point",
        "coordinates": [
          121.5485522,
          25.04037101
        ]
      }
    },
    {
      "type": "Feature",
      "properties": {
        "id": "",
        "registration_no": "A-122721208-00032-7",
        "name": "鬍鬚張-台北通化店",
        "phone": "02-27092256",
        "address": "臺北市大安區通化街18號",
        "rating": "優",
        "city": "臺北市"
      },
      "geometry": {
        "type": "Point",
        "coordinates": [
          121.5541683,
          25.03196031
        ]
      }
    },
    {
      "type": "Feature",
      "properties": {
        "id": "",
        "registration_no": "A-138567758-00001-8",
        "name": "Beimaru米三角日式飯糰專賣店",
        "phone": "02-27172887",
        "address": "臺北市松山區敦化北路153之1號",
        "rating": "優",
        "city": "臺北市"
      },
      "geometry": {
        "type": "Point",
        "coordinates": [
          121.5492618,
          25.05422054
        ]
      }
    },
    {
      "type": "Feature",
      "properties": {
        "id": "",
        "registration_no": "A-200163248-00001-4",
        "name": "齒牛香牛肉麵",
        "phone": "02-27467206",
        "address": "臺北市松山區饒河街104號",
        "rating": "良",
        "city": "臺北市"
      },
      "geometry": {
        "type": "Point",
        "coordinates": [
          121.5744281,
          25.05031148
        ]
      }
    },
    {
      "type": "Feature",
      "properties": {
        "id": "",
        "registration_no": "A-186311094-00001-1",
        "name": "君悅排骨-捷運南京店",
        "phone": "02-87123818",
        "address": "臺北市松山區慶城街23號",
        "rating": "優",
        "city": "臺北市"
      },
      "geometry": {
        "type": "Point",
        "coordinates": [
          121.5452252,
          25.05349417
        ]
      }
    },
    {
      "type": "Feature",
      "properties": {
        "id": "",
        "registration_no": "A-200152470-00001-9",
        "name": "品麟生猛活海鮮",
        "phone": "02-27629266",
        "address": "臺北市松山區新東街60巷17號",
        "rating": "良",
        "city": "臺北市"
      },
      "geometry": {
        "type": "Point",
        "coordinates": [
          121.5660757,
          25.06217766
        ]
      }
    },
    {
      "type": "Feature",
      "properties": {
        "id": "",
        "registration_no": "A-200240120-00001-9",
        "name": "戰醬燒肉",
        "phone": "02-25778958",
        "address": "臺北市松山區市民大道4段157號",
        "rating": "良",
        "city": "臺北市"
      },
      "geometry": {
        "type": "Point",
        "coordinates": [
          121.5511378,
          25.04487561
        ]
      }
    },
    {
      "type": "Feature",
      "properties": {
        "id": "",
        "registration_no": "A-153111005-00002-6",
        "name": "王記府城肉粽",
        "phone": "02-27316647",
        "address": "臺北市松山區八德路2段374號1樓",
        "rating": "優",
        "city": "臺北市"
      },
      "geometry": {
        "type": "Point",
        "coordinates": [
          121.5460411,
          25.04795701
        ]
      }
    },
    {
      "type": "Feature",
      "properties": {
        "id": "",
        "registration_no": "A-154181892-00215-4",
        "name": "はま寿司-南京復興店",
        "phone": "02-25528701",
        "address": "臺北市松山區南京東路3段270號",
        "rating": "優",
        "city": "臺北市"
      },
      "geometry": {
        "type": "Point",
        "coordinates": [
          121.545208,
          25.05162614
        ]
      }
    },
    {
      "type": "Feature",
      "properties": {
        "id": "",
        "registration_no": "A-180654972-00002-1",
        "name": "HOOTERS美式餐廳",
        "phone": "02-27151145",
        "address": "臺北市松山區慶城街18號、18號之1",
        "rating": "優",
        "city": "臺北市"
      },
      "geometry": {
        "type": "Point",
        "coordinates": [
          121.5452311,
          25.053289
        ]
      }
    },
    {
      "type": "Feature",
      "properties": {
        "id": "",
        "registration_no": "A-143700030-00001-6",
        "name": "蘿莎娜小廚房La Locanda",
        "phone": "02-25792922",
        "address": "臺北市松山區八德路3段12巷52弄18號1樓",
        "rating": "優",
        "city": "臺北市"
      },
      "geometry": {
        "type": "Point",
        "coordinates": [
          121.5498024,
          25.04625162
        ]
      }
    },
    {
      "type": "Feature",
      "properties": {
        "id": "",
        "registration_no": "A-200249200-00001-7",
        "name": "御膳煲養生雞湯館",
        "phone": "02-25703686",
        "address": "臺北市松山區光復北路60巷17號",
        "rating": "優",
        "city": "臺北市"
      },
      "geometry": {
        "type": "Point",
        "coordinates": [
          121.5570528,
          25.04967999
        ]
      }
    },
    {
      "type": "Feature",
      "properties": {
        "id": "",
        "registration_no": "A-116881418-00004-9",
        "name": "春水堂-慶城店",
        "phone": "02-25469493",
        "address": "臺北市松山區慶城街1號2樓",
        "rating": "優",
        "city": "臺北市"
      },
      "geometry": {
        "type": "Point",
        "coordinates": [
          121.5446323,
          25.05276093
        ]
      }
    },
    {
      "type": "Feature",
      "properties": {
        "id": "",
        "registration_no": "A-202305287-00001-7",
        "name": "少點鹽健康餐盒專賣小巨蛋店",
        "phone": "970959790",
        "address": "臺北市松山區敦化北路120巷7弄5號",
        "rating": "優",
        "city": "臺北市"
      },
      "geometry": {
        "type": "Point",
        "coordinates": [
          121.5481646,
          25.05385535
        ]
      }
    },
    {
      "type": "Feature",
      "properties": {
        "id": "",
        "registration_no": "A-128203147-00001-6",
        "name": "薺元小館",
        "phone": "02-27170330",
        "address": "臺北市松山區南京東路4段19號",
        "rating": "優",
        "city": "臺北市"
      },
      "geometry": {
        "type": "Point",
        "coordinates": [
          121.5502916,
          25.05193133
        ]
      }
    },
    {
      "type": "Feature",
      "properties": {
        "id": "",
        "registration_no": "A-113460049-00001-6",
        "name": "君悅排骨-敦北店",
        "phone": "02-87126986",
        "address": "臺北市松山區敦化北路155巷2號1樓",
        "rating": "優",
        "city": "臺北市"
      },
      "geometry": {
        "type": "Point",
        "coordinates": [
          121.55009,
          25.05441991
        ]
      }
    },
    {
      "type": "Feature",
      "properties": {
        "id": "",
        "registration_no": "A-125666072-00003-5",
        "name": "犁園湯包館",
        "phone": "02-27215532",
        "address": "臺北市松山區南京東路3段256巷24號",
        "rating": "良",
        "city": "臺北市"
      },
      "geometry": {
        "type": "Point",
        "coordinates": [
          121.5447466,
          25.05039798
        ]
      }
    },
    {
      "type": "Feature",
      "properties": {
        "id": "",
        "registration_no": "A-200119161-00001-9",
        "name": "鍋爸涮涮鍋-南京店",
        "phone": "02-25774000",
        "address": "臺北市松山區南京東路4段50號B1",
        "rating": "良",
        "city": "臺北市"
      },
      "geometry": {
        "type": "Point",
        "coordinates": [
          121.5535924,
          25.05150792
        ]
      }
    },
    {
      "type": "Feature",
      "properties": {
        "id": "",
        "registration_no": "A-200095305-00001-2",
        "name": "花娘小館",
        "phone": "02-27184469",
        "address": "臺北市松山區敦化北路165巷15號",
        "rating": "良",
        "city": "臺北市"
      },
      "geometry": {
        "type": "Point",
        "coordinates": [
          121.5509223,
          25.05487052
        ]
      }
    },
    {
      "type": "Feature",
      "properties": {
        "id": "",
        "registration_no": "A-153112784-00035-7",
        "name": "百八魚場-南京店",
        "phone": "02-27566668",
        "address": "臺北市松山區南京東路5段208號",
        "rating": "良",
        "city": "臺北市"
      },
      "geometry": {
        "type": "Point",
        "coordinates": [
          121.5649956,
          25.05118701
        ]
      }
    },
    {
      "type": "Feature",
      "properties": {
        "id": "",
        "registration_no": "A-120986441-00001-3",
        "name": "醉楓園小館",
        "phone": "02-25779528",
        "address": "臺北市松山區八德路3段8巷5號1樓",
        "rating": "良",
        "city": "臺北市"
      },
      "geometry": {
        "type": "Point",
        "coordinates": [
          121.5498081,
          25.04744219
        ]
      }
    },
    {
      "type": "Feature",
      "properties": {
        "id": "",
        "registration_no": "A-127952760-00003-9",
        "name": "吉品海鮮餐廳",
        "phone": "02-27527788",
        "address": "臺北市松山區敦化南路1段1號1樓",
        "rating": "優",
        "city": "臺北市"
      },
      "geometry": {
        "type": "Point",
        "coordinates": [
          121.5492854,
          25.04767286
        ]
      }
    },
    {
      "type": "Feature",
      "properties": {
        "id": "",
        "registration_no": "A-142848133-00001-2",
        "name": "扶風堂",
        "phone": "02-27153377",
        "address": "臺北市松山區敦化北路165巷5號",
        "rating": "優",
        "city": "臺北市"
      },
      "geometry": {
        "type": "Point",
        "coordinates": [
          121.5503067,
          25.05483478
        ]
      }
    },
    {
      "type": "Feature",
      "properties": {
        "id": "",
        "registration_no": "A-200233003-00001-1",
        "name": "中崙巧味亭日本料理",
        "phone": "02-25702929",
        "address": "臺北市松山區八德路3段84號",
        "rating": "良",
        "city": "臺北市"
      },
      "geometry": {
        "type": "Point",
        "coordinates": [
          121.5531386,
          25.04808194
        ]
      }
    },
    {
      "type": "Feature",
      "properties": {
        "id": "",
        "registration_no": "A-183935619-00001-3",
        "name": "京鼎小館",
        "phone": "02-25467711",
        "address": "臺北市松山區敦化北路155巷13號",
        "rating": "良",
        "city": "臺北市"
      },
      "geometry": {
        "type": "Point",
        "coordinates": [
          121.5506356,
          25.05420089
        ]
      }
    },
    {
      "type": "Feature",
      "properties": {
        "id": "",
        "registration_no": "A-200077600-00001-0",
        "name": "池上傳統便當",
        "phone": "02-87873232",
        "address": "臺北市松山區八德路4段53號1樓",
        "rating": "良",
        "city": "臺北市"
      },
      "geometry": {
        "type": "Point",
        "coordinates": [
          121.5595504,
          25.04849743
        ]
      }
    },
    {
      "type": "Feature",
      "properties": {
        "id": "",
        "registration_no": "A-122662833-00008-8",
        "name": "上島咖啡-八德店",
        "phone": "02-25785207",
        "address": "臺北市松山區八德路3段32號1樓",
        "rating": "優",
        "city": "臺北市"
      },
      "geometry": {
        "type": "Point",
        "coordinates": [
          121.5517129,
          25.04806974
        ]
      }
    },
    {
      "type": "Feature",
      "properties": {
        "id": "",
        "registration_no": "A-127749845-00001-5",
        "name": "三井料理美術館",
        "phone": "915005098",
        "address": "臺北市松山區敦化南路1段108號B1-1",
        "rating": "優",
        "city": "臺北市"
      },
      "geometry": {
        "type": "Point",
        "coordinates": [
          121.5485929,
          25.04555164
        ]
      }
    },
    {
      "type": "Feature",
      "properties": {
        "id": "",
        "registration_no": "A-182773117-00005-9",
        "name": "米與多蜜-台北東興店",
        "phone": "988028299",
        "address": "臺北市松山區東興路23號1樓",
        "rating": "優",
        "city": "臺北市"
      },
      "geometry": {
        "type": "Point",
        "coordinates": [
          121.5655843,
          25.04965346
        ]
      }
    },
    {
      "type": "Feature",
      "properties": {
        "id": "",
        "registration_no": "A-200166215-00001-1",
        "name": "珍蜜咖啡館",
        "phone": "02-25773463",
        "address": "臺北市松山區八德路3段2號1樓",
        "rating": "優",
        "city": "臺北市"
      },
      "geometry": {
        "type": "Point",
        "coordinates": [
          121.5492946,
          25.04786011
        ]
      }
    },
    {
      "type": "Feature",
      "properties": {
        "id": "",
        "registration_no": "A-173705997-00001-6",
        "name": "磚窯古早味餐廳",
        "phone": "02-25789955",
        "address": "臺北市松山區敦化南路1段7之1號",
        "rating": "良",
        "city": "臺北市"
      },
      "geometry": {
        "type": "Point",
        "coordinates": [
          121.5492059,
          25.04707477
        ]
      }
    },
    {
      "type": "Feature",
      "properties": {
        "id": "",
        "registration_no": "A-122721208-00006-8",
        "name": "鬍鬚張-台北永吉店",
        "phone": "02-27888081",
        "address": "臺北市南港區永吉路533號",
        "rating": "優",
        "city": "臺北市"
      },
      "geometry": {
        "type": "Point",
        "coordinates": [
          121.5808849,
          25.04551712
        ]
      }
    },
    {
      "type": "Feature",
      "properties": {
        "id": "",
        "registration_no": "A-179955280-00124-0",
        "name": "開飯川食堂南港店",
        "phone": "02-27865778",
        "address": "臺北市南港區經貿二路186之1號C棟3樓",
        "rating": "優",
        "city": "臺北市"
      },
      "geometry": {
        "type": "Point",
        "coordinates": [
          121.6154804,
          25.05974697
        ]
      }
    },
    {
      "type": "Feature",
      "properties": {
        "id": "",
        "registration_no": "A-128514120-00008-9",
        "name": "樂麵屋 (南港店)",
        "phone": "02-27861377",
        "address": "臺北市南港區經貿二路166號A棟2樓",
        "rating": "優",
        "city": "臺北市"
      },
      "geometry": {
        "type": "Point",
        "coordinates": [
          121.6165456,
          25.05912537
        ]
      }
    },
    {
      "type": "Feature",
      "properties": {
        "id": "",
        "registration_no": "A-188359967-00001-4",
        "name": "QBurger 南港福德店",
        "phone": "02-26519876",
        "address": "臺北市南港區福德街312號1樓",
        "rating": "優",
        "city": "臺北市"
      },
      "geometry": {
        "type": "Point",
        "coordinates": [
          121.5876494,
          25.03938789
        ]
      }
    },
    {
      "type": "Feature",
      "properties": {
        "id": "",
        "registration_no": "A-172979786-00002-5",
        "name": "悟饕池上飯包-台北南港店",
        "phone": "02-26522323",
        "address": "臺北市南港區南港路2段211號1樓",
        "rating": "優",
        "city": "臺北市"
      },
      "geometry": {
        "type": "Point",
        "coordinates": [
          121.5925164,
          25.05414842
        ]
      }
    },
    {
      "type": "Feature",
      "properties": {
        "id": "",
        "registration_no": "A-153095716-00020-6",
        "name": "朱記餡餅粥店-南港中信店",
        "phone": "02-26532800",
        "address": "臺北市南港區經貿二路186之1號C棟3樓",
        "rating": "優",
        "city": "臺北市"
      },
      "geometry": {
        "type": "Point",
        "coordinates": [
          121.6154804,
          25.05974697
        ]
      }
    },
    {
      "type": "Feature",
      "properties": {
        "id": "",
        "registration_no": "A-184435578-00007-9",
        "name": "雅悅會館文華館",
        "phone": "02-27887222",
        "address": "臺北市南港區經貿二路166號A棟3樓",
        "rating": "優",
        "city": "臺北市"
      },
      "geometry": {
        "type": "Point",
        "coordinates": [
          121.6165456,
          25.05912537
        ]
      }
    },
    {
      "type": "Feature",
      "properties": {
        "id": "",
        "registration_no": "A-200196585-00001-4",
        "name": "富源號",
        "phone": "02-28332088",
        "address": "臺北市士林區文昌路28號1樓",
        "rating": "良",
        "city": "臺北市"
      },
      "geometry": {
        "type": "Point",
        "coordinates": [
          121.521683,
          25.09528609
        ]
      }
    },
    {
      "type": "Feature",
      "properties": {
        "id": "",
        "registration_no": "A-128220173-00001-4",
        "name": "番紅花印度美饌-天母店",
        "phone": "02-28714842",
        "address": "臺北市士林區天母東路38之6號",
        "rating": "優",
        "city": "臺北市"
      },
      "geometry": {
        "type": "Point",
        "coordinates": [
          121.5327005,
          25.11794074
        ]
      }
    },
    {
      "type": "Feature",
      "properties": {
        "id": "",
        "registration_no": "A-200126133-00001-6",
        "name": "金蓬萊台菜餐廳",
        "phone": "02-28711517",
        "address": "臺北市士林區天母東路101號",
        "rating": "優",
        "city": "臺北市"
      },
      "geometry": {
        "type": "Point",
        "coordinates": [
          121.5362424,
          25.1183616
        ]
      }
    },
    {
      "type": "Feature",
      "properties": {
        "id": "",
        "registration_no": "A-200245690-00001-6",
        "name": "風月涼麵",
        "phone": "02-28835522",
        "address": "臺北市士林區前港街30號",
        "rating": "良",
        "city": "臺北市"
      },
      "geometry": {
        "type": "Point",
        "coordinates": [
          121.5218709,
          25.08456799
        ]
      }
    },
    {
      "type": "Feature",
      "properties": {
        "id": "",
        "registration_no": "A-153927824-00001-9",
        "name": "翡宴印度餐廳",
        "phone": "02-28763838",
        "address": "臺北市士林區天母東路50巷22之1號",
        "rating": "良",
        "city": "臺北市"
      },
      "geometry": {
        "type": "Point",
        "coordinates": [
          121.5334045,
          25.11716562
        ]
      }
    },
    {
      "type": "Feature",
      "properties": {
        "id": "",
        "registration_no": "A-153658314-00003-6",
        "name": "豚王拉麵",
        "phone": "02-28716633",
        "address": "臺北市士林區天母東路50巷10弄2號",
        "rating": "優",
        "city": "臺北市"
      },
      "geometry": {
        "type": "Point",
        "coordinates": [
          121.5333992,
          25.11753807
        ]
      }
    },
    {
      "type": "Feature",
      "properties": {
        "id": "",
        "registration_no": "A-200081765-00001-7",
        "name": "原味錄黑糖刨冰",
        "phone": "02-28723242",
        "address": "臺北市士林區天母東路50巷20之9號",
        "rating": "良",
        "city": "臺北市"
      },
      "geometry": {
        "type": "Point",
        "coordinates": [
          121.5332529,
          25.11728021
        ]
      }
    },
    {
      "type": "Feature",
      "properties": {
        "id": "",
        "registration_no": "A-128225043-00002-6",
        "name": "倈得有限公司-天母分公司",
        "phone": "02-28721738",
        "address": "臺北市士林區中山北路7段31號",
        "rating": "良",
        "city": "臺北市"
      },
      "geometry": {
        "type": "Point",
        "coordinates": [
          121.5304474,
          25.11945208
        ]
      }
    },
    {
      "type": "Feature",
      "properties": {
        "id": "",
        "registration_no": "A-128673689-00004-1",
        "name": "第一餐盒股份有限公司 (西松國小)",
        "phone": "02-37656088",
        "address": "臺北市松山區南京東路5段123巷8弄與147巷交叉口",
        "rating": "優",
        "city": "臺北市"
      },
      "geometry": {
        "type": "Point",
        "coordinates": [
          121.56205,
          25.0534614
        ]
      }
    },
    {
      "type": "Feature",
      "properties": {
        "id": "",
        "registration_no": "A-127542696-00001-0",
        "name": "莫凡彼 - 美麗華店",
        "phone": "02-21753608",
        "address": "臺北市中山區敬業三路20號3樓",
        "rating": "優",
        "city": "臺北市"
      },
      "geometry": {
        "type": "Point",
        "coordinates": [
          121.556712,
          25.08292589
        ]
      }
    },
    {
      "type": "Feature",
      "properties": {
        "id": "",
        "registration_no": "A-154332478-00008-2",
        "name": "君城本家-石牌門市",
        "phone": "02-28222468",
        "address": "臺北市北投區石牌路2段64號",
        "rating": "優",
        "city": "臺北市"
      },
      "geometry": {
        "type": "Point",
        "coordinates": [
          121.5160952,
          25.11629445
        ]
      }
    },
    {
      "type": "Feature",
      "properties": {
        "id": "",
        "registration_no": "A-200001145-00001-1",
        "name": "蘭軒中國菜-實踐大學店",
        "phone": "02-25328354",
        "address": "臺北市中山區大直街70號",
        "rating": "優",
        "city": "臺北市"
      },
      "geometry": {
        "type": "Point",
        "coordinates": [
          121.5462342,
          25.08358655
        ]
      }
    },
    {
      "type": "Feature",
      "properties": {
        "id": "",
        "registration_no": "A-200102922-00001-6",
        "name": "阿德的店",
        "phone": "02-28610040",
        "address": "臺北市士林區光華路26巷8號",
        "rating": "良",
        "city": "臺北市"
      },
      "geometry": {
        "type": "Point",
        "coordinates": [
          121.5416968,
          25.13737188
        ]
      }
    },
    {
      "type": "Feature",
      "properties": {
        "id": "",
        "registration_no": "A-200105700-00001-3",
        "name": "CINE CAFE",
        "phone": "02-28621999",
        "address": "臺北市士林區長春街12號",
        "rating": "良",
        "city": "臺北市"
      },
      "geometry": {
        "type": "Point",
        "coordinates": [
          121.5433967,
          25.13734502
        ]
      }
    },
    {
      "type": "Feature",
      "properties": {
        "id": "",
        "registration_no": "A-197301707-00271-2",
        "name": "福勝亭-士林店",
        "phone": "02-28815996",
        "address": "臺北市士林區文林路438號",
        "rating": "優",
        "city": "臺北市"
      },
      "geometry": {
        "type": "Point",
        "coordinates": [
          121.5247916,
          25.09476247
        ]
      }
    },
    {
      "type": "Feature",
      "properties": {
        "id": "",
        "registration_no": "A-202305058-00001-3",
        "name": "杏禹濃茶",
        "phone": "02-28725763",
        "address": "臺北市士林區中山北路6段822號",
        "rating": "優",
        "city": "臺北市"
      },
      "geometry": {
        "type": "Point",
        "coordinates": [
          121.5303522,
          25.11810859
        ]
      }
    },
    {
      "type": "Feature",
      "properties": {
        "id": "",
        "registration_no": "A-154332478-00009-3",
        "name": "君城本家-芝山店",
        "phone": "02-28316501",
        "address": "臺北市士林區福國路70號",
        "rating": "優",
        "city": "臺北市"
      },
      "geometry": {
        "type": "Point",
        "coordinates": [
          121.5226017,
          25.1021577
        ]
      }
    },
    {
      "type": "Feature",
      "properties": {
        "id": "",
        "registration_no": "F-200199956-00001-4",
        "name": "荖子鍋-家樂福天母店",
        "phone": "02-28347068",
        "address": "臺北市士林區德行西路47號1樓",
        "rating": "優",
        "city": "臺北市"
      },
      "geometry": {
        "type": "Point",
        "coordinates": [
          121.5225533,
          25.10554789
        ]
      }
    },
    {
      "type": "Feature",
      "properties": {
        "id": "",
        "registration_no": "A-182856355-00000-0",
        "name": "典華雅聚-士林店",
        "phone": "02-88663333",
        "address": "臺北市士林區福華路114號",
        "rating": "優",
        "city": "臺北市"
      },
      "geometry": {
        "type": "Point",
        "coordinates": [
          121.5229927,
          25.10229621
        ]
      }
    },
    {
      "type": "Feature",
      "properties": {
        "id": "",
        "registration_no": "A-200082194-00001-4",
        "name": "高麗味",
        "phone": "02-28736995",
        "address": "臺北市士林區忠誠路2段152號",
        "rating": "優",
        "city": "臺北市"
      },
      "geometry": {
        "type": "Point",
        "coordinates": [
          121.5326588,
          25.11496793
        ]
      }
    },
    {
      "type": "Feature",
      "properties": {
        "id": "",
        "registration_no": "A-128465893-00001-4",
        "name": "洋蔥-天母店",
        "phone": "02-28772591",
        "address": "臺北市士林區忠誠路2段132號",
        "rating": "良",
        "city": "臺北市"
      },
      "geometry": {
        "type": "Point",
        "coordinates": [
          121.5320612,
          25.11417819
        ]
      }
    },
    {
      "type": "Feature",
      "properties": {
        "id": "",
        "registration_no": "A-112872178-00001-5",
        "name": "青青食尚花園會館",
        "phone": "02-28411996",
        "address": "臺北市士林區至善路2段266巷32-64號",
        "rating": "優",
        "city": "臺北市"
      },
      "geometry": {
        "type": "Point",
        "coordinates": [
          121.5513102,
          25.09944501
        ]
      }
    },
    {
      "type": "Feature",
      "properties": {
        "id": "",
        "registration_no": "A-190577150-00001-3",
        "name": "QBurger 文山福興店",
        "phone": "02-29308228",
        "address": "臺北市文山區福興路45號",
        "rating": "優",
        "city": "臺北市"
      },
      "geometry": {
        "type": "Point",
        "coordinates": [
          121.5506642,
          25.0031212
        ]
      }
    },
    {
      "type": "Feature",
      "properties": {
        "id": "",
        "registration_no": "A-122721208-00007-9",
        "name": "鬍鬚張-台北民生店",
        "phone": "02-27150389",
        "address": "臺北市松山區民生東路4段76號",
        "rating": "優",
        "city": "臺北市"
      },
      "geometry": {
        "type": "Point",
        "coordinates": [
          121.5527009,
          25.05790268
        ]
      }
    },
    {
      "type": "Feature",
      "properties": {
        "id": "",
        "registration_no": "A-112211114-00002-3",
        "name": "國聯大飯店-北馥樓",
        "phone": "02-27731515#108",
        "address": "臺北市大安區光復南路200號2樓",
        "rating": "優",
        "city": "臺北市"
      },
      "geometry": {
        "type": "Point",
        "coordinates": [
          121.5574913,
          25.04215145
        ]
      }
    },
    {
      "type": "Feature",
      "properties": {
        "id": "",
        "registration_no": "A-112411160-00834-9",
        "name": "麥當勞-台北新生",
        "phone": "02-23620668",
        "address": "臺北市大安區新生南路3段88之2號",
        "rating": "優",
        "city": "臺北市"
      },
      "geometry": {
        "type": "Point",
        "coordinates": [
          121.533473,
          25.01829193
        ]
      }
    },
    {
      "type": "Feature",
      "properties": {
        "id": "",
        "registration_no": "A-142438460-00001-0",
        "name": "人从众厚切牛排(台北永康店)",
        "phone": "02-33938886",
        "address": "臺北市大安區永康街10巷2號",
        "rating": "優",
        "city": "臺北市"
      },
      "geometry": {
        "type": "Point",
        "coordinates": [
          121.5293794,
          25.03193051
        ]
      }
    },
    {
      "type": "Feature",
      "properties": {
        "id": "",
        "registration_no": "A-189398566-00001-3",
        "name": "Wired TOKYO-統一時代店",
        "phone": "02-27252338",
        "address": "臺北市信義區忠孝東路5段8號5樓",
        "rating": "優",
        "city": "臺北市"
      },
      "geometry": {
        "type": "Point",
        "coordinates": [
          121.565417,
          25.04086462
        ]
      }
    },
    {
      "type": "Feature",
      "properties": {
        "id": "",
        "registration_no": "A-145128707-00005-7",
        "name": "米達人-統一時代店",
        "phone": "02-27230132",
        "address": "臺北市信義區忠孝東路5段8號B2",
        "rating": "優",
        "city": "臺北市"
      },
      "geometry": {
        "type": "Point",
        "coordinates": [
          121.565417,
          25.04086462
        ]
      }
    },
    {
      "type": "Feature",
      "properties": {
        "id": "",
        "registration_no": "A-153089762-00021-1",
        "name": "大戶屋-統一時代店",
        "phone": "02-89780886",
        "address": "臺北市信義區忠孝東路5段8號B2",
        "rating": "優",
        "city": "臺北市"
      },
      "geometry": {
        "type": "Point",
        "coordinates": [
          121.565417,
          25.04086462
        ]
      }
    },
    {
      "type": "Feature",
      "properties": {
        "id": "",
        "registration_no": "A-153718045-00020-3",
        "name": "首塢爾-統一時代店",
        "phone": "02-27228772",
        "address": "臺北市信義區忠孝東路5段8號B2",
        "rating": "優",
        "city": "臺北市"
      },
      "geometry": {
        "type": "Point",
        "coordinates": [
          121.565417,
          25.04086462
        ]
      }
    },
    {
      "type": "Feature",
      "properties": {
        "id": "",
        "registration_no": "A-183160707-00008-8",
        "name": "億長御坊-統一時代店",
        "phone": "02-27222131",
        "address": "臺北市信義區忠孝東路5段8號B2",
        "rating": "優",
        "city": "臺北市"
      },
      "geometry": {
        "type": "Point",
        "coordinates": [
          121.565417,
          25.04086462
        ]
      }
    },
    {
      "type": "Feature",
      "properties": {
        "id": "",
        "registration_no": "A-128841757-00024-6",
        "name": "北村豆腐家-統一時代店",
        "phone": "02-23451088",
        "address": "臺北市信義區忠孝東路5段8號B2",
        "rating": "優",
        "city": "臺北市"
      },
      "geometry": {
        "type": "Point",
        "coordinates": [
          121.565417,
          25.04086462
        ]
      }
    },
    {
      "type": "Feature",
      "properties": {
        "id": "",
        "registration_no": "A-128841757-00058-3",
        "name": "涓豆腐 -統一時代店",
        "phone": "02-27290088",
        "address": "臺北市信義區忠孝東路5段8號7樓",
        "rating": "優",
        "city": "臺北市"
      },
      "geometry": {
        "type": "Point",
        "coordinates": [
          121.565417,
          25.04086462
        ]
      }
    },
    {
      "type": "Feature",
      "properties": {
        "id": "",
        "registration_no": "A-127766105-00060-8",
        "name": "涮乃葉-統一時代店",
        "phone": "02-27230646",
        "address": "臺北市信義區忠孝東路5段8號3樓",
        "rating": "優",
        "city": "臺北市"
      },
      "geometry": {
        "type": "Point",
        "coordinates": [
          121.565417,
          25.04086462
        ]
      }
    },
    {
      "type": "Feature",
      "properties": {
        "id": "",
        "registration_no": "A-200124535-00001-0",
        "name": "鮨隆",
        "phone": "02-25818380",
        "address": "臺北市中山區新生北路2段60-5號1樓",
        "rating": "優",
        "city": "臺北市"
      },
      "geometry": {
        "type": "Point",
        "coordinates": [
          121.527197,
          25.05590598
        ]
      }
    },
    {
      "type": "Feature",
      "properties": {
        "id": "",
        "registration_no": "A-170847135-00004-7",
        "name": "山海樓",
        "phone": "02-23513345",
        "address": "臺北市中正區仁愛路2段94號",
        "rating": "優",
        "city": "臺北市"
      },
      "geometry": {
        "type": "Point",
        "coordinates": [
          121.5313815,
          25.03797986
        ]
      }
    },
    {
      "type": "Feature",
      "properties": {
        "id": "",
        "registration_no": "A-112107610-00001-7",
        "name": "欣葉台菜創始店",
        "phone": "02-25963255",
        "address": "臺北市中山區雙城街34之1號1樓、2樓、B1",
        "rating": "優",
        "city": "臺北市"
      },
      "geometry": {
        "type": "Point",
        "coordinates": [
          121.5242368,
          25.06664536
        ]
      }
    },
    {
      "type": "Feature",
      "properties": {
        "id": "",
        "registration_no": "A-183293333-00097-8",
        "name": "築間-台北三民店",
        "phone": "02-25289191",
        "address": "臺北市松山區三民路25號",
        "rating": "優",
        "city": "臺北市"
      },
      "geometry": {
        "type": "Point",
        "coordinates": [
          121.5636504,
          25.05456169
        ]
      }
    },
    {
      "type": "Feature",
      "properties": {
        "id": "",
        "registration_no": "A-142493316-00001-1",
        "name": "釜山順豆腐-微風南京店",
        "phone": "02-27172739",
        "address": "臺北市松山區南京東路3段337號B2",
        "rating": "優",
        "city": "臺北市"
      },
      "geometry": {
        "type": "Point",
        "coordinates": [
          121.5480452,
          25.05190288
        ]
      }
    },
    {
      "type": "Feature",
      "properties": {
        "id": "",
        "registration_no": "A-127725371-00037-2",
        "name": "和民手作廚房-微風南京店",
        "phone": "02-27126136",
        "address": "臺北市松山區南京東路3段337號B2",
        "rating": "優",
        "city": "臺北市"
      },
      "geometry": {
        "type": "Point",
        "coordinates": [
          121.5480452,
          25.05190288
        ]
      }
    },
    {
      "type": "Feature",
      "properties": {
        "id": "",
        "registration_no": "A-180176590-00004-8",
        "name": "大心-台北松山機場店",
        "phone": "02-27196998",
        "address": "臺北市松山區敦化北路340之9號",
        "rating": "優",
        "city": "臺北市"
      },
      "geometry": {
        "type": "Point",
        "coordinates": [
          121.5502919,
          25.05987077
        ]
      }
    },
    {
      "type": "Feature",
      "properties": {
        "id": "",
        "registration_no": "A-189400818-00024-2",
        "name": "WING CAFÉ-松山機場",
        "phone": "02-27120699",
        "address": "臺北市松山區敦化北路340之9號",
        "rating": "優",
        "city": "臺北市"
      },
      "geometry": {
        "type": "Point",
        "coordinates": [
          121.5502919,
          25.05987077
        ]
      }
    },
    {
      "type": "Feature",
      "properties": {
        "id": "",
        "registration_no": "A-189400818-00001-7",
        "name": "好饗廚房-松山機場",
        "phone": "02-27120699",
        "address": "臺北市松山區敦化北路340之9號",
        "rating": "優",
        "city": "臺北市"
      },
      "geometry": {
        "type": "Point",
        "coordinates": [
          121.5502919,
          25.05987077
        ]
      }
    },
    {
      "type": "Feature",
      "properties": {
        "id": "",
        "registration_no": "A-197301707-00267-7",
        "name": "品川蘭-松山機場",
        "phone": "02-25464060",
        "address": "臺北市松山區敦化北路340之9號2樓",
        "rating": "優",
        "city": "臺北市"
      },
      "geometry": {
        "type": "Point",
        "coordinates": [
          121.5519046,
          25.06364885
        ]
      }
    },
    {
      "type": "Feature",
      "properties": {
        "id": "",
        "registration_no": "A-200121256-00002-8",
        "name": "SUBWAY-松山機場",
        "phone": "02-25471031",
        "address": "臺北市松山區敦化北路340之9號",
        "rating": "優",
        "city": "臺北市"
      },
      "geometry": {
        "type": "Point",
        "coordinates": [
          121.5502919,
          25.05987077
        ]
      }
    },
    {
      "type": "Feature",
      "properties": {
        "id": "",
        "registration_no": "A-184957153-00210-3",
        "name": "翰林茶館-松山機場",
        "phone": "02-25475867",
        "address": "臺北市松山區敦化北路340之10號",
        "rating": "優",
        "city": "臺北市"
      },
      "geometry": {
        "type": "Point",
        "coordinates": [
          121.5502919,
          25.05987077
        ]
      }
    },
    {
      "type": "Feature",
      "properties": {
        "id": "",
        "registration_no": "A-153597817-00001-4",
        "name": "西悠巢旅台北館",
        "phone": "02-25585500",
        "address": "臺北市大同區民生西路198號",
        "rating": "優",
        "city": "臺北市"
      },
      "geometry": {
        "type": "Point",
        "coordinates": [
          121.5163011,
          25.05698211
        ]
      }
    },
    {
      "type": "Feature",
      "properties": {
        "id": "",
        "registration_no": "A-128192021-00002-5",
        "name": "臺北市立陽明教養院",
        "phone": "02-28611380#285",
        "address": "臺北市士林區凱旋路61巷4弄9號",
        "rating": "優",
        "city": "臺北市"
      },
      "geometry": {
        "type": "Point",
        "coordinates": [
          121.5412029,
          25.13517171
        ]
      }
    },
    {
      "type": "Feature",
      "properties": {
        "id": "",
        "registration_no": "A-122175159-00002-2",
        "name": "KEY COFFEE天母新光三越",
        "phone": "02-28722231",
        "address": "臺北市士林區天母東路68號B1",
        "rating": "優",
        "city": "臺北市"
      },
      "geometry": {
        "type": "Point",
        "coordinates": [
          121.534102,
          25.11797368
        ]
      }
    },
    {
      "type": "Feature",
      "properties": {
        "id": "",
        "registration_no": "A-124929653-00000-8",
        "name": "就愛豐盛號",
        "phone": "02-28801388",
        "address": "臺北市士林區中正路223巷4號1樓",
        "rating": "優",
        "city": "臺北市"
      },
      "geometry": {
        "type": "Point",
        "coordinates": [
          121.5265186,
          25.09420726
        ]
      }
    },
    {
      "type": "Feature",
      "properties": {
        "id": "",
        "registration_no": "A-150898254-00001-0",
        "name": "禾膳股份有限公司-士林餐飲場所(禾馨士林產後護理之家)",
        "phone": "02-28827333#6010",
        "address": "臺北市士林區中正路289之1號1樓",
        "rating": "優",
        "city": "臺北市"
      },
      "geometry": {
        "type": "Point",
        "coordinates": [
          121.5239884,
          25.09468716
        ]
      }
    },
    {
      "type": "Feature",
      "properties": {
        "id": "",
        "registration_no": "A-188307027-00001-4",
        "name": "QBurger 北投知行店",
        "phone": "02-28585885",
        "address": "臺北市士林區知行路249號",
        "rating": "優",
        "city": "臺北市"
      },
      "geometry": {
        "type": "Point",
        "coordinates": [
          121.4670895,
          25.12083594
        ]
      }
    },
    {
      "type": "Feature",
      "properties": {
        "id": "",
        "registration_no": "A-196972798-00034-2",
        "name": "好市多股份有限公司北投分公司",
        "phone": "02-77291880",
        "address": "臺北市北投區立德路117號",
        "rating": "優",
        "city": "臺北市"
      },
      "geometry": {
        "type": "Point",
        "coordinates": [
          121.4700675,
          25.12756329
        ]
      }
    },
    {
      "type": "Feature",
      "properties": {
        "id": "",
        "registration_no": "A-153089762-00034-5",
        "name": "大戶屋-新北投店",
        "phone": "02-28951255",
        "address": "臺北市北投區泉源路12號2樓之1",
        "rating": "優",
        "city": "臺北市"
      },
      "geometry": {
        "type": "Point",
        "coordinates": [
          121.5041389,
          25.1373897
        ]
      }
    },
    {
      "type": "Feature",
      "properties": {
        "id": "",
        "registration_no": "A-113114499-00000-0",
        "name": "北投水美溫泉會館",
        "phone": "02-28984506",
        "address": "臺北市北投區光明路224號",
        "rating": "優",
        "city": "臺北市"
      },
      "geometry": {
        "type": "Point",
        "coordinates": [
          121.50504,
          25.13617729
        ]
      }
    },
    {
      "type": "Feature",
      "properties": {
        "id": "",
        "registration_no": "A-153691897-00042-2",
        "name": "統鮮美食駐外葫蘆國小廚房",
        "phone": "988819937",
        "address": "臺北市士林區環河北路3段95號",
        "rating": "優",
        "city": "臺北市"
      },
      "geometry": {
        "type": "Point",
        "coordinates": [
          121.5070272,
          25.08375842
        ]
      }
    },
    {
      "type": "Feature",
      "properties": {
        "id": "",
        "registration_no": "A-129697908-00001-9",
        "name": "國際大旅舘",
        "phone": "02-28617100",
        "address": "臺北市北投區湖山路1段7號",
        "rating": "優",
        "city": "臺北市"
      },
      "geometry": {
        "type": "Point",
        "coordinates": [
          121.5480308,
          25.15222009
        ]
      }
    },
    {
      "type": "Feature",
      "properties": {
        "id": "",
        "registration_no": "A-200222777-00001-7",
        "name": "QBurger 北投懷德店",
        "phone": "02-28202320",
        "address": "臺北市北投區建民路161之5號1樓",
        "rating": "優",
        "city": "臺北市"
      },
      "geometry": {
        "type": "Point",
        "coordinates": [
          121.5198334,
          25.11130194
        ]
      }
    },
    {
      "type": "Feature",
      "properties": {
        "id": "",
        "registration_no": "A-400126705-00007-9",
        "name": "臺北市立聯合醫院陽明院區 營養科供膳場所",
        "phone": "02-28355456#5138",
        "address": "臺北市士林區雨聲街105號B1營養科",
        "rating": "優",
        "city": "臺北市"
      },
      "geometry": {
        "type": "Point",
        "coordinates": [
          121.5336673,
          25.10185434
        ]
      }
    },
    {
      "type": "Feature",
      "properties": {
        "id": "",
        "registration_no": "A-153718045-00027-0",
        "name": "妻家房-天母SOGO",
        "phone": "02-28347766",
        "address": "臺北市士林區中山北路6段77號8樓",
        "rating": "優",
        "city": "臺北市"
      },
      "geometry": {
        "type": "Point",
        "coordinates": [
          121.524278,
          25.105007
        ]
      }
    },
    {
      "type": "Feature",
      "properties": {
        "id": "",
        "registration_no": "A-154830904-00001-2",
        "name": "漢來海港-天母SOGO店",
        "phone": "02-28347177#7104",
        "address": "臺北市士林區中山北路6段77號7樓",
        "rating": "優",
        "city": "臺北市"
      },
      "geometry": {
        "type": "Point",
        "coordinates": [
          121.524278,
          25.105007
        ]
      }
    },
    {
      "type": "Feature",
      "properties": {
        "id": "",
        "registration_no": "A-112142980-00001-6",
        "name": "老爺會館 台北南西",
        "phone": "02-25316171",
        "address": "臺北市中山區南京西路1號8樓",
        "rating": "良",
        "city": "臺北市"
      },
      "geometry": {
        "type": "Point",
        "coordinates": [
          121.5220846,
          25.05247137
        ]
      }
    },
    {
      "type": "Feature",
      "properties": {
        "id": "",
        "registration_no": "A-153089762-00042-4",
        "name": "大戶屋 誠品南西店",
        "phone": "02-25311808",
        "address": "臺北市中山區南京西路14號B1",
        "rating": "優",
        "city": "臺北市"
      },
      "geometry": {
        "type": "Point",
        "coordinates": [
          121.5212653,
          25.05238039
        ]
      }
    },
    {
      "type": "Feature",
      "properties": {
        "id": "",
        "registration_no": "A-128469069-00003-5",
        "name": "大倉久和 歐風館",
        "phone": "02-21815111#1563",
        "address": "臺北市中山區南京東路1段9號2樓",
        "rating": "優",
        "city": "臺北市"
      },
      "geometry": {
        "type": "Point",
        "coordinates": [
          121.5233483,
          25.05253047
        ]
      }
    },
    {
      "type": "Feature",
      "properties": {
        "id": "",
        "registration_no": "A-128469069-00005-7",
        "name": "大倉久和 宴會廳",
        "phone": "02-21815111#1563",
        "address": "臺北市中山區南京東路1段9號3樓",
        "rating": "優",
        "city": "臺北市"
      },
      "geometry": {
        "type": "Point",
        "coordinates": [
          121.5233483,
          25.05253047
        ]
      }
    },
    {
      "type": "Feature",
      "properties": {
        "id": "",
        "registration_no": "A-128469069-00004-6",
        "name": "大倉久和 桃花林",
        "phone": "02-21815111#1563",
        "address": "臺北市中山區南京東路1段9號2樓",
        "rating": "優",
        "city": "臺北市"
      },
      "geometry": {
        "type": "Point",
        "coordinates": [
          121.5233483,
          25.05253047
        ]
      }
    },
    {
      "type": "Feature",
      "properties": {
        "id": "",
        "registration_no": "A-128469069-00006-8",
        "name": "大倉久和 山里",
        "phone": "02-21815111#1563",
        "address": "臺北市中山區南京東路1段9號5樓",
        "rating": "優",
        "city": "臺北市"
      },
      "geometry": {
        "type": "Point",
        "coordinates": [
          121.5233483,
          25.05253047
        ]
      }
    },
    {
      "type": "Feature",
      "properties": {
        "id": "",
        "registration_no": "A-128469069-00010-3",
        "name": "大倉久和 麵包廚",
        "phone": "02-21815111#1563",
        "address": "臺北市中山區南京東路1段9號B2",
        "rating": "優",
        "city": "臺北市"
      },
      "geometry": {
        "type": "Point",
        "coordinates": [
          121.5232174,
          25.05208261
        ]
      }
    },
    {
      "type": "Feature",
      "properties": {
        "id": "",
        "registration_no": "A-128469069-00007-9",
        "name": "大倉久和 點心廚",
        "phone": "02-21815111#1563",
        "address": "臺北市中山區南京東路1段9號B2",
        "rating": "優",
        "city": "臺北市"
      },
      "geometry": {
        "type": "Point",
        "coordinates": [
          121.5232174,
          25.05208261
        ]
      }
    },
    {
      "type": "Feature",
      "properties": {
        "id": "",
        "registration_no": "A-200137748-00001-0",
        "name": "麻醉坊",
        "phone": "989464152",
        "address": "臺北市大安區永康街37之2號",
        "rating": "良",
        "city": "臺北市"
      },
      "geometry": {
        "type": "Point",
        "coordinates": [
          121.5295759,
          25.03072195
        ]
      }
    },
    {
      "type": "Feature",
      "properties": {
        "id": "",
        "registration_no": "A-150796340-00005-7",
        "name": "DA ANTONIO by隨意鳥地方（公企中心店）",
        "phone": "02-23416777",
        "address": "臺北市大安區金華街187號",
        "rating": "優",
        "city": "臺北市"
      },
      "geometry": {
        "type": "Point",
        "coordinates": [
          121.5276279,
          25.03012937
        ]
      }
    },
    {
      "type": "Feature",
      "properties": {
        "id": "",
        "registration_no": "A-182949278-00002-9",
        "name": "歐嬤德式美食 金華店",
        "phone": "02-23922447",
        "address": "臺北市大安區金華街221號",
        "rating": "優",
        "city": "臺北市"
      },
      "geometry": {
        "type": "Point",
        "coordinates": [
          121.5291852,
          25.02986115
        ]
      }
    },
    {
      "type": "Feature",
      "properties": {
        "id": "",
        "registration_no": "A-185045751-00000-3",
        "name": "草原風蒙古火鍋",
        "phone": "02-23583319",
        "address": "臺北市大安區永康街37巷18號",
        "rating": "優",
        "city": "臺北市"
      },
      "geometry": {
        "type": "Point",
        "coordinates": [
          121.5301598,
          25.03070382
        ]
      }
    },
    {
      "type": "Feature",
      "properties": {
        "id": "",
        "registration_no": "A-200154703-00001-0",
        "name": "鴉埠咖啡",
        "phone": "02-23912868",
        "address": "臺北市大安區永康街41巷26號1樓",
        "rating": "優",
        "city": "臺北市"
      },
      "geometry": {
        "type": "Point",
        "coordinates": [
          121.530578,
          25.03042869
        ]
      }
    },
    {
      "type": "Feature",
      "properties": {
        "id": "",
        "registration_no": "A-153928416-00001-7",
        "name": "8% ice cafe",
        "phone": "02-23945566",
        "address": "臺北市大安區永康街23巷6號1樓",
        "rating": "優",
        "city": "臺北市"
      },
      "geometry": {
        "type": "Point",
        "coordinates": [
          121.5300242,
          25.03173794
        ]
      }
    },
    {
      "type": "Feature",
      "properties": {
        "id": "",
        "registration_no": "A-126223646-00001-0",
        "name": "成真咖啡-台北永康店",
        "phone": "02-23582826",
        "address": "臺北市大安區永康街37巷6號",
        "rating": "優",
        "city": "臺北市"
      },
      "geometry": {
        "type": "Point",
        "coordinates": [
          121.5297692,
          25.03069473
        ]
      }
    },
    {
      "type": "Feature",
      "properties": {
        "id": "",
        "registration_no": "A-179847706-00001-7",
        "name": "MR Energy 能量先生-台北東門店",
        "phone": "02-23569168",
        "address": "臺北市大安區金山南路2段7號",
        "rating": "優",
        "city": "臺北市"
      },
      "geometry": {
        "type": "Point",
        "coordinates": [
          121.5273731,
          25.03361318
        ]
      }
    },
    {
      "type": "Feature",
      "properties": {
        "id": "",
        "registration_no": "A-200230798-00001-9",
        "name": "饃饃噠商行",
        "phone": "02-23932751",
        "address": "臺北市大安區金山南路2段25之1號1樓",
        "rating": "優",
        "city": "臺北市"
      },
      "geometry": {
        "type": "Point",
        "coordinates": [
          121.5272917,
          25.03318336
        ]
      }
    },
    {
      "type": "Feature",
      "properties": {
        "id": "",
        "registration_no": "A-200192713-00001-3",
        "name": "魚鼎食場",
        "phone": "02-33931898",
        "address": "臺北市大安區永康街53號",
        "rating": "良",
        "city": "臺北市"
      },
      "geometry": {
        "type": "Point",
        "coordinates": [
          121.5295793,
          25.0299502
        ]
      }
    },
    {
      "type": "Feature",
      "properties": {
        "id": "",
        "registration_no": "A-194901616-00001-5",
        "name": "鑫華小吃店",
        "phone": "02-23912022",
        "address": "臺北市大安區愛國東路101號",
        "rating": "良",
        "city": "臺北市"
      },
      "geometry": {
        "type": "Point",
        "coordinates": [
          121.5285112,
          25.03153158
        ]
      }
    },
    {
      "type": "Feature",
      "properties": {
        "id": "",
        "registration_no": "A-126256168-00000-4",
        "name": "好公道金雞園",
        "phone": "02-23416980",
        "address": "臺北市大安區永康街28之1號",
        "rating": "良",
        "city": "臺北市"
      },
      "geometry": {
        "type": "Point",
        "coordinates": [
          121.5294555,
          25.03062709
        ]
      }
    },
    {
      "type": "Feature",
      "properties": {
        "id": "",
        "registration_no": "A-200192943-00001-8",
        "name": "無一物海產粥",
        "phone": "02-23212336",
        "address": "臺北市大安區金華街183巷22號",
        "rating": "良",
        "city": "臺北市"
      },
      "geometry": {
        "type": "Point",
        "coordinates": [
          121.5272586,
          25.03096957
        ]
      }
    },
    {
      "type": "Feature",
      "properties": {
        "id": "",
        "registration_no": "A-200209386-00001-8",
        "name": "Muko Brunch",
        "phone": "927580570",
        "address": "臺北市大安區金華街183巷8號",
        "rating": "優",
        "city": "臺北市"
      },
      "geometry": {
        "type": "Point",
        "coordinates": [
          121.5271871,
          25.03059121
        ]
      }
    },
    {
      "type": "Feature",
      "properties": {
        "id": "",
        "registration_no": "A-124692475-00019-7",
        "name": "Petit Doux 微兜 永康店",
        "phone": "02-23951336",
        "address": "臺北市大安區信義路2段198巷7之3號1樓",
        "rating": "優",
        "city": "臺北市"
      },
      "geometry": {
        "type": "Point",
        "coordinates": [
          121.5306756,
          25.03258262
        ]
      }
    },
    {
      "type": "Feature",
      "properties": {
        "id": "",
        "registration_no": "A-154355725-00026-2",
        "name": "福圓號-永康門市",
        "phone": "02-33221818",
        "address": "臺北市大安區信義路2段248號1樓",
        "rating": "優",
        "city": "臺北市"
      },
      "geometry": {
        "type": "Point",
        "coordinates": [
          121.5323528,
          25.03341973
        ]
      }
    },
    {
      "type": "Feature",
      "properties": {
        "id": "",
        "registration_no": "A-122662550-00000-6",
        "name": "家樂福桂林店-即食熟食區",
        "phone": "02-23889887",
        "address": "臺北市萬華區桂林路1號3樓",
        "rating": "優",
        "city": "臺北市"
      },
      "geometry": {
        "type": "Point",
        "coordinates": [
          121.5063035,
          25.03767543
        ]
      }
    },
    {
      "type": "Feature",
      "properties": {
        "id": "",
        "registration_no": "A-128841757-00072-9",
        "name": "北村豆腐家",
        "phone": "920454928",
        "address": "臺北市萬華區桂林路1號",
        "rating": "優",
        "city": "臺北市"
      },
      "geometry": {
        "type": "Point",
        "coordinates": [
          121.5063035,
          25.03767543
        ]
      }
    },
    {
      "type": "Feature",
      "properties": {
        "id": "",
        "registration_no": "A-200230513-00000-3",
        "name": "空中咖啡館",
        "phone": "958267211",
        "address": "臺北市大安區金山南路2段85巷7號",
        "rating": "優",
        "city": "臺北市"
      },
      "geometry": {
        "type": "Point",
        "coordinates": [
          121.5272741,
          25.0312515
        ]
      }
    },
    {
      "type": "Feature",
      "properties": {
        "id": "",
        "registration_no": "A-110354184-00001-5",
        "name": "頂尖高手夢幻鹹酥雞",
        "phone": "02-23278508",
        "address": "臺北市大安區永康街15號之8",
        "rating": "優",
        "city": "臺北市"
      },
      "geometry": {
        "type": "Point",
        "coordinates": [
          121.5297891,
          25.032547
        ]
      }
    },
    {
      "type": "Feature",
      "properties": {
        "id": "",
        "registration_no": "A-183166884-00001-3",
        "name": "豆豆里-永康旗艦店",
        "phone": "02-27732101",
        "address": "臺北市大安區永康街2巷7號",
        "rating": "優",
        "city": "臺北市"
      },
      "geometry": {
        "type": "Point",
        "coordinates": [
          121.5294068,
          25.0332642
        ]
      }
    },
    {
      "type": "Feature",
      "properties": {
        "id": "",
        "registration_no": "A-183798565-00001-0",
        "name": "雲鼎阿二麻辣",
        "phone": "02-23222286",
        "address": "臺北市大安區永康街6巷13號",
        "rating": "優",
        "city": "臺北市"
      },
      "geometry": {
        "type": "Point",
        "coordinates": [
          121.529133,
          25.03275873
        ]
      }
    },
    {
      "type": "Feature",
      "properties": {
        "id": "",
        "registration_no": "A-177875825-00001-8",
        "name": "府岸海產城",
        "phone": "02-23935901",
        "address": "臺北市大安區永康街8巷7號1樓",
        "rating": "優",
        "city": "臺北市"
      },
      "geometry": {
        "type": "Point",
        "coordinates": [
          121.5293276,
          25.03237341
        ]
      }
    },
    {
      "type": "Feature",
      "properties": {
        "id": "",
        "registration_no": "A-152602658-00001-3",
        "name": "府城台南美食",
        "phone": "02-23519785",
        "address": "臺北市大安區永康街8之1號",
        "rating": "良",
        "city": "臺北市"
      },
      "geometry": {
        "type": "Point",
        "coordinates": [
          121.5295881,
          25.03210472
        ]
      }
    },
    {
      "type": "Feature",
      "properties": {
        "id": "",
        "registration_no": "A-190749180-00001-7",
        "name": "五燈獎",
        "phone": "02-23510898",
        "address": "臺北市大安區永康街14巷3號1樓",
        "rating": "優",
        "city": "臺北市"
      },
      "geometry": {
        "type": "Point",
        "coordinates": [
          121.5292491,
          25.03139009
        ]
      }
    },
    {
      "type": "Feature",
      "properties": {
        "id": "",
        "registration_no": "A-152596425-00001-7",
        "name": "食藝手創",
        "phone": "02-23939955",
        "address": "臺北市大安區永康街13巷5號",
        "rating": "優",
        "city": "臺北市"
      },
      "geometry": {
        "type": "Point",
        "coordinates": [
          121.5300947,
          25.03272311
        ]
      }
    },
    {
      "type": "Feature",
      "properties": {
        "id": "",
        "registration_no": "A-127717442-00001-3",
        "name": "新葡苑-台北中山店",
        "phone": "02-25682768",
        "address": "臺北市中山區中山北路2段24之3號",
        "rating": "優",
        "city": "臺北市"
      },
      "geometry": {
        "type": "Point",
        "coordinates": [
          121.5224516,
          25.0538905
        ]
      }
    },
    {
      "type": "Feature",
      "properties": {
        "id": "",
        "registration_no": "A-126232286-00001-0",
        "name": "大來小館",
        "phone": "02-23579678",
        "address": "臺北市大安區永康街7巷2號",
        "rating": "優",
        "city": "臺北市"
      },
      "geometry": {
        "type": "Point",
        "coordinates": [
          121.5301864,
          25.03308168
        ]
      }
    },
    {
      "type": "Feature",
      "properties": {
        "id": "",
        "registration_no": "A-153095716-00037-4",
        "name": "朱記餡餅粥-永康店",
        "phone": "02-33222156",
        "address": "臺北市大安區永康街6巷10號",
        "rating": "優",
        "city": "臺北市"
      },
      "geometry": {
        "type": "Point",
        "coordinates": [
          121.5293534,
          25.03260547
        ]
      }
    },
    {
      "type": "Feature",
      "properties": {
        "id": "",
        "registration_no": "A-127157715-00001-4",
        "name": "誠記越南麵食館",
        "phone": "02-23211579",
        "address": "臺北市大安區永康街6巷1號及1之1號",
        "rating": "良",
        "city": "臺北市"
      },
      "geometry": {
        "type": "Point",
        "coordinates": [
          121.5296836,
          25.03267784
        ]
      }
    },
    {
      "type": "Feature",
      "properties": {
        "id": "",
        "registration_no": "A-128854801-00002-6",
        "name": "Saizeriya薩莉亞義大利料理餐廳-師大店",
        "phone": "02-23223422",
        "address": "臺北市大安區和平東路1段129之1號",
        "rating": "優",
        "city": "臺北市"
      },
      "geometry": {
        "type": "Point",
        "coordinates": [
          121.5298467,
          25.02662148
        ]
      }
    },
    {
      "type": "Feature",
      "properties": {
        "id": "",
        "registration_no": "A-184630426-00485-8",
        "name": "享鴨台北金山南店",
        "phone": "02-23223789",
        "address": "臺北市大安區金山南路2段2號2樓",
        "rating": "優",
        "city": "臺北市"
      },
      "geometry": {
        "type": "Point",
        "coordinates": [
          121.5270591,
          25.03382206
        ]
      }
    },
    {
      "type": "Feature",
      "properties": {
        "id": "",
        "registration_no": "A-150895382-00000-8",
        "name": "馬辣復興店",
        "phone": "02-27727678",
        "address": "臺北市大安區復興南路1段152~162號4樓",
        "rating": "優",
        "city": "臺北市"
      },
      "geometry": {
        "type": "Point",
        "coordinates": [
          121.5436031,
          25.04224249
        ]
      }
    },
    {
      "type": "Feature",
      "properties": {
        "id": "",
        "registration_no": "A-200192407-00001-3",
        "name": "65咖啡",
        "phone": "02-23577359",
        "address": "臺北市大安區金華街179號",
        "rating": "優",
        "city": "臺北市"
      },
      "geometry": {
        "type": "Point",
        "coordinates": [
          121.5268517,
          25.03026444
        ]
      }
    },
    {
      "type": "Feature",
      "properties": {
        "id": "",
        "registration_no": "A-200200892-00001-1",
        "name": "永康刀削麵",
        "phone": "02-23222640",
        "address": "臺北市大安區永康街10巷5號",
        "rating": "優",
        "city": "臺北市"
      },
      "geometry": {
        "type": "Point",
        "coordinates": [
          121.5293731,
          25.03203759
        ]
      }
    },
    {
      "type": "Feature",
      "properties": {
        "id": "",
        "registration_no": "A-170472679-00859-2",
        "name": "八方雲集 大安金山南店",
        "phone": "02-23221665",
        "address": "臺北市大安區金山南路2段8號",
        "rating": "優",
        "city": "臺北市"
      },
      "geometry": {
        "type": "Point",
        "coordinates": [
          121.5270275,
          25.03364671
        ]
      }
    },
    {
      "type": "Feature",
      "properties": {
        "id": "",
        "registration_no": "A-127524228-00001-1",
        "name": "牡丹",
        "phone": "905253260",
        "address": "臺北市大安區四維路52巷17號",
        "rating": "優",
        "city": "臺北市"
      },
      "geometry": {
        "type": "Point",
        "coordinates": [
          121.5471809,
          25.0351855
        ]
      }
    },
    {
      "type": "Feature",
      "properties": {
        "id": "",
        "registration_no": "A-180506001-00000-8",
        "name": "台北馥敦飯店復南館",
        "phone": "02-27031234",
        "address": "臺北市大安區復興南路2段41號",
        "rating": "良",
        "city": "臺北市"
      },
      "geometry": {
        "type": "Point",
        "coordinates": [
          121.5437705,
          25.03146029
        ]
      }
    },
    {
      "type": "Feature",
      "properties": {
        "id": "",
        "registration_no": "A-197286918-00033-4",
        "name": "爭鮮-桂林家樂福店",
        "phone": "03-3270333#114",
        "address": "臺北市萬華區桂林路1號",
        "rating": "優",
        "city": "臺北市"
      },
      "geometry": {
        "type": "Point",
        "coordinates": [
          121.5063035,
          25.03767543
        ]
      }
    },
    {
      "type": "Feature",
      "properties": {
        "id": "",
        "registration_no": "A-154180182-00000-7",
        "name": "慕軒飯店 Gustoso義大利餐廳",
        "phone": "02-77269099",
        "address": "臺北市大安區敦化南路1段331號2樓",
        "rating": "優",
        "city": "臺北市"
      },
      "geometry": {
        "type": "Point",
        "coordinates": [
          121.5492296,
          25.03406056
        ]
      }
    },
    {
      "type": "Feature",
      "properties": {
        "id": "",
        "registration_no": "A-111087209-00000-6",
        "name": "丹迪旅店-台北天津",
        "phone": "02-25415788",
        "address": "臺北市中山區中山北路1段135巷13號",
        "rating": "優",
        "city": "臺北市"
      },
      "geometry": {
        "type": "Point",
        "coordinates": [
          121.5233036,
          25.0516647
        ]
      }
    },
    {
      "type": "Feature",
      "properties": {
        "id": "",
        "registration_no": "A-153362678-00000-8",
        "name": "柯達大飯店-台北敦南",
        "phone": "02-27323333",
        "address": "臺北市大安區敦化南路2段238號",
        "rating": "優",
        "city": "臺北市"
      },
      "geometry": {
        "type": "Point",
        "coordinates": [
          121.5482915,
          25.02093974
        ]
      }
    },
    {
      "type": "Feature",
      "properties": {
        "id": "",
        "registration_no": "A-145076709-00000-6",
        "name": "柯達大飯店-台北天津",
        "phone": "02-25812222",
        "address": "臺北市中山區中山北路1段53巷22號",
        "rating": "優",
        "city": "臺北市"
      },
      "geometry": {
        "type": "Point",
        "coordinates": [
          121.5231479,
          25.04884507
        ]
      }
    },
    {
      "type": "Feature",
      "properties": {
        "id": "",
        "registration_no": "A-124571253-00001-8",
        "name": "MUME(慕梅餐飲股份有限公司)",
        "phone": "02-27000901",
        "address": "臺北市大安區四維路28號",
        "rating": "優",
        "city": "臺北市"
      },
      "geometry": {
        "type": "Point",
        "coordinates": [
          121.548055,
          25.03623278
        ]
      }
    },
    {
      "type": "Feature",
      "properties": {
        "id": "",
        "registration_no": "A-153991965-00000-5",
        "name": "柯達大飯店台北松江",
        "phone": "02-25159999",
        "address": "臺北市中山區松江路251號",
        "rating": "優",
        "city": "臺北市"
      },
      "geometry": {
        "type": "Point",
        "coordinates": [
          121.5333925,
          25.05937622
        ]
      }
    },
    {
      "type": "Feature",
      "properties": {
        "id": "",
        "registration_no": "A-145096677-00000-2",
        "name": "柯達大飯店台北長安",
        "phone": "02-25169999",
        "address": "臺北市中山區松江路61之1號",
        "rating": "優",
        "city": "臺北市"
      },
      "geometry": {
        "type": "Point",
        "coordinates": [
          121.5330898,
          25.0485489
        ]
      }
    },
    {
      "type": "Feature",
      "properties": {
        "id": "",
        "registration_no": "A-142849652-00000-8",
        "name": "Restaurant Page 頁小館",
        "phone": "02-25328003",
        "address": "臺北市中山區北安路595巷20弄4號1樓",
        "rating": "優",
        "city": "臺北市"
      },
      "geometry": {
        "type": "Point",
        "coordinates": [
          121.5477982,
          25.0818012
        ]
      }
    },
    {
      "type": "Feature",
      "properties": {
        "id": "",
        "registration_no": "A-151231068-00001-5",
        "name": "The Tavernist",
        "phone": "02-27790688",
        "address": "臺北市大安區仁愛路4段27巷25號12樓",
        "rating": "優",
        "city": "臺北市"
      },
      "geometry": {
        "type": "Point",
        "coordinates": [
          121.5453569,
          25.04048052
        ]
      }
    },
    {
      "type": "Feature",
      "properties": {
        "id": "",
        "registration_no": "A-200117988-00000-3",
        "name": "愛兒家產後護理",
        "phone": "02-87738628",
        "address": "臺北市大安區忠孝東路4段87號6樓",
        "rating": "優",
        "city": "臺北市"
      },
      "geometry": {
        "type": "Point",
        "coordinates": [
          121.5476244,
          25.04175758
        ]
      }
    },
    {
      "type": "Feature",
      "properties": {
        "id": "",
        "registration_no": "A-185125500-00001-5",
        "name": "楊記蚌麵三總店",
        "phone": "02-27961628",
        "address": "臺北市內湖區成功路2段325號B1",
        "rating": "優",
        "city": "臺北市"
      },
      "geometry": {
        "type": "Point",
        "coordinates": [
          121.5898941,
          25.07202869
        ]
      }
    },
    {
      "type": "Feature",
      "properties": {
        "id": "",
        "registration_no": "A-194050426-00004-2",
        "name": "老董牛肉麵-三總店",
        "phone": "02-27961628",
        "address": "臺北市內湖區成功路2段325號B1",
        "rating": "優",
        "city": "臺北市"
      },
      "geometry": {
        "type": "Point",
        "coordinates": [
          121.5898941,
          25.07202869
        ]
      }
    },
    {
      "type": "Feature",
      "properties": {
        "id": "",
        "registration_no": "A-180443463-00001-1",
        "name": "明德素食園三總店",
        "phone": "02-27935202",
        "address": "臺北市內湖區成功路2段325號B1",
        "rating": "優",
        "city": "臺北市"
      },
      "geometry": {
        "type": "Point",
        "coordinates": [
          121.5898941,
          25.07202869
        ]
      }
    },
    {
      "type": "Feature",
      "properties": {
        "id": "",
        "registration_no": "A-152531845-00001-2",
        "name": "好好吃大餛飩",
        "phone": "02-27965155",
        "address": "臺北市內湖區成功路2段325號B1",
        "rating": "優",
        "city": "臺北市"
      },
      "geometry": {
        "type": "Point",
        "coordinates": [
          121.5898941,
          25.07202869
        ]
      }
    },
    {
      "type": "Feature",
      "properties": {
        "id": "",
        "registration_no": "A-124977367-00003-6",
        "name": "小南門三總店",
        "phone": "02-22455179",
        "address": "臺北市內湖區成功路2段325號B1",
        "rating": "優",
        "city": "臺北市"
      },
      "geometry": {
        "type": "Point",
        "coordinates": [
          121.5898941,
          25.07202869
        ]
      }
    },
    {
      "type": "Feature",
      "properties": {
        "id": "",
        "registration_no": "A-170837404-00029-2",
        "name": "花蓮扁食-三總店",
        "phone": "02-27961628",
        "address": "臺北市內湖區成功路2段325號B1",
        "rating": "優",
        "city": "臺北市"
      },
      "geometry": {
        "type": "Point",
        "coordinates": [
          121.5898941,
          25.07202869
        ]
      }
    },
    {
      "type": "Feature",
      "properties": {
        "id": "",
        "registration_no": "A-151199200-00001-6",
        "name": "撈王鍋物料理",
        "phone": "02-77370773",
        "address": "臺北市信義區松壽路12號9樓",
        "rating": "優",
        "city": "臺北市"
      },
      "geometry": {
        "type": "Point",
        "coordinates": [
          121.5660209,
          25.03566809
        ]
      }
    },
    {
      "type": "Feature",
      "properties": {
        "id": "",
        "registration_no": "A-189135564-00001-0",
        "name": "刁民酸菜魚信義店",
        "phone": "02-77367666",
        "address": "臺北市信義區松壽路12號1樓、B1",
        "rating": "優",
        "city": "臺北市"
      },
      "geometry": {
        "type": "Point",
        "coordinates": [
          121.5660209,
          25.03566809
        ]
      }
    },
    {
      "type": "Feature",
      "properties": {
        "id": "",
        "registration_no": "A-128832856-00001-1",
        "name": "L'ATELIER de Joël Robuchon 侯布雄法式餐廳",
        "phone": "02-87292627",
        "address": "臺北市信義區松仁路28號5樓",
        "rating": "優",
        "city": "臺北市"
      },
      "geometry": {
        "type": "Point",
        "coordinates": [
          121.5681246,
          25.03951106
        ]
      }
    },
    {
      "type": "Feature",
      "properties": {
        "id": "",
        "registration_no": "A-128832856-00002-2",
        "name": "SALON DE THE de Joël Robuchon 侯布雄法式茶點沙龍",
        "phone": "02-87292627",
        "address": "臺北市信義區松仁路28號3樓",
        "rating": "優",
        "city": "臺北市"
      },
      "geometry": {
        "type": "Point",
        "coordinates": [
          121.5681246,
          25.03951106
        ]
      }
    },
    {
      "type": "Feature",
      "properties": {
        "id": "",
        "registration_no": "A-188088120-00001-4",
        "name": "餵我早餐忠孝店",
        "phone": "02-27203639",
        "address": "臺北市信義區忠孝東路5段252號1樓",
        "rating": "優",
        "city": "臺北市"
      },
      "geometry": {
        "type": "Point",
        "coordinates": [
          121.5728834,
          25.04078398
        ]
      }
    },
    {
      "type": "Feature",
      "properties": {
        "id": "",
        "registration_no": "A-153930567-00000-6",
        "name": "珠寶盒法式點心坊",
        "phone": "02-27204555",
        "address": "臺北市信義區莊敬路239巷1弄1號",
        "rating": "優",
        "city": "臺北市"
      },
      "geometry": {
        "type": "Point",
        "coordinates": [
          121.5625035,
          25.02985792
        ]
      }
    },
    {
      "type": "Feature",
      "properties": {
        "id": "",
        "registration_no": "A-116098275-00041-1",
        "name": "吉天婦羅-台北SOGO忠孝店",
        "phone": "02-27312518",
        "address": "臺北市大安區忠孝東路4段45號11樓",
        "rating": "優",
        "city": "臺北市"
      },
      "geometry": {
        "type": "Point",
        "coordinates": [
          121.5448828,
          25.04190242
        ]
      }
    },
    {
      "type": "Feature",
      "properties": {
        "id": "",
        "registration_no": "A-170443909-00001-5",
        "name": "乾杯-本店",
        "phone": "02-87731550",
        "address": "臺北市大安區敦化南路1段236巷17號",
        "rating": "優",
        "city": "臺北市"
      },
      "geometry": {
        "type": "Point",
        "coordinates": [
          121.5470078,
          25.0406593
        ]
      }
    },
    {
      "type": "Feature",
      "properties": {
        "id": "",
        "registration_no": "A-400130525-00000-7",
        "name": "三軍總醫院營養部",
        "phone": "02-87923311#17204",
        "address": "臺北市內湖區成功路2段325號",
        "rating": "優",
        "city": "臺北市"
      },
      "geometry": {
        "type": "Point",
        "coordinates": [
          121.5919821,
          25.07180042
        ]
      }
    },
    {
      "type": "Feature",
      "properties": {
        "id": "",
        "registration_no": "A-129073240-00006-1",
        "name": "松山意舍酒店que原木燒烤餐廳",
        "phone": "02-26532828",
        "address": "臺北市松山區市民大道7段8號17樓",
        "rating": "優",
        "city": "臺北市"
      },
      "geometry": {
        "type": "Point",
        "coordinates": [
          121.5806264,
          25.04917661
        ]
      }
    },
    {
      "type": "Feature",
      "properties": {
        "id": "",
        "registration_no": "A-104268726-00012-6",
        "name": "泰市場",
        "phone": "02-85026100",
        "address": "臺北市中山區植福路200號4樓",
        "rating": "優",
        "city": "臺北市"
      },
      "geometry": {
        "type": "Point",
        "coordinates": [
          121.5600767,
          25.08324323
        ]
      }
    },
    {
      "type": "Feature",
      "properties": {
        "id": "",
        "registration_no": "A-122662550-00352-6",
        "name": "家樂福重慶店-即食熟食區",
        "phone": "0800-658-588",
        "address": "臺北市大同區重慶北路2段171號",
        "rating": "優",
        "city": "臺北市"
      },
      "geometry": {
        "type": "Point",
        "coordinates": [
          121.5138282,
          25.05902191
        ]
      }
    },
    {
      "type": "Feature",
      "properties": {
        "id": "",
        "registration_no": "A-100130577-00000-1",
        "name": "馬辣-中山店",
        "phone": "02-25588131",
        "address": "臺北市大同區南京西路22號B1",
        "rating": "優",
        "city": "臺北市"
      },
      "geometry": {
        "type": "Point",
        "coordinates": [
          121.5201134,
          25.05261389
        ]
      }
    },
    {
      "type": "Feature",
      "properties": {
        "id": "",
        "registration_no": "A-170837404-00016-8",
        "name": "花蓮扁食-內湖2店",
        "phone": "02-87916678",
        "address": "臺北市內湖區舊宗路1段188號1樓",
        "rating": "優",
        "city": "臺北市"
      },
      "geometry": {
        "type": "Point",
        "coordinates": [
          121.5759885,
          25.06265274
        ]
      }
    },
    {
      "type": "Feature",
      "properties": {
        "id": "",
        "registration_no": "A-197301707-00120-5",
        "name": "三商巧福-舊宗店",
        "phone": "02-27934772",
        "address": "臺北市內湖區舊宗路1段188號1樓",
        "rating": "優",
        "city": "臺北市"
      },
      "geometry": {
        "type": "Point",
        "coordinates": [
          121.5759885,
          25.06265274
        ]
      }
    },
    {
      "type": "Feature",
      "properties": {
        "id": "",
        "registration_no": "A-183773207-00000-5",
        "name": "Taïrroir 態芮",
        "phone": "02-85015500",
        "address": "臺北市中山區樂群三路299號6樓",
        "rating": "優",
        "city": "臺北市"
      },
      "geometry": {
        "type": "Point",
        "coordinates": [
          121.5592154,
          25.08273352
        ]
      }
    },
    {
      "type": "Feature",
      "properties": {
        "id": "",
        "registration_no": "A-400126705-00001-3",
        "name": "臺北市立聯合醫院-仁愛院區",
        "phone": "02-27093600#8118",
        "address": "臺北市大安區仁愛路4段10號B1",
        "rating": "優",
        "city": "臺北市"
      },
      "geometry": {
        "type": "Point",
        "coordinates": [
          121.54528,
          25.03769197
        ]
      }
    },
    {
      "type": "Feature",
      "properties": {
        "id": "",
        "registration_no": "A-197286918-00032-3",
        "name": "爭鮮-重慶店",
        "phone": "02-25490475",
        "address": "臺北市大同區重慶北路2段171號",
        "rating": "優",
        "city": "臺北市"
      },
      "geometry": {
        "type": "Point",
        "coordinates": [
          121.5138282,
          25.05902191
        ]
      }
    },
    {
      "type": "Feature",
      "properties": {
        "id": "",
        "registration_no": "A-142868475-00004-6",
        "name": "LadyM 晶華店",
        "phone": "02-77303060",
        "address": "臺北市中山區中山北路2段39巷3號",
        "rating": "優",
        "city": "臺北市"
      },
      "geometry": {
        "type": "Point",
        "coordinates": [
          121.5237434,
          25.05419867
        ]
      }
    },
    {
      "type": "Feature",
      "properties": {
        "id": "",
        "registration_no": "A-200173624-00001-3",
        "name": "荖子鍋股份有限公司",
        "phone": "02-28347068",
        "address": "臺北市大同區重慶北路2段171號",
        "rating": "優",
        "city": "臺北市"
      },
      "geometry": {
        "type": "Point",
        "coordinates": [
          121.5138282,
          25.05902191
        ]
      }
    },
    {
      "type": "Feature",
      "properties": {
        "id": "",
        "registration_no": "A-127339770-00000-6",
        "name": "城市商旅-南西館",
        "phone": "02-25507722",
        "address": "臺北市大同區南京西路169號",
        "rating": "優",
        "city": "臺北市"
      },
      "geometry": {
        "type": "Point",
        "coordinates": [
          121.5127284,
          25.05405245
        ]
      }
    },
    {
      "type": "Feature",
      "properties": {
        "id": "",
        "registration_no": "A-153112784-00044-7",
        "name": "百八魚場",
        "phone": "02-28098010#114",
        "address": "臺北市大同區重慶北路2段171號",
        "rating": "優",
        "city": "臺北市"
      },
      "geometry": {
        "type": "Point",
        "coordinates": [
          121.5138282,
          25.05902191
        ]
      }
    },
    {
      "type": "Feature",
      "properties": {
        "id": "",
        "registration_no": "A-154397437-00004-4",
        "name": "台北六福萬怡酒店-宴會廳",
        "phone": "02-21716565",
        "address": "臺北市南港區忠孝東路7段359號9樓",
        "rating": "優",
        "city": "臺北市"
      },
      "geometry": {
        "type": "Point",
        "coordinates": [
          121.6060558,
          25.05251244
        ]
      }
    },
    {
      "type": "Feature",
      "properties": {
        "id": "",
        "registration_no": "A-154397437-00002-2",
        "name": "台北六福萬怡酒店-粵亮廣式料理",
        "phone": "02-21716565",
        "address": "臺北市南港區忠孝東路7段359號8樓",
        "rating": "優",
        "city": "臺北市"
      },
      "geometry": {
        "type": "Point",
        "coordinates": [
          121.6060558,
          25.05251244
        ]
      }
    },
    {
      "type": "Feature",
      "properties": {
        "id": "",
        "registration_no": "A-154397437-00001-1",
        "name": "台北六福萬怡酒店-敘日全日餐廳",
        "phone": "02-21716565",
        "address": "臺北市南港區忠孝東路7段359號7樓",
        "rating": "優",
        "city": "臺北市"
      },
      "geometry": {
        "type": "Point",
        "coordinates": [
          121.6060558,
          25.05251244
        ]
      }
    },
    {
      "type": "Feature",
      "properties": {
        "id": "",
        "registration_no": "A-110379360-00001-8",
        "name": "游壽司-金華店",
        "phone": "02-23225531",
        "address": "臺北市大安區金華街201號",
        "rating": "優",
        "city": "臺北市"
      },
      "geometry": {
        "type": "Point",
        "coordinates": [
          121.5281649,
          25.03004119
        ]
      }
    },
    {
      "type": "Feature",
      "properties": {
        "id": "",
        "registration_no": "A-183048655-00010-8",
        "name": "洋洋肉骨茶-松山機場",
        "phone": "02-25450419",
        "address": "臺北市松山區敦化北路340之10號2樓",
        "rating": "優",
        "city": "臺北市"
      },
      "geometry": {
        "type": "Point",
        "coordinates": [
          121.5502919,
          25.05987077
        ]
      }
    },
    {
      "type": "Feature",
      "properties": {
        "id": "",
        "registration_no": "A-183008366-00007-9",
        "name": "占元府-松山機場",
        "phone": "02-25450419",
        "address": "臺北市松山區敦化北路340之10號2樓",
        "rating": "優",
        "city": "臺北市"
      },
      "geometry": {
        "type": "Point",
        "coordinates": [
          121.5502919,
          25.05987077
        ]
      }
    },
    {
      "type": "Feature",
      "properties": {
        "id": "",
        "registration_no": "A-194212772-00001-3",
        "name": "知己知米私府餐盒/李鴻記餐盒公司",
        "phone": "02-27680003",
        "address": "臺北市松山區光復北路85巷13號1樓",
        "rating": "優",
        "city": "臺北市"
      },
      "geometry": {
        "type": "Point",
        "coordinates": [
          121.5587351,
          25.05059257
        ]
      }
    },
    {
      "type": "Feature",
      "properties": {
        "id": "",
        "registration_no": "A-172979694-00000-1",
        "name": "阿福號三明治專門店",
        "phone": "02-27680003",
        "address": "臺北市松山區光復北路85巷13號1樓",
        "rating": "優",
        "city": "臺北市"
      },
      "geometry": {
        "type": "Point",
        "coordinates": [
          121.5587351,
          25.05059257
        ]
      }
    },
    {
      "type": "Feature",
      "properties": {
        "id": "",
        "registration_no": "A-142617610-00004-9",
        "name": "環亞機場貴賓室-台灣松山國際機場",
        "phone": "958217566",
        "address": "臺北市松山區敦化北路340之9號3樓",
        "rating": "優",
        "city": "臺北市"
      },
      "geometry": {
        "type": "Point",
        "coordinates": [
          121.5519046,
          25.06364885
        ]
      }
    },
    {
      "type": "Feature",
      "properties": {
        "id": "",
        "registration_no": "A-190644685-00004-4",
        "name": "壹品香扁食-台北市立萬芳醫院",
        "phone": "02-29307930#7851",
        "address": "臺北市文山區興隆路3段111號B1",
        "rating": "優",
        "city": "臺北市"
      },
      "geometry": {
        "type": "Point",
        "coordinates": [
          121.5588032,
          24.99829904
        ]
      }
    },
    {
      "type": "Feature",
      "properties": {
        "id": "",
        "registration_no": "A-154677325-00001-8",
        "name": "總會有機會Club 25",
        "phone": "02-29307930#7857",
        "address": "臺北市文山區興隆路3段111號B1",
        "rating": "優",
        "city": "臺北市"
      },
      "geometry": {
        "type": "Point",
        "coordinates": [
          121.5588032,
          24.99829904
        ]
      }
    },
    {
      "type": "Feature",
      "properties": {
        "id": "",
        "registration_no": "A-191944751-00002-0",
        "name": "龍凰號-微風台大醫院店",
        "phone": "02-23952298#8115",
        "address": "臺北市中正區中山南路7號B1",
        "rating": "優",
        "city": "臺北市"
      },
      "geometry": {
        "type": "Point",
        "coordinates": [
          121.5185182,
          25.04130244
        ]
      }
    },
    {
      "type": "Feature",
      "properties": {
        "id": "",
        "registration_no": "A-183053426-00099-7",
        "name": "明水然樂-台北西門營業所",
        "phone": "02-23831223",
        "address": "臺北市萬華區中華路1段88號4樓",
        "rating": "優",
        "city": "臺北市"
      },
      "geometry": {
        "type": "Point",
        "coordinates": [
          121.5086452,
          25.04501299
        ]
      }
    },
    {
      "type": "Feature",
      "properties": {
        "id": "",
        "registration_no": "A-183053426-00097-5",
        "name": "狂一鍋-台北西門店",
        "phone": "966678323",
        "address": "臺北市萬華區中華路1段88號4樓",
        "rating": "優",
        "city": "臺北市"
      },
      "geometry": {
        "type": "Point",
        "coordinates": [
          121.5086452,
          25.04501299
        ]
      }
    },
    {
      "type": "Feature",
      "properties": {
        "id": "",
        "registration_no": "A-123932737-00068-8",
        "name": "樂雅樂餐廳-生技店",
        "phone": "02-27837669",
        "address": "臺北市南港區忠孝東路7段508號2樓",
        "rating": "優",
        "city": "臺北市"
      },
      "geometry": {
        "type": "Point",
        "coordinates": [
          121.6095845,
          25.05212499
        ]
      }
    },
    {
      "type": "Feature",
      "properties": {
        "id": "",
        "registration_no": "A-112411160-01817-1",
        "name": "麥當勞-南港車站",
        "phone": "02-27852956",
        "address": "臺北市南港區忠孝東路7段359號1樓B0601",
        "rating": "優",
        "city": "臺北市"
      },
      "geometry": {
        "type": "Point",
        "coordinates": [
          121.6047845,
          25.0519688
        ]
      }
    },
    {
      "type": "Feature",
      "properties": {
        "id": "",
        "registration_no": "A-202298106-00001-8",
        "name": "總理的定食",
        "phone": "911201531",
        "address": "臺北市南港區研究院路3段245號",
        "rating": "優",
        "city": "臺北市"
      },
      "geometry": {
        "type": "Point",
        "coordinates": [
          121.6099148,
          25.03359495
        ]
      }
    },
    {
      "type": "Feature",
      "properties": {
        "id": "",
        "registration_no": "A-154382758-00027-9",
        "name": "田原香-寶麗廣塲",
        "phone": "02-87292751",
        "address": "臺北市信義區松仁路28號B2",
        "rating": "優",
        "city": "臺北市"
      },
      "geometry": {
        "type": "Point",
        "coordinates": [
          121.5681246,
          25.03951106
        ]
      }
    },
    {
      "type": "Feature",
      "properties": {
        "id": "",
        "registration_no": "A-123996788-00001-1",
        "name": "Diamond Tony's 隨意鳥地方",
        "phone": "02-81012284",
        "address": "臺北市信義區信義路5段7號85樓",
        "rating": "優",
        "city": "臺北市"
      },
      "geometry": {
        "type": "Point",
        "coordinates": [
          121.5647896,
          25.03341671
        ]
      }
    },
    {
      "type": "Feature",
      "properties": {
        "id": "",
        "registration_no": "A-153098740-00003-7",
        "name": "台北艾麗酒店-The terrace",
        "phone": "02-66318000#8059",
        "address": "臺北市信義區松高路18號6樓",
        "rating": "優",
        "city": "臺北市"
      },
      "geometry": {
        "type": "Point",
        "coordinates": [
          121.5674653,
          25.03861822
        ]
      }
    },
    {
      "type": "Feature",
      "properties": {
        "id": "",
        "registration_no": "A-200203626-00001-9",
        "name": "八方悅鍋物(萬華長泰店)",
        "phone": "02-23097099",
        "address": "臺北市萬華區長泰街77號",
        "rating": "優",
        "city": "臺北市"
      },
      "geometry": {
        "type": "Point",
        "coordinates": [
          121.4997211,
          25.02269688
        ]
      }
    },
    {
      "type": "Feature",
      "properties": {
        "id": "",
        "registration_no": "A-184630426-00452-2",
        "name": "青花驕-台北光復店",
        "phone": "02-87720659",
        "address": "臺北市大安區光復南路100號1樓",
        "rating": "優",
        "city": "臺北市"
      },
      "geometry": {
        "type": "Point",
        "coordinates": [
          121.5574664,
          25.04366782
        ]
      }
    },
    {
      "type": "Feature",
      "properties": {
        "id": "",
        "registration_no": "A-195433528-00001-8",
        "name": "小樂木桶燒-微風台北車站",
        "phone": "936280728",
        "address": "臺北市中正區北平西路3號2樓",
        "rating": "優",
        "city": "臺北市"
      },
      "geometry": {
        "type": "Point",
        "coordinates": [
          121.5170577,
          25.04717594
        ]
      }
    },
    {
      "type": "Feature",
      "properties": {
        "id": "",
        "registration_no": "A-124763442-00011-2",
        "name": "本村炸雞-微風台北車站",
        "phone": "02-66328999#2520",
        "address": "臺北市中正區北平西路3號2樓",
        "rating": "優",
        "city": "臺北市"
      },
      "geometry": {
        "type": "Point",
        "coordinates": [
          121.5170577,
          25.04717594
        ]
      }
    },
    {
      "type": "Feature",
      "properties": {
        "id": "",
        "registration_no": "A-195117803-00001-3",
        "name": "花火禾茶-微風台北車站店",
        "phone": "02-23319898",
        "address": "臺北市中正區北平西路3號1樓",
        "rating": "優",
        "city": "臺北市"
      },
      "geometry": {
        "type": "Point",
        "coordinates": [
          121.5170577,
          25.04717594
        ]
      }
    },
    {
      "type": "Feature",
      "properties": {
        "id": "",
        "registration_no": "A-130862692-00022-8",
        "name": "頂呱呱-微風台北車站",
        "phone": "02-23886937",
        "address": "臺北市中正區北平西路3號1樓",
        "rating": "優",
        "city": "臺北市"
      },
      "geometry": {
        "type": "Point",
        "coordinates": [
          121.5170577,
          25.04717594
        ]
      }
    },
    {
      "type": "Feature",
      "properties": {
        "id": "",
        "registration_no": "A-124375652-00132-8",
        "name": "關北紅豆餅-微風台北車站店",
        "phone": "02-66328999#1504",
        "address": "臺北市中正區北平西路3號1樓",
        "rating": "優",
        "city": "臺北市"
      },
      "geometry": {
        "type": "Point",
        "coordinates": [
          121.5170577,
          25.04717594
        ]
      }
    },
    {
      "type": "Feature",
      "properties": {
        "id": "",
        "registration_no": "A-152929520-00005-7",
        "name": "台灣壽司郎-台北民權建國店",
        "phone": "02-25163386",
        "address": "臺北市中山區民權東路3段2號1樓",
        "rating": "優",
        "city": "臺北市"
      },
      "geometry": {
        "type": "Point",
        "coordinates": [
          121.5377664,
          25.06214639
        ]
      }
    },
    {
      "type": "Feature",
      "properties": {
        "id": "",
        "registration_no": "A-189455989-00000-5",
        "name": "米哥烘焙坊-雙連門市",
        "phone": "02-25625638",
        "address": "臺北市中山區民生西路23號",
        "rating": "優",
        "city": "臺北市"
      },
      "geometry": {
        "type": "Point",
        "coordinates": [
          121.521344,
          25.05787502
        ]
      }
    },
    {
      "type": "Feature",
      "properties": {
        "id": "",
        "registration_no": "A-184630426-00352-1",
        "name": "青花驕台北中山北店",
        "phone": "02-25111097",
        "address": "臺北市中山區中山北路1段137號、139號1-4樓",
        "rating": "優",
        "city": "臺北市"
      },
      "geometry": {
        "type": "Point",
        "coordinates": [
          121.5226258,
          25.05182293
        ]
      }
    },
    {
      "type": "Feature",
      "properties": {
        "id": "",
        "registration_no": "A-154055473-00003-4",
        "name": "Krispy Kreme-台北站前店",
        "phone": "02-23612926",
        "address": "臺北市中正區忠孝西路1段49號B1",
        "rating": "優",
        "city": "臺北市"
      },
      "geometry": {
        "type": "Point",
        "coordinates": [
          121.5176611,
          25.04628295
        ]
      }
    },
    {
      "type": "Feature",
      "properties": {
        "id": "",
        "registration_no": "A-183008366-00004-6",
        "name": "占元府-新光三越站前店",
        "phone": "910908826",
        "address": "臺北市中正區忠孝西路1段66號B1",
        "rating": "優",
        "city": "臺北市"
      },
      "geometry": {
        "type": "Point",
        "coordinates": [
          121.5154942,
          25.0465666
        ]
      }
    },
    {
      "type": "Feature",
      "properties": {
        "id": "",
        "registration_no": "A-152929520-00001-3",
        "name": "台灣壽司郎-台北館前店",
        "phone": "02-23612638",
        "address": "臺北市中正區館前路8號2樓",
        "rating": "優",
        "city": "臺北市"
      },
      "geometry": {
        "type": "Point",
        "coordinates": [
          121.5148954,
          25.04581396
        ]
      }
    },
    {
      "type": "Feature",
      "properties": {
        "id": "",
        "registration_no": "A-183293333-00192-4",
        "name": "築間-台北南門店",
        "phone": "02-23939555",
        "address": "臺北市中正區羅斯福路1段13號2樓",
        "rating": "優",
        "city": "臺北市"
      },
      "geometry": {
        "type": "Point",
        "coordinates": [
          121.5181981,
          25.03319585
        ]
      }
    },
    {
      "type": "Feature",
      "properties": {
        "id": "",
        "registration_no": "A-150876104-00010-0",
        "name": "BONGOUSSE-微風台大醫院店",
        "phone": "02-23952298#8148",
        "address": "臺北市中正區中山南路7號B1",
        "rating": "優",
        "city": "臺北市"
      },
      "geometry": {
        "type": "Point",
        "coordinates": [
          121.5185182,
          25.04130244
        ]
      }
    },
    {
      "type": "Feature",
      "properties": {
        "id": "",
        "registration_no": "A-182998050-00003-2",
        "name": "本粥-微風台大醫院店",
        "phone": "02-23952298#8143",
        "address": "臺北市中正區中山南路7號B1",
        "rating": "優",
        "city": "臺北市"
      },
      "geometry": {
        "type": "Point",
        "coordinates": [
          121.5185182,
          25.04130244
        ]
      }
    },
    {
      "type": "Feature",
      "properties": {
        "id": "",
        "registration_no": "A-154837370-00008-3",
        "name": "非越即泰-微風台大醫院店",
        "phone": "02-23952298#8123",
        "address": "臺北市中正區中山南路7號B1",
        "rating": "優",
        "city": "臺北市"
      },
      "geometry": {
        "type": "Point",
        "coordinates": [
          121.5185182,
          25.04130244
        ]
      }
    },
    {
      "type": "Feature",
      "properties": {
        "id": "",
        "registration_no": "A-202295314-00000-5",
        "name": "雲朵列車",
        "phone": "02-28355500",
        "address": "臺北市士林區承德路5段55號",
        "rating": "優",
        "city": "臺北市"
      },
      "geometry": {
        "type": "Point",
        "coordinates": [
          121.5141693,
          25.09683515
        ]
      }
    },
    {
      "type": "Feature",
      "properties": {
        "id": "",
        "registration_no": "A-179955280-00254-4",
        "name": "真珠微風南山店",
        "phone": "02-27228288",
        "address": "臺北市信義區松智路17號5樓",
        "rating": "優",
        "city": "臺北市"
      },
      "geometry": {
        "type": "Point",
        "coordinates": [
          121.5657745,
          25.03443532
        ]
      }
    },
    {
      "type": "Feature",
      "properties": {
        "id": "",
        "registration_no": "A-189455989-00047-6",
        "name": "米哥烘焙坊-松山門市",
        "phone": "02-27470189",
        "address": "臺北市信義區松山路11號",
        "rating": "優",
        "city": "臺北市"
      },
      "geometry": {
        "type": "Point",
        "coordinates": [
          121.5782525,
          25.04845585
        ]
      }
    },
    {
      "type": "Feature",
      "properties": {
        "id": "",
        "registration_no": "A-113825420-00007-0",
        "name": "米哥烘焙坊-景美門市",
        "phone": "02-29384689",
        "address": "臺北市文山區木新路3段327號",
        "rating": "優",
        "city": "臺北市"
      },
      "geometry": {
        "type": "Point",
        "coordinates": [
          121.5563168,
          24.98048562
        ]
      }
    },
    {
      "type": "Feature",
      "properties": {
        "id": "",
        "registration_no": "A-200052425-00000-7",
        "name": "火鍋世家-木柵木新店",
        "phone": "02-86612717",
        "address": "臺北市文山區木新路3段58號",
        "rating": "優",
        "city": "臺北市"
      },
      "geometry": {
        "type": "Point",
        "coordinates": [
          121.563971,
          24.98255591
        ]
      }
    },
    {
      "type": "Feature",
      "properties": {
        "id": "",
        "registration_no": "A-193761975-00001-6",
        "name": "復興實驗高中廚房 (味安餐飲)",
        "phone": "02-29397509",
        "address": "臺北市大安區敦化南路1段262號",
        "rating": "優",
        "city": "臺北市"
      },
      "geometry": {
        "type": "Point",
        "coordinates": [
          121.54844,
          25.03932821
        ]
      }
    },
    {
      "type": "Feature",
      "properties": {
        "id": "",
        "registration_no": "A-172995913-00001-4",
        "name": "老先覺-台北公館",
        "phone": "02-23632588",
        "address": "臺北市大安區羅斯福路3段283巷18號",
        "rating": "優",
        "city": "臺北市"
      },
      "geometry": {
        "type": "Point",
        "coordinates": [
          121.5316909,
          25.01857097
        ]
      }
    },
    {
      "type": "Feature",
      "properties": {
        "id": "",
        "registration_no": "A-152929520-00017-0",
        "name": "台灣壽司郎-台北公館店",
        "phone": "02-23622766",
        "address": "臺北市中正區羅斯福路4段68號2樓",
        "rating": "優",
        "city": "臺北市"
      },
      "geometry": {
        "type": "Point",
        "coordinates": [
          121.534274,
          25.01450357
        ]
      }
    },
    {
      "type": "Feature",
      "properties": {
        "id": "",
        "registration_no": "A-188380862-00001-2",
        "name": "錢都日式涮涮鍋-木柵木新店",
        "phone": "02-29360119",
        "address": "臺北市文山區木新路3段60號",
        "rating": "優",
        "city": "臺北市"
      },
      "geometry": {
        "type": "Point",
        "coordinates": [
          121.5639301,
          24.98254694
        ]
      }
    },
    {
      "type": "Feature",
      "properties": {
        "id": "",
        "registration_no": "A-122721208-00171-1",
        "name": "鬍鬚張-台北安居店",
        "phone": "02-27367289",
        "address": "臺北市大安區安居街48號1樓",
        "rating": "優",
        "city": "臺北市"
      },
      "geometry": {
        "type": "Point",
        "coordinates": [
          121.5540562,
          25.02032891
        ]
      }
    },
    {
      "type": "Feature",
      "properties": {
        "id": "",
        "registration_no": "A-122721208-00170-0",
        "name": "鬍鬚張-京簡康台北吳興店",
        "phone": "02-27326058",
        "address": "臺北市信義區吳興街26號1樓",
        "rating": "優",
        "city": "臺北市"
      },
      "geometry": {
        "type": "Point",
        "coordinates": [
          121.5597187,
          25.03139977
        ]
      }
    },
    {
      "type": "Feature",
      "properties": {
        "id": "",
        "registration_no": "A-195134113-00001-6",
        "name": "包子商行-實踐大學店",
        "phone": "02-25328354",
        "address": "臺北市中山區大直街70號",
        "rating": "優",
        "city": "臺北市"
      },
      "geometry": {
        "type": "Point",
        "coordinates": [
          121.5462342,
          25.08358655
        ]
      }
    },
    {
      "type": "Feature",
      "properties": {
        "id": "",
        "registration_no": "A-202297999-00001-7",
        "name": "炒香-實踐大學店",
        "phone": "02-25328354",
        "address": "臺北市中山區大直街70號",
        "rating": "優",
        "city": "臺北市"
      },
      "geometry": {
        "type": "Point",
        "coordinates": [
          121.5462342,
          25.08358655
        ]
      }
    },
    {
      "type": "Feature",
      "properties": {
        "id": "",
        "registration_no": "A-179875054-00001-4",
        "name": "花現廚房-實踐大學店",
        "phone": "02-25328354",
        "address": "臺北市中山區大直街70號",
        "rating": "優",
        "city": "臺北市"
      },
      "geometry": {
        "type": "Point",
        "coordinates": [
          121.5462342,
          25.08358655
        ]
      }
    },
    {
      "type": "Feature",
      "properties": {
        "id": "",
        "registration_no": "A-202289182-00001-2",
        "name": "渣等-實踐大學店",
        "phone": "02-25328354",
        "address": "臺北市中山區大直街70號",
        "rating": "優",
        "city": "臺北市"
      },
      "geometry": {
        "type": "Point",
        "coordinates": [
          121.5462342,
          25.08358655
        ]
      }
    },
    {
      "type": "Feature",
      "properties": {
        "id": "",
        "registration_no": "A-200000543-00001-2",
        "name": "順成蛋糕-信義店",
        "phone": "02-87322678",
        "address": "臺北市信義區基隆路2段91號",
        "rating": "優",
        "city": "臺北市"
      },
      "geometry": {
        "type": "Point",
        "coordinates": [
          121.5579429,
          25.02986647
        ]
      }
    },
    {
      "type": "Feature",
      "properties": {
        "id": "",
        "registration_no": "A-122640634-00031-9",
        "name": "湖山國民小學午餐廚房 (中原食品)",
        "phone": "02-28610148#214",
        "address": "臺北市北投區湖底路11號",
        "rating": "優",
        "city": "臺北市"
      },
      "geometry": {
        "type": "Point",
        "coordinates": [
          121.5354944,
          25.1499848
        ]
      }
    },
    {
      "type": "Feature",
      "properties": {
        "id": "",
        "registration_no": "A-154014987-00001-7",
        "name": "瓦非屋",
        "phone": "02-28355500",
        "address": "臺北市士林區承德路5段55號",
        "rating": "優",
        "city": "臺北市"
      },
      "geometry": {
        "type": "Point",
        "coordinates": [
          121.5141693,
          25.09683515
        ]
      }
    },
    {
      "type": "Feature",
      "properties": {
        "id": "",
        "registration_no": "A-202294452-00000-7",
        "name": "小食光",
        "phone": "02-28355500",
        "address": "臺北市士林區承德路5段55號",
        "rating": "優",
        "city": "臺北市"
      },
      "geometry": {
        "type": "Point",
        "coordinates": [
          121.5141693,
          25.09683515
        ]
      }
    },
    {
      "type": "Feature",
      "properties": {
        "id": "",
        "registration_no": "A-200159382-00000-7",
        "name": "龍泉居",
        "phone": "930948818",
        "address": "臺北市大安區龍泉街23號",
        "rating": "優",
        "city": "臺北市"
      },
      "geometry": {
        "type": "Point",
        "coordinates": [
          121.5294595,
          25.02451563
        ]
      }
    },
    {
      "type": "Feature",
      "properties": {
        "id": "",
        "registration_no": "A-200052419-00000-0",
        "name": "火鍋世家-台北景華店",
        "phone": "02-29311575",
        "address": "臺北市文山區景華街98號1樓",
        "rating": "優",
        "city": "臺北市"
      },
      "geometry": {
        "type": "Point",
        "coordinates": [
          121.5459595,
          24.99523236
        ]
      }
    },
    {
      "type": "Feature",
      "properties": {
        "id": "",
        "registration_no": "A-128467554-00005-4",
        "name": "馬可先生健康烘焙-忠孝店",
        "phone": "02-27653891",
        "address": "臺北市信義區忠孝東路5段259號",
        "rating": "優",
        "city": "臺北市"
      },
      "geometry": {
        "type": "Point",
        "coordinates": [
          121.5707781,
          25.04114139
        ]
      }
    },
    {
      "type": "Feature",
      "properties": {
        "id": "",
        "registration_no": "A-129902909-00000-8",
        "name": "台北市私立衛理女子高級中學",
        "phone": "02-28411487#280",
        "address": "臺北市士林區至善路2段321號",
        "rating": "優",
        "city": "臺北市"
      },
      "geometry": {
        "type": "Point",
        "coordinates": [
          121.5522647,
          25.10172461
        ]
      }
    },
    {
      "type": "Feature",
      "properties": {
        "id": "",
        "registration_no": "A-200171537-00001-4",
        "name": "凱旋酒店55餐廳",
        "phone": "02-87527888",
        "address": "臺北市內湖區江南街55號2樓",
        "rating": "優",
        "city": "臺北市"
      },
      "geometry": {
        "type": "Point",
        "coordinates": [
          121.577939,
          25.07757174
        ]
      }
    },
    {
      "type": "Feature",
      "properties": {
        "id": "",
        "registration_no": "A-152209487-00006-1",
        "name": "蘇杭-北護店",
        "phone": "02-28296828",
        "address": "臺北市北投區明德路365號",
        "rating": "優",
        "city": "臺北市"
      },
      "geometry": {
        "type": "Point",
        "coordinates": [
          121.5213467,
          25.11754901
        ]
      }
    },
    {
      "type": "Feature",
      "properties": {
        "id": "",
        "registration_no": "A-152929520-00047-3",
        "name": "台灣壽司郎-台北石牌店",
        "phone": "02-28219703",
        "address": "臺北市北投區明德路365號",
        "rating": "優",
        "city": "臺北市"
      },
      "geometry": {
        "type": "Point",
        "coordinates": [
          121.5213467,
          25.11754901
        ]
      }
    },
    {
      "type": "Feature",
      "properties": {
        "id": "",
        "registration_no": "A-189627033-00206-4",
        "name": "21Plus-石牌門市",
        "phone": "02-28201521",
        "address": "臺北市北投區明德路365號",
        "rating": "優",
        "city": "臺北市"
      },
      "geometry": {
        "type": "Point",
        "coordinates": [
          121.5213467,
          25.11754901
        ]
      }
    },
    {
      "type": "Feature",
      "properties": {
        "id": "",
        "registration_no": "A-200223610-00015-9",
        "name": "小飯桌-振興醫院店",
        "phone": "02-28264400#8909",
        "address": "臺北市北投區振興街45號",
        "rating": "優",
        "city": "臺北市"
      },
      "geometry": {
        "type": "Point",
        "coordinates": [
          121.5224005,
          25.11754256
        ]
      }
    },
    {
      "type": "Feature",
      "properties": {
        "id": "",
        "registration_no": "A-278967175-00002-1",
        "name": "天天健康便當-振興醫院店",
        "phone": "02-28264400#8904",
        "address": "臺北市北投區振興街45號",
        "rating": "優",
        "city": "臺北市"
      },
      "geometry": {
        "type": "Point",
        "coordinates": [
          121.5224005,
          25.11754256
        ]
      }
    },
    {
      "type": "Feature",
      "properties": {
        "id": "",
        "registration_no": "A-189770993-00002-2",
        "name": "馬可先生健康烘焙-內湖店",
        "phone": "02-26575085",
        "address": "臺北市內湖區內湖路1段361號",
        "rating": "優",
        "city": "臺北市"
      },
      "geometry": {
        "type": "Point",
        "coordinates": [
          121.5694177,
          25.08217441
        ]
      }
    },
    {
      "type": "Feature",
      "properties": {
        "id": "",
        "registration_no": "A-202292662-00001-9",
        "name": "好食多涮涮鍋-西湖店",
        "phone": "02-26272222",
        "address": "臺北市內湖區內湖路1段360巷2之1號2樓",
        "rating": "優",
        "city": "臺北市"
      },
      "geometry": {
        "type": "Point",
        "coordinates": [
          121.5705342,
          25.08110379
        ]
      }
    },
    {
      "type": "Feature",
      "properties": {
        "id": "",
        "registration_no": "A-200172661-00002-4",
        "name": "Roger Café-康寧大學",
        "phone": "02-26333997",
        "address": "臺北市內湖區康寧路3段75巷137號小木屋",
        "rating": "優",
        "city": "臺北市"
      },
      "geometry": {
        "type": "Point",
        "coordinates": [
          121.610434,
          25.07584945
        ]
      }
    },
    {
      "type": "Feature",
      "properties": {
        "id": "",
        "registration_no": "A-154041773-00009-8",
        "name": "麵線歐爸-萬芳醫院店",
        "phone": "02-29335005",
        "address": "臺北市文山區修龍路3段111號B1",
        "rating": "優",
        "city": "臺北市"
      },
      "geometry": {
        "type": "Point",
        "coordinates": [
          121.5702959,
          24.9894668
        ]
      }
    },
    {
      "type": "Feature",
      "properties": {
        "id": "",
        "registration_no": "A-202288022-00001-4",
        "name": "老先覺-台北光復南店",
        "phone": "02-27489748",
        "address": "臺北市松山區光復南路5號",
        "rating": "優",
        "city": "臺北市"
      },
      "geometry": {
        "type": "Point",
        "coordinates": [
          121.5579653,
          25.04780114
        ]
      }
    },
    {
      "type": "Feature",
      "properties": {
        "id": "",
        "registration_no": "A-113825420-00009-2",
        "name": "米哥烘焙坊-大巨蛋門市",
        "phone": "02-27660668",
        "address": "臺北市信義區忠孝東路4段515號D棟",
        "rating": "優",
        "city": "臺北市"
      },
      "geometry": {
        "type": "Point",
        "coordinates": [
          121.5453268,
          25.04181525
        ]
      }
    },
    {
      "type": "Feature",
      "properties": {
        "id": "",
        "registration_no": "A-154553149-00075-6",
        "name": "滷台味-微風南京",
        "phone": "905377816",
        "address": "臺北市松山區南京東路3段337號地下室2樓",
        "rating": "優",
        "city": "臺北市"
      },
      "geometry": {
        "type": "Point",
        "coordinates": [
          121.5479946,
          25.05196309
        ]
      }
    },
    {
      "type": "Feature",
      "properties": {
        "id": "",
        "registration_no": "A-124970174-00028-2",
        "name": "這味泰泰-微風南京",
        "phone": "956574313",
        "address": "臺北市松山區南京東路3段337號地下室2樓",
        "rating": "優",
        "city": "臺北市"
      },
      "geometry": {
        "type": "Point",
        "coordinates": [
          121.5479946,
          25.05196309
        ]
      }
    },
    {
      "type": "Feature",
      "properties": {
        "id": "",
        "registration_no": "A-200225408-00000-0",
        "name": "金鑽小吃店-八方悅鍋物-關渡捷運",
        "phone": "02-28919136",
        "address": "臺北市北投區大度路3段296巷36號",
        "rating": "優",
        "city": "臺北市"
      },
      "geometry": {
        "type": "Point",
        "coordinates": [
          121.4669842,
          25.12447653
        ]
      }
    },
    {
      "type": "Feature",
      "properties": {
        "id": "",
        "registration_no": "A-189455989-00001-6",
        "name": "米哥烘焙坊-大東門市",
        "phone": "02-28812505",
        "address": "臺北市士林區大東路82之1號",
        "rating": "優",
        "city": "臺北市"
      },
      "geometry": {
        "type": "Point",
        "coordinates": [
          121.525705,
          25.09038586
        ]
      }
    },
    {
      "type": "Feature",
      "properties": {
        "id": "",
        "registration_no": "A-152929520-00013-6",
        "name": "台灣壽司郎-台北永春店",
        "phone": "02-27651536",
        "address": "臺北市信義區忠孝東路5段297之1號1樓",
        "rating": "優",
        "city": "臺北市"
      },
      "geometry": {
        "type": "Point",
        "coordinates": [
          121.5728493,
          25.04114671
        ]
      }
    },
    {
      "type": "Feature",
      "properties": {
        "id": "",
        "registration_no": "A-193679624-00001-5",
        "name": "老井信義餐飲",
        "phone": "02-87860111",
        "address": "臺北市信義區松仁路101號B1",
        "rating": "優",
        "city": "臺北市"
      },
      "geometry": {
        "type": "Point",
        "coordinates": [
          121.5686935,
          25.03596292
        ]
      }
    },
    {
      "type": "Feature",
      "properties": {
        "id": "",
        "registration_no": "A-154055473-00045-0",
        "name": "Krispy Kreme - 新光店A8",
        "phone": "02-87860396",
        "address": "臺北市信義區松高路12號B2",
        "rating": "優",
        "city": "臺北市"
      },
      "geometry": {
        "type": "Point",
        "coordinates": [
          121.5668002,
          25.0388131
        ]
      }
    },
    {
      "type": "Feature",
      "properties": {
        "id": "",
        "registration_no": "A-127542696-00071-7",
        "name": "莫凡彼-微風松高店",
        "phone": "02-27232738",
        "address": "臺北市信義區松高路16號3樓",
        "rating": "優",
        "city": "臺北市"
      },
      "geometry": {
        "type": "Point",
        "coordinates": [
          121.567277,
          25.03872882
        ]
      }
    },
    {
      "type": "Feature",
      "properties": {
        "id": "",
        "registration_no": "A-125094980-00044-3",
        "name": "臺北市北投區清江國民小學(宏遠國際餐飲股份有限公司)",
        "phone": "931620610",
        "address": "臺北市北投區公館路220號",
        "rating": "優",
        "city": "臺北市"
      },
      "geometry": {
        "type": "Point",
        "coordinates": [
          121.5075892,
          25.12690192
        ]
      }
    },
    {
      "type": "Feature",
      "properties": {
        "id": "",
        "registration_no": "A-202304522-00000-7",
        "name": "八方悅鍋物-民生興安店",
        "phone": "925800818",
        "address": "臺北市松山區民生東路3段140巷13號",
        "rating": "優",
        "city": "臺北市"
      },
      "geometry": {
        "type": "Point",
        "coordinates": [
          121.5467003,
          25.05612827
        ]
      }
    },
    {
      "type": "Feature",
      "properties": {
        "id": "",
        "registration_no": "A-100064794-00000-8",
        "name": "百變全球餐飲-光復店",
        "phone": "979353558",
        "address": "臺北市松山區光復北路8號1樓",
        "rating": "優",
        "city": "臺北市"
      },
      "geometry": {
        "type": "Point",
        "coordinates": [
          121.557663,
          25.04861214
        ]
      }
    },
    {
      "type": "Feature",
      "properties": {
        "id": "",
        "registration_no": "A-152660679-00005-4",
        "name": "Melis Sweetie",
        "phone": "02-28355500",
        "address": "臺北市士林區承德路5段55號",
        "rating": "優",
        "city": "臺北市"
      },
      "geometry": {
        "type": "Point",
        "coordinates": [
          121.5141693,
          25.09683515
        ]
      }
    },
    {
      "type": "Feature",
      "properties": {
        "id": "",
        "registration_no": "A-200123471-00002-9",
        "name": "貓貓小站",
        "phone": "02-28355500",
        "address": "臺北市士林區承德路5段55號",
        "rating": "優",
        "city": "臺北市"
      },
      "geometry": {
        "type": "Point",
        "coordinates": [
          121.5141693,
          25.09683515
        ]
      }
    },
    {
      "type": "Feature",
      "properties": {
        "id": "",
        "registration_no": "A-125669818-00001-4",
        "name": "大眼蝦",
        "phone": "02-28355500",
        "address": "臺北市士林區承德路5段55號",
        "rating": "優",
        "city": "臺北市"
      },
      "geometry": {
        "type": "Point",
        "coordinates": [
          121.5141693,
          25.09683515
        ]
      }
    },
    {
      "type": "Feature",
      "properties": {
        "id": "",
        "registration_no": "A-189152079-00006-5",
        "name": "POPEYES-台北101店",
        "phone": "02-81018662",
        "address": "臺北市信義區市府路45號B1",
        "rating": "優",
        "city": "臺北市"
      },
      "geometry": {
        "type": "Point",
        "coordinates": [
          121.5639041,
          25.0340262
        ]
      }
    },
    {
      "type": "Feature",
      "properties": {
        "id": "",
        "registration_no": "A-197301707-00008-0",
        "name": "拿坡里披薩炸雞士林店",
        "phone": "02-28833300",
        "address": "臺北市士林區文林路430號1樓",
        "rating": "優",
        "city": "臺北市"
      },
      "geometry": {
        "type": "Point",
        "coordinates": [
          121.5248463,
          25.09456211
        ]
      }
    },
    {
      "type": "Feature",
      "properties": {
        "id": "",
        "registration_no": "A-150824845-00107-2",
        "name": "KAFE D-台北101店",
        "phone": "02-81010488",
        "address": "臺北市信義區信義路5段7號89樓",
        "rating": "優",
        "city": "臺北市"
      },
      "geometry": {
        "type": "Point",
        "coordinates": [
          121.5647896,
          25.03341671
        ]
      }
    },
    {
      "type": "Feature",
      "properties": {
        "id": "",
        "registration_no": "A-128949151-00802-7",
        "name": "迷客夏-台北101店",
        "phone": "02-81010096",
        "address": "臺北市信義區信義路5段7號89樓",
        "rating": "優",
        "city": "臺北市"
      },
      "geometry": {
        "type": "Point",
        "coordinates": [
          121.5647896,
          25.03341671
        ]
      }
    },
    {
      "type": "Feature",
      "properties": {
        "id": "",
        "registration_no": "A-183097938-00006-1",
        "name": "奎士咖啡-台北101店",
        "phone": "02-81017652",
        "address": "臺北市信義區市府路45號B1",
        "rating": "優",
        "city": "臺北市"
      },
      "geometry": {
        "type": "Point",
        "coordinates": [
          121.5639041,
          25.0340262
        ]
      }
    },
    {
      "type": "Feature",
      "properties": {
        "id": "",
        "registration_no": "A-193716120-00001-8",
        "name": "美利港式茶檔公司-台北101店",
        "phone": "02-81017677",
        "address": "臺北市信義區市府路45號B1",
        "rating": "優",
        "city": "臺北市"
      },
      "geometry": {
        "type": "Point",
        "coordinates": [
          121.5639041,
          25.0340262
        ]
      }
    },
    {
      "type": "Feature",
      "properties": {
        "id": "",
        "registration_no": "A-124535031-00013-5",
        "name": "REEDS士林店（嘉穗創意食品股份有限公司）",
        "phone": "02-25500192",
        "address": "臺北市士林區文林路340之1號",
        "rating": "優",
        "city": "臺北市"
      },
      "geometry": {
        "type": "Point",
        "coordinates": [
          121.5254192,
          25.09320946
        ]
      }
    },
    {
      "type": "Feature",
      "properties": {
        "id": "",
        "registration_no": "A-180529551-00026-1",
        "name": "建國中學早餐部(連大莊企業有限公司)",
        "phone": "930963596",
        "address": "臺北市中正區南海路56號",
        "rating": "優",
        "city": "臺北市"
      },
      "geometry": {
        "type": "Point",
        "coordinates": [
          121.5121774,
          25.03121005
        ]
      }
    },
    {
      "type": "Feature",
      "properties": {
        "id": "",
        "registration_no": "A-160686965-00000-4",
        "name": "十盛-台北士林店",
        "phone": "02-28830895",
        "address": "臺北市士林區中正路235巷24號1樓",
        "rating": "優",
        "city": "臺北市"
      },
      "geometry": {
        "type": "Point",
        "coordinates": [
          121.5261211,
          25.09457665
        ]
      }
    },
    {
      "type": "Feature",
      "properties": {
        "id": "",
        "registration_no": "A-152203842-00002-6",
        "name": "豚之家有限公司",
        "phone": "02-28892270",
        "address": "臺北市士林區中山北路5段523號1樓",
        "rating": "優",
        "city": "臺北市"
      },
      "geometry": {
        "type": "Point",
        "coordinates": [
          121.5278333,
          25.09401271
        ]
      }
    },
    {
      "type": "Feature",
      "properties": {
        "id": "",
        "registration_no": "A-153913146-00022-4",
        "name": "堤諾義大利比薩 Tino's Pizza 士林中正門市",
        "phone": "02-26573315",
        "address": "臺北市士林區中正路209號1樓",
        "rating": "優",
        "city": "臺北市"
      },
      "geometry": {
        "type": "Point",
        "coordinates": [
          121.5266899,
          25.09533479
        ]
      }
    },
    {
      "type": "Feature",
      "properties": {
        "id": "",
        "registration_no": "A-200145980-00003-9",
        "name": "小紅帽麵包",
        "phone": "02-28883388",
        "address": "臺北市士林區中正路235巷26號1樓",
        "rating": "優",
        "city": "臺北市"
      },
      "geometry": {
        "type": "Point",
        "coordinates": [
          121.5261356,
          25.09453315
        ]
      }
    },
    {
      "type": "Feature",
      "properties": {
        "id": "",
        "registration_no": "A-124787090-00005-0",
        "name": "堤亞摩事業有限公司",
        "phone": "02-28316091",
        "address": "臺北市士林區中正路210之5號",
        "rating": "優",
        "city": "臺北市"
      },
      "geometry": {
        "type": "Point",
        "coordinates": [
          121.5264985,
          25.09558065
        ]
      }
    },
    {
      "type": "Feature",
      "properties": {
        "id": "",
        "registration_no": "A-193591607-00001-9",
        "name": "Bar DAD",
        "phone": "02-28834191",
        "address": "臺北市士林區中山北路5段505巷24號1樓",
        "rating": "優",
        "city": "臺北市"
      },
      "geometry": {
        "type": "Point",
        "coordinates": [
          121.5270524,
          25.09311744
        ]
      }
    },
    {
      "type": "Feature",
      "properties": {
        "id": "",
        "registration_no": "A-124357660-00193-4",
        "name": "2派克脆皮雞排",
        "phone": "02-28835008",
        "address": "臺北市士林區文林路404巷21號",
        "rating": "優",
        "city": "臺北市"
      },
      "geometry": {
        "type": "Point",
        "coordinates": [
          121.5257182,
          25.09433575
        ]
      }
    },
    {
      "type": "Feature",
      "properties": {
        "id": "",
        "registration_no": "A-200002094-00001-5",
        "name": "士林9份芋圓",
        "phone": "02-28355666",
        "address": "臺北市士林區文林路493號1樓",
        "rating": "優",
        "city": "臺北市"
      },
      "geometry": {
        "type": "Point",
        "coordinates": [
          121.5241666,
          25.09632277
        ]
      }
    },
    {
      "type": "Feature",
      "properties": {
        "id": "",
        "registration_no": "A-142339102-00001-3",
        "name": "Bremen不萊梅",
        "phone": "02-28348007",
        "address": "臺北市士林區文林路514之1號1、2樓",
        "rating": "優",
        "city": "臺北市"
      },
      "geometry": {
        "type": "Point",
        "coordinates": [
          121.5241498,
          25.09697693
        ]
      }
    },
    {
      "type": "Feature",
      "properties": {
        "id": "",
        "registration_no": "A-200003469-00001-2",
        "name": "大塊牛排",
        "phone": "02-28806629",
        "address": "臺北市士林區文林路341號",
        "rating": "優",
        "city": "臺北市"
      },
      "geometry": {
        "type": "Point",
        "coordinates": [
          121.5255767,
          25.09268753
        ]
      }
    },
    {
      "type": "Feature",
      "properties": {
        "id": "",
        "registration_no": "A-200193995-00001-6",
        "name": "小聚人複合式餐飲",
        "phone": "02-88663616",
        "address": "臺北市士林區文林路527號1樓",
        "rating": "優",
        "city": "臺北市"
      },
      "geometry": {
        "type": "Point",
        "coordinates": [
          121.523958,
          25.09712508
        ]
      }
    },
    {
      "type": "Feature",
      "properties": {
        "id": "",
        "registration_no": "A-112216960-00001-6",
        "name": "南美咖啡",
        "phone": "02-28351527",
        "address": "臺北市士林區文林路446號1樓",
        "rating": "優",
        "city": "臺北市"
      },
      "geometry": {
        "type": "Point",
        "coordinates": [
          121.5246475,
          25.09530713
        ]
      }
    },
    {
      "type": "Feature",
      "properties": {
        "id": "",
        "registration_no": "A-184501598-00197-5",
        "name": "怡客咖啡股份有限公司",
        "phone": "02-28805920",
        "address": "臺北市士林區中正路231號",
        "rating": "優",
        "city": "臺北市"
      },
      "geometry": {
        "type": "Point",
        "coordinates": [
          121.5260968,
          25.09519926
        ]
      }
    },
    {
      "type": "Feature",
      "properties": {
        "id": "",
        "registration_no": "A-176373459-00001-3",
        "name": "永和豆漿-文林店",
        "phone": "02-88664172",
        "address": "臺北市士林區文林路526號",
        "rating": "優",
        "city": "臺北市"
      },
      "geometry": {
        "type": "Point",
        "coordinates": [
          121.5241226,
          25.09718753
        ]
      }
    },
    {
      "type": "Feature",
      "properties": {
        "id": "",
        "registration_no": "A-117762397-00001-1",
        "name": "歐品鄉廚餐坊",
        "phone": "02-28839951",
        "address": "臺北市士林區中正路235巷32號",
        "rating": "優",
        "city": "臺北市"
      },
      "geometry": {
        "type": "Point",
        "coordinates": [
          121.5261729,
          25.09442204
        ]
      }
    },
    {
      "type": "Feature",
      "properties": {
        "id": "",
        "registration_no": "A-188303866-00001-1",
        "name": "得正",
        "phone": "988155687",
        "address": "臺北市士林區中正路235巷28號",
        "rating": "優",
        "city": "臺北市"
      },
      "geometry": {
        "type": "Point",
        "coordinates": [
          121.5261478,
          25.09449673
        ]
      }
    },
    {
      "type": "Feature",
      "properties": {
        "id": "",
        "registration_no": "A-200145026-00001-8",
        "name": "老虎醬溫州大餛飩",
        "phone": "02-28832926",
        "address": "臺北市士林區中正路235巷30號",
        "rating": "優",
        "city": "臺北市"
      },
      "geometry": {
        "type": "Point",
        "coordinates": [
          121.5261603,
          25.09445955
        ]
      }
    },
    {
      "type": "Feature",
      "properties": {
        "id": "",
        "registration_no": "A-200185420-00000-9",
        "name": "50嵐",
        "phone": "02-28833305",
        "address": "臺北市士林區中正路235巷38號",
        "rating": "優",
        "city": "臺北市"
      },
      "geometry": {
        "type": "Point",
        "coordinates": [
          121.5262135,
          25.09430072
        ]
      }
    },
    {
      "type": "Feature",
      "properties": {
        "id": "",
        "registration_no": "A-166641441-00051-6",
        "name": "龜記茗品",
        "phone": "02-27599688",
        "address": "臺北市士林區中正路235巷40號",
        "rating": "優",
        "city": "臺北市"
      },
      "geometry": {
        "type": "Point",
        "coordinates": [
          121.5262281,
          25.094257
        ]
      }
    },
    {
      "type": "Feature",
      "properties": {
        "id": "",
        "registration_no": "A-193709866-00001-7",
        "name": "有小癮個人酸菜魚 士林中正店",
        "phone": "02-85214107",
        "address": "臺北市士林區中正路235巷41號",
        "rating": "優",
        "city": "臺北市"
      },
      "geometry": {
        "type": "Point",
        "coordinates": [
          121.5263192,
          25.09417767
        ]
      }
    },
    {
      "type": "Feature",
      "properties": {
        "id": "",
        "registration_no": "A-200207705-00001-1",
        "name": "花香見咖啡烘焙工作室",
        "phone": "983056576",
        "address": "臺北市士林區中正路235巷57號",
        "rating": "優",
        "city": "臺北市"
      },
      "geometry": {
        "type": "Point",
        "coordinates": [
          121.526422,
          25.09372102
        ]
      }
    },
    {
      "type": "Feature",
      "properties": {
        "id": "",
        "registration_no": "A-200118708-00001-5",
        "name": "牛有廖",
        "phone": "02-88613708",
        "address": "臺北市士林區美德街16巷8號",
        "rating": "優",
        "city": "臺北市"
      },
      "geometry": {
        "type": "Point",
        "coordinates": [
          121.5256944,
          25.09439287
        ]
      }
    },
    {
      "type": "Feature",
      "properties": {
        "id": "",
        "registration_no": "A-200127302-00001-5",
        "name": "有幸福咖啡",
        "phone": "02-28821521",
        "address": "臺北市士林區美德街21號1樓",
        "rating": "優",
        "city": "臺北市"
      },
      "geometry": {
        "type": "Point",
        "coordinates": [
          121.5252973,
          25.09444359
        ]
      }
    },
    {
      "type": "Feature",
      "properties": {
        "id": "",
        "registration_no": "A-188308742-00001-9",
        "name": "第二人生咖啡館士林店",
        "phone": "02-28315919",
        "address": "臺北市士林區美德街74號1樓",
        "rating": "優",
        "city": "臺北市"
      },
      "geometry": {
        "type": "Point",
        "coordinates": [
          121.5250519,
          25.09577639
        ]
      }
    },
    {
      "type": "Feature",
      "properties": {
        "id": "",
        "registration_no": "A-193107323-00000-6",
        "name": "臺北市政府社會局委託佳醫長照社團法人經營管理臺北市兆如老人安養護中心",
        "phone": "02-29362188#1102",
        "address": "臺北市文山區政大二街129號",
        "rating": "優",
        "city": "臺北市"
      },
      "geometry": {
        "type": "Point",
        "coordinates": [
          121.5841933,
          24.98931478
        ]
      }
    },
    {
      "type": "Feature",
      "properties": {
        "id": "",
        "registration_no": "A-122345859-00001-7",
        "name": "順成蛋糕-忠孝一店",
        "phone": "02-27117222",
        "address": "臺北市大安區敦化南路1段212號",
        "rating": "優",
        "city": "臺北市"
      },
      "geometry": {
        "type": "Point",
        "coordinates": [
          121.5484706,
          25.04126049
        ]
      }
    },
    {
      "type": "Feature",
      "properties": {
        "id": "",
        "registration_no": "A-190323071-00033-9",
        "name": "初魚鮨 初魚鉄板料亭-臺北101店",
        "phone": "02-23660792",
        "address": "臺北市信義區市府路45號4樓",
        "rating": "優",
        "city": "臺北市"
      },
      "geometry": {
        "type": "Point",
        "coordinates": [
          121.5639041,
          25.0340262
        ]
      }
    },
    {
      "type": "Feature",
      "properties": {
        "id": "",
        "registration_no": "A-154199324-00001-6",
        "name": "焦糖楓-永吉店",
        "phone": "930360708",
        "address": "臺北市信義區永吉路30巷120號",
        "rating": "優",
        "city": "臺北市"
      },
      "geometry": {
        "type": "Point",
        "coordinates": [
          121.5686694,
          25.04302027
        ]
      }
    },
    {
      "type": "Feature",
      "properties": {
        "id": "",
        "registration_no": "A-197301707-00013-6",
        "name": "拿坡里披薩炸雞永吉店",
        "phone": "02-27616966",
        "address": "臺北市信義區永吉路343號1樓",
        "rating": "優",
        "city": "臺北市"
      },
      "geometry": {
        "type": "Point",
        "coordinates": [
          121.5761781,
          25.0456516
        ]
      }
    },
    {
      "type": "Feature",
      "properties": {
        "id": "",
        "registration_no": "A-118408439-00001-6",
        "name": "興葉蚵仔煎-臺北101店",
        "phone": "02-81018512",
        "address": "臺北市信義區市府路45號B1",
        "rating": "優",
        "city": "臺北市"
      },
      "geometry": {
        "type": "Point",
        "coordinates": [
          121.5639041,
          25.0340262
        ]
      }
    },
    {
      "type": "Feature",
      "properties": {
        "id": "",
        "registration_no": "A-124399710-00069-8",
        "name": "紅蕃茄醬早餐-南港高工",
        "phone": "02-89653767",
        "address": "臺北市南港區興中路29號",
        "rating": "優",
        "city": "臺北市"
      },
      "geometry": {
        "type": "Point",
        "coordinates": [
          121.6071919,
          25.05633472
        ]
      }
    },
    {
      "type": "Feature",
      "properties": {
        "id": "",
        "registration_no": "A-124399710-00057-5",
        "name": "甜品美食屋-南港高工",
        "phone": "02-89653767",
        "address": "臺北市南港區興中路29號",
        "rating": "優",
        "city": "臺北市"
      },
      "geometry": {
        "type": "Point",
        "coordinates": [
          121.6071919,
          25.05633472
        ]
      }
    },
    {
      "type": "Feature",
      "properties": {
        "id": "",
        "registration_no": "A-128673689-00025-4",
        "name": "第一餐盒股份有限公司",
        "phone": "02-26521898",
        "address": "臺北市南港區重陽路263巷8號2樓",
        "rating": "優",
        "city": "臺北市"
      },
      "geometry": {
        "type": "Point",
        "coordinates": [
          121.6029824,
          25.05834575
        ]
      }
    },
    {
      "type": "Feature",
      "properties": {
        "id": "",
        "registration_no": "A-116530835-00008-7",
        "name": "靜心學校財團法人臺北市私立靜心高級中等學校(上林餐飲事業股份有限公司)",
        "phone": "02-29355765",
        "address": "臺北市文山區興隆路2段46號B1",
        "rating": "優",
        "city": "臺北市"
      },
      "geometry": {
        "type": "Point",
        "coordinates": [
          121.5468251,
          24.99902931
        ]
      }
    },
    {
      "type": "Feature",
      "properties": {
        "id": "",
        "registration_no": "A-180529551-00018-2",
        "name": "萬芳高中早餐部(連大莊企業有限公司)",
        "phone": "929741935",
        "address": "臺北市文山區興隆路3段115巷1號",
        "rating": "優",
        "city": "臺北市"
      },
      "geometry": {
        "type": "Point",
        "coordinates": [
          121.5587811,
          25.00055877
        ]
      }
    },
    {
      "type": "Feature",
      "properties": {
        "id": "",
        "registration_no": "A-154199324-00002-7",
        "name": "焦糖楓-通化店",
        "phone": "930360708",
        "address": "臺北市大安區通化街48號",
        "rating": "優",
        "city": "臺北市"
      },
      "geometry": {
        "type": "Point",
        "coordinates": [
          121.5541395,
          25.03069293
        ]
      }
    },
    {
      "type": "Feature",
      "properties": {
        "id": "",
        "registration_no": "A-193738399-00001-0",
        "name": "焦糖楓-南機場店",
        "phone": "930360708",
        "address": "臺北市中正區中華路2段307巷15號",
        "rating": "優",
        "city": "臺北市"
      },
      "geometry": {
        "type": "Point",
        "coordinates": [
          121.5057138,
          25.02918603
        ]
      }
    },
    {
      "type": "Feature",
      "properties": {
        "id": "",
        "registration_no": "A-154199324-00009-4",
        "name": "焦糖楓-西門店",
        "phone": "930360708",
        "address": "臺北市萬華區成都路46號",
        "rating": "優",
        "city": "臺北市"
      },
      "geometry": {
        "type": "Point",
        "coordinates": [
          121.5062778,
          25.0425933
        ]
      }
    },
    {
      "type": "Feature",
      "properties": {
        "id": "",
        "registration_no": "A-197301707-00006-8",
        "name": "拿坡里披薩炸雞龍江店",
        "phone": "02-25154733",
        "address": "臺北市中山區龍江路303號",
        "rating": "優",
        "city": "臺北市"
      },
      "geometry": {
        "type": "Point",
        "coordinates": [
          121.5408571,
          25.06094221
        ]
      }
    },
    {
      "type": "Feature",
      "properties": {
        "id": "",
        "registration_no": "A-202283189-00001-3",
        "name": "小胖擼串士林店",
        "phone": "02-28831545",
        "address": "臺北市士林區中山北路5段505巷23號",
        "rating": "優",
        "city": "臺北市"
      },
      "geometry": {
        "type": "Point",
        "coordinates": [
          121.5272602,
          25.09318114
        ]
      }
    },
    {
      "type": "Feature",
      "properties": {
        "id": "",
        "registration_no": "A-154162662-00002-2",
        "name": "萃茶風",
        "phone": "02-28355500",
        "address": "臺北市士林區承德路5段55號",
        "rating": "優",
        "city": "臺北市"
      },
      "geometry": {
        "type": "Point",
        "coordinates": [
          121.5141693,
          25.09683515
        ]
      }
    },
    {
      "type": "Feature",
      "properties": {
        "id": "",
        "registration_no": "F-166415108-00000-4",
        "name": "家傳膳食有限公司",
        "phone": "02-85025577",
        "address": "臺北市中山區樂群三路56號5樓",
        "rating": "優",
        "city": "臺北市"
      },
      "geometry": {
        "type": "Point",
        "coordinates": [
          121.5528347,
          25.08247532
        ]
      }
    },
    {
      "type": "Feature",
      "properties": {
        "id": "",
        "registration_no": "A-154325075-00002-1",
        "name": "中山女高熟食部",
        "phone": "02-25079106",
        "address": "臺北市中山區長安東路2段141號",
        "rating": "優",
        "city": "臺北市"
      },
      "geometry": {
        "type": "Point",
        "coordinates": [
          121.5371614,
          25.04853158
        ]
      }
    },
    {
      "type": "Feature",
      "properties": {
        "id": "",
        "registration_no": "A-197301707-00575-9",
        "name": "拿坡里披薩炸雞松江店",
        "phone": "02-25628922",
        "address": "臺北市中山區松江路42號",
        "rating": "優",
        "city": "臺北市"
      },
      "geometry": {
        "type": "Point",
        "coordinates": [
          121.5327353,
          25.04773706
        ]
      }
    },
    {
      "type": "Feature",
      "properties": {
        "id": "",
        "registration_no": "A-180529551-00017-1",
        "name": "大同高中早餐部（連大莊企業有限公司）",
        "phone": "02-25019527",
        "address": "臺北市中山區長春路167號",
        "rating": "優",
        "city": "臺北市"
      },
      "geometry": {
        "type": "Point",
        "coordinates": [
          121.5351085,
          25.05498628
        ]
      }
    },
    {
      "type": "Feature",
      "properties": {
        "id": "",
        "registration_no": "A-128202098-00013-3",
        "name": "但馬家涮涮鍋",
        "phone": "02-27120067",
        "address": "臺北市松山區敦化北路166號3樓",
        "rating": "優",
        "city": "臺北市"
      },
      "geometry": {
        "type": "Point",
        "coordinates": [
          121.5484074,
          25.05558999
        ]
      }
    },
    {
      "type": "Feature",
      "properties": {
        "id": "",
        "registration_no": "A-183530737-00005-9",
        "name": "JR東日本大飯店臺北-Platform",
        "phone": "02-77500935",
        "address": "臺北市中山區南京東路3段133號1樓",
        "rating": "優",
        "city": "臺北市"
      },
      "geometry": {
        "type": "Point",
        "coordinates": [
          121.5412575,
          25.05218542
        ]
      }
    },
    {
      "type": "Feature",
      "properties": {
        "id": "",
        "registration_no": "A-183530737-00009-3",
        "name": "JR東日本大飯店臺北-The Bar",
        "phone": "02-77500936",
        "address": "臺北市中山區南京東路3段133號3樓",
        "rating": "優",
        "city": "臺北市"
      },
      "geometry": {
        "type": "Point",
        "coordinates": [
          121.5412575,
          25.05218542
        ]
      }
    },
    {
      "type": "Feature",
      "properties": {
        "id": "",
        "registration_no": "A-188143165-00001-5",
        "name": "火鍋世家（民生ㄧ店）",
        "phone": "02-25239322",
        "address": "臺北市中山區民生東路2段75號",
        "rating": "優",
        "city": "臺北市"
      },
      "geometry": {
        "type": "Point",
        "coordinates": [
          121.5304897,
          25.05811638
        ]
      }
    },
    {
      "type": "Feature",
      "properties": {
        "id": "",
        "registration_no": "A-189455989-00002-7",
        "name": "米哥烘焙坊-農安門市",
        "phone": "02-25619959",
        "address": "臺北市中山區農安街12之6號",
        "rating": "優",
        "city": "臺北市"
      },
      "geometry": {
        "type": "Point",
        "coordinates": [
          121.5242374,
          25.06486644
        ]
      }
    },
    {
      "type": "Feature",
      "properties": {
        "id": "",
        "registration_no": "A-154199324-00010-6",
        "name": "焦糖楓-忠孝店",
        "phone": "930360708",
        "address": "臺北市大安區忠孝東路4段10號1樓",
        "rating": "優",
        "city": "臺北市"
      },
      "geometry": {
        "type": "Point",
        "coordinates": [
          121.5441969,
          25.04140986
        ]
      }
    },
    {
      "type": "Feature",
      "properties": {
        "id": "",
        "registration_no": "A-197301707-00095-6",
        "name": "拿坡里披薩炸雞東湖店",
        "phone": "02-26335005",
        "address": "臺北市內湖區東湖路161號",
        "rating": "優",
        "city": "臺北市"
      },
      "geometry": {
        "type": "Point",
        "coordinates": [
          121.6175567,
          25.06807273
        ]
      }
    },
    {
      "type": "Feature",
      "properties": {
        "id": "",
        "registration_no": "A-200254162-00001-0",
        "name": "國泰內湖產後護理之家",
        "phone": "02-26585999#8006",
        "address": "臺北市內湖區瑞光路337號C棟13樓",
        "rating": "優",
        "city": "臺北市"
      },
      "geometry": {
        "type": "Point",
        "coordinates": [
          121.5746777,
          25.07660793
        ]
      }
    },
    {
      "type": "Feature",
      "properties": {
        "id": "",
        "registration_no": "A-155019806-00004-6",
        "name": "一条通-舊宗門市",
        "phone": "02-87919841",
        "address": "臺北市內湖區舊宗路1段128號1樓",
        "rating": "優",
        "city": "臺北市"
      },
      "geometry": {
        "type": "Point",
        "coordinates": [
          121.5783204,
          25.060963
        ]
      }
    },
    {
      "type": "Feature",
      "properties": {
        "id": "",
        "registration_no": "A-200223008-00001-5",
        "name": "小李米粉湯",
        "phone": "975177210",
        "address": "臺北市大安區師大路39巷17號",
        "rating": "優",
        "city": "臺北市"
      },
      "geometry": {
        "type": "Point",
        "coordinates": [
          121.5291782,
          25.0246497
        ]
      }
    },
    {
      "type": "Feature",
      "properties": {
        "id": "",
        "registration_no": "A-179827407-00001-3",
        "name": "騎士碁",
        "phone": "918532088",
        "address": "臺北市大安區師大路49巷10號1樓",
        "rating": "優",
        "city": "臺北市"
      },
      "geometry": {
        "type": "Point",
        "coordinates": [
          121.5290458,
          25.0242169
        ]
      }
    },
    {
      "type": "Feature",
      "properties": {
        "id": "",
        "registration_no": "A-200229240-00001-9",
        "name": "阿諾可麗餅",
        "phone": "958703694",
        "address": "臺北市大安區師大路39巷1號1樓",
        "rating": "優",
        "city": "臺北市"
      },
      "geometry": {
        "type": "Point",
        "coordinates": [
          121.5291023,
          25.02466206
        ]
      }
    },
    {
      "type": "Feature",
      "properties": {
        "id": "",
        "registration_no": "A-153691897-00043-3",
        "name": "統鮮美食駐外三興國小廚房",
        "phone": "02-27364687#129",
        "address": "臺北市信義區基隆路2段99號",
        "rating": "優",
        "city": "臺北市"
      },
      "geometry": {
        "type": "Point",
        "coordinates": [
          121.5580269,
          25.02972041
        ]
      }
    },
    {
      "type": "Feature",
      "properties": {
        "id": "",
        "registration_no": "A-155858668-00007-6",
        "name": "排排沾 - 美麗華店",
        "phone": "02-85025316",
        "address": "臺北市中山區敬業三路22號B1",
        "rating": "優",
        "city": "臺北市"
      },
      "geometry": {
        "type": "Point",
        "coordinates": [
          121.5579668,
          25.08281981
        ]
      }
    },
    {
      "type": "Feature",
      "properties": {
        "id": "",
        "registration_no": "A-278958543-00005-3",
        "name": "日春木瓜牛奶 - 美麗華",
        "phone": "925800209",
        "address": "臺北市中山區敬業三路22號B1",
        "rating": "優",
        "city": "臺北市"
      },
      "geometry": {
        "type": "Point",
        "coordinates": [
          121.5579668,
          25.08281981
        ]
      }
    },
    {
      "type": "Feature",
      "properties": {
        "id": "",
        "registration_no": "A-193526016-00001-1",
        "name": "鴨覓 - 美麗華店",
        "phone": "02-85011101",
        "address": "臺北市中山區敬業三路22號5樓",
        "rating": "優",
        "city": "臺北市"
      },
      "geometry": {
        "type": "Point",
        "coordinates": [
          121.5579668,
          25.08281981
        ]
      }
    },
    {
      "type": "Feature",
      "properties": {
        "id": "",
        "registration_no": "A-185166348-00001-0",
        "name": "壬甲健康饗食館(南湖高中學生餐廳)",
        "phone": "02-26308889",
        "address": "臺北市內湖區康寧路3段220號",
        "rating": "優",
        "city": "臺北市"
      },
      "geometry": {
        "type": "Point",
        "coordinates": [
          121.6111296,
          25.06690233
        ]
      }
    },
    {
      "type": "Feature",
      "properties": {
        "id": "",
        "registration_no": "A-189455989-00024-1",
        "name": "米哥烘焙坊-東門店",
        "phone": "02-23223538",
        "address": "臺北市大安區金山南路2段2號",
        "rating": "優",
        "city": "臺北市"
      },
      "geometry": {
        "type": "Point",
        "coordinates": [
          121.5270591,
          25.03382206
        ]
      }
    },
    {
      "type": "Feature",
      "properties": {
        "id": "",
        "registration_no": "A-202267464-00001-1",
        "name": "上官木桶鍋(樂利店)",
        "phone": "02-27323295",
        "address": "臺北市大安區樂利路52號",
        "rating": "優",
        "city": "臺北市"
      },
      "geometry": {
        "type": "Point",
        "coordinates": [
          121.5516592,
          25.02639347
        ]
      }
    },
    {
      "type": "Feature",
      "properties": {
        "id": "",
        "registration_no": "A-202294206-00001-5",
        "name": "好食多涮涮鍋-大安店",
        "phone": "918021986",
        "address": "臺北市大安區大安路1段19巷8號1樓",
        "rating": "優",
        "city": "臺北市"
      },
      "geometry": {
        "type": "Point",
        "coordinates": [
          121.5465874,
          25.04434658
        ]
      }
    },
    {
      "type": "Feature",
      "properties": {
        "id": "",
        "registration_no": "A-100212346-00001-7",
        "name": "QBurger 文山光輝店",
        "phone": "02-29396013",
        "address": "臺北市文山區木柵路1段270、274號1樓",
        "rating": "優",
        "city": "臺北市"
      },
      "geometry": {
        "type": "Point",
        "coordinates": [
          121.5567489,
          24.98820949
        ]
      }
    },
    {
      "type": "Feature",
      "properties": {
        "id": "",
        "registration_no": "A-189455989-00028-5",
        "name": "米哥烘焙坊-社子門市",
        "phone": "02-25976515",
        "address": "臺北市大同區延平北路6段57號",
        "rating": "優",
        "city": "臺北市"
      },
      "geometry": {
        "type": "Point",
        "coordinates": [
          121.5088001,
          25.0878086
        ]
      }
    },
    {
      "type": "Feature",
      "properties": {
        "id": "",
        "registration_no": "A-180529551-00025-0",
        "name": "景美熱食部(連大莊企業有限公司)",
        "phone": "02-28228807",
        "address": "臺北市文山區木新路3段312號",
        "rating": "優",
        "city": "臺北市"
      },
      "geometry": {
        "type": "Point",
        "coordinates": [
          121.5562283,
          24.98074173
        ]
      }
    },
    {
      "type": "Feature",
      "properties": {
        "id": "",
        "registration_no": "A-200136499-00001-2",
        "name": "大台北平價滷味",
        "phone": "02-33651863",
        "address": "臺北市大安區龍泉街54號前",
        "rating": "優",
        "city": "臺北市"
      },
      "geometry": {
        "type": "Point",
        "coordinates": [
          121.5293422,
          25.02386783
        ]
      }
    },
    {
      "type": "Feature",
      "properties": {
        "id": "",
        "registration_no": "A-180529551-00029-4",
        "name": "景美早餐部(連大莊企業有限公司)",
        "phone": "02-28228807",
        "address": "臺北市文山區木新路3段312號",
        "rating": "優",
        "city": "臺北市"
      },
      "geometry": {
        "type": "Point",
        "coordinates": [
          121.5562283,
          24.98074173
        ]
      }
    },
    {
      "type": "Feature",
      "properties": {
        "id": "",
        "registration_no": "A-202270750-00001-3",
        "name": "士林家人涼麵",
        "phone": "922780697",
        "address": "臺北市士林區文林路404巷21號1樓",
        "rating": "優",
        "city": "臺北市"
      },
      "geometry": {
        "type": "Point",
        "coordinates": [
          121.5257182,
          25.09433575
        ]
      }
    },
    {
      "type": "Feature",
      "properties": {
        "id": "",
        "registration_no": "A-200154448-00001-6",
        "name": "TWOS早午餐Brunch Cafe專賣店",
        "phone": "02-28830345",
        "address": "臺北市士林區中正路235巷21號",
        "rating": "優",
        "city": "臺北市"
      },
      "geometry": {
        "type": "Point",
        "coordinates": [
          121.5261692,
          25.09463696
        ]
      }
    },
    {
      "type": "Feature",
      "properties": {
        "id": "",
        "registration_no": "A-200197624-00002-0",
        "name": "貳貳参商號",
        "phone": "939957493",
        "address": "臺北市士林區中正路223巷11號",
        "rating": "優",
        "city": "臺北市"
      },
      "geometry": {
        "type": "Point",
        "coordinates": [
          121.5263864,
          25.09488728
        ]
      }
    },
    {
      "type": "Feature",
      "properties": {
        "id": "",
        "registration_no": "A-200016076-00001-0",
        "name": "靜心健康素食坊",
        "phone": "02-88615141",
        "address": "臺北市士林區美德街26號",
        "rating": "優",
        "city": "臺北市"
      },
      "geometry": {
        "type": "Point",
        "coordinates": [
          121.5255056,
          25.09460846
        ]
      }
    },
    {
      "type": "Feature",
      "properties": {
        "id": "",
        "registration_no": "A-124356965-00005-3",
        "name": "石研室爆炒石頭火鍋-南港中信店",
        "phone": "02-27850558",
        "address": "臺北市南港區經貿二路186號C棟3樓",
        "rating": "優",
        "city": "臺北市"
      },
      "geometry": {
        "type": "Point",
        "coordinates": [
          121.6154804,
          25.05974697
        ]
      }
    },
    {
      "type": "Feature",
      "properties": {
        "id": "",
        "registration_no": "A-184630426-00575-8",
        "name": "青花驕台北南港車站店",
        "phone": "02-27867866",
        "address": "臺北市南港區忠孝東路7段299號9樓",
        "rating": "優",
        "city": "臺北市"
      },
      "geometry": {
        "type": "Point",
        "coordinates": [
          121.6047925,
          25.0523635
        ]
      }
    },
    {
      "type": "Feature",
      "properties": {
        "id": "",
        "registration_no": "A-125583930-00001-4",
        "name": "火鍋世家(南港興中店)",
        "phone": "02-27857522",
        "address": "臺北市南港區興中路12巷25號1樓",
        "rating": "優",
        "city": "臺北市"
      },
      "geometry": {
        "type": "Point",
        "coordinates": [
          121.6064441,
          25.05502748
        ]
      }
    },
    {
      "type": "Feature",
      "properties": {
        "id": "",
        "registration_no": "A-128673689-00020-9",
        "name": "第一餐盒股份有限公司 (健康國小群組)",
        "phone": "02-27421133",
        "address": "臺北市松山區三民路43巷1號",
        "rating": "優",
        "city": "臺北市"
      },
      "geometry": {
        "type": "Point",
        "coordinates": [
          121.5634692,
          25.05597652
        ]
      }
    },
    {
      "type": "Feature",
      "properties": {
        "id": "",
        "registration_no": "A-160725812-00001-0",
        "name": "鮨中澤",
        "phone": "02-27580266",
        "address": "臺北市大安區仁愛路4段452巷6號1樓",
        "rating": "優",
        "city": "臺北市"
      },
      "geometry": {
        "type": "Point",
        "coordinates": [
          121.5591287,
          25.03702101
        ]
      }
    },
    {
      "type": "Feature",
      "properties": {
        "id": "",
        "registration_no": "A-155858668-00003-2",
        "name": "八色MiNi - 美麗華",
        "phone": "02-85027058",
        "address": "臺北市中山區敬業三路20號B1",
        "rating": "優",
        "city": "臺北市"
      },
      "geometry": {
        "type": "Point",
        "coordinates": [
          121.556712,
          25.08292589
        ]
      }
    },
    {
      "type": "Feature",
      "properties": {
        "id": "",
        "registration_no": "A-200195295-00001-1",
        "name": "黑豆坊咖啡",
        "phone": "02-28831125",
        "address": "臺北市士林區中山北路5段527號1樓",
        "rating": "優",
        "city": "臺北市"
      },
      "geometry": {
        "type": "Point",
        "coordinates": [
          121.5278458,
          25.09408077
        ]
      }
    },
    {
      "type": "Feature",
      "properties": {
        "id": "",
        "registration_no": "A-200045730-00003-1",
        "name": "雅力根坊",
        "phone": "02-28803147",
        "address": "臺北市士林區中山北路5段511號",
        "rating": "優",
        "city": "臺北市"
      },
      "geometry": {
        "type": "Point",
        "coordinates": [
          121.527802,
          25.09383523
        ]
      }
    },
    {
      "type": "Feature",
      "properties": {
        "id": "",
        "registration_no": "A-200250141-00001-3",
        "name": "米太丰手作飯糰-士林店",
        "phone": "909651225",
        "address": "臺北市士林區中正路235巷22號",
        "rating": "優",
        "city": "臺北市"
      },
      "geometry": {
        "type": "Point",
        "coordinates": [
          121.5261076,
          25.09461759
        ]
      }
    },
    {
      "type": "Feature",
      "properties": {
        "id": "",
        "registration_no": "A-190146478-00003-0",
        "name": "Banana Bleu-士林店",
        "phone": "02-25996058",
        "address": "臺北市士林區中正路182號",
        "rating": "優",
        "city": "臺北市"
      },
      "geometry": {
        "type": "Point",
        "coordinates": [
          121.5272798,
          25.09579462
        ]
      }
    },
    {
      "type": "Feature",
      "properties": {
        "id": "",
        "registration_no": "A-155841908-00017-6",
        "name": "松屋-士林中正店",
        "phone": "02-25111086",
        "address": "臺北市士林區中正路208號",
        "rating": "優",
        "city": "臺北市"
      },
      "geometry": {
        "type": "Point",
        "coordinates": [
          121.5266087,
          25.09563935
        ]
      }
    },
    {
      "type": "Feature",
      "properties": {
        "id": "",
        "registration_no": "A-180676602-00082-3",
        "name": "UG-士林捷運店",
        "phone": "02-26548585",
        "address": "臺北市士林區中正路235巷22號",
        "rating": "優",
        "city": "臺北市"
      },
      "geometry": {
        "type": "Point",
        "coordinates": [
          121.5261076,
          25.09461759
        ]
      }
    },
    {
      "type": "Feature",
      "properties": {
        "id": "",
        "registration_no": "A-200156428-00001-6",
        "name": "隱咖哩",
        "phone": "02-28881026",
        "address": "臺北市士林區中山北路5段505巷1號",
        "rating": "優",
        "city": "臺北市"
      },
      "geometry": {
        "type": "Point",
        "coordinates": [
          121.5274465,
          25.09329468
        ]
      }
    },
    {
      "type": "Feature",
      "properties": {
        "id": "",
        "registration_no": "A-190223214-00001-2",
        "name": "上官木桶鍋(中正店)",
        "phone": "02-23960139",
        "address": "臺北市中正區南昌路1段97號1樓",
        "rating": "優",
        "city": "臺北市"
      },
      "geometry": {
        "type": "Point",
        "coordinates": [
          121.5180133,
          25.030303
        ]
      }
    },
    {
      "type": "Feature",
      "properties": {
        "id": "",
        "registration_no": "A-200150525-00001-8",
        "name": "熊吞炭火日式燒肉丼飯",
        "phone": "02-28335498",
        "address": "臺北市士林區福壽街37號",
        "rating": "優",
        "city": "臺北市"
      },
      "geometry": {
        "type": "Point",
        "coordinates": [
          121.5254823,
          25.09642737
        ]
      }
    },
    {
      "type": "Feature",
      "properties": {
        "id": "",
        "registration_no": "A-128205601-00001-3",
        "name": "馬可先生-重慶門市",
        "phone": "02-25976515",
        "address": "臺北市大同區重慶北路3段298號",
        "rating": "優",
        "city": "臺北市"
      },
      "geometry": {
        "type": "Point",
        "coordinates": [
          121.513683,
          25.07367667
        ]
      }
    },
    {
      "type": "Feature",
      "properties": {
        "id": "",
        "registration_no": "A-197301707-00033-8",
        "name": "拿坡里披薩炸雞西園店",
        "phone": "02-23331678",
        "address": "臺北市萬華區西園路2段244號",
        "rating": "優",
        "city": "臺北市"
      },
      "geometry": {
        "type": "Point",
        "coordinates": [
          121.494908,
          25.02812282
        ]
      }
    },
    {
      "type": "Feature",
      "properties": {
        "id": "",
        "registration_no": "A-128673689-00003-0",
        "name": "第一餐盒股份有限公司 (玉成國小群組)",
        "phone": "02-27868588",
        "address": "臺北市南港區昆陽街9號旁巷子內",
        "rating": "優",
        "city": "臺北市"
      },
      "geometry": {
        "type": "Point",
        "coordinates": [
          121.5925205,
          25.05368264
        ]
      }
    },
    {
      "type": "Feature",
      "properties": {
        "id": "",
        "registration_no": "A-180529551-00024-9",
        "name": "建中熱食部(連大莊企業有限公司)",
        "phone": "930963596",
        "address": "臺北市中正區南海路56號",
        "rating": "優",
        "city": "臺北市"
      },
      "geometry": {
        "type": "Point",
        "coordinates": [
          121.5121774,
          25.03121005
        ]
      }
    },
    {
      "type": "Feature",
      "properties": {
        "id": "",
        "registration_no": "A-161210008-00167-0",
        "name": "12MINI快煮鍋-統一時代店",
        "phone": "02-27299699",
        "address": "臺北市信義區忠孝東路5段8號B2",
        "rating": "優",
        "city": "臺北市"
      },
      "geometry": {
        "type": "Point",
        "coordinates": [
          121.565417,
          25.04086462
        ]
      }
    },
    {
      "type": "Feature",
      "properties": {
        "id": "",
        "registration_no": "A-183121228-00013-9",
        "name": "COMEME-統一時代店",
        "phone": "02-27299699",
        "address": "臺北市信義區忠孝東路5段8號B2",
        "rating": "優",
        "city": "臺北市"
      },
      "geometry": {
        "type": "Point",
        "coordinates": [
          121.565417,
          25.04086462
        ]
      }
    },
    {
      "type": "Feature",
      "properties": {
        "id": "",
        "registration_no": "A-166641441-00139-3",
        "name": "龜記-統一時代店",
        "phone": "02-27299699",
        "address": "臺北市信義區忠孝東路5段8號B2",
        "rating": "優",
        "city": "臺北市"
      },
      "geometry": {
        "type": "Point",
        "coordinates": [
          121.565417,
          25.04086462
        ]
      }
    },
    {
      "type": "Feature",
      "properties": {
        "id": "",
        "registration_no": "A-152881785-00009-1",
        "name": "魚君-統一時代店",
        "phone": "02-27299699",
        "address": "臺北市信義區忠孝東路5段8號B2",
        "rating": "優",
        "city": "臺北市"
      },
      "geometry": {
        "type": "Point",
        "coordinates": [
          121.565417,
          25.04086462
        ]
      }
    },
    {
      "type": "Feature",
      "properties": {
        "id": "",
        "registration_no": "A-183589309-00023-8",
        "name": "麵屋一燈-統一時代店",
        "phone": "02-27299699",
        "address": "臺北市信義區忠孝東路5段8號B2",
        "rating": "優",
        "city": "臺北市"
      },
      "geometry": {
        "type": "Point",
        "coordinates": [
          121.565417,
          25.04086462
        ]
      }
    },
    {
      "type": "Feature",
      "properties": {
        "id": "",
        "registration_no": "A-153132395-00073-9",
        "name": "周氏蝦捲-松山機場",
        "phone": "02-25473064",
        "address": "臺北市松山區敦化北路340之9號",
        "rating": "優",
        "city": "臺北市"
      },
      "geometry": {
        "type": "Point",
        "coordinates": [
          121.5502919,
          25.05987077
        ]
      }
    },
    {
      "type": "Feature",
      "properties": {
        "id": "",
        "registration_no": "A-128854801-00019-4",
        "name": "薩莉亞-重慶家樂福店",
        "phone": "02-25628618",
        "address": "臺北市大同區重慶北路2段171號",
        "rating": "優",
        "city": "臺北市"
      },
      "geometry": {
        "type": "Point",
        "coordinates": [
          121.5138282,
          25.05902191
        ]
      }
    },
    {
      "type": "Feature",
      "properties": {
        "id": "",
        "registration_no": "A-153919541-00043-2",
        "name": "丸龜-重慶家樂福店",
        "phone": "02-87121726",
        "address": "臺北市大同區重慶北路2段171號",
        "rating": "優",
        "city": "臺北市"
      },
      "geometry": {
        "type": "Point",
        "coordinates": [
          121.5138282,
          25.05902191
        ]
      }
    },
    {
      "type": "Feature",
      "properties": {
        "id": "",
        "registration_no": "A-197301707-00356-6",
        "name": "三商巧福-重慶店",
        "phone": "02-25038111",
        "address": "臺北市大同區重慶北路2段171號",
        "rating": "優",
        "city": "臺北市"
      },
      "geometry": {
        "type": "Point",
        "coordinates": [
          121.5138282,
          25.05902191
        ]
      }
    },
    {
      "type": "Feature",
      "properties": {
        "id": "",
        "registration_no": "A-190364826-00000-6",
        "name": "台北互舍酒店｜HUs Restaurant互餐廳",
        "phone": "02-25531903",
        "address": "臺北市大同區重慶北路2段172號2樓",
        "rating": "優",
        "city": "臺北市"
      },
      "geometry": {
        "type": "Point",
        "coordinates": [
          121.513455,
          25.05938996
        ]
      }
    },
    {
      "type": "Feature",
      "properties": {
        "id": "",
        "registration_no": "A-188206554-00001-7",
        "name": "八方悅鍋物(石牌立農店)",
        "phone": "02-28280045",
        "address": "臺北市北投區立農街2段295號1樓",
        "rating": "優",
        "city": "臺北市"
      },
      "geometry": {
        "type": "Point",
        "coordinates": [
          121.5159913,
          25.11874264
        ]
      }
    },
    {
      "type": "Feature",
      "properties": {
        "id": "",
        "registration_no": "A-200192586-00000-0",
        "name": "爭厚厚切牛排-士林店",
        "phone": "02-28835228",
        "address": "臺北市士林區中山北路5段547號",
        "rating": "優",
        "city": "臺北市"
      },
      "geometry": {
        "type": "Point",
        "coordinates": [
          121.5278983,
          25.09461546
        ]
      }
    },
    {
      "type": "Feature",
      "properties": {
        "id": "",
        "registration_no": "A-200193451-00001-3",
        "name": "荷麵亭-士林店",
        "phone": "02-28830460",
        "address": "臺北市士林區中山北路5段505巷42弄2號",
        "rating": "優",
        "city": "臺北市"
      },
      "geometry": {
        "type": "Point",
        "coordinates": [
          121.5266417,
          25.09317985
        ]
      }
    },
    {
      "type": "Feature",
      "properties": {
        "id": "",
        "registration_no": "A-124498520-00003-5",
        "name": "巧克力雲莊-士林店",
        "phone": "02-88615252",
        "address": "臺北市士林區中山北路5段505巷32號1樓",
        "rating": "優",
        "city": "臺北市"
      },
      "geometry": {
        "type": "Point",
        "coordinates": [
          121.526824,
          25.09299498
        ]
      }
    },
    {
      "type": "Feature",
      "properties": {
        "id": "",
        "registration_no": "A-184630426-00521-9",
        "name": "聚鍋士林中正店",
        "phone": "02-28828698",
        "address": "臺北市士林區中正路179號",
        "rating": "優",
        "city": "臺北市"
      },
      "geometry": {
        "type": "Point",
        "coordinates": [
          121.5275171,
          25.0955722
        ]
      }
    },
    {
      "type": "Feature",
      "properties": {
        "id": "",
        "registration_no": "A-200136699-00001-4",
        "name": "TAKEAWAY COFFEE",
        "phone": "02-28833323",
        "address": "臺北市士林區中正路213巷2之1號",
        "rating": "優",
        "city": "臺北市"
      },
      "geometry": {
        "type": "Point",
        "coordinates": [
          121.5264671,
          25.09534328
        ]
      }
    },
    {
      "type": "Feature",
      "properties": {
        "id": "",
        "registration_no": "A-200000543-00005-6",
        "name": "順成蛋糕-士林店",
        "phone": "02-28315876",
        "address": "臺北市士林區中正路230號",
        "rating": "優",
        "city": "臺北市"
      },
      "geometry": {
        "type": "Point",
        "coordinates": [
          121.5258564,
          25.09546911
        ]
      }
    },
    {
      "type": "Feature",
      "properties": {
        "id": "",
        "registration_no": "A-200000543-00002-3",
        "name": "順成蛋糕-忠誠店",
        "phone": "02-28769192",
        "address": "臺北市士林區忠誠路2段142號1樓",
        "rating": "優",
        "city": "臺北市"
      },
      "geometry": {
        "type": "Point",
        "coordinates": [
          121.5323785,
          25.1145933
        ]
      }
    },
    {
      "type": "Feature",
      "properties": {
        "id": "",
        "registration_no": "A-200225093-00000-0",
        "name": "八方悅鍋物(北投永興店)",
        "phone": "02-82287399",
        "address": "臺北市北投區永興路1段54號",
        "rating": "優",
        "city": "臺北市"
      },
      "geometry": {
        "type": "Point",
        "coordinates": [
          121.5007128,
          25.1395
        ]
      }
    },
    {
      "type": "Feature",
      "properties": {
        "id": "",
        "registration_no": "A-153691897-00044-4",
        "name": "統鮮美食駐外北投國小廚房",
        "phone": "02-28912052#127",
        "address": "臺北市北投區中央北路1段73號",
        "rating": "優",
        "city": "臺北市"
      },
      "geometry": {
        "type": "Point",
        "coordinates": [
          121.5002936,
          25.13418688
        ]
      }
    },
    {
      "type": "Feature",
      "properties": {
        "id": "",
        "registration_no": "A-196668656-00001-1",
        "name": "QBurger 士林福港店",
        "phone": "02-28836525",
        "address": "臺北市士林區福港街292號",
        "rating": "優",
        "city": "臺北市"
      },
      "geometry": {
        "type": "Point",
        "coordinates": [
          121.5177063,
          25.08268931
        ]
      }
    },
    {
      "type": "Feature",
      "properties": {
        "id": "",
        "registration_no": "A-142680303-00018-3",
        "name": "默爾 pasta pizza-統一時代店",
        "phone": "02-27220198",
        "address": "臺北市信義區忠孝東路5段8號7樓",
        "rating": "優",
        "city": "臺北市"
      },
      "geometry": {
        "type": "Point",
        "coordinates": [
          121.565417,
          25.04086462
        ]
      }
    },
    {
      "type": "Feature",
      "properties": {
        "id": "",
        "registration_no": "A-153769515-00017-7",
        "name": "燒肉LIKE-天母SOGO",
        "phone": "958716753",
        "address": "臺北市士林區中山北路6段77號6樓",
        "rating": "優",
        "city": "臺北市"
      },
      "geometry": {
        "type": "Point",
        "coordinates": [
          121.524278,
          25.105007
        ]
      }
    },
    {
      "type": "Feature",
      "properties": {
        "id": "",
        "registration_no": "A-153352952-00055-2",
        "name": "四代目菊川-天母SOGO",
        "phone": "02-28330069",
        "address": "臺北市士林區中山北路6段77號8樓",
        "rating": "優",
        "city": "臺北市"
      },
      "geometry": {
        "type": "Point",
        "coordinates": [
          121.524278,
          25.105007
        ]
      }
    },
    {
      "type": "Feature",
      "properties": {
        "id": "",
        "registration_no": "A-143902562-00001-0",
        "name": "台北北投雅樂軒酒店",
        "phone": "02-77011788",
        "address": "臺北市北投區大業路300巷1號",
        "rating": "優",
        "city": "臺北市"
      },
      "geometry": {
        "type": "Point",
        "coordinates": [
          121.4981618,
          25.12835605
        ]
      }
    },
    {
      "type": "Feature",
      "properties": {
        "id": "",
        "registration_no": "A-197301707-00002-4",
        "name": "拿坡里披薩炸雞天母店",
        "phone": "02-28735600",
        "address": "臺北市北投區天母西路109號",
        "rating": "優",
        "city": "臺北市"
      },
      "geometry": {
        "type": "Point",
        "coordinates": [
          121.5235638,
          25.11886724
        ]
      }
    },
    {
      "type": "Feature",
      "properties": {
        "id": "",
        "registration_no": "A-150861952-00001-5",
        "name": "響ART-師大店",
        "phone": "02-23637000",
        "address": "臺北市大安區師大路49巷2號",
        "rating": "優",
        "city": "臺北市"
      },
      "geometry": {
        "type": "Point",
        "coordinates": [
          121.5287775,
          25.02418341
        ]
      }
    },
    {
      "type": "Feature",
      "properties": {
        "id": "",
        "registration_no": "A-128683223-00001-3",
        "name": "葵燒",
        "phone": "02-23660888",
        "address": "臺北市大安區師大路49巷12號1樓",
        "rating": "優",
        "city": "臺北市"
      },
      "geometry": {
        "type": "Point",
        "coordinates": [
          121.529252,
          25.02420466
        ]
      }
    },
    {
      "type": "Feature",
      "properties": {
        "id": "",
        "registration_no": "A-202292962-00001-2",
        "name": "鴨香煲小吃店",
        "phone": "973442017",
        "address": "臺北市大安區師大路49巷13號",
        "rating": "優",
        "city": "臺北市"
      },
      "geometry": {
        "type": "Point",
        "coordinates": [
          121.5293098,
          25.02434238
        ]
      }
    },
    {
      "type": "Feature",
      "properties": {
        "id": "",
        "registration_no": "A-200148415-00001-3",
        "name": "燈籠滷味",
        "phone": "02-23657172",
        "address": "臺北市大安區師大路43號",
        "rating": "優",
        "city": "臺北市"
      },
      "geometry": {
        "type": "Point",
        "coordinates": [
          121.5286612,
          25.02452795
        ]
      }
    },
    {
      "type": "Feature",
      "properties": {
        "id": "",
        "registration_no": "A-200137516-00001-3",
        "name": "燈籠滷味創始店",
        "phone": "980299783",
        "address": "臺北市大安區師大路49巷9號",
        "rating": "優",
        "city": "臺北市"
      },
      "geometry": {
        "type": "Point",
        "coordinates": [
          121.5291613,
          25.02433605
        ]
      }
    },
    {
      "type": "Feature",
      "properties": {
        "id": "",
        "registration_no": "A-190265733-00001-4",
        "name": "雲鼎阿二麻辣食堂-師大店",
        "phone": "02-23621228",
        "address": "臺北市大安區師大路55號",
        "rating": "優",
        "city": "臺北市"
      },
      "geometry": {
        "type": "Point",
        "coordinates": [
          121.5286244,
          25.02406992
        ]
      }
    },
    {
      "type": "Feature",
      "properties": {
        "id": "",
        "registration_no": "A-128949151-00319-0",
        "name": "迷客夏台北師大店",
        "phone": "02-33652558",
        "address": "臺北市大安區師大路45之2號",
        "rating": "優",
        "city": "臺北市"
      },
      "geometry": {
        "type": "Point",
        "coordinates": [
          121.5286168,
          25.02446752
        ]
      }
    },
    {
      "type": "Feature",
      "properties": {
        "id": "",
        "registration_no": "A-278960078-00001-5",
        "name": "凹屋珈琲",
        "phone": "975878675",
        "address": "臺北市士林區中山北路5段505巷18號",
        "rating": "良",
        "city": "臺北市"
      },
      "geometry": {
        "type": "Point",
        "coordinates": [
          121.5272975,
          25.09329074
        ]
      }
    },
    {
      "type": "Feature",
      "properties": {
        "id": "",
        "registration_no": "A-200197106-00001-4",
        "name": "小劉排骨便當專賣店",
        "phone": "932016362",
        "address": "臺北市士林區文林路532號",
        "rating": "優",
        "city": "臺北市"
      },
      "geometry": {
        "type": "Point",
        "coordinates": [
          121.5243086,
          25.09736816
        ]
      }
    },
    {
      "type": "Feature",
      "properties": {
        "id": "",
        "registration_no": "A-125573692-00001-8",
        "name": "咖啡弄",
        "phone": "02-28883322",
        "address": "臺北市士林區中正路253號2樓",
        "rating": "優",
        "city": "臺北市"
      },
      "geometry": {
        "type": "Point",
        "coordinates": [
          121.5250156,
          25.09495878
        ]
      }
    },
    {
      "type": "Feature",
      "properties": {
        "id": "",
        "registration_no": "A-113853868-00001-1",
        "name": "永和豆漿大王",
        "phone": "02-28801213",
        "address": "臺北市士林區中正路215號",
        "rating": "優",
        "city": "臺北市"
      },
      "geometry": {
        "type": "Point",
        "coordinates": [
          121.5264977,
          25.09529305
        ]
      }
    },
    {
      "type": "Feature",
      "properties": {
        "id": "",
        "registration_no": "A-153352952-00054-1",
        "name": "うなぎ四代目菊かわ- 微風信義百貨店",
        "phone": "02-27220323",
        "address": "臺北市信義區忠孝東路5段68號4樓",
        "rating": "優",
        "city": "臺北市"
      },
      "geometry": {
        "type": "Point",
        "coordinates": [
          121.5666938,
          25.04064778
        ]
      }
    },
    {
      "type": "Feature",
      "properties": {
        "id": "",
        "registration_no": "A-200173844-00003-9",
        "name": "東門御園坊-統一時代店",
        "phone": "02-27299699",
        "address": "臺北市信義區忠孝東路5段8號B2",
        "rating": "優",
        "city": "臺北市"
      },
      "geometry": {
        "type": "Point",
        "coordinates": [
          121.565417,
          25.04086462
        ]
      }
    },
    {
      "type": "Feature",
      "properties": {
        "id": "",
        "registration_no": "A-161884947-00035-3",
        "name": "蔬坊-統一時代店",
        "phone": "02-27299699",
        "address": "臺北市信義區忠孝東路5段8號B2",
        "rating": "優",
        "city": "臺北市"
      },
      "geometry": {
        "type": "Point",
        "coordinates": [
          121.565417,
          25.04086462
        ]
      }
    },
    {
      "type": "Feature",
      "properties": {
        "id": "",
        "registration_no": "A-202305493-00000-5",
        "name": "巫佬包子",
        "phone": "02-27961628",
        "address": "臺北市內湖區成功路2段325號B1",
        "rating": "優",
        "city": "臺北市"
      },
      "geometry": {
        "type": "Point",
        "coordinates": [
          121.5898941,
          25.07202869
        ]
      }
    },
    {
      "type": "Feature",
      "properties": {
        "id": "",
        "registration_no": "A-116097091-02722-4",
        "name": "星巴克新內湖三總店",
        "phone": "02-27961628",
        "address": "臺北市內湖區成功路2段325號B1",
        "rating": "優",
        "city": "臺北市"
      },
      "geometry": {
        "type": "Point",
        "coordinates": [
          121.5898941,
          25.07202869
        ]
      }
    },
    {
      "type": "Feature",
      "properties": {
        "id": "",
        "registration_no": "A-123309091-00095-9",
        "name": "好蔬上三總店",
        "phone": "02-27961628",
        "address": "臺北市內湖區成功路2段325號",
        "rating": "優",
        "city": "臺北市"
      },
      "geometry": {
        "type": "Point",
        "coordinates": [
          121.5919821,
          25.07180042
        ]
      }
    },
    {
      "type": "Feature",
      "properties": {
        "id": "",
        "registration_no": "A-123309091-00106-2",
        "name": "潮膳堂-三總店",
        "phone": "02-27961628",
        "address": "臺北市內湖區成功路2段325號B1",
        "rating": "優",
        "city": "臺北市"
      },
      "geometry": {
        "type": "Point",
        "coordinates": [
          121.5898941,
          25.07202869
        ]
      }
    },
    {
      "type": "Feature",
      "properties": {
        "id": "",
        "registration_no": "A-182884887-00000-1",
        "name": "de nuit",
        "phone": "02-27001958",
        "address": "臺北市大安區信義路4段175號",
        "rating": "優",
        "city": "臺北市"
      },
      "geometry": {
        "type": "Point",
        "coordinates": [
          121.5505245,
          25.0334292
        ]
      }
    },
    {
      "type": "Feature",
      "properties": {
        "id": "",
        "registration_no": "A-200137176-00001-5",
        "name": "士林水煎包店(老蔡水煎包)",
        "phone": "933716012",
        "address": "臺北市士林區中正路235巷18號1樓",
        "rating": "優",
        "city": "臺北市"
      },
      "geometry": {
        "type": "Point",
        "coordinates": [
          121.5260807,
          25.09470045
        ]
      }
    },
    {
      "type": "Feature",
      "properties": {
        "id": "",
        "registration_no": "A-200150646-00001-2",
        "name": "騰暉美食坊(傳統美食)",
        "phone": "02-28831189",
        "address": "臺北市士林區中正路235巷3號",
        "rating": "優",
        "city": "臺北市"
      },
      "geometry": {
        "type": "Point",
        "coordinates": [
          121.5260541,
          25.09498967
        ]
      }
    },
    {
      "type": "Feature",
      "properties": {
        "id": "",
        "registration_no": "A-200159304-00001-2",
        "name": "貝斯特早餐店",
        "phone": "02-28837808",
        "address": "臺北市士林區中正路235巷4號",
        "rating": "優",
        "city": "臺北市"
      },
      "geometry": {
        "type": "Point",
        "coordinates": [
          121.5260066,
          25.09492923
        ]
      }
    },
    {
      "type": "Feature",
      "properties": {
        "id": "",
        "registration_no": "A-202308141-00001-9",
        "name": "花嶼輕食館",
        "phone": "02-28838825",
        "address": "臺北市士林區中正路235巷9號1樓",
        "rating": "優",
        "city": "臺北市"
      },
      "geometry": {
        "type": "Point",
        "coordinates": [
          121.5260955,
          25.09486264
        ]
      }
    },
    {
      "type": "Feature",
      "properties": {
        "id": "",
        "registration_no": "A-182898257-00001-8",
        "name": "一条通壽司",
        "phone": "02-28816681",
        "address": "臺北市士林區文林路434號",
        "rating": "優",
        "city": "臺北市"
      },
      "geometry": {
        "type": "Point",
        "coordinates": [
          121.5248203,
          25.09465846
        ]
      }
    },
    {
      "type": "Feature",
      "properties": {
        "id": "",
        "registration_no": "A-200192969-00001-6",
        "name": "川鋪子28號",
        "phone": "02-28820158",
        "address": "臺北市士林區美德街28號",
        "rating": "優",
        "city": "臺北市"
      },
      "geometry": {
        "type": "Point",
        "coordinates": [
          121.5253709,
          25.09454174
        ]
      }
    },
    {
      "type": "Feature",
      "properties": {
        "id": "",
        "registration_no": "A-124743925-00003-7",
        "name": "創義麵士林店",
        "phone": "02-28811078",
        "address": "臺北市士林區美德街32號2樓",
        "rating": "優",
        "city": "臺北市"
      },
      "geometry": {
        "type": "Point",
        "coordinates": [
          121.5253481,
          25.09463683
        ]
      }
    },
    {
      "type": "Feature",
      "properties": {
        "id": "",
        "registration_no": "A-138581512-00001-2",
        "name": "鉄鍋門",
        "phone": "02-28818818",
        "address": "臺北市士林區美德街34之1號",
        "rating": "優",
        "city": "臺北市"
      },
      "geometry": {
        "type": "Point",
        "coordinates": [
          121.5252895,
          25.09485858
        ]
      }
    },
    {
      "type": "Feature",
      "properties": {
        "id": "",
        "registration_no": "A-200027407-00001-0",
        "name": "泰揚雲泰主題餐廳",
        "phone": "02-28328628",
        "address": "臺北市士林區美德街84號1樓",
        "rating": "優",
        "city": "臺北市"
      },
      "geometry": {
        "type": "Point",
        "coordinates": [
          121.5249832,
          25.09604264
        ]
      }
    },
    {
      "type": "Feature",
      "properties": {
        "id": "",
        "registration_no": "A-200232860-00001-1",
        "name": "流浪觀點義式餐坊",
        "phone": "02-28311195",
        "address": "臺北市士林區福壽街13號1樓",
        "rating": "優",
        "city": "臺北市"
      },
      "geometry": {
        "type": "Point",
        "coordinates": [
          121.5255949,
          25.09590514
        ]
      }
    },
    {
      "type": "Feature",
      "properties": {
        "id": "",
        "registration_no": "A-182854883-00001-5",
        "name": "Modism Café 摩德年代",
        "phone": "02-28837012",
        "address": "臺北市士林區中正路235巷29號",
        "rating": "優",
        "city": "臺北市"
      },
      "geometry": {
        "type": "Point",
        "coordinates": [
          121.5262347,
          25.09443638
        ]
      }
    },
    {
      "type": "Feature",
      "properties": {
        "id": "",
        "registration_no": "A-183030043-00000-9",
        "name": "Écru法式餐廳",
        "phone": "02-27790146",
        "address": "臺北市大安區敦化南路1段177巷19號",
        "rating": "優",
        "city": "臺北市"
      },
      "geometry": {
        "type": "Point",
        "coordinates": [
          121.5503886,
          25.04315233
        ]
      }
    },
    {
      "type": "Feature",
      "properties": {
        "id": "",
        "registration_no": "A-142591908-00069-1",
        "name": "炸雞大獅-桂林家樂福店",
        "phone": "02-23813607",
        "address": "臺北市萬華區桂林路1號",
        "rating": "優",
        "city": "臺北市"
      },
      "geometry": {
        "type": "Point",
        "coordinates": [
          121.5063035,
          25.03767543
        ]
      }
    },
    {
      "type": "Feature",
      "properties": {
        "id": "",
        "registration_no": "A-194139668-00002-6",
        "name": "BOBO TEA-桂林家樂福店",
        "phone": "928115360",
        "address": "臺北市萬華區桂林路1號",
        "rating": "優",
        "city": "臺北市"
      },
      "geometry": {
        "type": "Point",
        "coordinates": [
          121.5063035,
          25.03767543
        ]
      }
    },
    {
      "type": "Feature",
      "properties": {
        "id": "",
        "registration_no": "A-125105092-00007-9",
        "name": "麻膳堂-桂林家樂福店",
        "phone": "02-27032688",
        "address": "臺北市萬華區桂林路1號",
        "rating": "優",
        "city": "臺北市"
      },
      "geometry": {
        "type": "Point",
        "coordinates": [
          121.5063035,
          25.03767543
        ]
      }
    },
    {
      "type": "Feature",
      "properties": {
        "id": "",
        "registration_no": "A-190837085-00001-9",
        "name": "花月嵐-桂林家樂福店",
        "phone": "02-27775068#102",
        "address": "臺北市萬華區桂林路1號",
        "rating": "優",
        "city": "臺北市"
      },
      "geometry": {
        "type": "Point",
        "coordinates": [
          121.5063035,
          25.03767543
        ]
      }
    },
    {
      "type": "Feature",
      "properties": {
        "id": "",
        "registration_no": "A-155777259-00004-9",
        "name": "洋城義大利餐廳-桂林家樂福店",
        "phone": "02-28862788#127",
        "address": "臺北市萬華區桂林路1號4樓",
        "rating": "優",
        "city": "臺北市"
      },
      "geometry": {
        "type": "Point",
        "coordinates": [
          121.5063035,
          25.03767543
        ]
      }
    },
    {
      "type": "Feature",
      "properties": {
        "id": "",
        "registration_no": "A-153919541-00046-5",
        "name": "丸龜製麵-桂林家樂福店",
        "phone": "02-87121726",
        "address": "臺北市萬華區桂林路1號4樓",
        "rating": "優",
        "city": "臺北市"
      },
      "geometry": {
        "type": "Point",
        "coordinates": [
          121.5063035,
          25.03767543
        ]
      }
    },
    {
      "type": "Feature",
      "properties": {
        "id": "",
        "registration_no": "A-184630426-00579-2",
        "name": "品田牧場-桂林家樂福店",
        "phone": "04-23221868",
        "address": "臺北市萬華區桂林路1號4樓",
        "rating": "優",
        "city": "臺北市"
      },
      "geometry": {
        "type": "Point",
        "coordinates": [
          121.5063035,
          25.03767543
        ]
      }
    },
    {
      "type": "Feature",
      "properties": {
        "id": "",
        "registration_no": "A-127725371-00040-6",
        "name": "和民-桂林家樂福店",
        "phone": "02-82536880#13",
        "address": "臺北市萬華區桂林路1號4樓",
        "rating": "優",
        "city": "臺北市"
      },
      "geometry": {
        "type": "Point",
        "coordinates": [
          121.5063035,
          25.03767543
        ]
      }
    },
    {
      "type": "Feature",
      "properties": {
        "id": "",
        "registration_no": "A-200148328-00001-6",
        "name": "華強小吃店",
        "phone": "02-23680688",
        "address": "臺北市大安區雲和街2號",
        "rating": "優",
        "city": "臺北市"
      },
      "geometry": {
        "type": "Point",
        "coordinates": [
          121.5269719,
          25.02371419
        ]
      }
    },
    {
      "type": "Feature",
      "properties": {
        "id": "",
        "registration_no": "A-112971037-00000-8",
        "name": "陽光士林珮柏旅館",
        "phone": "02-28817588",
        "address": "臺北市士林區福德路48巷6號1樓",
        "rating": "優",
        "city": "臺北市"
      },
      "geometry": {
        "type": "Point",
        "coordinates": [
          121.5232216,
          25.09253427
        ]
      }
    },
    {
      "type": "Feature",
      "properties": {
        "id": "",
        "registration_no": "A-278958575-00007-0",
        "name": "老蔡水煎包-三總",
        "phone": "02-25992577",
        "address": "臺北市內湖區成功路2段325號B1",
        "rating": "優",
        "city": "臺北市"
      },
      "geometry": {
        "type": "Point",
        "coordinates": [
          121.5898941,
          25.07202869
        ]
      }
    },
    {
      "type": "Feature",
      "properties": {
        "id": "",
        "registration_no": "A-123309091-00105-1",
        "name": "安心購三總",
        "phone": "02-87913235",
        "address": "臺北市內湖區成功路2段325號",
        "rating": "優",
        "city": "臺北市"
      },
      "geometry": {
        "type": "Point",
        "coordinates": [
          121.5919821,
          25.07180042
        ]
      }
    },
    {
      "type": "Feature",
      "properties": {
        "id": "",
        "registration_no": "A-153095716-00066-6",
        "name": "朱記餡餅粥-內湖三總店",
        "phone": "02-87922031",
        "address": "臺北市內湖區成功路2段325號B1",
        "rating": "優",
        "city": "臺北市"
      },
      "geometry": {
        "type": "Point",
        "coordinates": [
          121.5898941,
          25.07202869
        ]
      }
    },
    {
      "type": "Feature",
      "properties": {
        "id": "",
        "registration_no": "A-123309091-00097-1",
        "name": "中一排骨三總門市",
        "phone": "02-87923311#10647",
        "address": "臺北市內湖區成功路2段325號B1",
        "rating": "優",
        "city": "臺北市"
      },
      "geometry": {
        "type": "Point",
        "coordinates": [
          121.5898941,
          25.07202869
        ]
      }
    },
    {
      "type": "Feature",
      "properties": {
        "id": "",
        "registration_no": "A-123309091-00096-0",
        "name": "吉福雞舖三總店",
        "phone": "02-87923311#10728",
        "address": "臺北市內湖區成功路2段325號B1",
        "rating": "優",
        "city": "臺北市"
      },
      "geometry": {
        "type": "Point",
        "coordinates": [
          121.5898941,
          25.07202869
        ]
      }
    },
    {
      "type": "Feature",
      "properties": {
        "id": "",
        "registration_no": "A-100023751-00001-7",
        "name": "茶與布朗",
        "phone": "02-87923311#10000",
        "address": "臺北市內湖區成功路2段325號B1",
        "rating": "優",
        "city": "臺北市"
      },
      "geometry": {
        "type": "Point",
        "coordinates": [
          121.5898941,
          25.07202869
        ]
      }
    },
    {
      "type": "Feature",
      "properties": {
        "id": "",
        "registration_no": "A-154737463-00023-2",
        "name": "金洲韓式料理",
        "phone": "02-87914419",
        "address": "臺北市內湖區成功路2段325號B1",
        "rating": "優",
        "city": "臺北市"
      },
      "geometry": {
        "type": "Point",
        "coordinates": [
          121.5898941,
          25.07202869
        ]
      }
    },
    {
      "type": "Feature",
      "properties": {
        "id": "",
        "registration_no": "A-123309178-00320-6",
        "name": "漢堡王內湖三總店",
        "phone": "02-27960868",
        "address": "臺北市內湖區成功路2段325號B1",
        "rating": "優",
        "city": "臺北市"
      },
      "geometry": {
        "type": "Point",
        "coordinates": [
          121.5898941,
          25.07202869
        ]
      }
    },
    {
      "type": "Feature",
      "properties": {
        "id": "",
        "registration_no": "A-116796172-00029-8",
        "name": "岩島成專業烘焙三總門市",
        "phone": "02-87913963",
        "address": "臺北市內湖區成功路2段325號B1",
        "rating": "優",
        "city": "臺北市"
      },
      "geometry": {
        "type": "Point",
        "coordinates": [
          121.5898941,
          25.07202869
        ]
      }
    },
    {
      "type": "Feature",
      "properties": {
        "id": "",
        "registration_no": "A-112743858-00002-8",
        "name": "每力果三總店",
        "phone": "02-87923311#10560",
        "address": "臺北市內湖區成功路2段325號B1",
        "rating": "優",
        "city": "臺北市"
      },
      "geometry": {
        "type": "Point",
        "coordinates": [
          121.5898941,
          25.07202869
        ]
      }
    },
    {
      "type": "Feature",
      "properties": {
        "id": "",
        "registration_no": "A-197301707-00005-7",
        "name": "拿坡里披薩炸雞八德店",
        "phone": "02-25038111#4808",
        "address": "臺北市松山區八德路3段112號",
        "rating": "優",
        "city": "臺北市"
      },
      "geometry": {
        "type": "Point",
        "coordinates": [
          121.5538211,
          25.0480604
        ]
      }
    },
    {
      "type": "Feature",
      "properties": {
        "id": "",
        "registration_no": "A-152632978-00000-0",
        "name": "阿樹國際旅店-阿樹私房菜",
        "phone": "02-25787728",
        "address": "臺北市松山區八德路3段76號4樓",
        "rating": "優",
        "city": "臺北市"
      },
      "geometry": {
        "type": "Point",
        "coordinates": [
          121.5527323,
          25.04806107
        ]
      }
    },
    {
      "type": "Feature",
      "properties": {
        "id": "",
        "registration_no": "A-193758964-00000-9",
        "name": "柯達大飯店-台北南京",
        "phone": "02-27196666",
        "address": "臺北市松山區南京東路3段333號",
        "rating": "優",
        "city": "臺北市"
      },
      "geometry": {
        "type": "Point",
        "coordinates": [
          121.5474325,
          25.05197525
        ]
      }
    },
    {
      "type": "Feature",
      "properties": {
        "id": "",
        "registration_no": "A-153089762-00102-1",
        "name": "大戶屋-微風新南山店",
        "phone": "02-27220096",
        "address": "臺北市信義區松智路17號B2",
        "rating": "優",
        "city": "臺北市"
      },
      "geometry": {
        "type": "Point",
        "coordinates": [
          121.5657745,
          25.03443532
        ]
      }
    },
    {
      "type": "Feature",
      "properties": {
        "id": "",
        "registration_no": "A-191077837-00000-0",
        "name": "伊茲密爾土耳其廚房",
        "phone": "912157996",
        "address": "臺北市信義區基隆路1段147巷14號1樓",
        "rating": "優",
        "city": "臺北市"
      },
      "geometry": {
        "type": "Point",
        "coordinates": [
          121.5662446,
          25.04233497
        ]
      }
    },
    {
      "type": "Feature",
      "properties": {
        "id": "",
        "registration_no": "A-100056611-00001-8",
        "name": "QBurger松山南京五店",
        "phone": "02-27220096",
        "address": "臺北市松山區南京東路5段250巷18弄2之1號",
        "rating": "優",
        "city": "臺北市"
      },
      "geometry": {
        "type": "Point",
        "coordinates": [
          121.5662209,
          25.05007754
        ]
      }
    },
    {
      "type": "Feature",
      "properties": {
        "id": "",
        "registration_no": "A-190502139-00000-7",
        "name": "ZEA",
        "phone": "953537990",
        "address": "臺北市大安區仁愛路4段300巷20弄5號",
        "rating": "優",
        "city": "臺北市"
      },
      "geometry": {
        "type": "Point",
        "coordinates": [
          121.5541049,
          25.03633332
        ]
      }
    },
    {
      "type": "Feature",
      "properties": {
        "id": "",
        "registration_no": "A-200000543-00003-4",
        "name": "順成蛋糕-雙連店",
        "phone": "02-25637080",
        "address": "臺北市中山區民生西路60號",
        "rating": "優",
        "city": "臺北市"
      },
      "geometry": {
        "type": "Point",
        "coordinates": [
          121.5209533,
          25.0575563
        ]
      }
    },
    {
      "type": "Feature",
      "properties": {
        "id": "",
        "registration_no": "A-128192021-00006-9",
        "name": "顓陽實業有限公司-浩然敬老院",
        "phone": "930151685",
        "address": "臺北市信義區大道路116號2樓之2",
        "rating": "優",
        "city": "臺北市"
      },
      "geometry": {
        "type": "Point",
        "coordinates": [
          121.5828855,
          25.03861621
        ]
      }
    },
    {
      "type": "Feature",
      "properties": {
        "id": "",
        "registration_no": "A-202304113-00000-3",
        "name": "廣慈社區長照機構",
        "phone": "926574939",
        "address": "臺北市信義區大道路116號4樓之3",
        "rating": "優",
        "city": "臺北市"
      },
      "geometry": {
        "type": "Point",
        "coordinates": [
          121.5828855,
          25.03861621
        ]
      }
    },
    {
      "type": "Feature",
      "properties": {
        "id": "",
        "registration_no": "A-197301707-00020-4",
        "name": "拿坡里披薩炸雞和平店",
        "phone": "02-27071068",
        "address": "臺北市大安區和平東路2段95之1號",
        "rating": "優",
        "city": "臺北市"
      },
      "geometry": {
        "type": "Point",
        "coordinates": [
          121.5398755,
          25.02547949
        ]
      }
    },
    {
      "type": "Feature",
      "properties": {
        "id": "",
        "registration_no": "A-202304343-00000-8",
        "name": "信義廣慈住宿長照機構(委託市立聯醫忠孝院區經營管理)",
        "phone": "03-87261105#2370",
        "address": "臺北市信義區大道路116號3-5樓",
        "rating": "優",
        "city": "臺北市"
      },
      "geometry": {
        "type": "Point",
        "coordinates": [
          121.5828855,
          25.03861621
        ]
      }
    },
    {
      "type": "Feature",
      "properties": {
        "id": "",
        "registration_no": "A-196809282-00002-4",
        "name": "鳥貴族新光三越台北南西店",
        "phone": "02-25815986",
        "address": "臺北市中山區南京東路12號5樓",
        "rating": "優",
        "city": "臺北市"
      },
      "geometry": {
        "type": "Point",
        "coordinates": [
          121.5336277,
          25.0642508
        ]
      }
    },
    {
      "type": "Feature",
      "properties": {
        "id": "",
        "registration_no": "A-200232014-00001-2",
        "name": "古早人茶坊",
        "phone": "02-23633362",
        "address": "臺北市大安區龍泉街38號",
        "rating": "優",
        "city": "臺北市"
      },
      "geometry": {
        "type": "Point",
        "coordinates": [
          121.5293845,
          25.02443722
        ]
      }
    },
    {
      "type": "Feature",
      "properties": {
        "id": "",
        "registration_no": "A-299999627-00001-0",
        "name": "早安早餐店",
        "phone": "02-23656485",
        "address": "臺北市大安區龍泉街55號",
        "rating": "優",
        "city": "臺北市"
      },
      "geometry": {
        "type": "Point",
        "coordinates": [
          121.5294212,
          25.02348172
        ]
      }
    },
    {
      "type": "Feature",
      "properties": {
        "id": "",
        "registration_no": "A-200192516-00001-4",
        "name": "一品香魚丸店",
        "phone": "02-23626547",
        "address": "臺北市大安區龍泉街130號",
        "rating": "優",
        "city": "臺北市"
      },
      "geometry": {
        "type": "Point",
        "coordinates": [
          121.5283342,
          25.02107842
        ]
      }
    },
    {
      "type": "Feature",
      "properties": {
        "id": "",
        "registration_no": "A-200147937-00001-1",
        "name": "正宗麗江雲南麵食館",
        "phone": "02-33652609",
        "address": "臺北市大安區雲和街51號",
        "rating": "優",
        "city": "臺北市"
      },
      "geometry": {
        "type": "Point",
        "coordinates": [
          121.5290621,
          25.02365514
        ]
      }
    },
    {
      "type": "Feature",
      "properties": {
        "id": "",
        "registration_no": "A-199640817-00001-3",
        "name": "木町小吃店",
        "phone": "02-33651680",
        "address": "臺北市大安區龍泉街50號",
        "rating": "優",
        "city": "臺北市"
      },
      "geometry": {
        "type": "Point",
        "coordinates": [
          121.5293696,
          25.02413342
        ]
      }
    },
    {
      "type": "Feature",
      "properties": {
        "id": "",
        "registration_no": "A-200147900-00001-1",
        "name": "林園粗食小吃店",
        "phone": "02-23627050",
        "address": "臺北市大安區龍泉街25號",
        "rating": "優",
        "city": "臺北市"
      },
      "geometry": {
        "type": "Point",
        "coordinates": [
          121.5294642,
          25.02446215
        ]
      }
    },
    {
      "type": "Feature",
      "properties": {
        "id": "",
        "registration_no": "A-200147827-00001-9",
        "name": "佳輝小吃店(洋芋屋)",
        "phone": "02-33653339",
        "address": "臺北市大安區雲和街93號1樓",
        "rating": "優",
        "city": "臺北市"
      },
      "geometry": {
        "type": "Point",
        "coordinates": [
          121.531152,
          25.02338583
        ]
      }
    },
    {
      "type": "Feature",
      "properties": {
        "id": "",
        "registration_no": "A-200212645-00001-0",
        "name": "珍品味泰式小吃",
        "phone": "02-23633391",
        "address": "臺北市大安區龍泉街31號",
        "rating": "優",
        "city": "臺北市"
      },
      "geometry": {
        "type": "Point",
        "coordinates": [
          121.5294722,
          25.02434368
        ]
      }
    },
    {
      "type": "Feature",
      "properties": {
        "id": "",
        "registration_no": "A-125662152-00001-8",
        "name": "石窯風餐坊",
        "phone": "02-23645822",
        "address": "臺北市大安區師大路105巷8號",
        "rating": "優",
        "city": "臺北市"
      },
      "geometry": {
        "type": "Point",
        "coordinates": [
          121.5288105,
          25.02246755
        ]
      }
    },
    {
      "type": "Feature",
      "properties": {
        "id": "",
        "registration_no": "A-200184551-00001-4",
        "name": "伊洛瓦底小吃店",
        "phone": "02-23638906",
        "address": "臺北市大安區龍泉街76號",
        "rating": "優",
        "city": "臺北市"
      },
      "geometry": {
        "type": "Point",
        "coordinates": [
          121.5292701,
          25.02328316
        ]
      }
    },
    {
      "type": "Feature",
      "properties": {
        "id": "",
        "registration_no": "A-200229423-00001-2",
        "name": "飯館兒韓味快餐店",
        "phone": "02-23689702",
        "address": "臺北市大安區龍泉街55號",
        "rating": "優",
        "city": "臺北市"
      },
      "geometry": {
        "type": "Point",
        "coordinates": [
          121.5294212,
          25.02348172
        ]
      }
    },
    {
      "type": "Feature",
      "properties": {
        "id": "",
        "registration_no": "A-122662550-00056-7",
        "name": "家福股份有限公司-台北天母分公司",
        "phone": "02-28338042",
        "address": "臺北市士林區德行西路47號",
        "rating": "優",
        "city": "臺北市"
      },
      "geometry": {
        "type": "Point",
        "coordinates": [
          121.5225533,
          25.10554789
        ]
      }
    },
    {
      "type": "Feature",
      "properties": {
        "id": "",
        "registration_no": "A-197286918-00004-2",
        "name": "爭鮮(股)公司-天母家樂福店",
        "phone": "02-28339756",
        "address": "臺北市士林區德行西路47號",
        "rating": "優",
        "city": "臺北市"
      },
      "geometry": {
        "type": "Point",
        "coordinates": [
          121.5225533,
          25.10554789
        ]
      }
    },
    {
      "type": "Feature",
      "properties": {
        "id": "",
        "registration_no": "A-197301707-00107-0",
        "name": "三商餐飲(股)公司-天母店",
        "phone": "02-28339274",
        "address": "臺北市士林區德行西路47號2樓",
        "rating": "優",
        "city": "臺北市"
      },
      "geometry": {
        "type": "Point",
        "coordinates": [
          121.5225533,
          25.10554789
        ]
      }
    },
    {
      "type": "Feature",
      "properties": {
        "id": "",
        "registration_no": "A-122662550-00111-9",
        "name": "台灣家樂福(股)-三民分公司即時熟食區",
        "phone": "02-27670702",
        "address": "臺北市松山區三民路160號",
        "rating": "優",
        "city": "臺北市"
      },
      "geometry": {
        "type": "Point",
        "coordinates": [
          121.5635389,
          25.06165065
        ]
      }
    },
    {
      "type": "Feature",
      "properties": {
        "id": "",
        "registration_no": "A-123309178-00007-8",
        "name": "漢堡王(股)公司-八德分公司",
        "phone": "02-27406882",
        "address": "臺北市松山區八德路2段449號",
        "rating": "優",
        "city": "臺北市"
      },
      "geometry": {
        "type": "Point",
        "coordinates": [
          121.5473232,
          25.04830825
        ]
      }
    },
    {
      "type": "Feature",
      "properties": {
        "id": "",
        "registration_no": "A-123309178-00072-0",
        "name": "漢堡王(股)公司-松山門市",
        "phone": "02-25281398",
        "address": "臺北市松山區市民大道6段133號1樓",
        "rating": "優",
        "city": "臺北市"
      },
      "geometry": {
        "type": "Point",
        "coordinates": [
          121.578954,
          25.04960363
        ]
      }
    },
    {
      "type": "Feature",
      "properties": {
        "id": "",
        "registration_no": "A-189590970-00001-6",
        "name": "太子油飯股份有限公司-士林廠",
        "phone": "02-28805200",
        "address": "臺北市士林區前港街23號1樓",
        "rating": "優",
        "city": "臺北市"
      },
      "geometry": {
        "type": "Point",
        "coordinates": [
          121.5220704,
          25.08481772
        ]
      }
    },
    {
      "type": "Feature",
      "properties": {
        "id": "",
        "registration_no": "A-124970174-00007-9",
        "name": "這味泰泰-新光三越南西分店",
        "phone": "02-25630878",
        "address": "臺北市中山區南京西路15號B1",
        "rating": "優",
        "city": "臺北市"
      },
      "geometry": {
        "type": "Point",
        "coordinates": [
          121.5208897,
          25.05263953
        ]
      }
    },
    {
      "type": "Feature",
      "properties": {
        "id": "",
        "registration_no": "A-186384960-00003-5",
        "name": "Haagen Dazs南西店",
        "phone": "02-25111786",
        "address": "臺北市中山區南京西路12號B2",
        "rating": "優",
        "city": "臺北市"
      },
      "geometry": {
        "type": "Point",
        "coordinates": [
          121.5213656,
          25.05236152
        ]
      }
    },
    {
      "type": "Feature",
      "properties": {
        "id": "",
        "registration_no": "A-182891873-00001-5",
        "name": "再來咖啡-松菸店",
        "phone": "02-66365888#1656",
        "address": "臺北市信義區菸廠路88號2樓",
        "rating": "優",
        "city": "臺北市"
      },
      "geometry": {
        "type": "Point",
        "coordinates": [
          121.5611106,
          25.04473706
        ]
      }
    },
    {
      "type": "Feature",
      "properties": {
        "id": "",
        "registration_no": "A-142613895-00001-7",
        "name": "明吉-松菸店",
        "phone": "02-66363338#1936",
        "address": "臺北市信義區菸廠路88號B1",
        "rating": "優",
        "city": "臺北市"
      },
      "geometry": {
        "type": "Point",
        "coordinates": [
          121.5611106,
          25.04473706
        ]
      }
    },
    {
      "type": "Feature",
      "properties": {
        "id": "",
        "registration_no": "A-152711065-00001-6",
        "name": "ENOTECA-信義新天地A9店",
        "phone": "02-27236522",
        "address": "臺北市信義區松壽路9號3樓",
        "rating": "優",
        "city": "臺北市"
      },
      "geometry": {
        "type": "Point",
        "coordinates": [
          121.5666623,
          25.03608161
        ]
      }
    },
    {
      "type": "Feature",
      "properties": {
        "id": "",
        "registration_no": "A-152705325-00001-8",
        "name": "wild wood 晧喜股份有限公司",
        "phone": "02-27228886",
        "address": "臺北市信義區松壽路9號4樓",
        "rating": "優",
        "city": "臺北市"
      },
      "geometry": {
        "type": "Point",
        "coordinates": [
          121.5666623,
          25.03608161
        ]
      }
    },
    {
      "type": "Feature",
      "properties": {
        "id": "",
        "registration_no": "A-153599907-00001-6",
        "name": "春水堂-信義新天地A9",
        "phone": "02-27239913",
        "address": "臺北市信義區松壽路9號B1",
        "rating": "優",
        "city": "臺北市"
      },
      "geometry": {
        "type": "Point",
        "coordinates": [
          121.5666623,
          25.03608161
        ]
      }
    },
    {
      "type": "Feature",
      "properties": {
        "id": "",
        "registration_no": "A-113134072-00026-7",
        "name": "溫野菜-天母高島屋",
        "phone": "02-28340337",
        "address": "臺北市士林區忠誠路2段55號12樓",
        "rating": "優",
        "city": "臺北市"
      },
      "geometry": {
        "type": "Point",
        "coordinates": [
          121.5314382,
          25.11181106
        ]
      }
    },
    {
      "type": "Feature",
      "properties": {
        "id": "",
        "registration_no": "A-104389073-00036-1",
        "name": "葡吉-天母高島屋店",
        "phone": "933765060",
        "address": "臺北市士林區忠誠路2段55號B1",
        "rating": "優",
        "city": "臺北市"
      },
      "geometry": {
        "type": "Point",
        "coordinates": [
          121.5311061,
          25.11215081
        ]
      }
    },
    {
      "type": "Feature",
      "properties": {
        "id": "",
        "registration_no": "A-127717442-00004-6",
        "name": "新葡苑-台北大葉店 (蔥月股份有限公司)",
        "phone": "02-22672235",
        "address": "臺北市士林區忠誠路2段55號5樓",
        "rating": "優",
        "city": "臺北市"
      },
      "geometry": {
        "type": "Point",
        "coordinates": [
          121.5314382,
          25.11181106
        ]
      }
    },
    {
      "type": "Feature",
      "properties": {
        "id": "",
        "registration_no": "A-142761924-00004-7",
        "name": "藏王極上鍋物-天母高島屋店",
        "phone": "963371458",
        "address": "臺北市士林區忠誠路2段55號3樓",
        "rating": "優",
        "city": "臺北市"
      },
      "geometry": {
        "type": "Point",
        "coordinates": [
          121.5314382,
          25.11181106
        ]
      }
    },
    {
      "type": "Feature",
      "properties": {
        "id": "",
        "registration_no": "A-127717442-00008-0",
        "name": "港苑",
        "phone": "02-23840108",
        "address": "臺北市士林區忠誠路2段55號B1",
        "rating": "優",
        "city": "臺北市"
      },
      "geometry": {
        "type": "Point",
        "coordinates": [
          121.5311061,
          25.11215081
        ]
      }
    },
    {
      "type": "Feature",
      "properties": {
        "id": "",
        "registration_no": "A-113134072-00025-6",
        "name": "牛角buffet-天母高島屋",
        "phone": "02-28340377",
        "address": "臺北市士林區忠誠路2段55號12樓",
        "rating": "優",
        "city": "臺北市"
      },
      "geometry": {
        "type": "Point",
        "coordinates": [
          121.5314382,
          25.11181106
        ]
      }
    },
    {
      "type": "Feature",
      "properties": {
        "id": "",
        "registration_no": "A-170817462-00004-7",
        "name": "Chilis-天母店",
        "phone": "963222199",
        "address": "臺北市士林區忠誠路2段55號2樓",
        "rating": "優",
        "city": "臺北市"
      },
      "geometry": {
        "type": "Point",
        "coordinates": [
          121.5314382,
          25.11181106
        ]
      }
    },
    {
      "type": "Feature",
      "properties": {
        "id": "",
        "registration_no": "A-146422101-00005-3",
        "name": "上海鄉村-天母別館",
        "phone": "02-28335658",
        "address": "臺北市士林區忠誠路2段55號5樓",
        "rating": "優",
        "city": "臺北市"
      },
      "geometry": {
        "type": "Point",
        "coordinates": [
          121.5314382,
          25.11181106
        ]
      }
    },
    {
      "type": "Feature",
      "properties": {
        "id": "",
        "registration_no": "A-180690301-00001-6",
        "name": "興蓬萊台菜餐廳-天母高島屋店",
        "phone": "02-28771167",
        "address": "臺北市士林區忠誠路2段55號12樓",
        "rating": "優",
        "city": "臺北市"
      },
      "geometry": {
        "type": "Point",
        "coordinates": [
          121.5314382,
          25.11181106
        ]
      }
    },
    {
      "type": "Feature",
      "properties": {
        "id": "",
        "registration_no": "A-127542696-00045-8",
        "name": "莫凡彼-台北天母店",
        "phone": "919916708",
        "address": "臺北市士林區忠誠路2段55號3樓",
        "rating": "優",
        "city": "臺北市"
      },
      "geometry": {
        "type": "Point",
        "coordinates": [
          121.5314382,
          25.11181106
        ]
      }
    },
    {
      "type": "Feature",
      "properties": {
        "id": "",
        "registration_no": "A-152929520-00027-1",
        "name": "台灣壽司郎-天母高島屋店",
        "phone": "02-28381208",
        "address": "臺北市士林區忠誠路2段55號2樓",
        "rating": "優",
        "city": "臺北市"
      },
      "geometry": {
        "type": "Point",
        "coordinates": [
          121.5314382,
          25.11181106
        ]
      }
    },
    {
      "type": "Feature",
      "properties": {
        "id": "",
        "registration_no": "A-186948980-00003-3",
        "name": "小樽手作珈琲-天母高島屋店",
        "phone": "02-28340038",
        "address": "臺北市士林區忠誠路2段55號1樓",
        "rating": "優",
        "city": "臺北市"
      },
      "geometry": {
        "type": "Point",
        "coordinates": [
          121.5314382,
          25.11181106
        ]
      }
    },
    {
      "type": "Feature",
      "properties": {
        "id": "",
        "registration_no": "A-153089762-00084-0",
        "name": "IKIGAI-天母高島屋店",
        "phone": "921084008",
        "address": "臺北市士林區忠誠路2段55號B1",
        "rating": "優",
        "city": "臺北市"
      },
      "geometry": {
        "type": "Point",
        "coordinates": [
          121.5311061,
          25.11215081
        ]
      }
    },
    {
      "type": "Feature",
      "properties": {
        "id": "",
        "registration_no": "A-116796172-00017-5",
        "name": "岩島成-天母高島屋店",
        "phone": "02-28349028",
        "address": "臺北市士林區忠誠路2段55號B1",
        "rating": "優",
        "city": "臺北市"
      },
      "geometry": {
        "type": "Point",
        "coordinates": [
          121.5311061,
          25.11215081
        ]
      }
    },
    {
      "type": "Feature",
      "properties": {
        "id": "",
        "registration_no": "A-153095716-00042-0",
        "name": "朱記餡餅粥-大葉高島屋店",
        "phone": "02-28343914",
        "address": "臺北市士林區忠誠路2段55號B1",
        "rating": "優",
        "city": "臺北市"
      },
      "geometry": {
        "type": "Point",
        "coordinates": [
          121.5311061,
          25.11215081
        ]
      }
    },
    {
      "type": "Feature",
      "properties": {
        "id": "",
        "registration_no": "A-122175159-00001-1",
        "name": "KEY COFFEE-天母高島屋店",
        "phone": "939700519",
        "address": "臺北市士林區忠誠路2段55號B1",
        "rating": "優",
        "city": "臺北市"
      },
      "geometry": {
        "type": "Point",
        "coordinates": [
          121.5311061,
          25.11215081
        ]
      }
    },
    {
      "type": "Feature",
      "properties": {
        "id": "",
        "registration_no": "A-122662860-00010-1",
        "name": "廣田洋菓子-天母高島屋店",
        "phone": "02-28349028",
        "address": "臺北市士林區忠誠路2段55號B1",
        "rating": "優",
        "city": "臺北市"
      },
      "geometry": {
        "type": "Point",
        "coordinates": [
          121.5311061,
          25.11215081
        ]
      }
    },
    {
      "type": "Feature",
      "properties": {
        "id": "",
        "registration_no": "A-154589961-00001-6",
        "name": "糖朝-天母高島屋店",
        "phone": "989010939",
        "address": "臺北市士林區忠誠路2段55號12樓",
        "rating": "優",
        "city": "臺北市"
      },
      "geometry": {
        "type": "Point",
        "coordinates": [
          121.5314382,
          25.11181106
        ]
      }
    },
    {
      "type": "Feature",
      "properties": {
        "id": "",
        "registration_no": "A-128202098-00006-5",
        "name": "聚寶餐廳",
        "phone": "02-27156888",
        "address": "臺北市松山區敦化北路158號B3",
        "rating": "優",
        "city": "臺北市"
      },
      "geometry": {
        "type": "Point",
        "coordinates": [
          121.5486656,
          25.05500343
        ]
      }
    },
    {
      "type": "Feature",
      "properties": {
        "id": "",
        "registration_no": "A-128202098-00008-7",
        "name": "台北文華東方酒店-宴會廳",
        "phone": "02-27156888",
        "address": "臺北市松山區敦化北路158號",
        "rating": "優",
        "city": "臺北市"
      },
      "geometry": {
        "type": "Point",
        "coordinates": [
          121.5483938,
          25.05534352
        ]
      }
    },
    {
      "type": "Feature",
      "properties": {
        "id": "",
        "registration_no": "A-128202098-00004-3",
        "name": "雅閣 YA GE",
        "phone": "02-27156888",
        "address": "臺北市松山區敦化北路158號3樓",
        "rating": "優",
        "city": "臺北市"
      },
      "geometry": {
        "type": "Point",
        "coordinates": [
          121.5483938,
          25.05534352
        ]
      }
    },
    {
      "type": "Feature",
      "properties": {
        "id": "",
        "registration_no": "A-128202098-00003-2",
        "name": "Café Un Deux Trois",
        "phone": "02-27156888",
        "address": "臺北市松山區敦化北路158號5樓",
        "rating": "優",
        "city": "臺北市"
      },
      "geometry": {
        "type": "Point",
        "coordinates": [
          121.5483938,
          25.05534352
        ]
      }
    },
    {
      "type": "Feature",
      "properties": {
        "id": "",
        "registration_no": "A-128202098-00005-4",
        "name": "Bencotto",
        "phone": "02-27156888",
        "address": "臺北市松山區敦化北路158號6樓",
        "rating": "優",
        "city": "臺北市"
      },
      "geometry": {
        "type": "Point",
        "coordinates": [
          121.5483938,
          25.05534352
        ]
      }
    },
    {
      "type": "Feature",
      "properties": {
        "id": "",
        "registration_no": "A-142491400-00001-3",
        "name": "皇廚一品牛排",
        "phone": "02-87925229",
        "address": "臺北市內湖區舊宗路1段188號1樓",
        "rating": "優",
        "city": "臺北市"
      },
      "geometry": {
        "type": "Point",
        "coordinates": [
          121.5759885,
          25.06265274
        ]
      }
    },
    {
      "type": "Feature",
      "properties": {
        "id": "",
        "registration_no": "A-180030723-00000-1",
        "name": "大潤發-南湖店即食熟食區",
        "phone": "02-27905050#218",
        "address": "臺北市內湖區舊宗路1段188號",
        "rating": "優",
        "city": "臺北市"
      },
      "geometry": {
        "type": "Point",
        "coordinates": [
          121.5759885,
          25.06265274
        ]
      }
    },
    {
      "type": "Feature",
      "properties": {
        "id": "",
        "registration_no": "A-202271892-00001-1",
        "name": "御宴和風鐵板燒",
        "phone": "02-27966301",
        "address": "臺北市內湖區舊宗路1段188號1樓",
        "rating": "優",
        "city": "臺北市"
      },
      "geometry": {
        "type": "Point",
        "coordinates": [
          121.5759885,
          25.06265274
        ]
      }
    },
    {
      "type": "Feature",
      "properties": {
        "id": "",
        "registration_no": "A-197301707-00266-6",
        "name": "品川蘭-內湖店",
        "phone": "02-87929154",
        "address": "臺北市內湖區舊宗路1段188號1樓",
        "rating": "優",
        "city": "臺北市"
      },
      "geometry": {
        "type": "Point",
        "coordinates": [
          121.5759885,
          25.06265274
        ]
      }
    },
    {
      "type": "Feature",
      "properties": {
        "id": "",
        "registration_no": "A-197556623-00002-3",
        "name": "龍都酒樓-內湖店",
        "phone": "02-27963623",
        "address": "臺北市內湖區舊宗路1段58號",
        "rating": "優",
        "city": "臺北市"
      },
      "geometry": {
        "type": "Point",
        "coordinates": [
          121.5801413,
          25.05866237
        ]
      }
    },
    {
      "type": "Feature",
      "properties": {
        "id": "",
        "registration_no": "A-197286918-00016-5",
        "name": "爭鮮迴轉壽司-內湖二大潤發店",
        "phone": "02-27902558",
        "address": "臺北市內湖區舊宗路1段188號1樓",
        "rating": "優",
        "city": "臺北市"
      },
      "geometry": {
        "type": "Point",
        "coordinates": [
          121.5759885,
          25.06265274
        ]
      }
    },
    {
      "type": "Feature",
      "properties": {
        "id": "",
        "registration_no": "A-116713911-00001-8",
        "name": "維多麗亞酒店大宴會廳",
        "phone": "02-85020000",
        "address": "臺北市中山區敬業四路168號1樓",
        "rating": "優",
        "city": "臺北市"
      },
      "geometry": {
        "type": "Point",
        "coordinates": [
          121.5587452,
          25.0842864
        ]
      }
    },
    {
      "type": "Feature",
      "properties": {
        "id": "",
        "registration_no": "A-116713911-00002-9",
        "name": "維多麗亞酒店168牛排館",
        "phone": "02-85020000",
        "address": "臺北市中山區敬業四路168號4樓",
        "rating": "優",
        "city": "臺北市"
      },
      "geometry": {
        "type": "Point",
        "coordinates": [
          121.5587452,
          25.0842864
        ]
      }
    },
    {
      "type": "Feature",
      "properties": {
        "id": "",
        "registration_no": "A-116713911-00003-0",
        "name": "維多麗亞酒店雙囍中餐廳",
        "phone": "02-85020000",
        "address": "臺北市中山區敬業四路168號2樓",
        "rating": "優",
        "city": "臺北市"
      },
      "geometry": {
        "type": "Point",
        "coordinates": [
          121.5587452,
          25.0842864
        ]
      }
    },
    {
      "type": "Feature",
      "properties": {
        "id": "",
        "registration_no": "A-116713911-00004-1",
        "name": "維多麗亞酒店La Festa義大利餐廳",
        "phone": "02-85020000",
        "address": "臺北市中山區敬業四路168號2樓",
        "rating": "優",
        "city": "臺北市"
      },
      "geometry": {
        "type": "Point",
        "coordinates": [
          121.5587452,
          25.0842864
        ]
      }
    },
    {
      "type": "Feature",
      "properties": {
        "id": "",
        "registration_no": "A-116713911-00005-2",
        "name": "維多麗亞酒店維多麗亞宴會廳",
        "phone": "02-85020000",
        "address": "臺北市中山區敬業四路168號3樓",
        "rating": "優",
        "city": "臺北市"
      },
      "geometry": {
        "type": "Point",
        "coordinates": [
          121.5587452,
          25.0842864
        ]
      }
    },
    {
      "type": "Feature",
      "properties": {
        "id": "",
        "registration_no": "A-182827198-00001-4",
        "name": "Chez Swann by Jumi Tavern",
        "phone": "02-23515757",
        "address": "臺北市大安區金華街223之2號",
        "rating": "優",
        "city": "臺北市"
      },
      "geometry": {
        "type": "Point",
        "coordinates": [
          121.5294631,
          25.02983607
        ]
      }
    },
    {
      "type": "Feature",
      "properties": {
        "id": "",
        "registration_no": "A-180299262-00001-7",
        "name": "廣和坐月子生技股份有限公司",
        "phone": "02-28583080",
        "address": "臺北市北投區立功街122號",
        "rating": "優",
        "city": "臺北市"
      },
      "geometry": {
        "type": "Point",
        "coordinates": [
          121.4734157,
          25.12510555
        ]
      }
    },
    {
      "type": "Feature",
      "properties": {
        "id": "",
        "registration_no": "A-101053601-00001-5",
        "name": "醫療財團法人辜公亮基金會和信治癌中心醫院",
        "phone": "02-28970011",
        "address": "臺北市北投區立德路125號B2",
        "rating": "優",
        "city": "臺北市"
      },
      "geometry": {
        "type": "Point",
        "coordinates": [
          121.4720934,
          25.12767714
        ]
      }
    },
    {
      "type": "Feature",
      "properties": {
        "id": "",
        "registration_no": "A-122662550-00125-4",
        "name": "家樂福北投店-即食熟食區",
        "phone": "02-28963000",
        "address": "臺北市北投區中和街366號B1",
        "rating": "優",
        "city": "臺北市"
      },
      "geometry": {
        "type": "Point",
        "coordinates": [
          121.4994574,
          25.14139979
        ]
      }
    },
    {
      "type": "Feature",
      "properties": {
        "id": "",
        "registration_no": "A-153357577-00001-1",
        "name": "北投南豐天玥泉會館-天響食坊",
        "phone": "02-28988661",
        "address": "臺北市北投區中山路3號2樓",
        "rating": "優",
        "city": "臺北市"
      },
      "geometry": {
        "type": "Point",
        "coordinates": [
          121.5051758,
          25.13702986
        ]
      }
    },
    {
      "type": "Feature",
      "properties": {
        "id": "",
        "registration_no": "A-112933512-00000-4",
        "name": "三二行館 Villa32",
        "phone": "02-66117888",
        "address": "臺北市北投區中山路32號",
        "rating": "優",
        "city": "臺北市"
      },
      "geometry": {
        "type": "Point",
        "coordinates": [
          121.5107258,
          25.13780497
        ]
      }
    },
    {
      "type": "Feature",
      "properties": {
        "id": "",
        "registration_no": "A-278964225-00000-2",
        "name": "阿泔麵店",
        "phone": "02-29357130",
        "address": "臺北市文山區景隆街3號",
        "rating": "優",
        "city": "臺北市"
      },
      "geometry": {
        "type": "Point",
        "coordinates": [
          121.5420161,
          24.9995704
        ]
      }
    },
    {
      "type": "Feature",
      "properties": {
        "id": "",
        "registration_no": "A-189496779-00157-0",
        "name": "孫東寶-文山景文店",
        "phone": "02-29318808",
        "address": "臺北市文山區景文街23號",
        "rating": "優",
        "city": "臺北市"
      },
      "geometry": {
        "type": "Point",
        "coordinates": [
          121.5414131,
          24.99255124
        ]
      }
    },
    {
      "type": "Feature",
      "properties": {
        "id": "",
        "registration_no": "A-202268345-00001-0",
        "name": "梁社漢排骨-羅斯福店",
        "phone": "02-29332727",
        "address": "臺北市文山區羅斯福路6段26號",
        "rating": "優",
        "city": "臺北市"
      },
      "geometry": {
        "type": "Point",
        "coordinates": [
          121.5395413,
          24.99988591
        ]
      }
    },
    {
      "type": "Feature",
      "properties": {
        "id": "",
        "registration_no": "A-180582719-00520-5",
        "name": "清心福全-景文店",
        "phone": "02-29342121",
        "address": "臺北市文山區景文街129號",
        "rating": "優",
        "city": "臺北市"
      },
      "geometry": {
        "type": "Point",
        "coordinates": [
          121.5411719,
          24.99024106
        ]
      }
    },
    {
      "type": "Feature",
      "properties": {
        "id": "",
        "registration_no": "A-202256702-00000-3",
        "name": "清原芋圓-台北景華店",
        "phone": "02-89351399",
        "address": "臺北市文山區景華街67號",
        "rating": "優",
        "city": "臺北市"
      },
      "geometry": {
        "type": "Point",
        "coordinates": [
          121.5449688,
          24.99523462
        ]
      }
    },
    {
      "type": "Feature",
      "properties": {
        "id": "",
        "registration_no": "A-200194425-00001-5",
        "name": "嬌嬌咖啡",
        "phone": "02-29355616",
        "address": "臺北市文山區景後街149巷3號",
        "rating": "優",
        "city": "臺北市"
      },
      "geometry": {
        "type": "Point",
        "coordinates": [
          121.5422728,
          24.99020942
        ]
      }
    },
    {
      "type": "Feature",
      "properties": {
        "id": "",
        "registration_no": "A-170472679-00114-6",
        "name": "八方雲集-師大店",
        "phone": "02-23627338",
        "address": "臺北市大安區和平東路1段182之3號",
        "rating": "優",
        "city": "臺北市"
      },
      "geometry": {
        "type": "Point",
        "coordinates": [
          121.5298509,
          25.02638087
        ]
      }
    },
    {
      "type": "Feature",
      "properties": {
        "id": "",
        "registration_no": "A-128030482-00012-8",
        "name": "甘泉魚麵-師大店",
        "phone": "02-23690345",
        "address": "臺北市大安區師大路59巷12號",
        "rating": "良",
        "city": "臺北市"
      },
      "geometry": {
        "type": "Point",
        "coordinates": [
          121.5291815,
          25.02388527
        ]
      }
    },
    {
      "type": "Feature",
      "properties": {
        "id": "",
        "registration_no": "A-123309178-00179-8",
        "name": "漢堡王(股)公司-士林門市部",
        "phone": "02-28330158",
        "address": "臺北市士林區中正路332號",
        "rating": "優",
        "city": "臺北市"
      },
      "geometry": {
        "type": "Point",
        "coordinates": [
          121.5222846,
          25.09466462
        ]
      }
    },
    {
      "type": "Feature",
      "properties": {
        "id": "",
        "registration_no": "A-170437940-00010-3",
        "name": "駱姐正雞酒-松菸店",
        "phone": "02-66365888#1932",
        "address": "臺北市信義區菸廠路88號B1",
        "rating": "優",
        "city": "臺北市"
      },
      "geometry": {
        "type": "Point",
        "coordinates": [
          121.5611106,
          25.04473706
        ]
      }
    },
    {
      "type": "Feature",
      "properties": {
        "id": "",
        "registration_no": "A-200096916-00001-1",
        "name": "金香豬腳涼麵",
        "phone": "02-25172138",
        "address": "臺北市中山區錦州街253號1樓",
        "rating": "優",
        "city": "臺北市"
      },
      "geometry": {
        "type": "Point",
        "coordinates": [
          121.5342719,
          25.06039051
        ]
      }
    },
    {
      "type": "Feature",
      "properties": {
        "id": "",
        "registration_no": "A-109499839-00029-0",
        "name": "漾咖啡",
        "phone": "02-25316025",
        "address": "臺北市中山區中山北路2段92號1樓",
        "rating": "優",
        "city": "臺北市"
      },
      "geometry": {
        "type": "Point",
        "coordinates": [
          121.522558,
          25.05888424
        ]
      }
    },
    {
      "type": "Feature",
      "properties": {
        "id": "",
        "registration_no": "A-200124515-00001-8",
        "name": "笹鮨SASA",
        "phone": "02-25611246",
        "address": "臺北市中山區中山北路2段42巷6號1樓",
        "rating": "優",
        "city": "臺北市"
      },
      "geometry": {
        "type": "Point",
        "coordinates": [
          121.5221443,
          25.05455302
        ]
      }
    },
    {
      "type": "Feature",
      "properties": {
        "id": "",
        "registration_no": "A-200118016-00001-7",
        "name": "伊通街筒仔米糕",
        "phone": "02-25021090",
        "address": "臺北市中山區伊通街114之1號",
        "rating": "優",
        "city": "臺北市"
      },
      "geometry": {
        "type": "Point",
        "coordinates": [
          121.5347672,
          25.05460311
        ]
      }
    },
    {
      "type": "Feature",
      "properties": {
        "id": "",
        "registration_no": "A-197556623-00001-2",
        "name": "龍都酒樓-中山店",
        "phone": "02-25639293",
        "address": "臺北市中山區中山北路1段105巷18之1號",
        "rating": "優",
        "city": "臺北市"
      },
      "geometry": {
        "type": "Point",
        "coordinates": [
          121.5244563,
          25.05040301
        ]
      }
    },
    {
      "type": "Feature",
      "properties": {
        "id": "",
        "registration_no": "A-202314917-00001-7",
        "name": "66巷鮮魚料理",
        "phone": "02-25018556",
        "address": "臺北市中山區伊通街66巷3之3號1樓",
        "rating": "優",
        "city": "臺北市"
      },
      "geometry": {
        "type": "Point",
        "coordinates": [
          121.5344459,
          25.05261705
        ]
      }
    },
    {
      "type": "Feature",
      "properties": {
        "id": "",
        "registration_no": "A-200114497-00001-6",
        "name": "偉富麵館",
        "phone": "02-25034149",
        "address": "臺北市中山區伊通街135號",
        "rating": "優",
        "city": "臺北市"
      },
      "geometry": {
        "type": "Point",
        "coordinates": [
          121.5349293,
          25.05450373
        ]
      }
    },
    {
      "type": "Feature",
      "properties": {
        "id": "",
        "registration_no": "A-200252123-00001-5",
        "name": "東石蚵仔小吃店",
        "phone": "02-25020169",
        "address": "臺北市中山區吉林路251號",
        "rating": "良",
        "city": "臺北市"
      },
      "geometry": {
        "type": "Point",
        "coordinates": [
          121.5303905,
          25.06155199
        ]
      }
    },
    {
      "type": "Feature",
      "properties": {
        "id": "",
        "registration_no": "A-184743224-00001-3",
        "name": "竹家莊",
        "phone": "02-25511838",
        "address": "臺北市中山區南京東路2段96號",
        "rating": "良",
        "city": "臺北市"
      },
      "geometry": {
        "type": "Point",
        "coordinates": [
          121.5313575,
          25.05185463
        ]
      }
    },
    {
      "type": "Feature",
      "properties": {
        "id": "",
        "registration_no": "A-200078844-00001-1",
        "name": "熊麻吉brunch",
        "phone": "02-25098859",
        "address": "臺北市中山區長春路186號",
        "rating": "優",
        "city": "臺北市"
      },
      "geometry": {
        "type": "Point",
        "coordinates": [
          121.5349878,
          25.05467078
        ]
      }
    },
    {
      "type": "Feature",
      "properties": {
        "id": "",
        "registration_no": "A-190222968-00001-7",
        "name": "鳥喜",
        "phone": "02-27232288",
        "address": "臺北市中山區樂群2路199號2樓",
        "rating": "優",
        "city": "臺北市"
      },
      "geometry": {
        "type": "Point",
        "coordinates": [
          121.5589431,
          25.08048918
        ]
      }
    },
    {
      "type": "Feature",
      "properties": {
        "id": "",
        "registration_no": "A-153916517-00002-7",
        "name": "教父牛排Danny's Steakhouse",
        "phone": "02-85011838",
        "address": "臺北市中山區樂群三路58號1樓",
        "rating": "優",
        "city": "臺北市"
      },
      "geometry": {
        "type": "Point",
        "coordinates": [
          121.5529493,
          25.082471
        ]
      }
    },
    {
      "type": "Feature",
      "properties": {
        "id": "",
        "registration_no": "A-129073240-00005-0",
        "name": "台北中山意舍酒店Buttermilk餐廳",
        "phone": "02-21813211#3207",
        "address": "臺北市中山區中山北路2段57之1號",
        "rating": "優",
        "city": "臺北市"
      },
      "geometry": {
        "type": "Point",
        "coordinates": [
          121.5228751,
          25.05519178
        ]
      }
    },
    {
      "type": "Feature",
      "properties": {
        "id": "",
        "registration_no": "A-112531469-00003-2",
        "name": "觀世音餐廳",
        "phone": "02-25963488",
        "address": "臺北市中山區民權東路2段29號1樓",
        "rating": "優",
        "city": "臺北市"
      },
      "geometry": {
        "type": "Point",
        "coordinates": [
          121.5293486,
          25.0627879
        ]
      }
    },
    {
      "type": "Feature",
      "properties": {
        "id": "",
        "registration_no": "A-154651346-00007-9",
        "name": "美樂食餐飲-南京建國食堂",
        "phone": "02-25011355",
        "address": "臺北市中山區南京東路3段28號",
        "rating": "優",
        "city": "臺北市"
      },
      "geometry": {
        "type": "Point",
        "coordinates": [
          121.5379022,
          25.05178435
        ]
      }
    },
    {
      "type": "Feature",
      "properties": {
        "id": "",
        "registration_no": "A-153745541-00001-3",
        "name": "煮海 (上引水產有限公司民族門市)",
        "phone": "02-25956888",
        "address": "臺北市中山區民族東路410巷2弄20號2樓",
        "rating": "優",
        "city": "臺北市"
      },
      "geometry": {
        "type": "Point",
        "coordinates": [
          121.5369938,
          25.06672111
        ]
      }
    },
    {
      "type": "Feature",
      "properties": {
        "id": "",
        "registration_no": "A-200225014-00001-4",
        "name": "享坐海鮮直烤",
        "phone": "02-25176000",
        "address": "臺北市中山區建國北路2段92號",
        "rating": "優",
        "city": "臺北市"
      },
      "geometry": {
        "type": "Point",
        "coordinates": [
          121.5365266,
          25.05668332
        ]
      }
    },
    {
      "type": "Feature",
      "properties": {
        "id": "",
        "registration_no": "A-182773117-00003-7",
        "name": "莞固和食-台北大直店 (頑味國際餐飲股份有限公司)",
        "phone": "02-26032830#106",
        "address": "臺北市中山區樂群三路39號1樓",
        "rating": "優",
        "city": "臺北市"
      },
      "geometry": {
        "type": "Point",
        "coordinates": [
          121.5526478,
          25.08281089
        ]
      }
    },
    {
      "type": "Feature",
      "properties": {
        "id": "",
        "registration_no": "A-124484981-00001-9",
        "name": "邊田庄",
        "phone": "02-25011068",
        "address": "臺北市中山區松江路237號B1",
        "rating": "良",
        "city": "臺北市"
      },
      "geometry": {
        "type": "Point",
        "coordinates": [
          121.5333124,
          25.05896798
        ]
      }
    },
    {
      "type": "Feature",
      "properties": {
        "id": "",
        "registration_no": "A-184709204-00001-3",
        "name": "海霸王旗艦店",
        "phone": "02-25963141",
        "address": "臺北市中山區中山北路3段59號1-2樓",
        "rating": "良",
        "city": "臺北市"
      },
      "geometry": {
        "type": "Point",
        "coordinates": [
          121.523164,
          25.06860344
        ]
      }
    },
    {
      "type": "Feature",
      "properties": {
        "id": "",
        "registration_no": "A-123932928-00017-4",
        "name": "Friday's-林森餐廳",
        "phone": "02-25118579",
        "address": "臺北市中山區林森北路247號",
        "rating": "優",
        "city": "臺北市"
      },
      "geometry": {
        "type": "Point",
        "coordinates": [
          121.5255601,
          25.0541312
        ]
      }
    },
    {
      "type": "Feature",
      "properties": {
        "id": "",
        "registration_no": "A-278963825-00001-8",
        "name": "食彩櫻",
        "phone": "02-25029948",
        "address": "臺北市中山區松江路123巷8之1號1樓",
        "rating": "良",
        "city": "臺北市"
      },
      "geometry": {
        "type": "Point",
        "coordinates": [
          121.5340529,
          25.05297002
        ]
      }
    },
    {
      "type": "Feature",
      "properties": {
        "id": "",
        "registration_no": "A-200119090-00000-9",
        "name": "小英北越河粉",
        "phone": "02-25076528",
        "address": "臺北市中山區四平街116號",
        "rating": "優",
        "city": "臺北市"
      },
      "geometry": {
        "type": "Point",
        "coordinates": [
          121.5353211,
          25.05356693
        ]
      }
    },
    {
      "type": "Feature",
      "properties": {
        "id": "",
        "registration_no": "A-124460209-00001-6",
        "name": "威尼斯義大利餐廳",
        "phone": "02-25024093",
        "address": "臺北市中山區松江路235巷19號1樓",
        "rating": "優",
        "city": "臺北市"
      },
      "geometry": {
        "type": "Point",
        "coordinates": [
          121.5342801,
          25.05889271
        ]
      }
    },
    {
      "type": "Feature",
      "properties": {
        "id": "",
        "registration_no": "A-200108729-00001-7",
        "name": "品火鍋",
        "phone": "02-25411563",
        "address": "臺北市中山區新生北路1段152號",
        "rating": "優",
        "city": "臺北市"
      },
      "geometry": {
        "type": "Point",
        "coordinates": [
          121.5275487,
          25.05142586
        ]
      }
    },
    {
      "type": "Feature",
      "properties": {
        "id": "",
        "registration_no": "A-189634359-00001-6",
        "name": "TUTTO BELLO",
        "phone": "02-25923355",
        "address": "臺北市中山區雙城街25巷15號1樓",
        "rating": "優",
        "city": "臺北市"
      },
      "geometry": {
        "type": "Point",
        "coordinates": [
          121.5253458,
          25.0662583
        ]
      }
    },
    {
      "type": "Feature",
      "properties": {
        "id": "",
        "registration_no": "A-103134643-00004-6",
        "name": "豪景大酒店-萊茵宴會廳",
        "phone": "02-23113131",
        "address": "臺北市萬華區環河南路1段77號12樓",
        "rating": "優",
        "city": "臺北市"
      },
      "geometry": {
        "type": "Point",
        "coordinates": [
          121.5015192,
          25.04462608
        ]
      }
    },
    {
      "type": "Feature",
      "properties": {
        "id": "",
        "registration_no": "A-103134643-00003-5",
        "name": "豪景大酒店-星河中餐廳",
        "phone": "02-23113131",
        "address": "臺北市萬華區環河南路1段77號12樓",
        "rating": "優",
        "city": "臺北市"
      },
      "geometry": {
        "type": "Point",
        "coordinates": [
          121.5015192,
          25.04462608
        ]
      }
    },
    {
      "type": "Feature",
      "properties": {
        "id": "",
        "registration_no": "A-200225215-00001-7",
        "name": "memo cafe(裕果有限公司)",
        "phone": "02-25015569",
        "address": "臺北市中山區合江街182號1樓",
        "rating": "優",
        "city": "臺北市"
      },
      "geometry": {
        "type": "Point",
        "coordinates": [
          121.5391607,
          25.06123574
        ]
      }
    },
    {
      "type": "Feature",
      "properties": {
        "id": "",
        "registration_no": "A-115845251-00001-0",
        "name": "華麗大飯店",
        "phone": "02-23818111",
        "address": "臺北市萬華區康定路41號",
        "rating": "優",
        "city": "臺北市"
      },
      "geometry": {
        "type": "Point",
        "coordinates": [
          121.5023477,
          25.04144267
        ]
      }
    },
    {
      "type": "Feature",
      "properties": {
        "id": "",
        "registration_no": "A-155760308-00001-3",
        "name": "馬辣西門店",
        "phone": "02-23146528",
        "address": "臺北市萬華區西寧南路157號2樓",
        "rating": "優",
        "city": "臺北市"
      },
      "geometry": {
        "type": "Point",
        "coordinates": [
          121.5062536,
          25.04350408
        ]
      }
    },
    {
      "type": "Feature",
      "properties": {
        "id": "",
        "registration_no": "A-200118932-00001-4",
        "name": "金獅取水",
        "phone": "02-25039295",
        "address": "臺北市中山區民生東路2段151號",
        "rating": "良",
        "city": "臺北市"
      },
      "geometry": {
        "type": "Point",
        "coordinates": [
          121.5356063,
          25.05811977
        ]
      }
    },
    {
      "type": "Feature",
      "properties": {
        "id": "",
        "registration_no": "A-200112866-00001-4",
        "name": "八珍小吃",
        "phone": "02-25041096",
        "address": "臺北市中山區建國北路2段6巷19號",
        "rating": "良",
        "city": "臺北市"
      },
      "geometry": {
        "type": "Point",
        "coordinates": [
          121.5354336,
          25.05261902
        ]
      }
    },
    {
      "type": "Feature",
      "properties": {
        "id": "",
        "registration_no": "A-124335765-00002-5",
        "name": "新馬辣漢中店",
        "phone": "02-23112775",
        "address": "臺北市萬華區漢中街52號6樓",
        "rating": "優",
        "city": "臺北市"
      },
      "geometry": {
        "type": "Point",
        "coordinates": [
          121.5072105,
          25.04393013
        ]
      }
    },
    {
      "type": "Feature",
      "properties": {
        "id": "",
        "registration_no": "A-124746351-00001-1",
        "name": "輕鬆餐廳",
        "phone": "02-28981636",
        "address": "臺北市北投區中和街12號",
        "rating": "良",
        "city": "臺北市"
      },
      "geometry": {
        "type": "Point",
        "coordinates": [
          121.5033838,
          25.13761005
        ]
      }
    },
    {
      "type": "Feature",
      "properties": {
        "id": "",
        "registration_no": "A-124693586-00295-7",
        "name": "路易莎咖啡有限公司-新北投直營門市",
        "phone": "02-28972610",
        "address": "臺北市北投區中和街22號",
        "rating": "優",
        "city": "臺北市"
      },
      "geometry": {
        "type": "Point",
        "coordinates": [
          121.5030967,
          25.13784726
        ]
      }
    },
    {
      "type": "Feature",
      "properties": {
        "id": "",
        "registration_no": "A-153112784-00034-6",
        "name": "百八魚場-石牌店",
        "phone": "02-28282273",
        "address": "臺北市北投區石牌路2段90巷8號6號、8號1樓",
        "rating": "良",
        "city": "臺北市"
      },
      "geometry": {
        "type": "Point",
        "coordinates": [
          121.5181004,
          25.11701408
        ]
      }
    },
    {
      "type": "Feature",
      "properties": {
        "id": "",
        "registration_no": "A-128582631-00014-8",
        "name": "惠蓀咖啡(陽明店)",
        "phone": "02-28228778",
        "address": "臺北市北投區立農街2段155號",
        "rating": "優",
        "city": "臺北市"
      },
      "geometry": {
        "type": "Point",
        "coordinates": [
          121.5133093,
          25.11965057
        ]
      }
    },
    {
      "type": "Feature",
      "properties": {
        "id": "",
        "registration_no": "A-175944895-00001-0",
        "name": "子女粥品海鮮手作坊",
        "phone": "02-28914112",
        "address": "臺北市北投區育仁路64號1樓",
        "rating": "優",
        "city": "臺北市"
      },
      "geometry": {
        "type": "Point",
        "coordinates": [
          121.4982201,
          25.13356155
        ]
      }
    },
    {
      "type": "Feature",
      "properties": {
        "id": "",
        "registration_no": "A-188162113-00001-9",
        "name": "小木屋鬆餅 北投育仁店",
        "phone": "02-28955685",
        "address": "臺北市北投區育仁路75號",
        "rating": "優",
        "city": "臺北市"
      },
      "geometry": {
        "type": "Point",
        "coordinates": [
          121.4986719,
          25.13412758
        ]
      }
    },
    {
      "type": "Feature",
      "properties": {
        "id": "",
        "registration_no": "A-200038197-00001-8",
        "name": "甜妞古早冰",
        "phone": "936944807",
        "address": "臺北市北投區新市街24巷12號",
        "rating": "優",
        "city": "臺北市"
      },
      "geometry": {
        "type": "Point",
        "coordinates": [
          121.5027971,
          25.13172223
        ]
      }
    },
    {
      "type": "Feature",
      "properties": {
        "id": "",
        "registration_no": "A-142633941-00001-1",
        "name": "拾米屋咖哩",
        "phone": "02-28926040",
        "address": "臺北市北投區泉源路12號1樓",
        "rating": "優",
        "city": "臺北市"
      },
      "geometry": {
        "type": "Point",
        "coordinates": [
          121.5043427,
          25.13709247
        ]
      }
    },
    {
      "type": "Feature",
      "properties": {
        "id": "",
        "registration_no": "A-188219571-00001-0",
        "name": "VIVACE 薇瓦義式餐酒館",
        "phone": "02-28941169",
        "address": "臺北市北投區光明路2巷9號",
        "rating": "優",
        "city": "臺北市"
      },
      "geometry": {
        "type": "Point",
        "coordinates": [
          121.4994259,
          25.13169176
        ]
      }
    },
    {
      "type": "Feature",
      "properties": {
        "id": "",
        "registration_no": "A-200138256-00001-5",
        "name": "台G店 北投店",
        "phone": "02-28917767",
        "address": "臺北市北投區光明路132之3號",
        "rating": "優",
        "city": "臺北市"
      },
      "geometry": {
        "type": "Point",
        "coordinates": [
          121.5021695,
          25.13374816
        ]
      }
    },
    {
      "type": "Feature",
      "properties": {
        "id": "",
        "registration_no": "A-200080834-00001-3",
        "name": "巧味漢堡",
        "phone": "02-28933647",
        "address": "臺北市北投區光明路110號",
        "rating": "良",
        "city": "臺北市"
      },
      "geometry": {
        "type": "Point",
        "coordinates": [
          121.5014073,
          25.13309179
        ]
      }
    },
    {
      "type": "Feature",
      "properties": {
        "id": "",
        "registration_no": "A-180582719-00727-4",
        "name": "清心福全 北投光明店",
        "phone": "02-28978088",
        "address": "臺北市北投區光明路148號",
        "rating": "優",
        "city": "臺北市"
      },
      "geometry": {
        "type": "Point",
        "coordinates": [
          121.5024474,
          25.13429706
        ]
      }
    },
    {
      "type": "Feature",
      "properties": {
        "id": "",
        "registration_no": "A-124483673-00125-3",
        "name": "comebuy 北投光明店",
        "phone": "02-28975385",
        "address": "臺北市北投區光明路115號",
        "rating": "優",
        "city": "臺北市"
      },
      "geometry": {
        "type": "Point",
        "coordinates": [
          121.5019489,
          25.13368091
        ]
      }
    },
    {
      "type": "Feature",
      "properties": {
        "id": "",
        "registration_no": "A-200202545-00001-8",
        "name": "阿芳越南食",
        "phone": "922442218",
        "address": "臺北市北投區大同街176之1號1樓",
        "rating": "優",
        "city": "臺北市"
      },
      "geometry": {
        "type": "Point",
        "coordinates": [
          121.4991251,
          25.1362886
        ]
      }
    },
    {
      "type": "Feature",
      "properties": {
        "id": "",
        "registration_no": "A-190265945-00001-9",
        "name": "良本崎日式麵包-新北投店",
        "phone": "02-28913132",
        "address": "臺北市北投區中和街39號1樓",
        "rating": "優",
        "city": "臺北市"
      },
      "geometry": {
        "type": "Point",
        "coordinates": [
          121.5026088,
          25.13810492
        ]
      }
    },
    {
      "type": "Feature",
      "properties": {
        "id": "",
        "registration_no": "A-130862692-00005-9",
        "name": "頂呱呱-北投店",
        "phone": "02-28967065",
        "address": "臺北市北投區光明路218之2號",
        "rating": "優",
        "city": "臺北市"
      },
      "geometry": {
        "type": "Point",
        "coordinates": [
          121.5042433,
          25.13631363
        ]
      }
    },
    {
      "type": "Feature",
      "properties": {
        "id": "",
        "registration_no": "A-188154839-00001-5",
        "name": "原誠炸彈蔥油餅",
        "phone": "930061107",
        "address": "臺北市北投區光明路218號1樓",
        "rating": "優",
        "city": "臺北市"
      },
      "geometry": {
        "type": "Point",
        "coordinates": [
          121.5041715,
          25.13617209
        ]
      }
    },
    {
      "type": "Feature",
      "properties": {
        "id": "",
        "registration_no": "A-200232147-00001-9",
        "name": "貴婦滷味",
        "phone": "970599868",
        "address": "臺北市北投區光明路21號",
        "rating": "良",
        "city": "臺北市"
      },
      "geometry": {
        "type": "Point",
        "coordinates": [
          121.499147,
          25.13260367
        ]
      }
    },
    {
      "type": "Feature",
      "properties": {
        "id": "",
        "registration_no": "A-127542696-00061-6",
        "name": "百富通(尖牙意式廚房)",
        "phone": "02-27859700",
        "address": "臺北市士林區忠誠路2段55號B1",
        "rating": "優",
        "city": "臺北市"
      },
      "geometry": {
        "type": "Point",
        "coordinates": [
          121.5311061,
          25.11215081
        ]
      }
    },
    {
      "type": "Feature",
      "properties": {
        "id": "",
        "registration_no": "A-112665635-00024-8",
        "name": "COCO壹番屋-大葉高島屋",
        "phone": "02-27193125",
        "address": "臺北市士林區忠誠路2段55號B1",
        "rating": "優",
        "city": "臺北市"
      },
      "geometry": {
        "type": "Point",
        "coordinates": [
          121.5311061,
          25.11215081
        ]
      }
    },
    {
      "type": "Feature",
      "properties": {
        "id": "",
        "registration_no": "A-202316200-00001-4",
        "name": "花蓮扁食-大葉高島屋",
        "phone": "02-28317204",
        "address": "臺北市士林區忠誠路2段55號B1",
        "rating": "優",
        "city": "臺北市"
      },
      "geometry": {
        "type": "Point",
        "coordinates": [
          121.5311061,
          25.11215081
        ]
      }
    },
    {
      "type": "Feature",
      "properties": {
        "id": "",
        "registration_no": "A-182046588-00005-4",
        "name": "皇廚一品牛排-大葉高島屋",
        "phone": "02-25642577",
        "address": "臺北市士林區忠誠路2段55號B1",
        "rating": "優",
        "city": "臺北市"
      },
      "geometry": {
        "type": "Point",
        "coordinates": [
          121.5311061,
          25.11215081
        ]
      }
    },
    {
      "type": "Feature",
      "properties": {
        "id": "",
        "registration_no": "A-153717587-00001-2",
        "name": "韓鶴亭-大葉高島屋",
        "phone": "02-86933281",
        "address": "臺北市士林區忠誠路2段55號B1",
        "rating": "良",
        "city": "臺北市"
      },
      "geometry": {
        "type": "Point",
        "coordinates": [
          121.5311061,
          25.11215081
        ]
      }
    },
    {
      "type": "Feature",
      "properties": {
        "id": "",
        "registration_no": "A-123309178-00004-5",
        "name": "漢堡王-敦南店",
        "phone": "02-25288600",
        "address": "臺北市大安區敦化南路2段164號",
        "rating": "優",
        "city": "臺北市"
      },
      "geometry": {
        "type": "Point",
        "coordinates": [
          121.5483376,
          25.02442804
        ]
      }
    },
    {
      "type": "Feature",
      "properties": {
        "id": "",
        "registration_no": "A-105104840-00003-3",
        "name": "香格里拉台北遠東國際大飯店-上海醉月樓",
        "phone": "02-23788888",
        "address": "臺北市大安區敦化南路2段201號",
        "rating": "優",
        "city": "臺北市"
      },
      "geometry": {
        "type": "Point",
        "coordinates": [
          121.5491703,
          25.02661819
        ]
      }
    },
    {
      "type": "Feature",
      "properties": {
        "id": "",
        "registration_no": "A-105104840-00005-5",
        "name": "香格里拉台北遠東國際大飯店-ibuki日本料理餐廳",
        "phone": "02-23788888",
        "address": "臺北市大安區敦化南路2段201號",
        "rating": "優",
        "city": "臺北市"
      },
      "geometry": {
        "type": "Point",
        "coordinates": [
          121.5491703,
          25.02661819
        ]
      }
    },
    {
      "type": "Feature",
      "properties": {
        "id": "",
        "registration_no": "A-105104840-00007-7",
        "name": "香格里拉台北遠東國際大飯店-宴會廳(香宮)",
        "phone": "02-23788888",
        "address": "臺北市大安區敦化南路2段201號",
        "rating": "優",
        "city": "臺北市"
      },
      "geometry": {
        "type": "Point",
        "coordinates": [
          121.5491703,
          25.02661819
        ]
      }
    },
    {
      "type": "Feature",
      "properties": {
        "id": "",
        "registration_no": "A-200220403-00001-1",
        "name": "明福台菜餐廳",
        "phone": "02-25629287",
        "address": "臺北市中山區中山北路2段137巷18號之1",
        "rating": "優",
        "city": "臺北市"
      },
      "geometry": {
        "type": "Point",
        "coordinates": [
          121.5242395,
          25.06165614
        ]
      }
    },
    {
      "type": "Feature",
      "properties": {
        "id": "",
        "registration_no": "A-153095510-00001-7",
        "name": "旬採鮨処",
        "phone": "02-25219679",
        "address": "臺北市中山區中山北路2段50巷3號1樓",
        "rating": "優",
        "city": "臺北市"
      },
      "geometry": {
        "type": "Point",
        "coordinates": [
          121.5213057,
          25.05630379
        ]
      }
    },
    {
      "type": "Feature",
      "properties": {
        "id": "",
        "registration_no": "A-105104840-00006-6",
        "name": "香格里拉台北遠東國際大飯店-遠東咖啡廳",
        "phone": "02-23788888#6009",
        "address": "臺北市大安區敦化南路2段201號",
        "rating": "優",
        "city": "臺北市"
      },
      "geometry": {
        "type": "Point",
        "coordinates": [
          121.5491703,
          25.02661819
        ]
      }
    },
    {
      "type": "Feature",
      "properties": {
        "id": "",
        "registration_no": "A-105104840-00004-4",
        "name": "香格里拉台北遠東國際大飯店-馬可波羅西餐廳",
        "phone": "02-23788888#6009",
        "address": "臺北市大安區敦化南路2段201號",
        "rating": "優",
        "city": "臺北市"
      },
      "geometry": {
        "type": "Point",
        "coordinates": [
          121.5491703,
          25.02661819
        ]
      }
    },
    {
      "type": "Feature",
      "properties": {
        "id": "",
        "registration_no": "A-151720404-00001-2",
        "name": "寒居酒店",
        "phone": "02-66225843",
        "address": "臺北市中山區松江路116號2樓",
        "rating": "優",
        "city": "臺北市"
      },
      "geometry": {
        "type": "Point",
        "coordinates": [
          121.5327894,
          25.05167363
        ]
      }
    },
    {
      "type": "Feature",
      "properties": {
        "id": "",
        "registration_no": "A-123309178-00187-7",
        "name": "漢堡王-欣欣店",
        "phone": "02-25210696",
        "address": "臺北市中山區林森北路247號1樓",
        "rating": "優",
        "city": "臺北市"
      },
      "geometry": {
        "type": "Point",
        "coordinates": [
          121.5255601,
          25.0541312
        ]
      }
    },
    {
      "type": "Feature",
      "properties": {
        "id": "",
        "registration_no": "A-104430137-00001-1",
        "name": "雞家莊",
        "phone": "02-25815954",
        "address": "臺北市中山區長春路55號",
        "rating": "優",
        "city": "臺北市"
      },
      "geometry": {
        "type": "Point",
        "coordinates": [
          121.5261924,
          25.05502815
        ]
      }
    },
    {
      "type": "Feature",
      "properties": {
        "id": "",
        "registration_no": "A-200047444-00002-4",
        "name": "貓圖咖啡 CAT‧jpg",
        "phone": "939922007",
        "address": "臺北市大安區潮州街154號",
        "rating": "優",
        "city": "臺北市"
      },
      "geometry": {
        "type": "Point",
        "coordinates": [
          121.5289437,
          25.02839369
        ]
      }
    },
    {
      "type": "Feature",
      "properties": {
        "id": "",
        "registration_no": "A-123932928-00010-7",
        "name": "Friday's古亭餐廳",
        "phone": "02-23513579",
        "address": "臺北市中正區羅斯福路2段60號",
        "rating": "優",
        "city": "臺北市"
      },
      "geometry": {
        "type": "Point",
        "coordinates": [
          121.5218086,
          25.02757255
        ]
      }
    },
    {
      "type": "Feature",
      "properties": {
        "id": "",
        "registration_no": "A-122662664-00046-2",
        "name": "吉野家-古亭店",
        "phone": "02-23660923",
        "address": "臺北市大安區羅斯福路2段79號",
        "rating": "優",
        "city": "臺北市"
      },
      "geometry": {
        "type": "Point",
        "coordinates": [
          121.5233151,
          25.02621858
        ]
      }
    },
    {
      "type": "Feature",
      "properties": {
        "id": "",
        "registration_no": "A-153226549-00013-8",
        "name": "香帥蛋糕",
        "phone": "02-23621438",
        "address": "臺北市中正區羅斯福路3段96號",
        "rating": "優",
        "city": "臺北市"
      },
      "geometry": {
        "type": "Point",
        "coordinates": [
          121.526839,
          25.02158037
        ]
      }
    },
    {
      "type": "Feature",
      "properties": {
        "id": "",
        "registration_no": "A-200080142-00001-5",
        "name": "饌玉豐麵食館",
        "phone": "02-23919538",
        "address": "臺北市中正區青島東路7之1號",
        "rating": "優",
        "city": "臺北市"
      },
      "geometry": {
        "type": "Point",
        "coordinates": [
          121.522587,
          25.04378797
        ]
      }
    },
    {
      "type": "Feature",
      "properties": {
        "id": "",
        "registration_no": "A-183259095-00001-0",
        "name": "小原田日式料理",
        "phone": "02-23916782",
        "address": "臺北市大安區永康街2巷1號1樓",
        "rating": "優",
        "city": "臺北市"
      },
      "geometry": {
        "type": "Point",
        "coordinates": [
          121.529832,
          25.03342379
        ]
      }
    },
    {
      "type": "Feature",
      "properties": {
        "id": "",
        "registration_no": "A-103406356-00001-6",
        "name": "大三元酒樓",
        "phone": "02-23817180",
        "address": "臺北市中正區衡陽路46號2樓",
        "rating": "優",
        "city": "臺北市"
      },
      "geometry": {
        "type": "Point",
        "coordinates": [
          121.5122758,
          25.04218942
        ]
      }
    },
    {
      "type": "Feature",
      "properties": {
        "id": "",
        "registration_no": "A-198884130-00001-0",
        "name": "三來素食小吃店",
        "phone": "02-23815218",
        "address": "臺北市中正區武昌街23號1、2樓",
        "rating": "優",
        "city": "臺北市"
      },
      "geometry": {
        "type": "Point",
        "coordinates": [
          121.5182346,
          25.0324135
        ]
      }
    },
    {
      "type": "Feature",
      "properties": {
        "id": "",
        "registration_no": "A-180676602-00001-4",
        "name": "UG-南陽",
        "phone": "02-23825340",
        "address": "臺北市中正區南陽街11號",
        "rating": "優",
        "city": "臺北市"
      },
      "geometry": {
        "type": "Point",
        "coordinates": [
          121.5161601,
          25.04508134
        ]
      }
    },
    {
      "type": "Feature",
      "properties": {
        "id": "",
        "registration_no": "A-193116646-00000-4",
        "name": "可不可熟成紅茶 錦州店",
        "phone": "02-25074633",
        "address": "臺北市中正區錦州街335號",
        "rating": "優",
        "city": "臺北市"
      },
      "geometry": {
        "type": "Point",
        "coordinates": [
          121.5390693,
          25.06032312
        ]
      }
    },
    {
      "type": "Feature",
      "properties": {
        "id": "",
        "registration_no": "A-116136290-00001-7",
        "name": "鈺善閣",
        "phone": "02-23945155",
        "address": "臺北市中正區北平東路14號1樓",
        "rating": "優",
        "city": "臺北市"
      },
      "geometry": {
        "type": "Point",
        "coordinates": [
          121.5245468,
          25.04602414
        ]
      }
    },
    {
      "type": "Feature",
      "properties": {
        "id": "",
        "registration_no": "A-202315162-00001-0",
        "name": "七里亭",
        "phone": "02-23916792",
        "address": "臺北市大安區羅斯福路3段333巷8號1樓",
        "rating": "優",
        "city": "臺北市"
      },
      "geometry": {
        "type": "Point",
        "coordinates": [
          121.5325791,
          25.01732857
        ]
      }
    },
    {
      "type": "Feature",
      "properties": {
        "id": "",
        "registration_no": "A-200217977-00001-3",
        "name": "清心福全-公館店",
        "phone": "02-23682363",
        "address": "臺北市中正區羅斯福路3段316巷1-6號",
        "rating": "優",
        "city": "臺北市"
      },
      "geometry": {
        "type": "Point",
        "coordinates": [
          121.5324817,
          25.01568712
        ]
      }
    },
    {
      "type": "Feature",
      "properties": {
        "id": "",
        "registration_no": "A-202266917-00001-3",
        "name": "真北平餐廳",
        "phone": "02-23969611",
        "address": "臺北市中正區寧波東街1號1樓",
        "rating": "優",
        "city": "臺北市"
      },
      "geometry": {
        "type": "Point",
        "coordinates": [
          121.5193948,
          25.03189841
        ]
      }
    },
    {
      "type": "Feature",
      "properties": {
        "id": "",
        "registration_no": "A-200225471-00001-1",
        "name": "老字號東門鴨莊 姚氏餐飲有限公司",
        "phone": "02-23966217",
        "address": "臺北市中正區南昌路1段40號1樓、2樓",
        "rating": "優",
        "city": "臺北市"
      },
      "geometry": {
        "type": "Point",
        "coordinates": [
          121.5166933,
          25.03183849
        ]
      }
    },
    {
      "type": "Feature",
      "properties": {
        "id": "",
        "registration_no": "A-200154050-00001-5",
        "name": "彼得好咖啡 南門店",
        "phone": "02-23560232",
        "address": "臺北市中正區羅斯福路1段24號1至2樓",
        "rating": "優",
        "city": "臺北市"
      },
      "geometry": {
        "type": "Point",
        "coordinates": [
          121.5188366,
          25.03161452
        ]
      }
    },
    {
      "type": "Feature",
      "properties": {
        "id": "",
        "registration_no": "A-125105494-00002-0",
        "name": "Journey Kaffe覺旅咖啡-陽光分公司",
        "phone": "02-87526606",
        "address": "臺北市內湖區陽光街321巷42號",
        "rating": "優",
        "city": "臺北市"
      },
      "geometry": {
        "type": "Point",
        "coordinates": [
          121.5781419,
          25.07177217
        ]
      }
    },
    {
      "type": "Feature",
      "properties": {
        "id": "",
        "registration_no": "A-125105494-00001-9",
        "name": "Journey Kaffe覺旅咖啡-西湖分公司",
        "phone": "02-87513227",
        "address": "臺北市內湖區瑞光路583巷24號1樓",
        "rating": "優",
        "city": "臺北市"
      },
      "geometry": {
        "type": "Point",
        "coordinates": [
          121.5681732,
          25.0805813
        ]
      }
    },
    {
      "type": "Feature",
      "properties": {
        "id": "",
        "registration_no": "A-200115005-00001-2",
        "name": "Marcus",
        "phone": "02-26581777",
        "address": "臺北市內湖區瑞光路583巷25號",
        "rating": "優",
        "city": "臺北市"
      },
      "geometry": {
        "type": "Point",
        "coordinates": [
          121.5678885,
          25.08068997
        ]
      }
    },
    {
      "type": "Feature",
      "properties": {
        "id": "",
        "registration_no": "A-153743332-00001-9",
        "name": "貳樓-內湖西湖店",
        "phone": "02-27997922",
        "address": "臺北市內湖區內湖路1段300號",
        "rating": "優",
        "city": "臺北市"
      },
      "geometry": {
        "type": "Point",
        "coordinates": [
          121.5687549,
          25.08175644
        ]
      }
    },
    {
      "type": "Feature",
      "properties": {
        "id": "",
        "registration_no": "A-186330228-00005-5",
        "name": "春水堂-台北西湖分公司",
        "phone": "02-87514945",
        "address": "臺北市內湖區瑞光路585號1樓",
        "rating": "優",
        "city": "臺北市"
      },
      "geometry": {
        "type": "Point",
        "coordinates": [
          121.5676269,
          25.08026874
        ]
      }
    },
    {
      "type": "Feature",
      "properties": {
        "id": "",
        "registration_no": "A-125521864-00001-2",
        "name": "名廚燒臘店",
        "phone": "02-26576751",
        "address": "臺北市內湖區江南街121號",
        "rating": "優",
        "city": "臺北市"
      },
      "geometry": {
        "type": "Point",
        "coordinates": [
          121.5758251,
          25.0762308
        ]
      }
    },
    {
      "type": "Feature",
      "properties": {
        "id": "",
        "registration_no": "A-153751114-00003-8",
        "name": "DELOIN德朗火鍋 行善店",
        "phone": "02-27999111",
        "address": "臺北市內湖區瑞光路210號",
        "rating": "優",
        "city": "臺北市"
      },
      "geometry": {
        "type": "Point",
        "coordinates": [
          121.5763181,
          25.07520041
        ]
      }
    },
    {
      "type": "Feature",
      "properties": {
        "id": "",
        "registration_no": "A-183083667-00001-0",
        "name": "圓安宴餐廳",
        "phone": "02-27927038",
        "address": "臺北市內湖區成功路2段322號",
        "rating": "優",
        "city": "臺北市"
      },
      "geometry": {
        "type": "Point",
        "coordinates": [
          121.5904762,
          25.06771487
        ]
      }
    },
    {
      "type": "Feature",
      "properties": {
        "id": "",
        "registration_no": "A-197286918-00154-8",
        "name": "定食8-康寧店",
        "phone": "02-26323590",
        "address": "臺北市內湖區康寧路3段72號1樓",
        "rating": "優",
        "city": "臺北市"
      },
      "geometry": {
        "type": "Point",
        "coordinates": [
          121.6112736,
          25.0702102
        ]
      }
    },
    {
      "type": "Feature",
      "properties": {
        "id": "",
        "registration_no": "A-197301707-00117-1",
        "name": "三商巧福-內湖二店",
        "phone": "02-27913837",
        "address": "臺北市內湖區民善街88號",
        "rating": "優",
        "city": "臺北市"
      },
      "geometry": {
        "type": "Point",
        "coordinates": [
          121.5753649,
          25.06014069
        ]
      }
    },
    {
      "type": "Feature",
      "properties": {
        "id": "",
        "registration_no": "A-197286918-00157-1",
        "name": "爭鮮 定時8-內湖家樂福店",
        "phone": "02-87929698",
        "address": "臺北市內湖區民善街88號",
        "rating": "優",
        "city": "臺北市"
      },
      "geometry": {
        "type": "Point",
        "coordinates": [
          121.5753649,
          25.06014069
        ]
      }
    },
    {
      "type": "Feature",
      "properties": {
        "id": "",
        "registration_no": "A-170837404-00003-4",
        "name": "花蓮扁食-內湖家樂福店",
        "phone": "02-27912443",
        "address": "臺北市內湖區民善街88號",
        "rating": "優",
        "city": "臺北市"
      },
      "geometry": {
        "type": "Point",
        "coordinates": [
          121.5753649,
          25.06014069
        ]
      }
    },
    {
      "type": "Feature",
      "properties": {
        "id": "",
        "registration_no": "A-200173622-00001-1",
        "name": "荖子鍋-內湖店",
        "phone": "02-27943683",
        "address": "臺北市內湖區民善街88號",
        "rating": "優",
        "city": "臺北市"
      },
      "geometry": {
        "type": "Point",
        "coordinates": [
          121.5753649,
          25.06014069
        ]
      }
    },
    {
      "type": "Feature",
      "properties": {
        "id": "",
        "registration_no": "A-122662550-00042-2",
        "name": "家樂福內湖店-即時熟食區(二F)",
        "phone": "933269040",
        "address": "臺北市內湖區民善街88號",
        "rating": "優",
        "city": "臺北市"
      },
      "geometry": {
        "type": "Point",
        "coordinates": [
          121.5753649,
          25.06014069
        ]
      }
    },
    {
      "type": "Feature",
      "properties": {
        "id": "",
        "registration_no": "A-154651346-00006-8",
        "name": "美樂食餐飲-民生雙連食堂",
        "phone": "02-25630322",
        "address": "臺北市中山區民生西路28號",
        "rating": "良",
        "city": "臺北市"
      },
      "geometry": {
        "type": "Point",
        "coordinates": [
          121.5217468,
          25.05764799
        ]
      }
    },
    {
      "type": "Feature",
      "properties": {
        "id": "",
        "registration_no": "A-184630426-00096-6",
        "name": "夏慕尼-台北中山北",
        "phone": "02-25719608",
        "address": "臺北市中山區中山北路2段44號B1",
        "rating": "優",
        "city": "臺北市"
      },
      "geometry": {
        "type": "Point",
        "coordinates": [
          121.5225114,
          25.05519574
        ]
      }
    },
    {
      "type": "Feature",
      "properties": {
        "id": "",
        "registration_no": "A-122662550-00339-1",
        "name": "家樂福南港二店-即食熟食區",
        "phone": "02-26530598",
        "address": "臺北市南港區南港路2段146號B2",
        "rating": "優",
        "city": "臺北市"
      },
      "geometry": {
        "type": "Point",
        "coordinates": [
          121.6005444,
          25.05346956
        ]
      }
    },
    {
      "type": "Feature",
      "properties": {
        "id": "",
        "registration_no": "A-124215065-00002-5",
        "name": "明德素食園-京站店",
        "phone": "02-82187858",
        "address": "臺北市大同區承德路1段1號B3",
        "rating": "優",
        "city": "臺北市"
      },
      "geometry": {
        "type": "Point",
        "coordinates": [
          121.5166245,
          25.0490762
        ]
      }
    },
    {
      "type": "Feature",
      "properties": {
        "id": "",
        "registration_no": "A-200000311-00016-1",
        "name": "八番赤野-京站店",
        "phone": "02-25592633",
        "address": "臺北市大同區承德路1段1號B3",
        "rating": "優",
        "city": "臺北市"
      },
      "geometry": {
        "type": "Point",
        "coordinates": [
          121.5166245,
          25.0490762
        ]
      }
    },
    {
      "type": "Feature",
      "properties": {
        "id": "",
        "registration_no": "A-153718045-00029-2",
        "name": "雪嶽山-京站店",
        "phone": "02-25523850",
        "address": "臺北市大同區承德路1段1號B3",
        "rating": "優",
        "city": "臺北市"
      },
      "geometry": {
        "type": "Point",
        "coordinates": [
          121.5166245,
          25.0490762
        ]
      }
    },
    {
      "type": "Feature",
      "properties": {
        "id": "",
        "registration_no": "A-150857845-00005-5",
        "name": "功夫銷魂麵-京站店",
        "phone": "933916965",
        "address": "臺北市大同區承德路1段1號B3",
        "rating": "優",
        "city": "臺北市"
      },
      "geometry": {
        "type": "Point",
        "coordinates": [
          121.5166245,
          25.0490762
        ]
      }
    },
    {
      "type": "Feature",
      "properties": {
        "id": "",
        "registration_no": "A-127542696-00066-1",
        "name": "海壽司-京站店",
        "phone": "02-27859700",
        "address": "臺北市大同區承德路1段1號B3",
        "rating": "優",
        "city": "臺北市"
      },
      "geometry": {
        "type": "Point",
        "coordinates": [
          121.5166245,
          25.0490762
        ]
      }
    },
    {
      "type": "Feature",
      "properties": {
        "id": "",
        "registration_no": "A-153945225-00013-7",
        "name": "美威鮭魚-京站店",
        "phone": "02-27782926",
        "address": "臺北市大同區承德路1段1號B3",
        "rating": "優",
        "city": "臺北市"
      },
      "geometry": {
        "type": "Point",
        "coordinates": [
          121.5166245,
          25.0490762
        ]
      }
    },
    {
      "type": "Feature",
      "properties": {
        "id": "",
        "registration_no": "A-142756204-00024-4",
        "name": "段純貞-京站店",
        "phone": "02-23773088",
        "address": "臺北市大同區承德路1段1號B3",
        "rating": "優",
        "city": "臺北市"
      },
      "geometry": {
        "type": "Point",
        "coordinates": [
          121.5166245,
          25.0490762
        ]
      }
    },
    {
      "type": "Feature",
      "properties": {
        "id": "",
        "registration_no": "A-142611263-00001-4",
        "name": "和田涮涮鍋-京站店",
        "phone": "02-25507977",
        "address": "臺北市大同區承德路1段1號B3",
        "rating": "優",
        "city": "臺北市"
      },
      "geometry": {
        "type": "Point",
        "coordinates": [
          121.5166245,
          25.0490762
        ]
      }
    },
    {
      "type": "Feature",
      "properties": {
        "id": "",
        "registration_no": "A-190615014-00001-5",
        "name": "Gubami Social 餐廳-新光三越A9",
        "phone": "916991884",
        "address": "臺北市信義區松壽路9號6樓",
        "rating": "優",
        "city": "臺北市"
      },
      "geometry": {
        "type": "Point",
        "coordinates": [
          121.5666623,
          25.03608161
        ]
      }
    },
    {
      "type": "Feature",
      "properties": {
        "id": "",
        "registration_no": "A-190623886-00001-1",
        "name": "黑武士老火鍋-新光三越A9",
        "phone": "02-23450355",
        "address": "臺北市信義區松壽路9號6樓",
        "rating": "優",
        "city": "臺北市"
      },
      "geometry": {
        "type": "Point",
        "coordinates": [
          121.5666623,
          25.03608161
        ]
      }
    },
    {
      "type": "Feature",
      "properties": {
        "id": "",
        "registration_no": "A-197286918-00018-7",
        "name": "爭鮮-內湖家樂福店",
        "phone": "02-87929698",
        "address": "臺北市內湖區民善街88號",
        "rating": "優",
        "city": "臺北市"
      },
      "geometry": {
        "type": "Point",
        "coordinates": [
          121.5753649,
          25.06014069
        ]
      }
    },
    {
      "type": "Feature",
      "properties": {
        "id": "",
        "registration_no": "A-189627033-00019-6",
        "name": "21Plus-京站店",
        "phone": "02-25553021",
        "address": "臺北市大同區承德路1段1號B2",
        "rating": "優",
        "city": "臺北市"
      },
      "geometry": {
        "type": "Point",
        "coordinates": [
          121.5166245,
          25.0490762
        ]
      }
    },
    {
      "type": "Feature",
      "properties": {
        "id": "",
        "registration_no": "A-202266097-00001-2",
        "name": "德州美墨炸雞-京站店",
        "phone": "02-25521779",
        "address": "臺北市大同區承德路1段1號B2",
        "rating": "優",
        "city": "臺北市"
      },
      "geometry": {
        "type": "Point",
        "coordinates": [
          121.5166245,
          25.0490762
        ]
      }
    },
    {
      "type": "Feature",
      "properties": {
        "id": "",
        "registration_no": "A-125552731-00001-9",
        "name": "豐盛食堂",
        "phone": "02-23961133",
        "address": "臺北市大安區麗水街1之3號",
        "rating": "優",
        "city": "臺北市"
      },
      "geometry": {
        "type": "Point",
        "coordinates": [
          121.5290531,
          25.03253186
        ]
      }
    },
    {
      "type": "Feature",
      "properties": {
        "id": "",
        "registration_no": "A-170472679-00115-7",
        "name": "八方雲集-師院店",
        "phone": "02-27540220",
        "address": "臺北市大安區和平東路2段311巷2之1號",
        "rating": "優",
        "city": "臺北市"
      },
      "geometry": {
        "type": "Point",
        "coordinates": [
          121.545033,
          25.0249916
        ]
      }
    },
    {
      "type": "Feature",
      "properties": {
        "id": "",
        "registration_no": "A-174943096-00001-1",
        "name": "Belém貝倫烘焙餐坊",
        "phone": "02-27323391",
        "address": "臺北市大安區和平東路2段118巷37號",
        "rating": "優",
        "city": "臺北市"
      },
      "geometry": {
        "type": "Point",
        "coordinates": [
          121.5429177,
          25.02336542
        ]
      }
    },
    {
      "type": "Feature",
      "properties": {
        "id": "",
        "registration_no": "A-153951936-00027-8",
        "name": "古典玫瑰園-台北永康店",
        "phone": "02-55740030",
        "address": "臺北市大安區麗水街3之1號1樓",
        "rating": "優",
        "city": "臺北市"
      },
      "geometry": {
        "type": "Point",
        "coordinates": [
          121.5290384,
          25.03224576
        ]
      }
    },
    {
      "type": "Feature",
      "properties": {
        "id": "",
        "registration_no": "A-124774721-00001-3",
        "name": "樂埔町",
        "phone": "02-23951689",
        "address": "臺北市大安區杭州南路2段67號",
        "rating": "優",
        "city": "臺北市"
      },
      "geometry": {
        "type": "Point",
        "coordinates": [
          121.5221767,
          25.0297438
        ]
      }
    },
    {
      "type": "Feature",
      "properties": {
        "id": "",
        "registration_no": "A-200105010-00001-7",
        "name": "𩵚魠風味魚羹-和平店",
        "phone": "02-27004277",
        "address": "臺北市大安區和平東路2段355號1樓",
        "rating": "優",
        "city": "臺北市"
      },
      "geometry": {
        "type": "Point",
        "coordinates": [
          121.5462202,
          25.02486591
        ]
      }
    },
    {
      "type": "Feature",
      "properties": {
        "id": "",
        "registration_no": "A-200209569-00001-1",
        "name": "江浙點心",
        "phone": "02-23951216",
        "address": "臺北市大安區麗水街4之1號",
        "rating": "優",
        "city": "臺北市"
      },
      "geometry": {
        "type": "Point",
        "coordinates": [
          121.5290531,
          25.03318528
        ]
      }
    },
    {
      "type": "Feature",
      "properties": {
        "id": "",
        "registration_no": "A-126371884-00001-8",
        "name": "老郭川菜館",
        "phone": "02-23939767",
        "address": "臺北市大安區麗水街6號",
        "rating": "優",
        "city": "臺北市"
      },
      "geometry": {
        "type": "Point",
        "coordinates": [
          121.5290235,
          25.03305151
        ]
      }
    },
    {
      "type": "Feature",
      "properties": {
        "id": "",
        "registration_no": "A-124747582-00001-8",
        "name": "吳留手串燒居酒屋",
        "phone": "02-23960680",
        "address": "臺北市大安區麗水街5之9號",
        "rating": "優",
        "city": "臺北市"
      },
      "geometry": {
        "type": "Point",
        "coordinates": [
          121.528864,
          25.03155508
        ]
      }
    },
    {
      "type": "Feature",
      "properties": {
        "id": "",
        "registration_no": "A-190060675-00001-2",
        "name": "呷哺呷哺火鍋-南西店",
        "phone": "02-25366797",
        "address": "臺北市中山區南京西路15號7樓",
        "rating": "優",
        "city": "臺北市"
      },
      "geometry": {
        "type": "Point",
        "coordinates": [
          121.5209416,
          25.05274399
        ]
      }
    },
    {
      "type": "Feature",
      "properties": {
        "id": "",
        "registration_no": "A-124950374-00002-4",
        "name": "克弗爾手作烘焙(克弗爾實業有限公司)",
        "phone": "02-28967756",
        "address": "臺北市北投區中央南路2段36號1樓",
        "rating": "優",
        "city": "臺北市"
      },
      "geometry": {
        "type": "Point",
        "coordinates": [
          121.5001963,
          25.12485946
        ]
      }
    },
    {
      "type": "Feature",
      "properties": {
        "id": "",
        "registration_no": "A-200166485-00001-0",
        "name": "天母臭臭鍋",
        "phone": "02-28950057",
        "address": "臺北市北投區中正街24號",
        "rating": "優",
        "city": "臺北市"
      },
      "geometry": {
        "type": "Point",
        "coordinates": [
          121.5009097,
          25.13204832
        ]
      }
    },
    {
      "type": "Feature",
      "properties": {
        "id": "",
        "registration_no": "A-200163505-00001-0",
        "name": "賢爸蔬食",
        "phone": "02-28988281",
        "address": "臺北市北投區中央南路1段25巷5號",
        "rating": "優",
        "city": "臺北市"
      },
      "geometry": {
        "type": "Point",
        "coordinates": [
          121.5017433,
          25.13253699
        ]
      }
    },
    {
      "type": "Feature",
      "properties": {
        "id": "",
        "registration_no": "A-200243593-00001-6",
        "name": "北投越南傳統手工法國麵包",
        "phone": "920061095",
        "address": "臺北市北投區中央南路1段25巷15號1樓",
        "rating": "優",
        "city": "臺北市"
      },
      "geometry": {
        "type": "Point",
        "coordinates": [
          121.501838,
          25.13244089
        ]
      }
    },
    {
      "type": "Feature",
      "properties": {
        "id": "",
        "registration_no": "A-200207608-00001-3",
        "name": "陽光屋",
        "phone": "926919249",
        "address": "臺北市北投區中央南路1段25巷12號",
        "rating": "良",
        "city": "臺北市"
      },
      "geometry": {
        "type": "Point",
        "coordinates": [
          121.5017549,
          25.13239915
        ]
      }
    },
    {
      "type": "Feature",
      "properties": {
        "id": "",
        "registration_no": "A-188296513-00001-1",
        "name": "陳記麻辣食堂",
        "phone": "02-28932999",
        "address": "臺北市北投區中央南路1段34號",
        "rating": "良",
        "city": "臺北市"
      },
      "geometry": {
        "type": "Point",
        "coordinates": [
          121.5013429,
          25.13242668
        ]
      }
    },
    {
      "type": "Feature",
      "properties": {
        "id": "",
        "registration_no": "A-128949151-00242-5",
        "name": "迷客夏-台北北投店",
        "phone": "02-28986326",
        "address": "臺北市北投區中央南路1段1號",
        "rating": "優",
        "city": "臺北市"
      },
      "geometry": {
        "type": "Point",
        "coordinates": [
          121.5015634,
          25.13306333
        ]
      }
    },
    {
      "type": "Feature",
      "properties": {
        "id": "",
        "registration_no": "A-202255860-00001-8",
        "name": "源士林粥品",
        "phone": "02-28916039",
        "address": "臺北市北投區中央北路1段118號",
        "rating": "優",
        "city": "臺北市"
      },
      "geometry": {
        "type": "Point",
        "coordinates": [
          121.4993405,
          25.13503354
        ]
      }
    },
    {
      "type": "Feature",
      "properties": {
        "id": "",
        "registration_no": "A-142495216-00000-1",
        "name": "鍋董日式涮涮鍋-新北投旗艦店",
        "phone": "02-28919970",
        "address": "臺北市北投區大業路741號",
        "rating": "優",
        "city": "臺北市"
      },
      "geometry": {
        "type": "Point",
        "coordinates": [
          121.5027108,
          25.13747406
        ]
      }
    },
    {
      "type": "Feature",
      "properties": {
        "id": "",
        "registration_no": "A-200192400-00000-5",
        "name": "雞腳張古早滷味專賣店",
        "phone": "02-23216910",
        "address": "臺北市北投區大業路739號1樓",
        "rating": "優",
        "city": "臺北市"
      },
      "geometry": {
        "type": "Point",
        "coordinates": [
          121.5026531,
          25.13745281
        ]
      }
    },
    {
      "type": "Feature",
      "properties": {
        "id": "",
        "registration_no": "A-153919541-00023-0",
        "name": "丸龜製麵-環球南港店",
        "phone": "02-2321910",
        "address": "臺北市南港區忠孝東路7段371號B1",
        "rating": "優",
        "city": "臺北市"
      },
      "geometry": {
        "type": "Point",
        "coordinates": [
          121.6049621,
          25.0519901
        ]
      }
    },
    {
      "type": "Feature",
      "properties": {
        "id": "",
        "registration_no": "A-128077459-00001-1",
        "name": "徐州路2號庭園會館",
        "phone": "02-23928888",
        "address": "臺北市中正區徐州路2號",
        "rating": "優",
        "city": "臺北市"
      },
      "geometry": {
        "type": "Point",
        "coordinates": [
          121.5222966,
          25.04093984
        ]
      }
    },
    {
      "type": "Feature",
      "properties": {
        "id": "",
        "registration_no": "A-122036848-00001-2",
        "name": "費太太-台大西址店",
        "phone": "02-56478255",
        "address": "臺北市中正區常德街1號",
        "rating": "優",
        "city": "臺北市"
      },
      "geometry": {
        "type": "Point",
        "coordinates": [
          121.5171715,
          25.04140014
        ]
      }
    },
    {
      "type": "Feature",
      "properties": {
        "id": "",
        "registration_no": "A-116754898-00002-8",
        "name": "財政部財政人員訓練所(沙山食品有限公司)",
        "phone": "02-29306669",
        "address": "臺北市文山區羅斯福路6段142巷3號",
        "rating": "優",
        "city": "臺北市"
      },
      "geometry": {
        "type": "Point",
        "coordinates": [
          121.5392501,
          24.99679601
        ]
      }
    },
    {
      "type": "Feature",
      "properties": {
        "id": "",
        "registration_no": "A-154180198-00001-5",
        "name": "和逸飯店．台北民生館",
        "phone": "02-77063399",
        "address": "臺北市中山區民生東路2段178號",
        "rating": "良",
        "city": "臺北市"
      },
      "geometry": {
        "type": "Point",
        "coordinates": [
          121.5362118,
          25.05769929
        ]
      }
    },
    {
      "type": "Feature",
      "properties": {
        "id": "",
        "registration_no": "A-124693586-00276-6",
        "name": "路易莎咖啡有限公司-北投直營門市",
        "phone": "02-28921613",
        "address": "臺北市北投區光明路65號1樓",
        "rating": "優",
        "city": "臺北市"
      },
      "geometry": {
        "type": "Point",
        "coordinates": [
          121.5000982,
          25.13296543
        ]
      }
    },
    {
      "type": "Feature",
      "properties": {
        "id": "",
        "registration_no": "A-200192179-00001-9",
        "name": "上全肉羹",
        "phone": "02-28936636",
        "address": "臺北市北投區光明路新生巷6號",
        "rating": "優",
        "city": "臺北市"
      },
      "geometry": {
        "type": "Point",
        "coordinates": [
          121.5017909,
          25.13300549
        ]
      }
    },
    {
      "type": "Feature",
      "properties": {
        "id": "",
        "registration_no": "A-278963760-00000-5",
        "name": "早安勇士",
        "phone": "02-28912522",
        "address": "臺北市北投區育仁路147號",
        "rating": "優",
        "city": "臺北市"
      },
      "geometry": {
        "type": "Point",
        "coordinates": [
          121.5007944,
          25.13646106
        ]
      }
    },
    {
      "type": "Feature",
      "properties": {
        "id": "",
        "registration_no": "A-128213882-00000-2",
        "name": "亞太飯店",
        "phone": "02-28983088",
        "address": "臺北市北投區幽雅路31號",
        "rating": "優",
        "city": "臺北市"
      },
      "geometry": {
        "type": "Point",
        "coordinates": [
          121.5147951,
          25.1371462
        ]
      }
    },
    {
      "type": "Feature",
      "properties": {
        "id": "",
        "registration_no": "A-129628044-00001-4",
        "name": "曲水會館",
        "phone": "02-28912151",
        "address": "臺北市北投區溫泉路105號",
        "rating": "優",
        "city": "臺北市"
      },
      "geometry": {
        "type": "Point",
        "coordinates": [
          121.5119546,
          25.13645318
        ]
      }
    },
    {
      "type": "Feature",
      "properties": {
        "id": "",
        "registration_no": "A-138510926-00001-3",
        "name": "滿客屋",
        "phone": "02-28937958",
        "address": "臺北市北投區溫泉路110號",
        "rating": "優",
        "city": "臺北市"
      },
      "geometry": {
        "type": "Point",
        "coordinates": [
          121.5109043,
          25.13620311
        ]
      }
    },
    {
      "type": "Feature",
      "properties": {
        "id": "",
        "registration_no": "A-200231609-00001-1",
        "name": "心不懶喘息咖啡",
        "phone": "02-28983445",
        "address": "臺北市北投區育仁路89號",
        "rating": "優",
        "city": "臺北市"
      },
      "geometry": {
        "type": "Point",
        "coordinates": [
          121.4989656,
          25.13439936
        ]
      }
    },
    {
      "type": "Feature",
      "properties": {
        "id": "",
        "registration_no": "A-185123524-00001-9",
        "name": "達美樂披薩北投光明店",
        "phone": "02-28954833",
        "address": "臺北市北投區光明路98號1樓",
        "rating": "優",
        "city": "臺北市"
      },
      "geometry": {
        "type": "Point",
        "coordinates": [
          121.5010464,
          25.13309434
        ]
      }
    },
    {
      "type": "Feature",
      "properties": {
        "id": "",
        "registration_no": "A-200150651-00001-8",
        "name": "大碗麻辣鴨血臭豆腐",
        "phone": "955292494",
        "address": "臺北市北投區新市街59號",
        "rating": "優",
        "city": "臺北市"
      },
      "geometry": {
        "type": "Point",
        "coordinates": [
          121.5022703,
          25.13256448
        ]
      }
    },
    {
      "type": "Feature",
      "properties": {
        "id": "",
        "registration_no": "A-185007546-00002-5",
        "name": "蔦燒日式居酒屋-北投店",
        "phone": "02-28931919",
        "address": "臺北市北投區溫泉路30巷24號",
        "rating": "優",
        "city": "臺北市"
      },
      "geometry": {
        "type": "Point",
        "coordinates": [
          121.5031569,
          25.13330888
        ]
      }
    },
    {
      "type": "Feature",
      "properties": {
        "id": "",
        "registration_no": "A-202266886-00001-8",
        "name": "囍家炭烤三明治",
        "phone": "02-28971200",
        "address": "臺北市北投區光明路57號",
        "rating": "優",
        "city": "臺北市"
      },
      "geometry": {
        "type": "Point",
        "coordinates": [
          121.4999366,
          25.13290864
        ]
      }
    },
    {
      "type": "Feature",
      "properties": {
        "id": "",
        "registration_no": "A-183097938-00002-7",
        "name": "奎士咖啡_SOGO忠孝館",
        "phone": "92333271",
        "address": "臺北市大安區忠孝東路4段45號B1",
        "rating": "優",
        "city": "臺北市"
      },
      "geometry": {
        "type": "Point",
        "coordinates": [
          121.5449554,
          25.04173844
        ]
      }
    },
    {
      "type": "Feature",
      "properties": {
        "id": "",
        "registration_no": "A-155855732-00001-9",
        "name": "神樂家-SOGO忠孝館",
        "phone": "02-89785666",
        "address": "臺北市大安區忠孝東路4段45號11樓",
        "rating": "優",
        "city": "臺北市"
      },
      "geometry": {
        "type": "Point",
        "coordinates": [
          121.5448828,
          25.04190242
        ]
      }
    },
    {
      "type": "Feature",
      "properties": {
        "id": "",
        "registration_no": "A-184630426-00045-0",
        "name": "聚北海道昆布鍋-SOGO忠孝店",
        "phone": "02-27218787",
        "address": "臺北市大安區忠孝東路4段45號11樓",
        "rating": "優",
        "city": "臺北市"
      },
      "geometry": {
        "type": "Point",
        "coordinates": [
          121.5448828,
          25.04190242
        ]
      }
    },
    {
      "type": "Feature",
      "properties": {
        "id": "",
        "registration_no": "A-124982729-00002-3",
        "name": "漢來蔬食-SOGO忠孝館",
        "phone": "02-27311128",
        "address": "臺北市大安區忠孝東路4段45號11樓",
        "rating": "優",
        "city": "臺北市"
      },
      "geometry": {
        "type": "Point",
        "coordinates": [
          121.5448828,
          25.04190242
        ]
      }
    },
    {
      "type": "Feature",
      "properties": {
        "id": "",
        "registration_no": "A-180506038-00001-9",
        "name": "三合院港式飲茶-SOGO忠孝館",
        "phone": "02-27816667",
        "address": "臺北市大安區忠孝東路4段45號11樓",
        "rating": "優",
        "city": "臺北市"
      },
      "geometry": {
        "type": "Point",
        "coordinates": [
          121.5448828,
          25.04190242
        ]
      }
    },
    {
      "type": "Feature",
      "properties": {
        "id": "",
        "registration_no": "A-127748310-00018-9",
        "name": "NARA Thai Cuisine-SGOG忠孝館",
        "phone": "02-27718939",
        "address": "臺北市大安區忠孝東路4段45號11樓",
        "rating": "優",
        "city": "臺北市"
      },
      "geometry": {
        "type": "Point",
        "coordinates": [
          121.5448828,
          25.04190242
        ]
      }
    },
    {
      "type": "Feature",
      "properties": {
        "id": "",
        "registration_no": "A-142672887-00009-1",
        "name": "莆田Putien-SOGO忠孝店",
        "phone": "02-87710767",
        "address": "臺北市大安區忠孝東路4段45號12樓",
        "rating": "優",
        "city": "臺北市"
      },
      "geometry": {
        "type": "Point",
        "coordinates": [
          121.5448828,
          25.04190242
        ]
      }
    },
    {
      "type": "Feature",
      "properties": {
        "id": "",
        "registration_no": "A-116787933-00000-2",
        "name": "新東南海鮮餐廳",
        "phone": "02-23014239",
        "address": "臺北市中正區汀州路1段105號1樓",
        "rating": "優",
        "city": "臺北市"
      },
      "geometry": {
        "type": "Point",
        "coordinates": [
          121.5089298,
          25.0286314
        ]
      }
    },
    {
      "type": "Feature",
      "properties": {
        "id": "",
        "registration_no": "A-109499839-00011-1",
        "name": "聖瑪莉東門店",
        "phone": "02-23920224",
        "address": "臺北市大安區信義路2段186號",
        "rating": "優",
        "city": "臺北市"
      },
      "geometry": {
        "type": "Point",
        "coordinates": [
          121.5298573,
          25.03353661
        ]
      }
    },
    {
      "type": "Feature",
      "properties": {
        "id": "",
        "registration_no": "A-127766956-00005-1",
        "name": "欣豐自助餐-微風台大醫院店",
        "phone": "917873179",
        "address": "臺北市中正區中山南路7號B1",
        "rating": "優",
        "city": "臺北市"
      },
      "geometry": {
        "type": "Point",
        "coordinates": [
          121.5185182,
          25.04130244
        ]
      }
    },
    {
      "type": "Feature",
      "properties": {
        "id": "",
        "registration_no": "A-200246609-00001-7",
        "name": "第一佳-微風台大醫院店",
        "phone": "02-23952298#8111",
        "address": "臺北市中正區中山南路7號B1",
        "rating": "優",
        "city": "臺北市"
      },
      "geometry": {
        "type": "Point",
        "coordinates": [
          121.5185182,
          25.04130244
        ]
      }
    },
    {
      "type": "Feature",
      "properties": {
        "id": "",
        "registration_no": "A-122751743-00077-3",
        "name": "一之軒-微風台大醫院店",
        "phone": "02-23952298#8137",
        "address": "臺北市中正區中山南路7號B1",
        "rating": "優",
        "city": "臺北市"
      },
      "geometry": {
        "type": "Point",
        "coordinates": [
          121.5185182,
          25.04130244
        ]
      }
    },
    {
      "type": "Feature",
      "properties": {
        "id": "",
        "registration_no": "A-128544068-00006-1",
        "name": "小南門-微風台大醫院店",
        "phone": "02-33225918",
        "address": "臺北市中正區中山南路7號B1",
        "rating": "優",
        "city": "臺北市"
      },
      "geometry": {
        "type": "Point",
        "coordinates": [
          121.5185182,
          25.04130244
        ]
      }
    },
    {
      "type": "Feature",
      "properties": {
        "id": "",
        "registration_no": "A-152531845-00003-4",
        "name": "好好吃大餛飩-微風台大醫院店",
        "phone": "928842871",
        "address": "臺北市中正區中山南路7號B1",
        "rating": "優",
        "city": "臺北市"
      },
      "geometry": {
        "type": "Point",
        "coordinates": [
          121.5185182,
          25.04130244
        ]
      }
    },
    {
      "type": "Feature",
      "properties": {
        "id": "",
        "registration_no": "A-170837404-00027-0",
        "name": "花蓮扁食-微風台大醫院店",
        "phone": "02-23952298#8119",
        "address": "臺北市中正區中山南路7號B1",
        "rating": "優",
        "city": "臺北市"
      },
      "geometry": {
        "type": "Point",
        "coordinates": [
          121.5185182,
          25.04130244
        ]
      }
    },
    {
      "type": "Feature",
      "properties": {
        "id": "",
        "registration_no": "A-124465056-00053-8",
        "name": "菓加 Fruit plus-微風台大醫院店",
        "phone": "02-23952298#8145",
        "address": "臺北市中正區中山南路7號B1",
        "rating": "優",
        "city": "臺北市"
      },
      "geometry": {
        "type": "Point",
        "coordinates": [
          121.5185182,
          25.04130244
        ]
      }
    },
    {
      "type": "Feature",
      "properties": {
        "id": "",
        "registration_no": "A-189627033-00207-5",
        "name": "21plus-微風台大醫院店",
        "phone": "02-27989868",
        "address": "臺北市中正區中山南路7號B1",
        "rating": "優",
        "city": "臺北市"
      },
      "geometry": {
        "type": "Point",
        "coordinates": [
          121.5185182,
          25.04130244
        ]
      }
    },
    {
      "type": "Feature",
      "properties": {
        "id": "",
        "registration_no": "A-127359304-00418-4",
        "name": "Mister Donut-微風台大醫院店",
        "phone": "922125873",
        "address": "臺北市中正區中山南路7號B1",
        "rating": "優",
        "city": "臺北市"
      },
      "geometry": {
        "type": "Point",
        "coordinates": [
          121.5185182,
          25.04130244
        ]
      }
    },
    {
      "type": "Feature",
      "properties": {
        "id": "",
        "registration_no": "A-142756204-00005-3",
        "name": "杏子日式豬排-京站店",
        "phone": "02-25586878",
        "address": "臺北市大同區承德路1段1號4樓",
        "rating": "優",
        "city": "臺北市"
      },
      "geometry": {
        "type": "Point",
        "coordinates": [
          121.5167841,
          25.04909007
        ]
      }
    },
    {
      "type": "Feature",
      "properties": {
        "id": "",
        "registration_no": "A-158493538-00001-4",
        "name": "海底撈-京站店",
        "phone": "02-25590125",
        "address": "臺北市大同區承德路1段1號4樓",
        "rating": "優",
        "city": "臺北市"
      },
      "geometry": {
        "type": "Point",
        "coordinates": [
          121.5167841,
          25.04909007
        ]
      }
    },
    {
      "type": "Feature",
      "properties": {
        "id": "",
        "registration_no": "A-186384960-00032-7",
        "name": "Häagen-Dazs-京站店",
        "phone": "02-25585918",
        "address": "臺北市大同區承德路1段1號1樓",
        "rating": "優",
        "city": "臺北市"
      },
      "geometry": {
        "type": "Point",
        "coordinates": [
          121.5167841,
          25.04909007
        ]
      }
    },
    {
      "type": "Feature",
      "properties": {
        "id": "",
        "registration_no": "A-128427006-00091-7",
        "name": "樂田麵包-台大西址店",
        "phone": "02-23312396",
        "address": "臺北市中正區常德街1號B1",
        "rating": "優",
        "city": "臺北市"
      },
      "geometry": {
        "type": "Point",
        "coordinates": [
          121.516785,
          25.041156
        ]
      }
    },
    {
      "type": "Feature",
      "properties": {
        "id": "",
        "registration_no": "A-191698337-00001-5",
        "name": "蓁小店-台大西址店",
        "phone": "02-23810368",
        "address": "臺北市中正區常德街1號B1",
        "rating": "優",
        "city": "臺北市"
      },
      "geometry": {
        "type": "Point",
        "coordinates": [
          121.516785,
          25.041156
        ]
      }
    },
    {
      "type": "Feature",
      "properties": {
        "id": "",
        "registration_no": "A-148942677-00000-5",
        "name": "周董燒肉飯-台大西址店",
        "phone": "02-87890678",
        "address": "臺北市中正區常德街1號B1",
        "rating": "優",
        "city": "臺北市"
      },
      "geometry": {
        "type": "Point",
        "coordinates": [
          121.516785,
          25.041156
        ]
      }
    },
    {
      "type": "Feature",
      "properties": {
        "id": "",
        "registration_no": "A-124693586-00341-9",
        "name": "路易莎咖啡-台大西址店",
        "phone": "02-23810618",
        "address": "臺北市中正區常德街1號",
        "rating": "優",
        "city": "臺北市"
      },
      "geometry": {
        "type": "Point",
        "coordinates": [
          121.5171715,
          25.04140014
        ]
      }
    },
    {
      "type": "Feature",
      "properties": {
        "id": "",
        "registration_no": "A-142490140-00001-3",
        "name": "美樂家素食坊-台大西址店",
        "phone": "02-23111298",
        "address": "臺北市中正區常德街1號B1",
        "rating": "優",
        "city": "臺北市"
      },
      "geometry": {
        "type": "Point",
        "coordinates": [
          121.516785,
          25.041156
        ]
      }
    },
    {
      "type": "Feature",
      "properties": {
        "id": "",
        "registration_no": "A-154752668-00019-1",
        "name": "添好運-CITYLINK松山店",
        "phone": "02-25287978",
        "address": "臺北市信義區松山路11號2樓",
        "rating": "優",
        "city": "臺北市"
      },
      "geometry": {
        "type": "Point",
        "coordinates": [
          121.5782525,
          25.04845585
        ]
      }
    },
    {
      "type": "Feature",
      "properties": {
        "id": "",
        "registration_no": "A-128704682-00008-3",
        "name": "花月嵐拉麵-CITYLINK松山店",
        "phone": "02-27485552",
        "address": "臺北市信義區松山路11號2樓",
        "rating": "優",
        "city": "臺北市"
      },
      "geometry": {
        "type": "Point",
        "coordinates": [
          121.5782525,
          25.04845585
        ]
      }
    },
    {
      "type": "Feature",
      "properties": {
        "id": "",
        "registration_no": "A-183777647-00008-5",
        "name": "秋風軒鍋物-CITYLINK松山店",
        "phone": "02-27457999",
        "address": "臺北市信義區松山路11號2樓",
        "rating": "優",
        "city": "臺北市"
      },
      "geometry": {
        "type": "Point",
        "coordinates": [
          121.5782525,
          25.04845585
        ]
      }
    },
    {
      "type": "Feature",
      "properties": {
        "id": "",
        "registration_no": "A-180176590-00003-7",
        "name": "瓦城-ClTYLINK松山店",
        "phone": "02-25281080",
        "address": "臺北市信義區松山路11號2樓",
        "rating": "優",
        "city": "臺北市"
      },
      "geometry": {
        "type": "Point",
        "coordinates": [
          121.5782525,
          25.04845585
        ]
      }
    },
    {
      "type": "Feature",
      "properties": {
        "id": "",
        "registration_no": "A-153919541-00058-8",
        "name": "丸亀製麵-CITYLINK松山店",
        "phone": "02-27680180",
        "address": "臺北市信義區松山路11號2樓",
        "rating": "優",
        "city": "臺北市"
      },
      "geometry": {
        "type": "Point",
        "coordinates": [
          121.5782525,
          25.04845585
        ]
      }
    },
    {
      "type": "Feature",
      "properties": {
        "id": "",
        "registration_no": "A-124707940-00006-7",
        "name": "時時香-CITYLINK松山店",
        "phone": "02-27822568",
        "address": "臺北市信義區松山路11號2樓",
        "rating": "優",
        "city": "臺北市"
      },
      "geometry": {
        "type": "Point",
        "coordinates": [
          121.5782525,
          25.04845585
        ]
      }
    },
    {
      "type": "Feature",
      "properties": {
        "id": "",
        "registration_no": "A-113082118-00001-3",
        "name": "台北馥敦-復北店",
        "phone": "02-27138181",
        "address": "臺北市松山區復興北路315號",
        "rating": "優",
        "city": "臺北市"
      },
      "geometry": {
        "type": "Point",
        "coordinates": [
          121.5444158,
          25.05911487
        ]
      }
    },
    {
      "type": "Feature",
      "properties": {
        "id": "",
        "registration_no": "A-200246756-00001-0",
        "name": "潮品集-潮坊",
        "phone": "02-27722688",
        "address": "臺北市信義區松高路19號6樓",
        "rating": "優",
        "city": "臺北市"
      },
      "geometry": {
        "type": "Point",
        "coordinates": [
          121.5666669,
          25.03935906
        ]
      }
    },
    {
      "type": "Feature",
      "properties": {
        "id": "",
        "registration_no": "A-142868475-00009-1",
        "name": "lady m遠百信義店",
        "phone": "02-77309963",
        "address": "臺北市信義區松仁路58號1樓",
        "rating": "優",
        "city": "臺北市"
      },
      "geometry": {
        "type": "Point",
        "coordinates": [
          121.5679679,
          25.03673196
        ]
      }
    },
    {
      "type": "Feature",
      "properties": {
        "id": "",
        "registration_no": "A-182954573-00001-2",
        "name": "新馬辣信義遠百店",
        "phone": "02-27202118",
        "address": "臺北市信義區松仁路58號14樓",
        "rating": "優",
        "city": "臺北市"
      },
      "geometry": {
        "type": "Point",
        "coordinates": [
          121.5679679,
          25.03673196
        ]
      }
    },
    {
      "type": "Feature",
      "properties": {
        "id": "",
        "registration_no": "A-153095716-00003-7",
        "name": "朱記餡餅粥-微風台大醫院店",
        "phone": "02-23952298#8114",
        "address": "臺北市中正區中山南路7號B1",
        "rating": "優",
        "city": "臺北市"
      },
      "geometry": {
        "type": "Point",
        "coordinates": [
          121.5185182,
          25.04130244
        ]
      }
    },
    {
      "type": "Feature",
      "properties": {
        "id": "",
        "registration_no": "A-200219658-00001-1",
        "name": "七月紫米本丸",
        "phone": "970661322",
        "address": "臺北市北投區光明路64號",
        "rating": "優",
        "city": "臺北市"
      },
      "geometry": {
        "type": "Point",
        "coordinates": [
          121.5001172,
          25.1328376
        ]
      }
    },
    {
      "type": "Feature",
      "properties": {
        "id": "",
        "registration_no": "A-113064147-00004-8",
        "name": "寶源活力吧-台大西址店",
        "phone": "02-23119089",
        "address": "臺北市中正區常德街1號",
        "rating": "優",
        "city": "臺北市"
      },
      "geometry": {
        "type": "Point",
        "coordinates": [
          121.5171715,
          25.04140014
        ]
      }
    },
    {
      "type": "Feature",
      "properties": {
        "id": "",
        "registration_no": "A-127412960-00006-5",
        "name": "雲嶺鮮雞-台大西址店",
        "phone": "02-23755586",
        "address": "臺北市中正區常德街1號",
        "rating": "優",
        "city": "臺北市"
      },
      "geometry": {
        "type": "Point",
        "coordinates": [
          121.5171715,
          25.04140014
        ]
      }
    },
    {
      "type": "Feature",
      "properties": {
        "id": "",
        "registration_no": "A-154653702-00015-6",
        "name": "創義麵-CITYLINK松山店",
        "phone": "02-27487461",
        "address": "臺北市信義區松山路11號1樓",
        "rating": "良",
        "city": "臺北市"
      },
      "geometry": {
        "type": "Point",
        "coordinates": [
          121.5782525,
          25.04845585
        ]
      }
    },
    {
      "type": "Feature",
      "properties": {
        "id": "",
        "registration_no": "A-197286918-00030-1",
        "name": "爭鮮迴轉壽司-CITYLINK松山店",
        "phone": "02-27481998",
        "address": "臺北市信義區松山路11號1樓",
        "rating": "優",
        "city": "臺北市"
      },
      "geometry": {
        "type": "Point",
        "coordinates": [
          121.5782525,
          25.04845585
        ]
      }
    },
    {
      "type": "Feature",
      "properties": {
        "id": "",
        "registration_no": "A-112665635-00013-6",
        "name": "CoCo老番屋-CITYLINK松山店",
        "phone": "02-27421131",
        "address": "臺北市信義區松山路11號1樓",
        "rating": "優",
        "city": "臺北市"
      },
      "geometry": {
        "type": "Point",
        "coordinates": [
          121.5782525,
          25.04845585
        ]
      }
    },
    {
      "type": "Feature",
      "properties": {
        "id": "",
        "registration_no": "A-184630426-00487-0",
        "name": "品田牧場-CITYLINK松山店",
        "phone": "02-27478985",
        "address": "臺北市信義區松山路11號1樓",
        "rating": "優",
        "city": "臺北市"
      },
      "geometry": {
        "type": "Point",
        "coordinates": [
          121.5782525,
          25.04845585
        ]
      }
    },
    {
      "type": "Feature",
      "properties": {
        "id": "",
        "registration_no": "A-180292991-00013-2",
        "name": "Beard papa-CITYLINK松山店",
        "phone": "02-27475658",
        "address": "臺北市信義區松山路11號1樓",
        "rating": "優",
        "city": "臺北市"
      },
      "geometry": {
        "type": "Point",
        "coordinates": [
          121.5782525,
          25.04845585
        ]
      }
    },
    {
      "type": "Feature",
      "properties": {
        "id": "",
        "registration_no": "A-128402188-00026-9",
        "name": "COCO都可-CITYLINK松山店",
        "phone": "02-27420858",
        "address": "臺北市信義區松山路11號1樓",
        "rating": "優",
        "city": "臺北市"
      },
      "geometry": {
        "type": "Point",
        "coordinates": [
          121.5782525,
          25.04845585
        ]
      }
    },
    {
      "type": "Feature",
      "properties": {
        "id": "",
        "registration_no": "A-127359304-00334-1",
        "name": "MISTER DONUT-CITYLINK松山店",
        "phone": "02-27421471",
        "address": "臺北市信義區松山路11號1樓",
        "rating": "優",
        "city": "臺北市"
      },
      "geometry": {
        "type": "Point",
        "coordinates": [
          121.5782525,
          25.04845585
        ]
      }
    },
    {
      "type": "Feature",
      "properties": {
        "id": "",
        "registration_no": "A-118559415-00305-4",
        "name": "CHAFFEE-CITYLINK松山店",
        "phone": "02-25288138",
        "address": "臺北市信義區松山路11號1樓",
        "rating": "優",
        "city": "臺北市"
      },
      "geometry": {
        "type": "Point",
        "coordinates": [
          121.5782525,
          25.04845585
        ]
      }
    },
    {
      "type": "Feature",
      "properties": {
        "id": "",
        "registration_no": "A-128427006-00088-3",
        "name": "樂田-國父紀念館",
        "phone": "02-77515284",
        "address": "臺北市信義區忠孝東路4段302號",
        "rating": "優",
        "city": "臺北市"
      },
      "geometry": {
        "type": "Point",
        "coordinates": [
          121.5564452,
          25.04115476
        ]
      }
    },
    {
      "type": "Feature",
      "properties": {
        "id": "",
        "registration_no": "A-126221730-00001-2",
        "name": "游壽司麗水店",
        "phone": "02-23919298",
        "address": "臺北市大安區麗水街7巷7號",
        "rating": "優",
        "city": "臺北市"
      },
      "geometry": {
        "type": "Point",
        "coordinates": [
          121.5290784,
          25.03096953
        ]
      }
    },
    {
      "type": "Feature",
      "properties": {
        "id": "",
        "registration_no": "A-200131652-00001-8",
        "name": "Toh-a 桌藏",
        "phone": "02-23770952",
        "address": "臺北市大安區和平東路2段76巷23弄9號",
        "rating": "優",
        "city": "臺北市"
      },
      "geometry": {
        "type": "Point",
        "coordinates": [
          121.5403342,
          25.02242552
        ]
      }
    },
    {
      "type": "Feature",
      "properties": {
        "id": "",
        "registration_no": "A-400190317-00000-2",
        "name": "臺北榮民總醫院營養部病患廚房",
        "phone": "02-28757475",
        "address": "臺北市北投區石牌路2段201號中正樓B1",
        "rating": "優",
        "city": "臺北市"
      },
      "geometry": {
        "type": "Point",
        "coordinates": [
          121.5206759,
          25.11888674
        ]
      }
    },
    {
      "type": "Feature",
      "properties": {
        "id": "",
        "registration_no": "A-148978457-00001-1",
        "name": "臺北榮民總醫院員工餐廳",
        "phone": "02-28757472",
        "address": "臺北市北投區石牌路2段201號中正樓1樓",
        "rating": "優",
        "city": "臺北市"
      },
      "geometry": {
        "type": "Point",
        "coordinates": [
          121.5191658,
          25.11918227
        ]
      }
    },
    {
      "type": "Feature",
      "properties": {
        "id": "",
        "registration_no": "A-150775041-00001-8",
        "name": "第一大飯店敘香園",
        "phone": "02-25312322",
        "address": "臺北市中山區南京東路2段63號3樓",
        "rating": "良",
        "city": "臺北市"
      },
      "geometry": {
        "type": "Point",
        "coordinates": [
          121.5302502,
          25.05225613
        ]
      }
    },
    {
      "type": "Feature",
      "properties": {
        "id": "",
        "registration_no": "A-378964771-00001-0",
        "name": "木生婦幼診所",
        "phone": "02-25012312",
        "address": "臺北市中山區長安東路2段90號1-4樓",
        "rating": "優",
        "city": "臺北市"
      },
      "geometry": {
        "type": "Point",
        "coordinates": [
          121.5344365,
          25.04832707
        ]
      }
    },
    {
      "type": "Feature",
      "properties": {
        "id": "",
        "registration_no": "A-170809478-00001-2",
        "name": "長榮桂冠酒店(台北)",
        "phone": "02-25188399",
        "address": "臺北市中山區松江路63號",
        "rating": "優",
        "city": "臺北市"
      },
      "geometry": {
        "type": "Point",
        "coordinates": [
          121.5331769,
          25.04886397
        ]
      }
    },
    {
      "type": "Feature",
      "properties": {
        "id": "",
        "registration_no": "A-200057802-00001-2",
        "name": "林家蔬菜羊肉爐",
        "phone": "02-25925174",
        "address": "臺北市中山區吉林路327號",
        "rating": "優",
        "city": "臺北市"
      },
      "geometry": {
        "type": "Point",
        "coordinates": [
          121.5304433,
          25.06385555
        ]
      }
    },
    {
      "type": "Feature",
      "properties": {
        "id": "",
        "registration_no": "A-122036848-00002-3",
        "name": "費太太-馬偕醫院",
        "phone": "02-27931128",
        "address": "臺北市中山區中山北路2段92號",
        "rating": "優",
        "city": "臺北市"
      },
      "geometry": {
        "type": "Point",
        "coordinates": [
          121.522558,
          25.05888424
        ]
      }
    },
    {
      "type": "Feature",
      "properties": {
        "id": "",
        "registration_no": "A-109499839-00010-0",
        "name": "聖瑪莉馬偕店",
        "phone": "02-25316687",
        "address": "臺北市中山區中山北路2段92號1樓",
        "rating": "優",
        "city": "臺北市"
      },
      "geometry": {
        "type": "Point",
        "coordinates": [
          121.522558,
          25.05888424
        ]
      }
    },
    {
      "type": "Feature",
      "properties": {
        "id": "",
        "registration_no": "A-161884947-00003-8",
        "name": "蔬坊The Greenery",
        "phone": "906512708",
        "address": "臺北市中山區南京西路14號B1",
        "rating": "優",
        "city": "臺北市"
      },
      "geometry": {
        "type": "Point",
        "coordinates": [
          121.5212653,
          25.05238039
        ]
      }
    },
    {
      "type": "Feature",
      "properties": {
        "id": "",
        "registration_no": "A-278957813-00000-7",
        "name": "李義男婦產科附設產後護理之家",
        "phone": "02-25361158",
        "address": "臺北市中山區中山北路2段71號5樓",
        "rating": "優",
        "city": "臺北市"
      },
      "geometry": {
        "type": "Point",
        "coordinates": [
          121.5230528,
          25.05728556
        ]
      }
    },
    {
      "type": "Feature",
      "properties": {
        "id": "",
        "registration_no": "A-152678039-00000-8",
        "name": "新馬辣-中山店",
        "phone": "02-21002225",
        "address": "臺北市中山區南京東路1段2號2樓",
        "rating": "優",
        "city": "臺北市"
      },
      "geometry": {
        "type": "Point",
        "coordinates": [
          121.5229545,
          25.0520291
        ]
      }
    },
    {
      "type": "Feature",
      "properties": {
        "id": "",
        "registration_no": "A-200073629-00001-7",
        "name": "天廚菜館",
        "phone": "02-25632380",
        "address": "臺北市中山區南京西路1號3樓",
        "rating": "良",
        "city": "臺北市"
      },
      "geometry": {
        "type": "Point",
        "coordinates": [
          121.521018,
          25.05266784
        ]
      }
    },
    {
      "type": "Feature",
      "properties": {
        "id": "",
        "registration_no": "A-128448826-00001-1",
        "name": "神旺商務酒店",
        "phone": "02-25115185",
        "address": "臺北市中山區南京東路1段128號",
        "rating": "優",
        "city": "臺北市"
      },
      "geometry": {
        "type": "Point",
        "coordinates": [
          121.5270382,
          25.05189499
        ]
      }
    },
    {
      "type": "Feature",
      "properties": {
        "id": "",
        "registration_no": "A-154180795-00000-7",
        "name": "藍田產後護理之家",
        "phone": "02-27533100#9",
        "address": "臺北市松山區南京東路5段316號",
        "rating": "優",
        "city": "臺北市"
      },
      "geometry": {
        "type": "Point",
        "coordinates": [
          121.568049,
          25.05109909
        ]
      }
    },
    {
      "type": "Feature",
      "properties": {
        "id": "",
        "registration_no": "A-123309178-00063-0",
        "name": "漢堡王-南京三民店",
        "phone": "02-27671397",
        "address": "臺北市松山區南京東路5段82號",
        "rating": "優",
        "city": "臺北市"
      },
      "geometry": {
        "type": "Point",
        "coordinates": [
          121.5613241,
          25.05126572
        ]
      }
    },
    {
      "type": "Feature",
      "properties": {
        "id": "",
        "registration_no": "A-200131190-00001-5",
        "name": "古味小吃店",
        "phone": "02-25790732",
        "address": "臺北市松山區北寧路14號",
        "rating": "良",
        "city": "臺北市"
      },
      "geometry": {
        "type": "Point",
        "coordinates": [
          121.5527251,
          25.04872768
        ]
      }
    },
    {
      "type": "Feature",
      "properties": {
        "id": "",
        "registration_no": "A-111596180-00001-0",
        "name": "國王大飯店",
        "phone": "02-25811111",
        "address": "臺北市中山區南京東路1段118號",
        "rating": "良",
        "city": "臺北市"
      },
      "geometry": {
        "type": "Point",
        "coordinates": [
          121.5266195,
          25.0519053
        ]
      }
    },
    {
      "type": "Feature",
      "properties": {
        "id": "",
        "registration_no": "A-112949486-00002-3",
        "name": "一郎台日海鮮料理宴會廣場-濱江店",
        "phone": "02-25027542",
        "address": "臺北市中山區民族東路336號5樓",
        "rating": "優",
        "city": "臺北市"
      },
      "geometry": {
        "type": "Point",
        "coordinates": [
          121.5373412,
          25.06792337
        ]
      }
    },
    {
      "type": "Feature",
      "properties": {
        "id": "",
        "registration_no": "A-278959983-00001-8",
        "name": "晶英產後護理之家",
        "phone": "02-27458880",
        "address": "臺北市松山區健康路156號6樓",
        "rating": "優",
        "city": "臺北市"
      },
      "geometry": {
        "type": "Point",
        "coordinates": [
          121.5574394,
          25.05348122
        ]
      }
    },
    {
      "type": "Feature",
      "properties": {
        "id": "",
        "registration_no": "A-128337899-00002-9",
        "name": "茹曦酒店-SUNNY BUFFET",
        "phone": "02-27197199#3311",
        "address": "臺北市松山區敦化北路100號",
        "rating": "優",
        "city": "臺北市"
      },
      "geometry": {
        "type": "Point",
        "coordinates": [
          121.5485293,
          25.05276403
        ]
      }
    },
    {
      "type": "Feature",
      "properties": {
        "id": "",
        "registration_no": "A-128337899-00004-1",
        "name": "茹曦酒店宴會廳",
        "phone": "02-27197199#3310",
        "address": "臺北市松山區敦化北路100號",
        "rating": "優",
        "city": "臺北市"
      },
      "geometry": {
        "type": "Point",
        "coordinates": [
          121.5485293,
          25.05276403
        ]
      }
    },
    {
      "type": "Feature",
      "properties": {
        "id": "",
        "registration_no": "A-150763495-00001-8",
        "name": "Impromptu by Paul Lee",
        "phone": "02-25212518",
        "address": "臺北市中山區中山北路2段39巷3號B1",
        "rating": "優",
        "city": "臺北市"
      },
      "geometry": {
        "type": "Point",
        "coordinates": [
          121.5232158,
          25.05391372
        ]
      }
    },
    {
      "type": "Feature",
      "properties": {
        "id": "",
        "registration_no": "A-123309178-00019-1",
        "name": "漢堡王-光華店",
        "phone": "02-23212741",
        "address": "臺北市中山區八德路1段31號",
        "rating": "優",
        "city": "臺北市"
      },
      "geometry": {
        "type": "Point",
        "coordinates": [
          121.5314293,
          25.04412551
        ]
      }
    },
    {
      "type": "Feature",
      "properties": {
        "id": "",
        "registration_no": "A-154351122-00000-1",
        "name": "翡麗詩莊園",
        "phone": "02-87128282",
        "address": "臺北市松山區敦化北路232號",
        "rating": "優",
        "city": "臺北市"
      },
      "geometry": {
        "type": "Point",
        "coordinates": [
          121.5491824,
          25.05936549
        ]
      }
    },
    {
      "type": "Feature",
      "properties": {
        "id": "",
        "registration_no": "A-128202098-00009-8",
        "name": "THAI&THAI",
        "phone": "02-27196689",
        "address": "臺北市松山區敦化北路158號5樓",
        "rating": "優",
        "city": "臺北市"
      },
      "geometry": {
        "type": "Point",
        "coordinates": [
          121.5483938,
          25.05534352
        ]
      }
    },
    {
      "type": "Feature",
      "properties": {
        "id": "",
        "registration_no": "A-104076608-00003-2",
        "name": "基督復臨安息日會醫療財團法人臺安醫院",
        "phone": "02-2771-8151#2754",
        "address": "臺北市松山區八德路2段424號",
        "rating": "優",
        "city": "臺北市"
      },
      "geometry": {
        "type": "Point",
        "coordinates": [
          121.5472771,
          25.04805315
        ]
      }
    },
    {
      "type": "Feature",
      "properties": {
        "id": "",
        "registration_no": "A-180292991-00012-1",
        "name": "beard papa-微風南京店",
        "phone": "911700801",
        "address": "臺北市松山區南京東路3段337號1樓",
        "rating": "優",
        "city": "臺北市"
      },
      "geometry": {
        "type": "Point",
        "coordinates": [
          121.5479946,
          25.05196309
        ]
      }
    },
    {
      "type": "Feature",
      "properties": {
        "id": "",
        "registration_no": "A-400130027-00001-5",
        "name": "三軍總醫院松山分院含附設護理之家",
        "phone": "02-27642151#671823",
        "address": "臺北市松山區健康路131號",
        "rating": "優",
        "city": "臺北市"
      },
      "geometry": {
        "type": "Point",
        "coordinates": [
          121.5577046,
          25.05394018
        ]
      }
    },
    {
      "type": "Feature",
      "properties": {
        "id": "",
        "registration_no": "A-109499839-00012-2",
        "name": "聖瑪莉民生店",
        "phone": "02-27684862",
        "address": "臺北市松山區民生東路5段133號",
        "rating": "優",
        "city": "臺北市"
      },
      "geometry": {
        "type": "Point",
        "coordinates": [
          121.5614385,
          25.05887066
        ]
      }
    },
    {
      "type": "Feature",
      "properties": {
        "id": "",
        "registration_no": "A-112166981-00000-2",
        "name": "台北世聯商旅",
        "phone": "02-25626161",
        "address": "臺北市中山區松江路90巷5號9樓",
        "rating": "優",
        "city": "臺北市"
      },
      "geometry": {
        "type": "Point",
        "coordinates": [
          121.5319456,
          25.05059265
        ]
      }
    },
    {
      "type": "Feature",
      "properties": {
        "id": "",
        "registration_no": "A-122522307-00009-0",
        "name": "Yamazaki站前店",
        "phone": "02-23112308",
        "address": "臺北市中正區忠孝西路1段49號B1",
        "rating": "優",
        "city": "臺北市"
      },
      "geometry": {
        "type": "Point",
        "coordinates": [
          121.5176611,
          25.04628295
        ]
      }
    },
    {
      "type": "Feature",
      "properties": {
        "id": "",
        "registration_no": "A-122522307-00054-0",
        "name": "Yamazaki台北中山店",
        "phone": "02-25119807",
        "address": "臺北市大同區長安西路1段52之1號A室",
        "rating": "優",
        "city": "臺北市"
      },
      "geometry": {
        "type": "Point",
        "coordinates": [
          121.5198937,
          25.05012201
        ]
      }
    },
    {
      "type": "Feature",
      "properties": {
        "id": "",
        "registration_no": "A-189211393-00001-5",
        "name": "洛碁大飯店新仕界",
        "phone": "02-23118863",
        "address": "臺北市萬華區昆明街141號B1",
        "rating": "優",
        "city": "臺北市"
      },
      "geometry": {
        "type": "Point",
        "coordinates": [
          121.5044056,
          25.04045428
        ]
      }
    },
    {
      "type": "Feature",
      "properties": {
        "id": "",
        "registration_no": "A-172651972-00001-8",
        "name": "果然果汁吧-台大西址店",
        "phone": "02-23810158",
        "address": "臺北市中正區常德街1號",
        "rating": "優",
        "city": "臺北市"
      },
      "geometry": {
        "type": "Point",
        "coordinates": [
          121.5171715,
          25.04140014
        ]
      }
    },
    {
      "type": "Feature",
      "properties": {
        "id": "",
        "registration_no": "A-170790935-00013-2",
        "name": "統一聖娜多堡-萬芳門市",
        "phone": "02-29336854",
        "address": "臺北市文山區興隆路3段111號",
        "rating": "優",
        "city": "臺北市"
      },
      "geometry": {
        "type": "Point",
        "coordinates": [
          121.5583303,
          25.00030626
        ]
      }
    },
    {
      "type": "Feature",
      "properties": {
        "id": "",
        "registration_no": "A-153725307-00010-1",
        "name": "皇家傳承-北榮門市",
        "phone": "02-28747328",
        "address": "臺北市北投區石牌路2段201號中正樓生活廣場",
        "rating": "優",
        "city": "臺北市"
      },
      "geometry": {
        "type": "Point",
        "coordinates": [
          121.5206759,
          25.11888674
        ]
      }
    },
    {
      "type": "Feature",
      "properties": {
        "id": "",
        "registration_no": "A-202307257-00000-5",
        "name": "糧晨get食",
        "phone": "905556589",
        "address": "臺北市大安區羅斯福路4段1號",
        "rating": "優",
        "city": "臺北市"
      },
      "geometry": {
        "type": "Point",
        "coordinates": [
          121.5337006,
          25.01698105
        ]
      }
    },
    {
      "type": "Feature",
      "properties": {
        "id": "",
        "registration_no": "A-127542696-00009-8",
        "name": "莫凡彼-臺大店",
        "phone": "02-23622579",
        "address": "臺北市大安區羅斯福路4段85號1樓",
        "rating": "優",
        "city": "臺北市"
      },
      "geometry": {
        "type": "Point",
        "coordinates": [
          121.5364847,
          25.0128932
        ]
      }
    },
    {
      "type": "Feature",
      "properties": {
        "id": "",
        "registration_no": "A-154915157-00001-6",
        "name": "洛碁大飯店中華館",
        "phone": "956817525",
        "address": "臺北市中正區中華路1段41號2樓",
        "rating": "優",
        "city": "臺北市"
      },
      "geometry": {
        "type": "Point",
        "coordinates": [
          121.509477,
          25.04486471
        ]
      }
    },
    {
      "type": "Feature",
      "properties": {
        "id": "",
        "registration_no": "A-146422101-00001-9",
        "name": "上海鄉村-濟南店",
        "phone": "02-22461058",
        "address": "臺北市中正區濟南路2段37號",
        "rating": "優",
        "city": "臺北市"
      },
      "geometry": {
        "type": "Point",
        "coordinates": [
          121.5297072,
          25.04080209
        ]
      }
    },
    {
      "type": "Feature",
      "properties": {
        "id": "",
        "registration_no": "A-124399710-00038-4",
        "name": "紅蕃茄餐飲事業有限公司(師大公館校區學七舍中餐廳)",
        "phone": "933042823",
        "address": "臺北市文山區汀州路4段88號",
        "rating": "優",
        "city": "臺北市"
      },
      "geometry": {
        "type": "Point",
        "coordinates": [
          121.5371759,
          25.00783866
        ]
      }
    },
    {
      "type": "Feature",
      "properties": {
        "id": "",
        "registration_no": "A-189617056-00001-1",
        "name": "新東南海鮮料理-松山店",
        "phone": "02-27489966",
        "address": "臺北市松山區八德路4段656號",
        "rating": "良",
        "city": "臺北市"
      },
      "geometry": {
        "type": "Point",
        "coordinates": [
          121.575418,
          25.0498514
        ]
      }
    },
    {
      "type": "Feature",
      "properties": {
        "id": "",
        "registration_no": "A-146422101-00003-1",
        "name": "上海鄉村-仁愛店",
        "phone": "02-23965154",
        "address": "臺北市中正區仁愛路1段17號B1、B2",
        "rating": "優",
        "city": "臺北市"
      },
      "geometry": {
        "type": "Point",
        "coordinates": [
          121.5221299,
          25.03886221
        ]
      }
    },
    {
      "type": "Feature",
      "properties": {
        "id": "",
        "registration_no": "A-200075990-00003-2",
        "name": "新婦海南雞飯",
        "phone": "02-28912766",
        "address": "臺北市北投區光明路137號1樓",
        "rating": "良",
        "city": "臺北市"
      },
      "geometry": {
        "type": "Point",
        "coordinates": [
          121.5023609,
          25.13472089
        ]
      }
    },
    {
      "type": "Feature",
      "properties": {
        "id": "",
        "registration_no": "H-142839845-00001-9",
        "name": "COMEBUY 北投榮總店",
        "phone": "02-28715558",
        "address": "臺北市北投區石牌路2段201號中正樓生活廣場",
        "rating": "優",
        "city": "臺北市"
      },
      "geometry": {
        "type": "Point",
        "coordinates": [
          121.5206759,
          25.11888674
        ]
      }
    },
    {
      "type": "Feature",
      "properties": {
        "id": "",
        "registration_no": "A-128544068-00002-7",
        "name": "小南門傳統美食-榮總店",
        "phone": "02-28751220",
        "address": "臺北市北投區石牌路2段201號中正樓生活廣場",
        "rating": "優",
        "city": "臺北市"
      },
      "geometry": {
        "type": "Point",
        "coordinates": [
          121.5206759,
          25.11888674
        ]
      }
    },
    {
      "type": "Feature",
      "properties": {
        "id": "",
        "registration_no": "A-153949524-00033-5",
        "name": "安永鮮食 榮總分店",
        "phone": "02-028766326",
        "address": "臺北市北投區石牌路2段201號中正樓生活廣場",
        "rating": "優",
        "city": "臺北市"
      },
      "geometry": {
        "type": "Point",
        "coordinates": [
          121.5206759,
          25.11888674
        ]
      }
    },
    {
      "type": "Feature",
      "properties": {
        "id": "",
        "registration_no": "A-202307603-00002-2",
        "name": "甲大鴻燒臘",
        "phone": "02-28711688",
        "address": "臺北市北投區石牌路2段201號中正樓生活廣場",
        "rating": "優",
        "city": "臺北市"
      },
      "geometry": {
        "type": "Point",
        "coordinates": [
          121.5206759,
          25.11888674
        ]
      }
    },
    {
      "type": "Feature",
      "properties": {
        "id": "",
        "registration_no": "A-141092138-00002-8",
        "name": "斑鳩的窩-舊宗店",
        "phone": "02-87911855",
        "address": "臺北市內湖區舊宗路1段188號1樓",
        "rating": "良",
        "city": "臺北市"
      },
      "geometry": {
        "type": "Point",
        "coordinates": [
          121.5759885,
          25.06265274
        ]
      }
    },
    {
      "type": "Feature",
      "properties": {
        "id": "",
        "registration_no": "A-125105092-00009-1",
        "name": "麻膳堂-舊宗門市",
        "phone": "02-87916505",
        "address": "臺北市內湖區舊宗路1段188號1樓",
        "rating": "優",
        "city": "臺北市"
      },
      "geometry": {
        "type": "Point",
        "coordinates": [
          121.5759885,
          25.06265274
        ]
      }
    },
    {
      "type": "Feature",
      "properties": {
        "id": "",
        "registration_no": "A-200209860-00001-5",
        "name": "異品屋-內湖大潤發店",
        "phone": "02-27939655",
        "address": "臺北市內湖區舊宗路1段188號1樓",
        "rating": "良",
        "city": "臺北市"
      },
      "geometry": {
        "type": "Point",
        "coordinates": [
          121.5759885,
          25.06265274
        ]
      }
    },
    {
      "type": "Feature",
      "properties": {
        "id": "",
        "registration_no": "A-196929646-00000-9",
        "name": "太平洋商旅",
        "phone": "02-87802000",
        "address": "臺北市信義區光復南路495號11樓之2",
        "rating": "優",
        "city": "臺北市"
      },
      "geometry": {
        "type": "Point",
        "coordinates": [
          121.5578849,
          25.03245962
        ]
      }
    },
    {
      "type": "Feature",
      "properties": {
        "id": "",
        "registration_no": "A-184293711-00000-3",
        "name": "新上享餐廳",
        "phone": "02-28982299",
        "address": "臺北市北投區光明路226號",
        "rating": "優",
        "city": "臺北市"
      },
      "geometry": {
        "type": "Point",
        "coordinates": [
          121.505444,
          25.13600035
        ]
      }
    },
    {
      "type": "Feature",
      "properties": {
        "id": "",
        "registration_no": "A-170790935-00025-5",
        "name": "統一聖娜多堡-南港門市",
        "phone": "02-27563869",
        "address": "臺北市南港區忠孝東路7段369號B棟1樓",
        "rating": "優",
        "city": "臺北市"
      },
      "geometry": {
        "type": "Point",
        "coordinates": [
          121.6049325,
          25.05198655
        ]
      }
    },
    {
      "type": "Feature",
      "properties": {
        "id": "",
        "registration_no": "A-128450287-00001-5",
        "name": "大腕 (燒肉)",
        "phone": "02-27110179",
        "address": "臺北市中山區敬業二路199號5樓",
        "rating": "優",
        "city": "臺北市"
      },
      "geometry": {
        "type": "Point",
        "coordinates": [
          121.5542802,
          25.08360696
        ]
      }
    },
    {
      "type": "Feature",
      "properties": {
        "id": "",
        "registration_no": "A-142825574-00005-0",
        "name": "人之初敦化館產後護理之家",
        "phone": "02-2713-1680#606",
        "address": "臺北市內湖區行愛路140巷21號3樓",
        "rating": "優",
        "city": "臺北市"
      },
      "geometry": {
        "type": "Point",
        "coordinates": [
          121.5795688,
          25.06377114
        ]
      }
    },
    {
      "type": "Feature",
      "properties": {
        "id": "",
        "registration_no": "A-126266243-00000-9",
        "name": "永安福華產後護理之家",
        "phone": "02-87927733",
        "address": "臺北市內湖區民權東路6段180巷6號3樓",
        "rating": "優",
        "city": "臺北市"
      },
      "geometry": {
        "type": "Point",
        "coordinates": [
          121.5926491,
          25.06819628
        ]
      }
    },
    {
      "type": "Feature",
      "properties": {
        "id": "",
        "registration_no": "A-112713860-00035-4",
        "name": "私房小廚",
        "phone": "0800-090-505",
        "address": "臺北市內湖區舊宗路1段188號3樓",
        "rating": "優",
        "city": "臺北市"
      },
      "geometry": {
        "type": "Point",
        "coordinates": [
          121.5759885,
          25.06265274
        ]
      }
    },
    {
      "type": "Feature",
      "properties": {
        "id": "",
        "registration_no": "A-154199324-00003-8",
        "name": "焦糖楓-師大店",
        "phone": "930360708",
        "address": "臺北市大安區師大路63號",
        "rating": "優",
        "city": "臺北市"
      },
      "geometry": {
        "type": "Point",
        "coordinates": [
          121.5286105,
          25.02393393
        ]
      }
    },
    {
      "type": "Feature",
      "properties": {
        "id": "",
        "registration_no": "A-200219312-00000-7",
        "name": "師大雞肉飯專門店",
        "phone": "02-23650005",
        "address": "臺北市大安區師大路59巷4號1樓",
        "rating": "優",
        "city": "臺北市"
      },
      "geometry": {
        "type": "Point",
        "coordinates": [
          121.5288308,
          25.02391582
        ]
      }
    },
    {
      "type": "Feature",
      "properties": {
        "id": "",
        "registration_no": "A-190323071-00035-1",
        "name": "初魚 鮨-泰順、初魚鉄板料亭-泰順",
        "phone": "02-87738897",
        "address": "臺北市大安區泰順街2之1號",
        "rating": "優",
        "city": "臺北市"
      },
      "geometry": {
        "type": "Point",
        "coordinates": [
          121.5316357,
          25.02602613
        ]
      }
    },
    {
      "type": "Feature",
      "properties": {
        "id": "",
        "registration_no": "A-197220043-00323-3",
        "name": "弘爺漢堡-大安店",
        "phone": "02-23660247",
        "address": "臺北市大安區泰順街33號",
        "rating": "優",
        "city": "臺北市"
      },
      "geometry": {
        "type": "Point",
        "coordinates": [
          121.5314478,
          25.02432029
        ]
      }
    },
    {
      "type": "Feature",
      "properties": {
        "id": "",
        "registration_no": "A-200157782-00001-0",
        "name": "阿月子傳統小吃店",
        "phone": "02-23626589",
        "address": "臺北市大安區泰順街4號1樓",
        "rating": "優",
        "city": "臺北市"
      },
      "geometry": {
        "type": "Point",
        "coordinates": [
          121.53147,
          25.0257538
        ]
      }
    },
    {
      "type": "Feature",
      "properties": {
        "id": "",
        "registration_no": "A-110306542-00001-0",
        "name": "極簡咖啡館",
        "phone": "02-23629734",
        "address": "臺北市大安區泰順街2巷42號",
        "rating": "優",
        "city": "臺北市"
      },
      "geometry": {
        "type": "Point",
        "coordinates": [
          121.5295978,
          25.02560419
        ]
      }
    },
    {
      "type": "Feature",
      "properties": {
        "id": "",
        "registration_no": "A-188168643-00001-3",
        "name": "小南風咖啡",
        "phone": "02-23622737",
        "address": "臺北市大安區泰順街38之1號",
        "rating": "優",
        "city": "臺北市"
      },
      "geometry": {
        "type": "Point",
        "coordinates": [
          121.5313467,
          25.02463941
        ]
      }
    },
    {
      "type": "Feature",
      "properties": {
        "id": "",
        "registration_no": "A-179832056-00001-9",
        "name": "蓉記莫名堂",
        "phone": "02-25096885",
        "address": "臺北市大安區泰順街60巷29號1樓",
        "rating": "優",
        "city": "臺北市"
      },
      "geometry": {
        "type": "Point",
        "coordinates": [
          121.5293446,
          25.02257304
        ]
      }
    },
    {
      "type": "Feature",
      "properties": {
        "id": "",
        "registration_no": "A-202312304-00001-5",
        "name": "38號冰館",
        "phone": "930948818",
        "address": "臺北市大安區泰順街38巷38號",
        "rating": "優",
        "city": "臺北市"
      },
      "geometry": {
        "type": "Point",
        "coordinates": [
          121.5295132,
          25.02453076
        ]
      }
    },
    {
      "type": "Feature",
      "properties": {
        "id": "",
        "registration_no": "A-200050599-00001-8",
        "name": "雲南小鎮",
        "phone": "02-83692180",
        "address": "臺北市大安區泰順街40巷38號",
        "rating": "優",
        "city": "臺北市"
      },
      "geometry": {
        "type": "Point",
        "coordinates": [
          121.5295642,
          25.02419343
        ]
      }
    },
    {
      "type": "Feature",
      "properties": {
        "id": "",
        "registration_no": "A-200193343-00001-3",
        "name": "傳送咖啡",
        "phone": "902310577",
        "address": "臺北市大安區泰順街40巷38號",
        "rating": "優",
        "city": "臺北市"
      },
      "geometry": {
        "type": "Point",
        "coordinates": [
          121.5295642,
          25.02419343
        ]
      }
    },
    {
      "type": "Feature",
      "properties": {
        "id": "",
        "registration_no": "A-200173376-00001-7",
        "name": "嚼咖啡館工作室",
        "phone": "02-23685345",
        "address": "臺北市大安區泰順街60巷27號",
        "rating": "優",
        "city": "臺北市"
      },
      "geometry": {
        "type": "Point",
        "coordinates": [
          121.5294259,
          25.02256684
        ]
      }
    },
    {
      "type": "Feature",
      "properties": {
        "id": "",
        "registration_no": "A-142860924-00006-9",
        "name": "七見櫻堂",
        "phone": "02-33652252",
        "address": "臺北市大安區泰順街28號",
        "rating": "優",
        "city": "臺北市"
      },
      "geometry": {
        "type": "Point",
        "coordinates": [
          121.5314138,
          25.02504516
        ]
      }
    },
    {
      "type": "Feature",
      "properties": {
        "id": "",
        "registration_no": "A-202256315-00001-4",
        "name": "穎鈞子素食麵線專門店",
        "phone": "966578017",
        "address": "臺北市大安區師大路59巷8號",
        "rating": "優",
        "city": "臺北市"
      },
      "geometry": {
        "type": "Point",
        "coordinates": [
          121.5290096,
          25.02388506
        ]
      }
    },
    {
      "type": "Feature",
      "properties": {
        "id": "",
        "registration_no": "A-200147916-00001-8",
        "name": "Pasta Paradise新天堂義大利廚房",
        "phone": "02-23626641",
        "address": "臺北市大安區師大路59巷8號",
        "rating": "優",
        "city": "臺北市"
      },
      "geometry": {
        "type": "Point",
        "coordinates": [
          121.5290096,
          25.02388506
        ]
      }
    },
    {
      "type": "Feature",
      "properties": {
        "id": "",
        "registration_no": "A-183563005-00004-2",
        "name": "津津韓式小吃-南西店",
        "phone": "981792040",
        "address": "臺北市中山區南京西路15號B1",
        "rating": "優",
        "city": "臺北市"
      },
      "geometry": {
        "type": "Point",
        "coordinates": [
          121.5208897,
          25.05263953
        ]
      }
    },
    {
      "type": "Feature",
      "properties": {
        "id": "",
        "registration_no": "A-190323071-00030-6",
        "name": "長浜魚屋-南西店",
        "phone": "917597752",
        "address": "臺北市中山區南京西路15號B1",
        "rating": "優",
        "city": "臺北市"
      },
      "geometry": {
        "type": "Point",
        "coordinates": [
          121.5208897,
          25.05263953
        ]
      }
    },
    {
      "type": "Feature",
      "properties": {
        "id": "",
        "registration_no": "A-190323071-00032-8",
        "name": "季樂和牛鐵板燒-南西店",
        "phone": "981903464",
        "address": "臺北市中山區南京西路15號B1",
        "rating": "優",
        "city": "臺北市"
      },
      "geometry": {
        "type": "Point",
        "coordinates": [
          121.5208897,
          25.05263953
        ]
      }
    },
    {
      "type": "Feature",
      "properties": {
        "id": "",
        "registration_no": "A-190323071-00029-4",
        "name": "牛喜壽喜燒-南西店",
        "phone": "935515250",
        "address": "臺北市中山區南京西路15號B1",
        "rating": "優",
        "city": "臺北市"
      },
      "geometry": {
        "type": "Point",
        "coordinates": [
          121.5208897,
          25.05263953
        ]
      }
    },
    {
      "type": "Feature",
      "properties": {
        "id": "",
        "registration_no": "A-128483007-00074-1",
        "name": "美蔬菜廚房-松菸店",
        "phone": "911730378",
        "address": "臺北市信義區菸廠路88號B1",
        "rating": "優",
        "city": "臺北市"
      },
      "geometry": {
        "type": "Point",
        "coordinates": [
          121.5611106,
          25.04473706
        ]
      }
    },
    {
      "type": "Feature",
      "properties": {
        "id": "",
        "registration_no": "A-190472682-00009-5",
        "name": "春芳號-松菸店",
        "phone": "972861835",
        "address": "臺北市信義區菸廠路88號B1",
        "rating": "優",
        "city": "臺北市"
      },
      "geometry": {
        "type": "Point",
        "coordinates": [
          121.5611106,
          25.04473706
        ]
      }
    },
    {
      "type": "Feature",
      "properties": {
        "id": "",
        "registration_no": "A-190669088-00002-6",
        "name": "Ten Thousand Coffee-松菸店",
        "phone": "02-29640073",
        "address": "臺北市信義區菸廠路88號1樓",
        "rating": "優",
        "city": "臺北市"
      },
      "geometry": {
        "type": "Point",
        "coordinates": [
          121.5611106,
          25.04473706
        ]
      }
    },
    {
      "type": "Feature",
      "properties": {
        "id": "",
        "registration_no": "A-142839486-00003-5",
        "name": "黑面蔡 滷春秋-內湖大潤發店",
        "phone": "02-27921808",
        "address": "臺北市內湖區舊宗路1段188號1樓",
        "rating": "優",
        "city": "臺北市"
      },
      "geometry": {
        "type": "Point",
        "coordinates": [
          121.5759885,
          25.06265274
        ]
      }
    },
    {
      "type": "Feature",
      "properties": {
        "id": "",
        "registration_no": "A-202271920-00001-3",
        "name": "Haloa Poke 夏威夷拌飯-松菸店",
        "phone": "02-27948833",
        "address": "臺北市信義區菸廠路88號B1",
        "rating": "優",
        "city": "臺北市"
      },
      "geometry": {
        "type": "Point",
        "coordinates": [
          121.5611106,
          25.04473706
        ]
      }
    },
    {
      "type": "Feature",
      "properties": {
        "id": "",
        "registration_no": "A-150771930-00002-2",
        "name": "gelato pique café-A8",
        "phone": "02-27295818",
        "address": "臺北市信義區松高路12號2樓",
        "rating": "優",
        "city": "臺北市"
      },
      "geometry": {
        "type": "Point",
        "coordinates": [
          121.5668002,
          25.0388131
        ]
      }
    },
    {
      "type": "Feature",
      "properties": {
        "id": "",
        "registration_no": "A-180176590-00009-3",
        "name": "SHANN SHANN-台北三越信義店",
        "phone": "02-82271280",
        "address": "臺北市信義區松壽路9號6樓",
        "rating": "優",
        "city": "臺北市"
      },
      "geometry": {
        "type": "Point",
        "coordinates": [
          121.5666623,
          25.03608161
        ]
      }
    },
    {
      "type": "Feature",
      "properties": {
        "id": "",
        "registration_no": "A-183591086-00004-2",
        "name": "得正-A8",
        "phone": "02-27225457",
        "address": "臺北市信義區松高路12號B1",
        "rating": "優",
        "city": "臺北市"
      },
      "geometry": {
        "type": "Point",
        "coordinates": [
          121.5668002,
          25.0388131
        ]
      }
    },
    {
      "type": "Feature",
      "properties": {
        "id": "",
        "registration_no": "A-153731477-00004-9",
        "name": "英達烘培坊",
        "phone": "02-23688898",
        "address": "臺北市大安區龍泉街19之1號",
        "rating": "優",
        "city": "臺北市"
      },
      "geometry": {
        "type": "Point",
        "coordinates": [
          121.5293975,
          25.02484451
        ]
      }
    },
    {
      "type": "Feature",
      "properties": {
        "id": "",
        "registration_no": "A-200117423-00001-8",
        "name": "風奕吉飲食店",
        "phone": "02-23637966",
        "address": "臺北市大安區龍泉街19號B1",
        "rating": "優",
        "city": "臺北市"
      },
      "geometry": {
        "type": "Point",
        "coordinates": [
          121.5293975,
          25.02484451
        ]
      }
    },
    {
      "type": "Feature",
      "properties": {
        "id": "",
        "registration_no": "A-200255493-00001-8",
        "name": "薈上飲",
        "phone": "952119213",
        "address": "臺北市大安區龍泉街38號",
        "rating": "優",
        "city": "臺北市"
      },
      "geometry": {
        "type": "Point",
        "coordinates": [
          121.5293845,
          25.02443722
        ]
      }
    },
    {
      "type": "Feature",
      "properties": {
        "id": "",
        "registration_no": "A-200163904-00001-3",
        "name": "柳橙檸檬",
        "phone": "953356303",
        "address": "臺北市大安區龍泉街19之2號旁",
        "rating": "優",
        "city": "臺北市"
      },
      "geometry": {
        "type": "Point",
        "coordinates": [
          121.5293975,
          25.02484451
        ]
      }
    },
    {
      "type": "Feature",
      "properties": {
        "id": "",
        "registration_no": "A-188187178-00000-6",
        "name": "陽明常春護理之家",
        "phone": "02-28629997",
        "address": "臺北市士林區格致路7號2樓",
        "rating": "優",
        "city": "臺北市"
      },
      "geometry": {
        "type": "Point",
        "coordinates": [
          121.5461171,
          25.13634158
        ]
      }
    },
    {
      "type": "Feature",
      "properties": {
        "id": "",
        "registration_no": "A-189621636-00011-1",
        "name": "BIGTOM馬克咖啡",
        "phone": "02-28330918",
        "address": "臺北市士林區雨聲街105號",
        "rating": "優",
        "city": "臺北市"
      },
      "geometry": {
        "type": "Point",
        "coordinates": [
          121.5315656,
          25.10519405
        ]
      }
    },
    {
      "type": "Feature",
      "properties": {
        "id": "",
        "registration_no": "A-154354649-00001-9",
        "name": "讚 鐵板燒",
        "phone": "02-28801880",
        "address": "臺北市士林區承德路4段192之1號B1",
        "rating": "優",
        "city": "臺北市"
      },
      "geometry": {
        "type": "Point",
        "coordinates": [
          121.5223447,
          25.08740256
        ]
      }
    },
    {
      "type": "Feature",
      "properties": {
        "id": "",
        "registration_no": "A-180617317-00051-7",
        "name": "鮮芋仙-內湖家樂福",
        "phone": "920009322",
        "address": "臺北市內湖區民善街88號",
        "rating": "優",
        "city": "臺北市"
      },
      "geometry": {
        "type": "Point",
        "coordinates": [
          121.5753649,
          25.06014069
        ]
      }
    },
    {
      "type": "Feature",
      "properties": {
        "id": "",
        "registration_no": "E-153919541-00072-8",
        "name": "丸亀製麺-家樂福內湖店",
        "phone": "925356515",
        "address": "臺北市內湖區民善街88號",
        "rating": "優",
        "city": "臺北市"
      },
      "geometry": {
        "type": "Point",
        "coordinates": [
          121.5753649,
          25.06014069
        ]
      }
    },
    {
      "type": "Feature",
      "properties": {
        "id": "",
        "registration_no": "A-202283799-00004-3",
        "name": "一階堂拉麵-內湖家樂福店",
        "phone": "930998664",
        "address": "臺北市內湖區民善街88號",
        "rating": "優",
        "city": "臺北市"
      },
      "geometry": {
        "type": "Point",
        "coordinates": [
          121.5753649,
          25.06014069
        ]
      }
    },
    {
      "type": "Feature",
      "properties": {
        "id": "",
        "registration_no": "A-200203448-00001-1",
        "name": "韓楓館韓式料理",
        "phone": "02-27942526",
        "address": "臺北市內湖區民善街88號",
        "rating": "優",
        "city": "臺北市"
      },
      "geometry": {
        "type": "Point",
        "coordinates": [
          121.5753649,
          25.06014069
        ]
      }
    },
    {
      "type": "Feature",
      "properties": {
        "id": "",
        "registration_no": "A-166432303-00058-8",
        "name": "洋城義大利餐廳",
        "phone": "955103591",
        "address": "臺北市內湖區民善街88號",
        "rating": "優",
        "city": "臺北市"
      },
      "geometry": {
        "type": "Point",
        "coordinates": [
          121.5753649,
          25.06014069
        ]
      }
    },
    {
      "type": "Feature",
      "properties": {
        "id": "",
        "registration_no": "A-116915418-00004-7",
        "name": "廣一樂廚",
        "phone": "02-87923311#10020",
        "address": "臺北市內湖區成功路2段325號B1",
        "rating": "優",
        "city": "臺北市"
      },
      "geometry": {
        "type": "Point",
        "coordinates": [
          121.5898941,
          25.07202869
        ]
      }
    },
    {
      "type": "Feature",
      "properties": {
        "id": "",
        "registration_no": "A-172924050-00001-8",
        "name": "新悅蚵仔煎",
        "phone": "02-28343914",
        "address": "臺北市士林區忠誠路2段55號B1",
        "rating": "優",
        "city": "臺北市"
      },
      "geometry": {
        "type": "Point",
        "coordinates": [
          121.5311061,
          25.11215081
        ]
      }
    },
    {
      "type": "Feature",
      "properties": {
        "id": "",
        "registration_no": "A-113134072-00033-5",
        "name": "東京牛角(次男坊)",
        "phone": "02-25235030",
        "address": "臺北市士林區忠誠路2段55號B1",
        "rating": "優",
        "city": "臺北市"
      },
      "geometry": {
        "type": "Point",
        "coordinates": [
          121.5311061,
          25.11215081
        ]
      }
    },
    {
      "type": "Feature",
      "properties": {
        "id": "",
        "registration_no": "A-150970115-00001-7",
        "name": "鴻榮廷食品(QQ嫩仙草)",
        "phone": "02-86668855",
        "address": "臺北市士林區忠誠路2段55號B1",
        "rating": "優",
        "city": "臺北市"
      },
      "geometry": {
        "type": "Point",
        "coordinates": [
          121.5311061,
          25.11215081
        ]
      }
    },
    {
      "type": "Feature",
      "properties": {
        "id": "",
        "registration_no": "A-190654368-00005-4",
        "name": "鰻魚日記-台北天母店",
        "phone": "02-28745055",
        "address": "臺北市士林區忠誠路2段200號3樓",
        "rating": "優",
        "city": "臺北市"
      },
      "geometry": {
        "type": "Point",
        "coordinates": [
          121.5340373,
          25.11707979
        ]
      }
    },
    {
      "type": "Feature",
      "properties": {
        "id": "",
        "registration_no": "A-153919541-00079-1",
        "name": "長田本庄軒-新光三越天母店",
        "phone": "02-87121726#208",
        "address": "臺北市士林區忠誠路2段200號3樓",
        "rating": "優",
        "city": "臺北市"
      },
      "geometry": {
        "type": "Point",
        "coordinates": [
          121.5340373,
          25.11707979
        ]
      }
    },
    {
      "type": "Feature",
      "properties": {
        "id": "",
        "registration_no": "A-202284174-00001-8",
        "name": "好食廚坊",
        "phone": "936822802",
        "address": "臺北市士林區雨聲街105號",
        "rating": "優",
        "city": "臺北市"
      },
      "geometry": {
        "type": "Point",
        "coordinates": [
          121.5315656,
          25.10519405
        ]
      }
    },
    {
      "type": "Feature",
      "properties": {
        "id": "",
        "registration_no": "A-153165901-00001-9",
        "name": "YOKU MOKU TAIWAN",
        "phone": "02-28732886",
        "address": "臺北市士林區忠誠路2段202號1樓",
        "rating": "優",
        "city": "臺北市"
      },
      "geometry": {
        "type": "Point",
        "coordinates": [
          121.534115,
          25.11729404
        ]
      }
    },
    {
      "type": "Feature",
      "properties": {
        "id": "",
        "registration_no": "A-202278980-00001-6",
        "name": "九龍粉圓豆花",
        "phone": "02-28810958",
        "address": "臺北市士林區中正路235巷8號1樓",
        "rating": "優",
        "city": "臺北市"
      },
      "geometry": {
        "type": "Point",
        "coordinates": [
          121.5260234,
          25.09487722
        ]
      }
    },
    {
      "type": "Feature",
      "properties": {
        "id": "",
        "registration_no": "A-200112817-00001-0",
        "name": "柯欽德日式食堂",
        "phone": "02-28803918",
        "address": "臺北市士林區福壽街9號",
        "rating": "優",
        "city": "臺北市"
      },
      "geometry": {
        "type": "Point",
        "coordinates": [
          121.5255875,
          25.09583599
        ]
      }
    },
    {
      "type": "Feature",
      "properties": {
        "id": "",
        "registration_no": "A-202305141-00001-6",
        "name": "郭家養生",
        "phone": "02-89735068",
        "address": "臺北市士林區忠誠路2段55號B1",
        "rating": "優",
        "city": "臺北市"
      },
      "geometry": {
        "type": "Point",
        "coordinates": [
          121.5311061,
          25.11215081
        ]
      }
    },
    {
      "type": "Feature",
      "properties": {
        "id": "",
        "registration_no": "A-200144237-00008-8",
        "name": "牛魔王牛排館",
        "phone": "02-23314536",
        "address": "臺北市大安區師大路49巷8號1樓",
        "rating": "良",
        "city": "臺北市"
      },
      "geometry": {
        "type": "Point",
        "coordinates": [
          121.5290473,
          25.02420973
        ]
      }
    },
    {
      "type": "Feature",
      "properties": {
        "id": "",
        "registration_no": "A-124495220-00001-7",
        "name": "Macho Tacos 瑪丘墨式餅舖 (師大 Shida)",
        "phone": "02-23637518",
        "address": "臺北市大安區師大路93巷1號",
        "rating": "良",
        "city": "臺北市"
      },
      "geometry": {
        "type": "Point",
        "coordinates": [
          121.5286566,
          25.02302202
        ]
      }
    },
    {
      "type": "Feature",
      "properties": {
        "id": "",
        "registration_no": "A-152635145-00008-7",
        "name": "喫尤平價鐵板燒-師大店",
        "phone": "02-23661446",
        "address": "臺北市大安區師大路39巷26號",
        "rating": "優",
        "city": "臺北市"
      },
      "geometry": {
        "type": "Point",
        "coordinates": [
          121.529252,
          25.02453126
        ]
      }
    },
    {
      "type": "Feature",
      "properties": {
        "id": "",
        "registration_no": "A-200149347-00001-8",
        "name": "安徽妹子烙餅店",
        "phone": "928825890",
        "address": "臺北市大安區師大路49巷5號1樓",
        "rating": "優",
        "city": "臺北市"
      },
      "geometry": {
        "type": "Point",
        "coordinates": [
          121.5289333,
          25.02430839
        ]
      }
    },
    {
      "type": "Feature",
      "properties": {
        "id": "",
        "registration_no": "A-200154866-00001-0",
        "name": "台南鱔魚意麵",
        "phone": "986887939",
        "address": "臺北市大安區師大路45號",
        "rating": "優",
        "city": "臺北市"
      },
      "geometry": {
        "type": "Point",
        "coordinates": [
          121.5286558,
          25.02446123
        ]
      }
    },
    {
      "type": "Feature",
      "properties": {
        "id": "",
        "registration_no": "A-200155671-00001-5",
        "name": "金華街咖哩屋",
        "phone": "02-23411371",
        "address": "臺北市大安區金華街199巷1弄4號",
        "rating": "良",
        "city": "臺北市"
      },
      "geometry": {
        "type": "Point",
        "coordinates": [
          121.5282394,
          25.0302587
        ]
      }
    },
    {
      "type": "Feature",
      "properties": {
        "id": "",
        "registration_no": "A-153920499-00001-0",
        "name": "起初好好",
        "phone": "02-23512699",
        "address": "臺北市大安區和平東路1段129之1號",
        "rating": "優",
        "city": "臺北市"
      },
      "geometry": {
        "type": "Point",
        "coordinates": [
          121.5298467,
          25.02662148
        ]
      }
    },
    {
      "type": "Feature",
      "properties": {
        "id": "",
        "registration_no": "A-278960904-00001-3",
        "name": "火鍋世家-石牌尊爵店",
        "phone": "02-2872-3088",
        "address": "臺北市北投區石牌路2段335號",
        "rating": "優",
        "city": "臺北市"
      },
      "geometry": {
        "type": "Point",
        "coordinates": [
          121.5244228,
          25.12281373
        ]
      }
    },
    {
      "type": "Feature",
      "properties": {
        "id": "",
        "registration_no": "A-103772402-00000-3",
        "name": "財團法人臺北市私立愛愛院",
        "phone": "02-23060493#3170",
        "address": "臺北市萬華區大理街175巷27號",
        "rating": "優",
        "city": "臺北市"
      },
      "geometry": {
        "type": "Point",
        "coordinates": [
          121.4955635,
          25.03454068
        ]
      }
    },
    {
      "type": "Feature",
      "properties": {
        "id": "",
        "registration_no": "A-153095716-00061-1",
        "name": "朱記餡餅粥-內湖大潤發",
        "phone": "02-87919761",
        "address": "臺北市內湖區舊宗路1段128號1樓",
        "rating": "優",
        "city": "臺北市"
      },
      "geometry": {
        "type": "Point",
        "coordinates": [
          121.5783204,
          25.060963
        ]
      }
    },
    {
      "type": "Feature",
      "properties": {
        "id": "",
        "registration_no": "A-127554952-00030-0",
        "name": "饗燒板餐廳-內湖大潤發",
        "phone": "02-27951850",
        "address": "臺北市內湖區舊宗路1段128號1樓",
        "rating": "優",
        "city": "臺北市"
      },
      "geometry": {
        "type": "Point",
        "coordinates": [
          121.5783204,
          25.060963
        ]
      }
    },
    {
      "type": "Feature",
      "properties": {
        "id": "",
        "registration_no": "A-170837404-00034-8",
        "name": "花蓮扁食- 內湖大潤發",
        "phone": "912405586",
        "address": "臺北市內湖區舊宗路1段128號1樓",
        "rating": "優",
        "city": "臺北市"
      },
      "geometry": {
        "type": "Point",
        "coordinates": [
          121.5783204,
          25.060963
        ]
      }
    },
    {
      "type": "Feature",
      "properties": {
        "id": "",
        "registration_no": "A-137787179-00005-2",
        "name": "孫家將牛排餐廳-內湖大潤發",
        "phone": "02-27932277",
        "address": "臺北市內湖區舊宗路1段128號1樓",
        "rating": "優",
        "city": "臺北市"
      },
      "geometry": {
        "type": "Point",
        "coordinates": [
          121.5783204,
          25.060963
        ]
      }
    },
    {
      "type": "Feature",
      "properties": {
        "id": "",
        "registration_no": "A-124562085-00001-1",
        "name": "霜江茶行",
        "phone": "02-87925883",
        "address": "臺北市內湖區舊宗路1段128號1樓",
        "rating": "優",
        "city": "臺北市"
      },
      "geometry": {
        "type": "Point",
        "coordinates": [
          121.5783204,
          25.060963
        ]
      }
    },
    {
      "type": "Feature",
      "properties": {
        "id": "",
        "registration_no": "A-142281559-00001-5",
        "name": "韓食客韓式料理 內湖大潤發",
        "phone": "02-87911182",
        "address": "臺北市內湖區舊宗路1段128號1樓",
        "rating": "優",
        "city": "臺北市"
      },
      "geometry": {
        "type": "Point",
        "coordinates": [
          121.5783204,
          25.060963
        ]
      }
    },
    {
      "type": "Feature",
      "properties": {
        "id": "",
        "registration_no": "A-142513397-00005-7",
        "name": "醇蛋糕 內湖家樂福店",
        "phone": "02-87913765",
        "address": "臺北市內湖區民善街88號",
        "rating": "優",
        "city": "臺北市"
      },
      "geometry": {
        "type": "Point",
        "coordinates": [
          121.5753649,
          25.06014069
        ]
      }
    },
    {
      "type": "Feature",
      "properties": {
        "id": "",
        "registration_no": "A-143835804-00008-1",
        "name": "Joyfull餐廳 內湖家樂福",
        "phone": "02-27937900",
        "address": "臺北市內湖區民善街88號",
        "rating": "優",
        "city": "臺北市"
      },
      "geometry": {
        "type": "Point",
        "coordinates": [
          121.5753649,
          25.06014069
        ]
      }
    },
    {
      "type": "Feature",
      "properties": {
        "id": "",
        "registration_no": "A-194867510-00001-9",
        "name": "享 煦鮮鐵板餐廳-內湖家樂福店",
        "phone": "02-27945610",
        "address": "臺北市內湖區民善街88號",
        "rating": "優",
        "city": "臺北市"
      },
      "geometry": {
        "type": "Point",
        "coordinates": [
          121.5753649,
          25.06014069
        ]
      }
    },
    {
      "type": "Feature",
      "properties": {
        "id": "",
        "registration_no": "A-150778048-00001-8",
        "name": "鐵板教父",
        "phone": "02-85027689",
        "address": "臺北市中山區植福路215號2樓之3",
        "rating": "優",
        "city": "臺北市"
      },
      "geometry": {
        "type": "Point",
        "coordinates": [
          121.5606963,
          25.08312626
        ]
      }
    },
    {
      "type": "Feature",
      "properties": {
        "id": "",
        "registration_no": "A-154323766-00001-5",
        "name": "吉兆割烹壽司",
        "phone": "02-27711020",
        "address": "臺北市大安區忠孝東路4段181巷48號1樓",
        "rating": "優",
        "city": "臺北市"
      },
      "geometry": {
        "type": "Point",
        "coordinates": [
          121.5506749,
          25.04428598
        ]
      }
    },
    {
      "type": "Feature",
      "properties": {
        "id": "",
        "registration_no": "A-155789136-00001-3",
        "name": "Yuu",
        "phone": "02-27112080",
        "address": "臺北市大安區忠孝東路4段216巷33弄15號1樓",
        "rating": "優",
        "city": "臺北市"
      },
      "geometry": {
        "type": "Point",
        "coordinates": [
          121.5537334,
          25.03951203
        ]
      }
    },
    {
      "type": "Feature",
      "properties": {
        "id": "",
        "registration_no": "A-152436841-00001-2",
        "name": "南村私廚小酒棧",
        "phone": "02-27117272",
        "address": "臺北市大安區忠孝東路4段216巷33弄10號1樓",
        "rating": "優",
        "city": "臺北市"
      },
      "geometry": {
        "type": "Point",
        "coordinates": [
          121.5534753,
          25.03932193
        ]
      }
    },
    {
      "type": "Feature",
      "properties": {
        "id": "",
        "registration_no": "A-190100698-00001-2",
        "name": "鮨天本 登龍門",
        "phone": "02-27522222#433",
        "address": "臺北市大安區忠孝東路4段216巷27弄16號1樓",
        "rating": "優",
        "city": "臺北市"
      },
      "geometry": {
        "type": "Point",
        "coordinates": [
          121.5538672,
          25.03977635
        ]
      }
    },
    {
      "type": "Feature",
      "properties": {
        "id": "",
        "registration_no": "A-194053330-00002-7",
        "name": "元一 天婦羅",
        "phone": "02-27783380",
        "address": "臺北市大安區忠孝東路4段216巷27弄11號",
        "rating": "優",
        "city": "臺北市"
      },
      "geometry": {
        "type": "Point",
        "coordinates": [
          121.5537735,
          25.03997408
        ]
      }
    },
    {
      "type": "Feature",
      "properties": {
        "id": "",
        "registration_no": "A-150773796-00001-3",
        "name": "Aleisha",
        "phone": "978003000",
        "address": "臺北市大安區忠孝東路3段217巷4弄16號",
        "rating": "優",
        "city": "臺北市"
      },
      "geometry": {
        "type": "Point",
        "coordinates": [
          121.540611,
          25.04273868
        ]
      }
    },
    {
      "type": "Feature",
      "properties": {
        "id": "",
        "registration_no": "A-124692475-00061-4",
        "name": "咖哩樹-京站店",
        "phone": "02-77290799",
        "address": "臺北市大同區承德路1段1號B3",
        "rating": "優",
        "city": "臺北市"
      },
      "geometry": {
        "type": "Point",
        "coordinates": [
          121.5166245,
          25.0490762
        ]
      }
    },
    {
      "type": "Feature",
      "properties": {
        "id": "",
        "registration_no": "A-193193761-00001-8",
        "name": "好想摸魚-京站店",
        "phone": "02-25580818",
        "address": "臺北市大同區承德路1段1號B3",
        "rating": "優",
        "city": "臺北市"
      },
      "geometry": {
        "type": "Point",
        "coordinates": [
          121.5166245,
          25.0490762
        ]
      }
    },
    {
      "type": "Feature",
      "properties": {
        "id": "",
        "registration_no": "A-155845257-00002-1",
        "name": "蜀羊-京站店",
        "phone": "02-22538885",
        "address": "臺北市大同區承德路1段1號B3",
        "rating": "優",
        "city": "臺北市"
      },
      "geometry": {
        "type": "Point",
        "coordinates": [
          121.5166245,
          25.0490762
        ]
      }
    },
    {
      "type": "Feature",
      "properties": {
        "id": "",
        "registration_no": "A-200227151-00005-2",
        "name": "森本家拉麵-京站店",
        "phone": "02-25585789",
        "address": "臺北市大同區承德路1段1號B3",
        "rating": "優",
        "city": "臺北市"
      },
      "geometry": {
        "type": "Point",
        "coordinates": [
          121.5166245,
          25.0490762
        ]
      }
    },
    {
      "type": "Feature",
      "properties": {
        "id": "",
        "registration_no": "A-150906000-00004-2",
        "name": "BEPPIN PASTA-京站店",
        "phone": "02-25598528",
        "address": "臺北市大同區承德路1段1號B3",
        "rating": "優",
        "city": "臺北市"
      },
      "geometry": {
        "type": "Point",
        "coordinates": [
          121.5166245,
          25.0490762
        ]
      }
    },
    {
      "type": "Feature",
      "properties": {
        "id": "",
        "registration_no": "A-152629713-00003-6",
        "name": "好饈鐵板燒-京站店",
        "phone": "02-87738178",
        "address": "臺北市大同區承德路1段1號B3",
        "rating": "優",
        "city": "臺北市"
      },
      "geometry": {
        "type": "Point",
        "coordinates": [
          121.5166245,
          25.0490762
        ]
      }
    },
    {
      "type": "Feature",
      "properties": {
        "id": "",
        "registration_no": "A-142756204-00111-1",
        "name": "京都勝牛-京站店",
        "phone": "02-25560558",
        "address": "臺北市大同區承德路1段1號B3",
        "rating": "優",
        "city": "臺北市"
      },
      "geometry": {
        "type": "Point",
        "coordinates": [
          121.5166245,
          25.0490762
        ]
      }
    },
    {
      "type": "Feature",
      "properties": {
        "id": "",
        "registration_no": "A-183121228-00007-2",
        "name": "COMEME-京站店",
        "phone": "929350111",
        "address": "臺北市大同區承德路1段1號B2",
        "rating": "優",
        "city": "臺北市"
      },
      "geometry": {
        "type": "Point",
        "coordinates": [
          121.5166245,
          25.0490762
        ]
      }
    },
    {
      "type": "Feature",
      "properties": {
        "id": "",
        "registration_no": "A-128459597-00003-0",
        "name": "Cold Stone Creamery 酷聖石冰淇淋-京站店",
        "phone": "02-25527139",
        "address": "臺北市大同區承德路1段1號B2",
        "rating": "優",
        "city": "臺北市"
      },
      "geometry": {
        "type": "Point",
        "coordinates": [
          121.5166245,
          25.0490762
        ]
      }
    },
    {
      "type": "Feature",
      "properties": {
        "id": "",
        "registration_no": "A-153951936-00079-5",
        "name": "先喝道-京站店",
        "phone": "02-55740388",
        "address": "臺北市大同區承德路1段1號B2",
        "rating": "優",
        "city": "臺北市"
      },
      "geometry": {
        "type": "Point",
        "coordinates": [
          121.5166245,
          25.0490762
        ]
      }
    },
    {
      "type": "Feature",
      "properties": {
        "id": "",
        "registration_no": "A-191668657-00002-8",
        "name": "孫家將臺式牛排-內湖家樂福店",
        "phone": "02-87910190",
        "address": "臺北市內湖區民善街88號",
        "rating": "優",
        "city": "臺北市"
      },
      "geometry": {
        "type": "Point",
        "coordinates": [
          121.5753649,
          25.06014069
        ]
      }
    },
    {
      "type": "Feature",
      "properties": {
        "id": "",
        "registration_no": "A-150890915-00001-6",
        "name": "南港老爺行旅",
        "phone": "02-77500588#690",
        "address": "臺北市南港區經貿二路196號10樓",
        "rating": "優",
        "city": "臺北市"
      },
      "geometry": {
        "type": "Point",
        "coordinates": [
          121.6149267,
          25.05989334
        ]
      }
    },
    {
      "type": "Feature",
      "properties": {
        "id": "",
        "registration_no": "O-190478715-00002-5",
        "name": "Pepper charm味道拼圖-南港中信店",
        "phone": "02-26530939",
        "address": "臺北市南港區經貿二路186號B棟3樓",
        "rating": "優",
        "city": "臺北市"
      },
      "geometry": {
        "type": "Point",
        "coordinates": [
          121.6154804,
          25.05974697
        ]
      }
    },
    {
      "type": "Feature",
      "properties": {
        "id": "",
        "registration_no": "A-194050426-00007-5",
        "name": "老董牛肉麵-南港中信店",
        "phone": "02-27834485",
        "address": "臺北市南港區經貿二路186號B棟3樓",
        "rating": "優",
        "city": "臺北市"
      },
      "geometry": {
        "type": "Point",
        "coordinates": [
          121.6154804,
          25.05974697
        ]
      }
    },
    {
      "type": "Feature",
      "properties": {
        "id": "",
        "registration_no": "A-170837404-00022-5",
        "name": "花蓮扁食-南港中信店",
        "phone": "02-27727819",
        "address": "臺北市南港區經貿二路186號B棟3樓",
        "rating": "優",
        "city": "臺北市"
      },
      "geometry": {
        "type": "Point",
        "coordinates": [
          121.6154804,
          25.05974697
        ]
      }
    },
    {
      "type": "Feature",
      "properties": {
        "id": "",
        "registration_no": "A-123309091-00007-2",
        "name": "中一排骨-南港中信店",
        "phone": "02-66130928",
        "address": "臺北市南港區經貿二路186號B棟3樓",
        "rating": "優",
        "city": "臺北市"
      },
      "geometry": {
        "type": "Point",
        "coordinates": [
          121.6154804,
          25.05974697
        ]
      }
    },
    {
      "type": "Feature",
      "properties": {
        "id": "",
        "registration_no": "F-190582647-00000-4",
        "name": "游家牛排-南港中信店",
        "phone": "970475577",
        "address": "臺北市南港區經貿二路186號C棟3樓",
        "rating": "優",
        "city": "臺北市"
      },
      "geometry": {
        "type": "Point",
        "coordinates": [
          121.6154804,
          25.05974697
        ]
      }
    },
    {
      "type": "Feature",
      "properties": {
        "id": "",
        "registration_no": "A-116915418-00003-6",
        "name": "廣一樂廚-南港中信店",
        "phone": "02-22498005",
        "address": "臺北市南港區經貿二路186號C棟3樓",
        "rating": "優",
        "city": "臺北市"
      },
      "geometry": {
        "type": "Point",
        "coordinates": [
          121.6154804,
          25.05974697
        ]
      }
    },
    {
      "type": "Feature",
      "properties": {
        "id": "",
        "registration_no": "A-150902243-00003-6",
        "name": "雪嶽山-南港中信店",
        "phone": "02-27884989",
        "address": "臺北市南港區經貿二路186號C棟3樓",
        "rating": "優",
        "city": "臺北市"
      },
      "geometry": {
        "type": "Point",
        "coordinates": [
          121.6154804,
          25.05974697
        ]
      }
    },
    {
      "type": "Feature",
      "properties": {
        "id": "",
        "registration_no": "A-189113219-00001-3",
        "name": "星泰海南雞-南港中信店",
        "phone": "02-26537059",
        "address": "臺北市南港區經貿二路186號C棟3樓",
        "rating": "優",
        "city": "臺北市"
      },
      "geometry": {
        "type": "Point",
        "coordinates": [
          121.6154804,
          25.05974697
        ]
      }
    },
    {
      "type": "Feature",
      "properties": {
        "id": "",
        "registration_no": "A-200044139-00001-1",
        "name": "史巴可義大利麵-南港中信店",
        "phone": "91229298",
        "address": "臺北市南港區經貿二路186號C棟3樓",
        "rating": "優",
        "city": "臺北市"
      },
      "geometry": {
        "type": "Point",
        "coordinates": [
          121.6154804,
          25.05974697
        ]
      }
    },
    {
      "type": "Feature",
      "properties": {
        "id": "",
        "registration_no": "A-183048655-00001-8",
        "name": "二師兄肉羹-南港中信店",
        "phone": "02-27880070",
        "address": "臺北市南港區經貿二路186號C棟3樓",
        "rating": "優",
        "city": "臺北市"
      },
      "geometry": {
        "type": "Point",
        "coordinates": [
          121.6154804,
          25.05974697
        ]
      }
    },
    {
      "type": "Feature",
      "properties": {
        "id": "",
        "registration_no": "A-200247781-00001-9",
        "name": "瑞客來永和豆漿",
        "phone": "02-27828263",
        "address": "臺北市南港區忠孝東路6段449號",
        "rating": "優",
        "city": "臺北市"
      },
      "geometry": {
        "type": "Point",
        "coordinates": [
          121.593785,
          25.05076352
        ]
      }
    },
    {
      "type": "Feature",
      "properties": {
        "id": "",
        "registration_no": "A-197093623-00000-7",
        "name": "丹迪旅店-大安森林公園店",
        "phone": "02-27076899",
        "address": "臺北市大安區信義路3段33號",
        "rating": "優",
        "city": "臺北市"
      },
      "geometry": {
        "type": "Point",
        "coordinates": [
          121.5346237,
          25.03376502
        ]
      }
    },
    {
      "type": "Feature",
      "properties": {
        "id": "",
        "registration_no": "A-142847850-00001-7",
        "name": "陽明山溫泉度假村",
        "phone": "02-28625116",
        "address": "臺北市士林區菁山路101巷71弄16號",
        "rating": "優",
        "city": "臺北市"
      },
      "geometry": {
        "type": "Point",
        "coordinates": [
          121.5592823,
          25.15347951
        ]
      }
    },
    {
      "type": "Feature",
      "properties": {
        "id": "",
        "registration_no": "A-142513397-00002-4",
        "name": "醇蛋糕-家樂福天母店",
        "phone": "02-87913765",
        "address": "臺北市士林區德行西路47號",
        "rating": "優",
        "city": "臺北市"
      },
      "geometry": {
        "type": "Point",
        "coordinates": [
          121.5225533,
          25.10554789
        ]
      }
    },
    {
      "type": "Feature",
      "properties": {
        "id": "",
        "registration_no": "A-164987355-00012-8",
        "name": "成真咖啡 微風廣場店",
        "phone": "02-66058392",
        "address": "臺北市松山區復興南路1段39號2樓",
        "rating": "優",
        "city": "臺北市"
      },
      "geometry": {
        "type": "Point",
        "coordinates": [
          121.5441255,
          25.04612942
        ]
      }
    },
    {
      "type": "Feature",
      "properties": {
        "id": "",
        "registration_no": "A-190370708-00009-1",
        "name": "威士威酒食-微風廣場店",
        "phone": "02-87723972",
        "address": "臺北市松山區復興南路1段39號G樓",
        "rating": "優",
        "city": "臺北市"
      },
      "geometry": {
        "type": "Point",
        "coordinates": [
          121.5441255,
          25.04612942
        ]
      }
    },
    {
      "type": "Feature",
      "properties": {
        "id": "",
        "registration_no": "A-153919063-00001-5",
        "name": "上海茶樓-微風廣場",
        "phone": "02-66069756",
        "address": "臺北市松山區復興南路1段39號G樓",
        "rating": "優",
        "city": "臺北市"
      },
      "geometry": {
        "type": "Point",
        "coordinates": [
          121.5441255,
          25.04612942
        ]
      }
    },
    {
      "type": "Feature",
      "properties": {
        "id": "",
        "registration_no": "A-190046610-00001-5",
        "name": "一品花雕雞-微風廣場",
        "phone": "02-66069768",
        "address": "臺北市松山區復興南路1段39號G樓",
        "rating": "優",
        "city": "臺北市"
      },
      "geometry": {
        "type": "Point",
        "coordinates": [
          121.5441255,
          25.04612942
        ]
      }
    },
    {
      "type": "Feature",
      "properties": {
        "id": "",
        "registration_no": "A-150866555-00001-9",
        "name": "CEO1950總裁藝文空間",
        "phone": "02-25926692",
        "address": "臺北市中山區新生北路3段62巷24號",
        "rating": "優",
        "city": "臺北市"
      },
      "geometry": {
        "type": "Point",
        "coordinates": [
          121.5263599,
          25.06576155
        ]
      }
    },
    {
      "type": "Feature",
      "properties": {
        "id": "",
        "registration_no": "A-182910750-00001-1",
        "name": "1919藝文中心-Super 346 live house",
        "phone": "02-25175777",
        "address": "臺北市中山區八德路2段85號",
        "rating": "優",
        "city": "臺北市"
      },
      "geometry": {
        "type": "Point",
        "coordinates": [
          121.5356916,
          25.0458687
        ]
      }
    },
    {
      "type": "Feature",
      "properties": {
        "id": "",
        "registration_no": "A-124813647-00000-3",
        "name": "美侖商旅",
        "phone": "02-25233311#878",
        "address": "臺北市中山區吉林路49號",
        "rating": "優",
        "city": "臺北市"
      },
      "geometry": {
        "type": "Point",
        "coordinates": [
          121.5302584,
          25.05313811
        ]
      }
    },
    {
      "type": "Feature",
      "properties": {
        "id": "",
        "registration_no": "A-148949952-00001-9",
        "name": "北平陶然亭",
        "phone": "02-27787805",
        "address": "臺北市中山區復興北路86號2樓",
        "rating": "優",
        "city": "臺北市"
      },
      "geometry": {
        "type": "Point",
        "coordinates": [
          121.5438053,
          25.05120885
        ]
      }
    },
    {
      "type": "Feature",
      "properties": {
        "id": "",
        "registration_no": "A-142614780-00006-6",
        "name": "JAPOLI義大利餐酒館 新生營業所",
        "phone": "02-87723777",
        "address": "臺北市大安區忠孝東路3段28號1樓",
        "rating": "優",
        "city": "臺北市"
      },
      "geometry": {
        "type": "Point",
        "coordinates": [
          121.5340455,
          25.04185934
        ]
      }
    },
    {
      "type": "Feature",
      "properties": {
        "id": "",
        "registration_no": "A-200208819-00001-8",
        "name": "泔 米食堂",
        "phone": "955292068",
        "address": "臺北市大安區和平東路2段175巷12號",
        "rating": "優",
        "city": "臺北市"
      },
      "geometry": {
        "type": "Point",
        "coordinates": [
          121.5416522,
          25.02555515
        ]
      }
    },
    {
      "type": "Feature",
      "properties": {
        "id": "",
        "registration_no": "A-193647686-00001-8",
        "name": "好嶼",
        "phone": "02-27008598",
        "address": "臺北市大安區仁愛路4段300巷20弄17號1樓",
        "rating": "優",
        "city": "臺北市"
      },
      "geometry": {
        "type": "Point",
        "coordinates": [
          121.5532989,
          25.03634593
        ]
      }
    },
    {
      "type": "Feature",
      "properties": {
        "id": "",
        "registration_no": "A-180529551-00014-8",
        "name": "內湖高中早餐部(連大莊企業有限公司)",
        "phone": "02-27977035#318",
        "address": "臺北市內湖區文德路218號",
        "rating": "優",
        "city": "臺北市"
      },
      "geometry": {
        "type": "Point",
        "coordinates": [
          121.5865219,
          25.07840268
        ]
      }
    },
    {
      "type": "Feature",
      "properties": {
        "id": "",
        "registration_no": "A-103772402-00002-5",
        "name": "臺北市政府衛生局附設臺北市東明住宿長照機構",
        "phone": "02-26519808#8001",
        "address": "臺北市南港區南港路2段60巷17號2樓",
        "rating": "優",
        "city": "臺北市"
      },
      "geometry": {
        "type": "Point",
        "coordinates": [
          121.6044615,
          25.05466664
        ]
      }
    },
    {
      "type": "Feature",
      "properties": {
        "id": "",
        "registration_no": "A-155847754-00001-4",
        "name": "SENS",
        "phone": "02-27186388",
        "address": "臺北市松山區民生東路3段127巷12號",
        "rating": "優",
        "city": "臺北市"
      },
      "geometry": {
        "type": "Point",
        "coordinates": [
          121.5474044,
          25.05876057
        ]
      }
    },
    {
      "type": "Feature",
      "properties": {
        "id": "",
        "registration_no": "A-153095716-00056-5",
        "name": "朱記餡餅粥-信義旗艦店",
        "phone": "02-27029411",
        "address": "臺北市大安區信義路3段124號",
        "rating": "優",
        "city": "臺北市"
      },
      "geometry": {
        "type": "Point",
        "coordinates": [
          121.5390557,
          25.03324936
        ]
      }
    },
    {
      "type": "Feature",
      "properties": {
        "id": "",
        "registration_no": "A-124756322-00001-0",
        "name": "NO COFFEE 台北中山店",
        "phone": "02-28629997",
        "address": "臺北市中山區南京西路15號1樓",
        "rating": "優",
        "city": "臺北市"
      },
      "geometry": {
        "type": "Point",
        "coordinates": [
          121.5209416,
          25.05274399
        ]
      }
    },
    {
      "type": "Feature",
      "properties": {
        "id": "",
        "registration_no": "A-193640516-00002-4",
        "name": "成都滿庭芳-南西店",
        "phone": "983616189",
        "address": "臺北市中山區南京東路15號B1",
        "rating": "優",
        "city": "臺北市"
      },
      "geometry": {
        "type": "Point",
        "coordinates": [
          121.5336277,
          25.0642508
        ]
      }
    },
    {
      "type": "Feature",
      "properties": {
        "id": "",
        "registration_no": "A-190146982-00001-8",
        "name": "Frassi",
        "phone": "02-85026383",
        "address": "臺北市中山區樂群三路299號1樓",
        "rating": "優",
        "city": "臺北市"
      },
      "geometry": {
        "type": "Point",
        "coordinates": [
          121.5592154,
          25.08273352
        ]
      }
    },
    {
      "type": "Feature",
      "properties": {
        "id": "",
        "registration_no": "A-100136946-00001-8",
        "name": "La Vie by Thomas Bühner",
        "phone": "937857869",
        "address": "臺北市中山區樂群三路200號1樓",
        "rating": "優",
        "city": "臺北市"
      },
      "geometry": {
        "type": "Point",
        "coordinates": [
          121.5569598,
          25.08254183
        ]
      }
    },
    {
      "type": "Feature",
      "properties": {
        "id": "",
        "registration_no": "A-200227378-00004-2",
        "name": "Mr.Orchard果園先生",
        "phone": "02-27784500",
        "address": "臺北市大安區忠孝東路3段268號4樓",
        "rating": "優",
        "city": "臺北市"
      },
      "geometry": {
        "type": "Point",
        "coordinates": [
          121.5422189,
          25.04144133
        ]
      }
    },
    {
      "type": "Feature",
      "properties": {
        "id": "",
        "registration_no": "B-182432553-00000-1",
        "name": "漁事所",
        "phone": "929902969",
        "address": "臺北市大安區忠孝東路3段268號4樓",
        "rating": "優",
        "city": "臺北市"
      },
      "geometry": {
        "type": "Point",
        "coordinates": [
          121.5422189,
          25.04144133
        ]
      }
    },
    {
      "type": "Feature",
      "properties": {
        "id": "",
        "registration_no": "A-183567728-00005-9",
        "name": "Little tree Juice Club",
        "phone": "02-27119918",
        "address": "臺北市大安區忠孝東路3段268號4樓",
        "rating": "優",
        "city": "臺北市"
      },
      "geometry": {
        "type": "Point",
        "coordinates": [
          121.5422189,
          25.04144133
        ]
      }
    },
    {
      "type": "Feature",
      "properties": {
        "id": "",
        "registration_no": "A-128514178-00019-4",
        "name": "茶茶小王子_SOGO忠孝店",
        "phone": "08-27790423",
        "address": "臺北市大安區忠孝東路4段45號B1",
        "rating": "優",
        "city": "臺北市"
      },
      "geometry": {
        "type": "Point",
        "coordinates": [
          121.5449554,
          25.04173844
        ]
      }
    },
    {
      "type": "Feature",
      "properties": {
        "id": "",
        "registration_no": "A-142980364-00041-9",
        "name": "Baskin Robbins_SOGO忠孝店",
        "phone": "02-27790826",
        "address": "臺北市大安區忠孝東路4段45號B1",
        "rating": "優",
        "city": "臺北市"
      },
      "geometry": {
        "type": "Point",
        "coordinates": [
          121.5449554,
          25.04173844
        ]
      }
    },
    {
      "type": "Feature",
      "properties": {
        "id": "",
        "registration_no": "A-193547309-00001-9",
        "name": "肉的長谷川_SOGO忠孝店",
        "phone": "02-27712868",
        "address": "臺北市大安區忠孝東路4段45號B1",
        "rating": "優",
        "city": "臺北市"
      },
      "geometry": {
        "type": "Point",
        "coordinates": [
          121.5449554,
          25.04173844
        ]
      }
    },
    {
      "type": "Feature",
      "properties": {
        "id": "",
        "registration_no": "A-153717587-00012-4",
        "name": "雪嶽山_SOGO忠孝店",
        "phone": "02-27789197",
        "address": "臺北市大安區忠孝東路4段45號B1",
        "rating": "優",
        "city": "臺北市"
      },
      "geometry": {
        "type": "Point",
        "coordinates": [
          121.5449554,
          25.04173844
        ]
      }
    },
    {
      "type": "Feature",
      "properties": {
        "id": "",
        "registration_no": "A-190323071-00028-3",
        "name": "季樂鐵板燒_SOGO忠孝店-NEW",
        "phone": "02-27786158",
        "address": "臺北市大安區忠孝東路4段45號B1",
        "rating": "優",
        "city": "臺北市"
      },
      "geometry": {
        "type": "Point",
        "coordinates": [
          121.5449554,
          25.04173844
        ]
      }
    },
    {
      "type": "Feature",
      "properties": {
        "id": "",
        "registration_no": "A-193758471-00001-3",
        "name": "艸祭製麵所",
        "phone": "910965750",
        "address": "臺北市大安區忠孝東路3段268號4樓",
        "rating": "優",
        "city": "臺北市"
      },
      "geometry": {
        "type": "Point",
        "coordinates": [
          121.5422189,
          25.04144133
        ]
      }
    },
    {
      "type": "Feature",
      "properties": {
        "id": "",
        "registration_no": "A-112487549-00012-1",
        "name": "双聖美式餐廳連鎖-大安店",
        "phone": "02-27080988",
        "address": "臺北市大安區復興南路1段317號1樓",
        "rating": "優",
        "city": "臺北市"
      },
      "geometry": {
        "type": "Point",
        "coordinates": [
          121.5438842,
          25.03419597
        ]
      }
    },
    {
      "type": "Feature",
      "properties": {
        "id": "",
        "registration_no": "A-202284491-00000-9",
        "name": "JUNTO·同",
        "phone": "02-23708128",
        "address": "臺北市中正區漢口街1段2號2樓",
        "rating": "優",
        "city": "臺北市"
      },
      "geometry": {
        "type": "Point",
        "coordinates": [
          121.5142319,
          25.04507376
        ]
      }
    },
    {
      "type": "Feature",
      "properties": {
        "id": "",
        "registration_no": "A-112756760-00004-6",
        "name": "臺北市政府社會局老人自費安養中心",
        "phone": "02-29393146#3143",
        "address": "臺北市文山區興隆路4段109巷30弄6號",
        "rating": "優",
        "city": "臺北市"
      },
      "geometry": {
        "type": "Point",
        "coordinates": [
          121.5621759,
          24.98660885
        ]
      }
    },
    {
      "type": "Feature",
      "properties": {
        "id": "",
        "registration_no": "A-138494643-00001-0",
        "name": "臺北市私立慧誠老人長期照顧中心",
        "phone": "02-29392222",
        "address": "臺北市文山區木柵路2段163號",
        "rating": "優",
        "city": "臺北市"
      },
      "geometry": {
        "type": "Point",
        "coordinates": [
          121.5631236,
          24.98918746
        ]
      }
    },
    {
      "type": "Feature",
      "properties": {
        "id": "",
        "registration_no": "A-128192021-00004-7",
        "name": "臺北市立興岩住宿長照機構(委託臺北市立聯合醫院仁愛院區經營)",
        "phone": "02-27367276",
        "address": "臺北市文山區興隆路2段88號2樓之2",
        "rating": "優",
        "city": "臺北市"
      },
      "geometry": {
        "type": "Point",
        "coordinates": [
          121.5488623,
          25.00042467
        ]
      }
    },
    {
      "type": "Feature",
      "properties": {
        "id": "",
        "registration_no": "A-142357403-00001-7",
        "name": "德鑫自助餐",
        "phone": "966381589",
        "address": "臺北市大同區鄭州路145號",
        "rating": "優",
        "city": "臺北市"
      },
      "geometry": {
        "type": "Point",
        "coordinates": [
          121.5088874,
          25.05069244
        ]
      }
    },
    {
      "type": "Feature",
      "properties": {
        "id": "",
        "registration_no": "A-154345001-00001-1",
        "name": "Antico Forno",
        "phone": "02-27063322",
        "address": "臺北市大安區瑞安街141號1樓",
        "rating": "優",
        "city": "臺北市"
      },
      "geometry": {
        "type": "Point",
        "coordinates": [
          121.5396252,
          25.02669715
        ]
      }
    },
    {
      "type": "Feature",
      "properties": {
        "id": "",
        "registration_no": "A-107642676-00002-8",
        "name": "霸王川菜餐廳股份有限公司-甲天下長安店",
        "phone": "02-25522205",
        "address": "臺北市大同區長安西路287號1-2樓",
        "rating": "優",
        "city": "臺北市"
      },
      "geometry": {
        "type": "Point",
        "coordinates": [
          121.5094735,
          25.05210705
        ]
      }
    },
    {
      "type": "Feature",
      "properties": {
        "id": "",
        "registration_no": "A-194053330-00001-6",
        "name": "琥珀",
        "phone": "02-87863320",
        "address": "臺北市信義區逸仙路32巷15號1樓",
        "rating": "優",
        "city": "臺北市"
      },
      "geometry": {
        "type": "Point",
        "coordinates": [
          121.5627221,
          25.03990682
        ]
      }
    },
    {
      "type": "Feature",
      "properties": {
        "id": "",
        "registration_no": "A-102335241-00001-9",
        "name": "錢都日式涮涮鍋-信義福德店",
        "phone": "02-27270608",
        "address": "臺北市信義區福德街278號",
        "rating": "優",
        "city": "臺北市"
      },
      "geometry": {
        "type": "Point",
        "coordinates": [
          121.5863724,
          25.03902659
        ]
      }
    },
    {
      "type": "Feature",
      "properties": {
        "id": "",
        "registration_no": "A-183190343-00001-0",
        "name": "Jarana (艾丘洛有限公司)",
        "phone": "02-27568858",
        "address": "臺北市信義區忠孝東路4段553巷46弄8號",
        "rating": "優",
        "city": "臺北市"
      },
      "geometry": {
        "type": "Point",
        "coordinates": [
          121.5632187,
          25.04413838
        ]
      }
    },
    {
      "type": "Feature",
      "properties": {
        "id": "",
        "registration_no": "A-200144237-00005-5",
        "name": "牛魔王-南西店",
        "phone": "02-25415973",
        "address": "臺北市中山區南京西路15號B1",
        "rating": "優",
        "city": "臺北市"
      },
      "geometry": {
        "type": "Point",
        "coordinates": [
          121.5208897,
          25.05263953
        ]
      }
    },
    {
      "type": "Feature",
      "properties": {
        "id": "",
        "registration_no": "A-202296984-00001-0",
        "name": "璽品鱻-南西店",
        "phone": "02-29666636",
        "address": "臺北市中山區南京西路15號B1",
        "rating": "優",
        "city": "臺北市"
      },
      "geometry": {
        "type": "Point",
        "coordinates": [
          121.5208897,
          25.05263953
        ]
      }
    },
    {
      "type": "Feature",
      "properties": {
        "id": "",
        "registration_no": "A-200127548-00001-7",
        "name": "越粉舖-松菸店",
        "phone": "02-66363338#1935",
        "address": "臺北市信義區菸廠路88號B1",
        "rating": "優",
        "city": "臺北市"
      },
      "geometry": {
        "type": "Point",
        "coordinates": [
          121.5611106,
          25.04473706
        ]
      }
    },
    {
      "type": "Feature",
      "properties": {
        "id": "",
        "registration_no": "A-109499839-00057-1",
        "name": "聖瑪莉西門2店",
        "phone": "02-23613671",
        "address": "臺北市萬華區中華路1段166之1號",
        "rating": "優",
        "city": "臺北市"
      },
      "geometry": {
        "type": "Point",
        "coordinates": [
          121.5077947,
          25.04137816
        ]
      }
    },
    {
      "type": "Feature",
      "properties": {
        "id": "",
        "registration_no": "A-200121350-00001-2",
        "name": "蓬萊",
        "phone": "02-28912778",
        "address": "臺北市北投區中和街238號",
        "rating": "優",
        "city": "臺北市"
      },
      "geometry": {
        "type": "Point",
        "coordinates": [
          121.501441,
          25.13943685
        ]
      }
    },
    {
      "type": "Feature",
      "properties": {
        "id": "",
        "registration_no": "A-166263411-00001-8",
        "name": "孫立人將軍官邸",
        "phone": "02-23216910",
        "address": "臺北市中正區南昌路1段136號",
        "rating": "優",
        "city": "臺北市"
      },
      "geometry": {
        "type": "Point",
        "coordinates": [
          121.518499,
          25.02902463
        ]
      }
    },
    {
      "type": "Feature",
      "properties": {
        "id": "",
        "registration_no": "A-153089876-00004-8",
        "name": "Woosa洋食パンケーキ 屋莎洋食鬆餅屋-京站店",
        "phone": "02-25594846",
        "address": "臺北市大同區承德路1段1號2樓",
        "rating": "優",
        "city": "臺北市"
      },
      "geometry": {
        "type": "Point",
        "coordinates": [
          121.5167841,
          25.04909007
        ]
      }
    },
    {
      "type": "Feature",
      "properties": {
        "id": "",
        "registration_no": "A-145018336-00001-9",
        "name": "Kaffee Amadeus 阿瑪迪斯咖啡館-京站店",
        "phone": "02-25500520",
        "address": "臺北市大同區承德路1段1號2樓",
        "rating": "優",
        "city": "臺北市"
      },
      "geometry": {
        "type": "Point",
        "coordinates": [
          121.5167841,
          25.04909007
        ]
      }
    },
    {
      "type": "Feature",
      "properties": {
        "id": "",
        "registration_no": "A-142864750-00004-8",
        "name": "合點壽司-京站店",
        "phone": "02-25556638",
        "address": "臺北市大同區承德路1段1號3樓",
        "rating": "優",
        "city": "臺北市"
      },
      "geometry": {
        "type": "Point",
        "coordinates": [
          121.5167841,
          25.04909007
        ]
      }
    },
    {
      "type": "Feature",
      "properties": {
        "id": "",
        "registration_no": "A-152801642-00010-7",
        "name": "Vegan Amore 蔬慕-京站店",
        "phone": "02-25556090",
        "address": "臺北市大同區承德路1段1號3樓",
        "rating": "優",
        "city": "臺北市"
      },
      "geometry": {
        "type": "Point",
        "coordinates": [
          121.5167841,
          25.04909007
        ]
      }
    },
    {
      "type": "Feature",
      "properties": {
        "id": "",
        "registration_no": "A-196753013-00001-3",
        "name": "炸綺來鹹酥雞-京站店",
        "phone": "987111988",
        "address": "臺北市大同區承德路1段1號4樓",
        "rating": "優",
        "city": "臺北市"
      },
      "geometry": {
        "type": "Point",
        "coordinates": [
          121.5167841,
          25.04909007
        ]
      }
    },
    {
      "type": "Feature",
      "properties": {
        "id": "",
        "registration_no": "A-154184602-00004-2",
        "name": "一鷺Express-京站店",
        "phone": "02-25598516",
        "address": "臺北市大同區承德路1段1號4樓",
        "rating": "優",
        "city": "臺北市"
      },
      "geometry": {
        "type": "Point",
        "coordinates": [
          121.5167841,
          25.04909007
        ]
      }
    },
    {
      "type": "Feature",
      "properties": {
        "id": "",
        "registration_no": "A-150764298-00001-0",
        "name": "百家班HeyAhh-京站店",
        "phone": "02-25525389",
        "address": "臺北市大同區承德路1段1號4樓",
        "rating": "優",
        "city": "臺北市"
      },
      "geometry": {
        "type": "Point",
        "coordinates": [
          121.5167841,
          25.04909007
        ]
      }
    },
    {
      "type": "Feature",
      "properties": {
        "id": "",
        "registration_no": "A-183597933-00001-6",
        "name": "Lin Restaurant",
        "phone": "02-23687868",
        "address": "臺北市大安區仁愛路4段300巷25弄6號1樓",
        "rating": "優",
        "city": "臺北市"
      },
      "geometry": {
        "type": "Point",
        "coordinates": [
          121.5549193,
          25.03572261
        ]
      }
    },
    {
      "type": "Feature",
      "properties": {
        "id": "",
        "registration_no": "A-183589309-00008-1",
        "name": "雞湯大叔 敦南店",
        "phone": "02-27089983",
        "address": "臺北市大安區和平東路3段49號1樓",
        "rating": "優",
        "city": "臺北市"
      },
      "geometry": {
        "type": "Point",
        "coordinates": [
          121.5479303,
          25.02476793
        ]
      }
    },
    {
      "type": "Feature",
      "properties": {
        "id": "",
        "registration_no": "A-190019487-00001-7",
        "name": "掬．Kiku",
        "phone": "02-27002701",
        "address": "臺北市大安區安和路1段135巷4號1樓",
        "rating": "優",
        "city": "臺北市"
      },
      "geometry": {
        "type": "Point",
        "coordinates": [
          121.5529997,
          25.0341759
        ]
      }
    },
    {
      "type": "Feature",
      "properties": {
        "id": "",
        "registration_no": "A-128200887-00005-8",
        "name": "順成蛋糕-京站店",
        "phone": "02-25525208",
        "address": "臺北市大同區市民大道1段209號",
        "rating": "優",
        "city": "臺北市"
      },
      "geometry": {
        "type": "Point",
        "coordinates": [
          121.5183499,
          25.04889276
        ]
      }
    },
    {
      "type": "Feature",
      "properties": {
        "id": "",
        "registration_no": "A-127941440-00017-7",
        "name": "GODIVA-京站店",
        "phone": "02-25523169",
        "address": "臺北市大同區承德路1段1號1樓",
        "rating": "優",
        "city": "臺北市"
      },
      "geometry": {
        "type": "Point",
        "coordinates": [
          121.5167841,
          25.04909007
        ]
      }
    },
    {
      "type": "Feature",
      "properties": {
        "id": "",
        "registration_no": "A-124692475-00016-4",
        "name": "微兜petitdoux-京站店",
        "phone": "02-77290009",
        "address": "臺北市大同區承德路1段1號1樓",
        "rating": "優",
        "city": "臺北市"
      },
      "geometry": {
        "type": "Point",
        "coordinates": [
          121.5167841,
          25.04909007
        ]
      }
    },
    {
      "type": "Feature",
      "properties": {
        "id": "",
        "registration_no": "A-158330423-00003-9",
        "name": "燒肉LIKE-京站店",
        "phone": "02-25500329",
        "address": "臺北市大同區承德路1段1號1樓",
        "rating": "優",
        "city": "臺北市"
      },
      "geometry": {
        "type": "Point",
        "coordinates": [
          121.5167841,
          25.04909007
        ]
      }
    },
    {
      "type": "Feature",
      "properties": {
        "id": "",
        "registration_no": "A-124693586-00738-9",
        "name": "LOUISA COFFEE-京站店",
        "phone": "02-25580613",
        "address": "臺北市大同區市民大道1段209號",
        "rating": "優",
        "city": "臺北市"
      },
      "geometry": {
        "type": "Point",
        "coordinates": [
          121.5183499,
          25.04889276
        ]
      }
    },
    {
      "type": "Feature",
      "properties": {
        "id": "",
        "registration_no": "A-155734837-00005-5",
        "name": "gonna 共樂遊-京站店",
        "phone": "02-25587968",
        "address": "臺北市大同區承德路1段1號1樓",
        "rating": "優",
        "city": "臺北市"
      },
      "geometry": {
        "type": "Point",
        "coordinates": [
          121.5167841,
          25.04909007
        ]
      }
    },
    {
      "type": "Feature",
      "properties": {
        "id": "",
        "registration_no": "A-150895094-00008-6",
        "name": "客美多咖啡-京站店",
        "phone": "02-25583858",
        "address": "臺北市大同區承德路1段1號1樓",
        "rating": "優",
        "city": "臺北市"
      },
      "geometry": {
        "type": "Point",
        "coordinates": [
          121.5167841,
          25.04909007
        ]
      }
    },
    {
      "type": "Feature",
      "properties": {
        "id": "",
        "registration_no": "A-190669088-00004-8",
        "name": "Ten Thousand Coffee-京站店",
        "phone": "02-25500526",
        "address": "臺北市大同區承德路1段1號1樓",
        "rating": "優",
        "city": "臺北市"
      },
      "geometry": {
        "type": "Point",
        "coordinates": [
          121.5167841,
          25.04909007
        ]
      }
    },
    {
      "type": "Feature",
      "properties": {
        "id": "",
        "registration_no": "B-142680303-00016-2",
        "name": "默爾pasta & pizza-CITYLINK松山店",
        "phone": "02-27224660",
        "address": "臺北市信義區松山路11號1摟",
        "rating": "優",
        "city": "臺北市"
      },
      "geometry": {
        "type": "Point",
        "coordinates": [
          121.5779516,
          25.04772546
        ]
      }
    },
    {
      "type": "Feature",
      "properties": {
        "id": "",
        "registration_no": "A-168578107-00006-6",
        "name": "夏威魚-CITYLINK松山店",
        "phone": "02-27688198",
        "address": "臺北市信義區松山路11號1摟",
        "rating": "優",
        "city": "臺北市"
      },
      "geometry": {
        "type": "Point",
        "coordinates": [
          121.5779516,
          25.04772546
        ]
      }
    },
    {
      "type": "Feature",
      "properties": {
        "id": "",
        "registration_no": "A-154326193-00001-2",
        "name": "明 Ramen Bar-京站店",
        "phone": "02-25589138",
        "address": "臺北市大同區承德路1段1號1樓",
        "rating": "優",
        "city": "臺北市"
      },
      "geometry": {
        "type": "Point",
        "coordinates": [
          121.5167841,
          25.04909007
        ]
      }
    },
    {
      "type": "Feature",
      "properties": {
        "id": "",
        "registration_no": "A-170584442-00002-4",
        "name": "春天素食",
        "phone": "02-23930288",
        "address": "臺北市大安區和平東路1段177號3樓",
        "rating": "優",
        "city": "臺北市"
      },
      "geometry": {
        "type": "Point",
        "coordinates": [
          121.532172,
          25.02649632
        ]
      }
    },
    {
      "type": "Feature",
      "properties": {
        "id": "",
        "registration_no": "A-200139127-00001-3",
        "name": "橘園小吃店",
        "phone": "02-27587470",
        "address": "臺北市信義區虎林街132巷63號",
        "rating": "優",
        "city": "臺北市"
      },
      "geometry": {
        "type": "Point",
        "coordinates": [
          121.5746826,
          25.04027059
        ]
      }
    },
    {
      "type": "Feature",
      "properties": {
        "id": "",
        "registration_no": "A-182844838-00008-1",
        "name": "炒湘湘-微風信義店",
        "phone": "02-27206128",
        "address": "臺北市信義區忠孝東路5段68號4樓",
        "rating": "優",
        "city": "臺北市"
      },
      "geometry": {
        "type": "Point",
        "coordinates": [
          121.5666938,
          25.04064778
        ]
      }
    },
    {
      "type": "Feature",
      "properties": {
        "id": "",
        "registration_no": "A-150928399-00001-4",
        "name": "the ukai taipei",
        "phone": "02-77301166",
        "address": "臺北市信義區松智路17號46樓",
        "rating": "優",
        "city": "臺北市"
      },
      "geometry": {
        "type": "Point",
        "coordinates": [
          121.5657745,
          25.03443532
        ]
      }
    },
    {
      "type": "Feature",
      "properties": {
        "id": "",
        "registration_no": "A-190072052-00002-5",
        "name": "春嶼-微風信義店",
        "phone": "02-27220320",
        "address": "臺北市信義區忠孝東路5段68號4樓",
        "rating": "優",
        "city": "臺北市"
      },
      "geometry": {
        "type": "Point",
        "coordinates": [
          121.5666938,
          25.04064778
        ]
      }
    },
    {
      "type": "Feature",
      "properties": {
        "id": "",
        "registration_no": "A-128841757-00132-6",
        "name": "北村豆腐家-大巨蛋店",
        "phone": "02-27610688",
        "address": "臺北市信義區忠孝東路4段515號B2",
        "rating": "優",
        "city": "臺北市"
      },
      "geometry": {
        "type": "Point",
        "coordinates": [
          121.5453268,
          25.04181525
        ]
      }
    },
    {
      "type": "Feature",
      "properties": {
        "id": "",
        "registration_no": "A-196754364-00001-3",
        "name": "輕食光-榮總",
        "phone": "02-28766753",
        "address": "臺北市北投區石牌路2段201號長青樓",
        "rating": "優",
        "city": "臺北市"
      },
      "geometry": {
        "type": "Point",
        "coordinates": [
          121.5191658,
          25.11918227
        ]
      }
    },
    {
      "type": "Feature",
      "properties": {
        "id": "",
        "registration_no": "A-122456427-00004-4",
        "name": "美味森市-榮總",
        "phone": "02-28766753",
        "address": "臺北市北投區石牌路2段201號長青樓",
        "rating": "優",
        "city": "臺北市"
      },
      "geometry": {
        "type": "Point",
        "coordinates": [
          121.5191658,
          25.11918227
        ]
      }
    },
    {
      "type": "Feature",
      "properties": {
        "id": "",
        "registration_no": "A-190307852-00002-4",
        "name": "幸福道粥品專賣-榮總",
        "phone": "02-28766753",
        "address": "臺北市北投區石牌路2段201號長青樓",
        "rating": "優",
        "city": "臺北市"
      },
      "geometry": {
        "type": "Point",
        "coordinates": [
          121.5191658,
          25.11918227
        ]
      }
    },
    {
      "type": "Feature",
      "properties": {
        "id": "",
        "registration_no": "A-100959543-00001-4",
        "name": "臺北市私立陽明山老人長期照顧中心",
        "phone": "02-28615006",
        "address": "臺北市北投區紗帽路116號1樓",
        "rating": "優",
        "city": "臺北市"
      },
      "geometry": {
        "type": "Point",
        "coordinates": [
          121.5473452,
          25.15078854
        ]
      }
    },
    {
      "type": "Feature",
      "properties": {
        "id": "",
        "registration_no": "A-155847754-00004-7",
        "name": "總裁牛肉麵-遠百A13門市",
        "phone": "02-27252588",
        "address": "臺北市信義區松仁路58號4樓",
        "rating": "優",
        "city": "臺北市"
      },
      "geometry": {
        "type": "Point",
        "coordinates": [
          121.5679679,
          25.03673196
        ]
      }
    },
    {
      "type": "Feature",
      "properties": {
        "id": "",
        "registration_no": "A-128393385-00003-2",
        "name": "八八燒肉",
        "phone": "02-27298588",
        "address": "臺北市信義區松仁路58號14樓",
        "rating": "優",
        "city": "臺北市"
      },
      "geometry": {
        "type": "Point",
        "coordinates": [
          121.5679679,
          25.03673196
        ]
      }
    },
    {
      "type": "Feature",
      "properties": {
        "id": "",
        "registration_no": "A-142634580-00044-8",
        "name": "點點心-信義ATT店",
        "phone": "02-77352831",
        "address": "臺北市信義區松壽路12號4樓",
        "rating": "優",
        "city": "臺北市"
      },
      "geometry": {
        "type": "Point",
        "coordinates": [
          121.5660209,
          25.03566809
        ]
      }
    },
    {
      "type": "Feature",
      "properties": {
        "id": "",
        "registration_no": "A-160605979-00001-1",
        "name": "李蝦記爆蝦火鍋",
        "phone": "02-77352337",
        "address": "臺北市信義區松壽路12號5樓",
        "rating": "優",
        "city": "臺北市"
      },
      "geometry": {
        "type": "Point",
        "coordinates": [
          121.5660209,
          25.03566809
        ]
      }
    },
    {
      "type": "Feature",
      "properties": {
        "id": "",
        "registration_no": "A-153546917-00038-9",
        "name": "無老鍋-台北信義店",
        "phone": "02-27220316",
        "address": "臺北市信義區松壽路22號2樓",
        "rating": "優",
        "city": "臺北市"
      },
      "geometry": {
        "type": "Point",
        "coordinates": [
          121.5677343,
          25.03556545
        ]
      }
    },
    {
      "type": "Feature",
      "properties": {
        "id": "",
        "registration_no": "A-122522307-00243-0",
        "name": "Yamazaki統一夢廣場店",
        "phone": "02-27233587",
        "address": "臺北市信義區松高路11號B2",
        "rating": "優",
        "city": "臺北市"
      },
      "geometry": {
        "type": "Point",
        "coordinates": [
          121.5652423,
          25.03951513
        ]
      }
    },
    {
      "type": "Feature",
      "properties": {
        "id": "",
        "registration_no": "A-183723869-00003-7",
        "name": "DonDonDonki忠孝新生店",
        "phone": "02-89795950",
        "address": "臺北市中正區八德路1段55號B1",
        "rating": "優",
        "city": "臺北市"
      },
      "geometry": {
        "type": "Point",
        "coordinates": [
          121.5316999,
          25.04419002
        ]
      }
    },
    {
      "type": "Feature",
      "properties": {
        "id": "",
        "registration_no": "A-153546917-00037-8",
        "name": "無老鍋-西門町店",
        "phone": "02-23888358",
        "address": "臺北市中正區中華路1段55號2樓",
        "rating": "優",
        "city": "臺北市"
      },
      "geometry": {
        "type": "Point",
        "coordinates": [
          121.5088901,
          25.04273437
        ]
      }
    },
    {
      "type": "Feature",
      "properties": {
        "id": "",
        "registration_no": "A-122522307-00241-8",
        "name": "Yamazaki東森北車店",
        "phone": "02-23147453",
        "address": "臺北市中正區忠孝西路1段47號B1",
        "rating": "優",
        "city": "臺北市"
      },
      "geometry": {
        "type": "Point",
        "coordinates": [
          121.5177059,
          25.04627248
        ]
      }
    },
    {
      "type": "Feature",
      "properties": {
        "id": "",
        "registration_no": "A-111820764-00004-1",
        "name": "福利麵包-微風店",
        "phone": "02-23111189",
        "address": "臺北市中正區北平西路3號",
        "rating": "優",
        "city": "臺北市"
      },
      "geometry": {
        "type": "Point",
        "coordinates": [
          121.5170577,
          25.04717594
        ]
      }
    },
    {
      "type": "Feature",
      "properties": {
        "id": "",
        "registration_no": "A-109499839-00181-9",
        "name": "聖瑪莉北車店",
        "phone": "02-23815139",
        "address": "臺北市中正區北平西路3號微風廣場B1",
        "rating": "優",
        "city": "臺北市"
      },
      "geometry": {
        "type": "Point",
        "coordinates": [
          121.5172604,
          25.047535
        ]
      }
    },
    {
      "type": "Feature",
      "properties": {
        "id": "",
        "registration_no": "A-182908889-00001-1",
        "name": "瀾之茶店-松菸店",
        "phone": "02-66368386",
        "address": "臺北市信義區菸廠路88號B1",
        "rating": "優",
        "city": "臺北市"
      },
      "geometry": {
        "type": "Point",
        "coordinates": [
          121.5611106,
          25.04473706
        ]
      }
    },
    {
      "type": "Feature",
      "properties": {
        "id": "",
        "registration_no": "A-180292991-00029-9",
        "name": "beard papa-誠品站前店",
        "phone": "02-23311388",
        "address": "臺北市中正區忠孝西路1段49號B1",
        "rating": "優",
        "city": "臺北市"
      },
      "geometry": {
        "type": "Point",
        "coordinates": [
          121.5176611,
          25.04628295
        ]
      }
    },
    {
      "type": "Feature",
      "properties": {
        "id": "",
        "registration_no": "A-202286236-00000-8",
        "name": "誠記原汁排骨湯-台大西址店",
        "phone": "02-23149066",
        "address": "臺北市中正區常德街1號B1",
        "rating": "優",
        "city": "臺北市"
      },
      "geometry": {
        "type": "Point",
        "coordinates": [
          121.516785,
          25.041156
        ]
      }
    },
    {
      "type": "Feature",
      "properties": {
        "id": "",
        "registration_no": "A-278963766-00001-2",
        "name": "杏一癌醫翠微廣場-餓了極品",
        "phone": "02-25463338",
        "address": "臺北市大安區基隆路3段155巷57號B1",
        "rating": "優",
        "city": "臺北市"
      },
      "geometry": {
        "type": "Point",
        "coordinates": [
          121.5430282,
          25.01504028
        ]
      }
    },
    {
      "type": "Feature",
      "properties": {
        "id": "",
        "registration_no": "A-183723869-00004-8",
        "name": "DonDonDonki 南港店",
        "phone": "02-26538911",
        "address": "臺北市南港區忠孝東路7段359號3樓",
        "rating": "優",
        "city": "臺北市"
      },
      "geometry": {
        "type": "Point",
        "coordinates": [
          121.6060558,
          25.05251244
        ]
      }
    },
    {
      "type": "Feature",
      "properties": {
        "id": "",
        "registration_no": "A-128854801-00029-5",
        "name": "薩莉亞-環球南港店",
        "phone": "917559311",
        "address": "臺北市南港區忠孝東路7段371號B1",
        "rating": "優",
        "city": "臺北市"
      },
      "geometry": {
        "type": "Point",
        "coordinates": [
          121.6049621,
          25.0519901
        ]
      }
    },
    {
      "type": "Feature",
      "properties": {
        "id": "",
        "registration_no": "A-154055473-00049-4",
        "name": "Krispy Kreme甜甜圈-環球南港店",
        "phone": "02-26535998",
        "address": "臺北市南港區忠孝東路7段371號B1",
        "rating": "優",
        "city": "臺北市"
      },
      "geometry": {
        "type": "Point",
        "coordinates": [
          121.6049621,
          25.0519901
        ]
      }
    },
    {
      "type": "Feature",
      "properties": {
        "id": "",
        "registration_no": "A-128427006-00101-9",
        "name": "樂田-雙連二店",
        "phone": "910167605",
        "address": "臺北市大同區民生西路47號",
        "rating": "優",
        "city": "臺北市"
      },
      "geometry": {
        "type": "Point",
        "coordinates": [
          121.520568,
          25.05777125
        ]
      }
    },
    {
      "type": "Feature",
      "properties": {
        "id": "",
        "registration_no": "A-193203917-00000-2",
        "name": "元爵味黃燜雞米飯(北投中央店)",
        "phone": "02-28916520",
        "address": "臺北市北投區中央北路4段489號1樓",
        "rating": "優",
        "city": "臺北市"
      },
      "geometry": {
        "type": "Point",
        "coordinates": [
          121.4691086,
          25.12839729
        ]
      }
    },
    {
      "type": "Feature",
      "properties": {
        "id": "",
        "registration_no": "A-200186322-00014-6",
        "name": "嘉義人-環球南港店",
        "phone": "952228520",
        "address": "臺北市南港區忠孝東路7段371號B1",
        "rating": "優",
        "city": "臺北市"
      },
      "geometry": {
        "type": "Point",
        "coordinates": [
          121.6049621,
          25.0519901
        ]
      }
    },
    {
      "type": "Feature",
      "properties": {
        "id": "",
        "registration_no": "A-202315444-00001-3",
        "name": "因果茶南港店Yin Guo Cha-環球南港店",
        "phone": "916044823",
        "address": "臺北市南港區忠孝東路7段371號B1",
        "rating": "優",
        "city": "臺北市"
      },
      "geometry": {
        "type": "Point",
        "coordinates": [
          121.6049621,
          25.0519901
        ]
      }
    },
    {
      "type": "Feature",
      "properties": {
        "id": "",
        "registration_no": "A-142591908-00046-6",
        "name": "炸雞大獅 內湖家樂福店",
        "phone": "989500424",
        "address": "臺北市內湖區民善街88號",
        "rating": "優",
        "city": "臺北市"
      },
      "geometry": {
        "type": "Point",
        "coordinates": [
          121.5753649,
          25.06014069
        ]
      }
    },
    {
      "type": "Feature",
      "properties": {
        "id": "",
        "registration_no": "A-191109541-00002-0",
        "name": "呈信鵝肉 - 內湖家樂福店",
        "phone": "02-27327999",
        "address": "臺北市內湖區民善街88號",
        "rating": "良",
        "city": "臺北市"
      },
      "geometry": {
        "type": "Point",
        "coordinates": [
          121.5753649,
          25.06014069
        ]
      }
    },
    {
      "type": "Feature",
      "properties": {
        "id": "",
        "registration_no": "A-200121150-00000-9",
        "name": "泰美胃餐廳 - 內湖大潤發",
        "phone": "02-27912831",
        "address": "臺北市內湖區舊宗路1段128號1樓",
        "rating": "優",
        "city": "臺北市"
      },
      "geometry": {
        "type": "Point",
        "coordinates": [
          121.5783204,
          25.060963
        ]
      }
    },
    {
      "type": "Feature",
      "properties": {
        "id": "",
        "registration_no": "A-121102587-00000-4",
        "name": "臺北市立第一女子高級中學員生消費合作社",
        "phone": "02-23820484#230",
        "address": "臺北市中正區重慶南路1段165號B1",
        "rating": "優",
        "city": "臺北市"
      },
      "geometry": {
        "type": "Point",
        "coordinates": [
          121.5128066,
          25.03747259
        ]
      }
    },
    {
      "type": "Feature",
      "properties": {
        "id": "",
        "registration_no": "A-188379942-00001-9",
        "name": "印度風-京站店",
        "phone": "906363895",
        "address": "臺北市大同區承德路1段1號B3",
        "rating": "優",
        "city": "臺北市"
      },
      "geometry": {
        "type": "Point",
        "coordinates": [
          121.5166245,
          25.0490762
        ]
      }
    },
    {
      "type": "Feature",
      "properties": {
        "id": "",
        "registration_no": "A-200247422-00001-1",
        "name": "齊媽媽-京站店",
        "phone": "932001697",
        "address": "臺北市大同區承德路1段1號B3",
        "rating": "優",
        "city": "臺北市"
      },
      "geometry": {
        "type": "Point",
        "coordinates": [
          121.5166245,
          25.0490762
        ]
      }
    },
    {
      "type": "Feature",
      "properties": {
        "id": "",
        "registration_no": "A-142617061-00000-5",
        "name": "綺樂文旅店開封館",
        "phone": "918831808",
        "address": "臺北市中正區開封街1段35號1樓",
        "rating": "優",
        "city": "臺北市"
      },
      "geometry": {
        "type": "Point",
        "coordinates": [
          121.512741,
          25.04606307
        ]
      }
    },
    {
      "type": "Feature",
      "properties": {
        "id": "",
        "registration_no": "A-153948686-00006-3",
        "name": "樂起司-誠品南西店",
        "phone": "975050219",
        "address": "臺北市中山區南京西路14號B1",
        "rating": "優",
        "city": "臺北市"
      },
      "geometry": {
        "type": "Point",
        "coordinates": [
          121.5212653,
          25.05238039
        ]
      }
    },
    {
      "type": "Feature",
      "properties": {
        "id": "",
        "registration_no": "A-142680303-00006-0",
        "name": "默爾pasta & pizza-誠品南西店",
        "phone": "02-25223306",
        "address": "臺北市中山區南京西路14號3樓",
        "rating": "優",
        "city": "臺北市"
      },
      "geometry": {
        "type": "Point",
        "coordinates": [
          121.5206635,
          25.05243328
        ]
      }
    },
    {
      "type": "Feature",
      "properties": {
        "id": "",
        "registration_no": "A-183097938-00004-9",
        "name": "奎士咖啡-誠品南西店",
        "phone": "902333271",
        "address": "臺北市中山區南京西路14號B1",
        "rating": "優",
        "city": "臺北市"
      },
      "geometry": {
        "type": "Point",
        "coordinates": [
          121.5212653,
          25.05238039
        ]
      }
    },
    {
      "type": "Feature",
      "properties": {
        "id": "",
        "registration_no": "A-183589309-00027-2",
        "name": "雞湯大叔-誠品南西店",
        "phone": "02-25310451",
        "address": "臺北市中山區南京西路14號3樓",
        "rating": "優",
        "city": "臺北市"
      },
      "geometry": {
        "type": "Point",
        "coordinates": [
          121.5206635,
          25.05243328
        ]
      }
    },
    {
      "type": "Feature",
      "properties": {
        "id": "",
        "registration_no": "A-153951936-00083-0",
        "name": "先喝道-誠品南西店",
        "phone": "02-25620608",
        "address": "臺北市中山區南京西路14號B1",
        "rating": "優",
        "city": "臺北市"
      },
      "geometry": {
        "type": "Point",
        "coordinates": [
          121.5212653,
          25.05238039
        ]
      }
    },
    {
      "type": "Feature",
      "properties": {
        "id": "",
        "registration_no": "A-202294147-00001-9",
        "name": "周廚紅燒牛肉麵-誠品南西店",
        "phone": "955581917",
        "address": "臺北市中山區南京西路14號B1",
        "rating": "優",
        "city": "臺北市"
      },
      "geometry": {
        "type": "Point",
        "coordinates": [
          121.5212653,
          25.05238039
        ]
      }
    },
    {
      "type": "Feature",
      "properties": {
        "id": "",
        "registration_no": "A-101025606-00001-9",
        "name": "臺北市私立達人高級中學",
        "phone": "02-27956899",
        "address": "臺北市內湖區內湖路2段314號",
        "rating": "優",
        "city": "臺北市"
      },
      "geometry": {
        "type": "Point",
        "coordinates": [
          121.5876301,
          25.08125759
        ]
      }
    },
    {
      "type": "Feature",
      "properties": {
        "id": "",
        "registration_no": "A-180198341-00000-2",
        "name": "Fresh & Aged Italian Steak House (美福牛排)",
        "phone": "02-27942338",
        "address": "臺北市內湖區民善街128號2樓",
        "rating": "優",
        "city": "臺北市"
      },
      "geometry": {
        "type": "Point",
        "coordinates": [
          121.5750277,
          25.06138012
        ]
      }
    },
    {
      "type": "Feature",
      "properties": {
        "id": "",
        "registration_no": "A-164845217-00011-7",
        "name": "御私藏-南港環球店",
        "phone": "970915229",
        "address": "臺北市南港區忠孝東路7段371號B1",
        "rating": "優",
        "city": "臺北市"
      },
      "geometry": {
        "type": "Point",
        "coordinates": [
          121.6049621,
          25.0519901
        ]
      }
    },
    {
      "type": "Feature",
      "properties": {
        "id": "",
        "registration_no": "A-123928945-01246-3",
        "name": "摩斯漢堡-南港環球店",
        "phone": "02-26510175",
        "address": "臺北市南港區忠孝東路7段371號B1",
        "rating": "優",
        "city": "臺北市"
      },
      "geometry": {
        "type": "Point",
        "coordinates": [
          121.6049621,
          25.0519901
        ]
      }
    },
    {
      "type": "Feature",
      "properties": {
        "id": "",
        "registration_no": "A-128193611-00000-9",
        "name": "凱樂烘焙食品有限公司",
        "phone": "02-25083891",
        "address": "臺北市中山區長安東路2段131之4號",
        "rating": "優",
        "city": "臺北市"
      },
      "geometry": {
        "type": "Point",
        "coordinates": [
          121.5360598,
          25.04850489
        ]
      }
    },
    {
      "type": "Feature",
      "properties": {
        "id": "",
        "registration_no": "A-183589309-00018-2",
        "name": "雞湯大叔-松江南京店",
        "phone": "02-25676758",
        "address": "臺北市中山區南京東路2段26號1樓",
        "rating": "優",
        "city": "臺北市"
      },
      "geometry": {
        "type": "Point",
        "coordinates": [
          121.5290421,
          25.0518843
        ]
      }
    },
    {
      "type": "Feature",
      "properties": {
        "id": "",
        "registration_no": "A-183122964-00000-3",
        "name": "komboi",
        "phone": "02-87720372",
        "address": "臺北市大安區敦化南路1段270巷28號1樓",
        "rating": "優",
        "city": "臺北市"
      },
      "geometry": {
        "type": "Point",
        "coordinates": [
          121.5467778,
          25.03892052
        ]
      }
    },
    {
      "type": "Feature",
      "properties": {
        "id": "",
        "registration_no": "A-150795638-00000-1",
        "name": "T+T",
        "phone": "02-27199191",
        "address": "臺北市松山區敦化北路165巷11號",
        "rating": "優",
        "city": "臺北市"
      },
      "geometry": {
        "type": "Point",
        "coordinates": [
          121.5507055,
          25.05484366
        ]
      }
    },
    {
      "type": "Feature",
      "properties": {
        "id": "",
        "registration_no": "A-170750455-00011-3",
        "name": "高雄空廚股份有限公司-松山廠",
        "phone": "02-27172851",
        "address": "臺北市松山區敦化北路405巷123弄9號",
        "rating": "優",
        "city": "臺北市"
      },
      "geometry": {
        "type": "Point",
        "coordinates": [
          121.5561046,
          25.06294661
        ]
      }
    },
    {
      "type": "Feature",
      "properties": {
        "id": "",
        "registration_no": "A-153769515-00001-0",
        "name": "富錦樹台菜香檳-敦北店",
        "phone": "02-87128770",
        "address": "臺北市松山區敦化北路199巷17號",
        "rating": "優",
        "city": "臺北市"
      },
      "geometry": {
        "type": "Point",
        "coordinates": [
          121.5528385,
          25.05654515
        ]
      }
    },
    {
      "type": "Feature",
      "properties": {
        "id": "",
        "registration_no": "A-180694545-00000-9",
        "name": "法蘭司烘焙-敦北店",
        "phone": "02-27185678",
        "address": "臺北市松山區敦化北路155巷5號",
        "rating": "優",
        "city": "臺北市"
      },
      "geometry": {
        "type": "Point",
        "coordinates": [
          121.5500811,
          25.05422457
        ]
      }
    },
    {
      "type": "Feature",
      "properties": {
        "id": "",
        "registration_no": "A-190330642-00000-5",
        "name": "Wok by O'BOND",
        "phone": "02-27784503",
        "address": "臺北市中山區龍江路18號",
        "rating": "優",
        "city": "臺北市"
      },
      "geometry": {
        "type": "Point",
        "coordinates": [
          121.5402843,
          25.04791132
        ]
      }
    },
    {
      "type": "Feature",
      "properties": {
        "id": "",
        "registration_no": "A-202287899-00000-4",
        "name": "加分鍋物-新生店",
        "phone": "905950838",
        "address": "臺北市中山區新生北路1段90之1號",
        "rating": "優",
        "city": "臺北市"
      },
      "geometry": {
        "type": "Point",
        "coordinates": [
          121.5296666,
          25.04787644
        ]
      }
    },
    {
      "type": "Feature",
      "properties": {
        "id": "",
        "registration_no": "A-202279700-00000-6",
        "name": "承家私廚",
        "phone": "02-25221276",
        "address": "臺北市中山區民權東路2段92巷6號1樓",
        "rating": "優",
        "city": "臺北市"
      },
      "geometry": {
        "type": "Point",
        "coordinates": [
          121.5316327,
          25.0609218
        ]
      }
    },
    {
      "type": "Feature",
      "properties": {
        "id": "",
        "registration_no": "A-189164053-00001-5",
        "name": "麟聚",
        "phone": "02-27122700",
        "address": "臺北市松山區敦化北路100號",
        "rating": "優",
        "city": "臺北市"
      },
      "geometry": {
        "type": "Point",
        "coordinates": [
          121.5485293,
          25.05276403
        ]
      }
    },
    {
      "type": "Feature",
      "properties": {
        "id": "",
        "registration_no": "A-189186710-00001-9",
        "name": "雲川水月 Clavius",
        "phone": "02-25140356",
        "address": "臺北市松山區富錦街120號1樓",
        "rating": "優",
        "city": "臺北市"
      },
      "geometry": {
        "type": "Point",
        "coordinates": [
          121.5531241,
          25.05971409
        ]
      }
    },
    {
      "type": "Feature",
      "properties": {
        "id": "",
        "registration_no": "A-128009495-00000-5",
        "name": "丹迪旅店 天母店",
        "phone": "02-28732222",
        "address": "臺北市士林區中山北路6段728巷2號",
        "rating": "優",
        "city": "臺北市"
      },
      "geometry": {
        "type": "Point",
        "coordinates": [
          121.5280962,
          25.1148531
        ]
      }
    },
    {
      "type": "Feature",
      "properties": {
        "id": "",
        "registration_no": "A-183688321-00001-8",
        "name": "阿豬媽韓式烤肉吃到飽-信義店",
        "phone": "02-77342255",
        "address": "臺北市信義區松壽路12號5樓",
        "rating": "優",
        "city": "臺北市"
      },
      "geometry": {
        "type": "Point",
        "coordinates": [
          121.5660209,
          25.03566809
        ]
      }
    },
    {
      "type": "Feature",
      "properties": {
        "id": "",
        "registration_no": "A-183095278-00001-1",
        "name": "瀧厚炙燒熟成牛排 台北信義ATT店",
        "phone": "02-77342008",
        "address": "臺北市信義區松壽路12號5樓",
        "rating": "優",
        "city": "臺北市"
      },
      "geometry": {
        "type": "Point",
        "coordinates": [
          121.5660209,
          25.03566809
        ]
      }
    },
    {
      "type": "Feature",
      "properties": {
        "id": "",
        "registration_no": "A-183589309-00007-0",
        "name": "雞湯大叔 天母店",
        "phone": "02-28310702",
        "address": "臺北市士林區士東路130號1樓",
        "rating": "優",
        "city": "臺北市"
      },
      "geometry": {
        "type": "Point",
        "coordinates": [
          121.5303785,
          25.1122032
        ]
      }
    },
    {
      "type": "Feature",
      "properties": {
        "id": "",
        "registration_no": "A-123930301-00057-1",
        "name": "DONQ東客麵包天母店",
        "phone": "02-28744967",
        "address": "臺北市士林區天母東路68號B1",
        "rating": "優",
        "city": "臺北市"
      },
      "geometry": {
        "type": "Point",
        "coordinates": [
          121.534102,
          25.11797368
        ]
      }
    },
    {
      "type": "Feature",
      "properties": {
        "id": "",
        "registration_no": "A-200120798-00001-7",
        "name": "施家鮮肉湯圓",
        "phone": "02-25857655",
        "address": "臺北市大同區延平北路3段56號",
        "rating": "優",
        "city": "臺北市"
      },
      "geometry": {
        "type": "Point",
        "coordinates": [
          121.5109748,
          25.06500038
        ]
      }
    },
    {
      "type": "Feature",
      "properties": {
        "id": "",
        "registration_no": "A-180292991-00041-3",
        "name": "beard papa-雙連店",
        "phone": "02-25596162",
        "address": "臺北市大同區民生西路92號",
        "rating": "優",
        "city": "臺北市"
      },
      "geometry": {
        "type": "Point",
        "coordinates": [
          121.519997,
          25.05743572
        ]
      }
    },
    {
      "type": "Feature",
      "properties": {
        "id": "",
        "registration_no": "A-153546917-00017-6",
        "name": "無老鍋-台北中山分公司",
        "phone": "02-25816238",
        "address": "臺北市中山區中山北路2段36之1號1~2樓",
        "rating": "優",
        "city": "臺北市"
      },
      "geometry": {
        "type": "Point",
        "coordinates": [
          121.5224743,
          25.05437047
        ]
      }
    },
    {
      "type": "Feature",
      "properties": {
        "id": "",
        "registration_no": "A-142982519-00000-8",
        "name": "月夜岩",
        "phone": "02-25859221",
        "address": "臺北市中山區雙城街25巷9號1樓",
        "rating": "優",
        "city": "臺北市"
      },
      "geometry": {
        "type": "Point",
        "coordinates": [
          121.5249555,
          25.06628379
        ]
      }
    },
    {
      "type": "Feature",
      "properties": {
        "id": "",
        "registration_no": "A-128208895-00000-0",
        "name": "法蘭司烘焙-伊通店",
        "phone": "02-2502-8446",
        "address": "臺北市中山區伊通街32號",
        "rating": "優",
        "city": "臺北市"
      },
      "geometry": {
        "type": "Point",
        "coordinates": [
          121.5346604,
          25.05091904
        ]
      }
    },
    {
      "type": "Feature",
      "properties": {
        "id": "",
        "registration_no": "A-177483341-00000-5",
        "name": "法蘭司烘焙-民權店",
        "phone": "02-25171593",
        "address": "臺北市中山區建國北路2段151巷30號",
        "rating": "優",
        "city": "臺北市"
      },
      "geometry": {
        "type": "Point",
        "coordinates": [
          121.5390996,
          25.061734
        ]
      }
    },
    {
      "type": "Feature",
      "properties": {
        "id": "",
        "registration_no": "A-190323071-00019-3",
        "name": "EIKA 盈科",
        "phone": "02-25506863",
        "address": "臺北市大同區民樂街58號",
        "rating": "優",
        "city": "臺北市"
      },
      "geometry": {
        "type": "Point",
        "coordinates": [
          121.5105092,
          25.05744427
        ]
      }
    },
    {
      "type": "Feature",
      "properties": {
        "id": "",
        "registration_no": "A-194132383-00001-2",
        "name": "Circum-",
        "phone": "02-25816575",
        "address": "臺北市中山區中山北路2段39巷3號B2",
        "rating": "優",
        "city": "臺北市"
      },
      "geometry": {
        "type": "Point",
        "coordinates": [
          121.5232158,
          25.05391372
        ]
      }
    },
    {
      "type": "Feature",
      "properties": {
        "id": "",
        "registration_no": "A-189124525-00001-5",
        "name": "VGEST 低碳披薩",
        "phone": "02-27666123",
        "address": "臺北市松山區八德路4段658號",
        "rating": "優",
        "city": "臺北市"
      },
      "geometry": {
        "type": "Point",
        "coordinates": [
          121.5756901,
          25.04984997
        ]
      }
    },
    {
      "type": "Feature",
      "properties": {
        "id": "",
        "registration_no": "A-127559324-00000-5",
        "name": "喜瑞飯店",
        "phone": "02-25410077",
        "address": "臺北市中山區長安東路1段64號",
        "rating": "優",
        "city": "臺北市"
      },
      "geometry": {
        "type": "Point",
        "coordinates": [
          121.5293796,
          25.04793207
        ]
      }
    },
    {
      "type": "Feature",
      "properties": {
        "id": "",
        "registration_no": "A-202292894-00000-5",
        "name": "NOBUO",
        "phone": "983710905",
        "address": "臺北市中正區泰安街8號1樓",
        "rating": "優",
        "city": "臺北市"
      },
      "geometry": {
        "type": "Point",
        "coordinates": [
          121.527918,
          25.03998586
        ]
      }
    },
    {
      "type": "Feature",
      "properties": {
        "id": "",
        "registration_no": "A-170380242-00000-4",
        "name": "蒲園飯店",
        "phone": "02-27530772",
        "address": "臺北市松山區八德路4段176號",
        "rating": "優",
        "city": "臺北市"
      },
      "geometry": {
        "type": "Point",
        "coordinates": [
          121.5634231,
          25.04857559
        ]
      }
    },
    {
      "type": "Feature",
      "properties": {
        "id": "",
        "registration_no": "A-116309406-00001-8",
        "name": "禾順行旅",
        "phone": "02-23381211",
        "address": "臺北市萬華區廣州街247號",
        "rating": "優",
        "city": "臺北市"
      },
      "geometry": {
        "type": "Point",
        "coordinates": [
          121.4973043,
          25.0368413
        ]
      }
    },
    {
      "type": "Feature",
      "properties": {
        "id": "",
        "registration_no": "A-122198006-00000-6",
        "name": "金獅樓",
        "phone": "02-23122675",
        "address": "臺北市萬華區西寧南路36號B區10樓",
        "rating": "優",
        "city": "臺北市"
      },
      "geometry": {
        "type": "Point",
        "coordinates": [
          121.5066402,
          25.04559121
        ]
      }
    },
    {
      "type": "Feature",
      "properties": {
        "id": "",
        "registration_no": "A-183723869-00002-6",
        "name": "DonDonDonki 西門店",
        "phone": "02-23316811",
        "address": "臺北市萬華區西寧南路123號",
        "rating": "優",
        "city": "臺北市"
      },
      "geometry": {
        "type": "Point",
        "coordinates": [
          121.5065689,
          25.04457457
        ]
      }
    },
    {
      "type": "Feature",
      "properties": {
        "id": "",
        "registration_no": "A-109499839-00178-5",
        "name": "聖瑪莉西門1店",
        "phone": "02-23123783",
        "address": "臺北市萬華區成都路54之1號",
        "rating": "優",
        "city": "臺北市"
      },
      "geometry": {
        "type": "Point",
        "coordinates": [
          121.5058535,
          25.04273246
        ]
      }
    },
    {
      "type": "Feature",
      "properties": {
        "id": "",
        "registration_no": "A-200227280-00002-2",
        "name": "滬江高中附設廚房",
        "phone": "02-89351837",
        "address": "臺北市文山區羅斯福路6段336號",
        "rating": "優",
        "city": "臺北市"
      },
      "geometry": {
        "type": "Point",
        "coordinates": [
          121.5391659,
          24.98978127
        ]
      }
    },
    {
      "type": "Feature",
      "properties": {
        "id": "",
        "registration_no": "A-202282401-00000-8",
        "name": "喔A咖啡-世新大學",
        "phone": "02-22368225#84133",
        "address": "臺北市文山區木柵路1段17巷1號",
        "rating": "優",
        "city": "臺北市"
      },
      "geometry": {
        "type": "Point",
        "coordinates": [
          121.5440988,
          24.9886242
        ]
      }
    },
    {
      "type": "Feature",
      "properties": {
        "id": "",
        "registration_no": "A-127733956-00001-1",
        "name": "食堂171-世新大學",
        "phone": "02-22368225#84133",
        "address": "臺北市文山區木柵路1段17巷1號",
        "rating": "優",
        "city": "臺北市"
      },
      "geometry": {
        "type": "Point",
        "coordinates": [
          121.5440988,
          24.9886242
        ]
      }
    },
    {
      "type": "Feature",
      "properties": {
        "id": "",
        "registration_no": "A-202295519-00000-2",
        "name": "禾豐美食-世新大學",
        "phone": "02-22368225#84133",
        "address": "臺北市文山區木柵路1段17巷1號",
        "rating": "優",
        "city": "臺北市"
      },
      "geometry": {
        "type": "Point",
        "coordinates": [
          121.5440988,
          24.9886242
        ]
      }
    },
    {
      "type": "Feature",
      "properties": {
        "id": "",
        "registration_no": "A-128427006-00097-3",
        "name": "樂田-萬隆",
        "phone": "02-77515051",
        "address": "臺北市文山區羅斯福路5段214號",
        "rating": "優",
        "city": "臺北市"
      },
      "geometry": {
        "type": "Point",
        "coordinates": [
          121.5385564,
          25.00252018
        ]
      }
    },
    {
      "type": "Feature",
      "properties": {
        "id": "",
        "registration_no": "A-142775384-00001-9",
        "name": "伴鹿咖啡",
        "phone": "02-87720372",
        "address": "臺北市大安區敦化南路2段203號4樓",
        "rating": "優",
        "city": "臺北市"
      },
      "geometry": {
        "type": "Point",
        "coordinates": [
          121.549678,
          25.02629993
        ]
      }
    },
    {
      "type": "Feature",
      "properties": {
        "id": "",
        "registration_no": "B-182916115-00000-2",
        "name": "COUNTEA卡帝本植茶焙所-遠企店",
        "phone": "02-87720372",
        "address": "臺北市大安區敦化南路2段203號1樓",
        "rating": "優",
        "city": "臺北市"
      },
      "geometry": {
        "type": "Point",
        "coordinates": [
          121.549678,
          25.02629993
        ]
      }
    },
    {
      "type": "Feature",
      "properties": {
        "id": "",
        "registration_no": "A-154365435-00001-4",
        "name": "雲之南麗江斑魚火鍋-遠企店",
        "phone": "02-27371116",
        "address": "臺北市大安區敦化南路2段203號B2",
        "rating": "優",
        "city": "臺北市"
      },
      "geometry": {
        "type": "Point",
        "coordinates": [
          121.5490266,
          25.02645201
        ]
      }
    },
    {
      "type": "Feature",
      "properties": {
        "id": "",
        "registration_no": "A-123225889-00069-2",
        "name": "aunt stella遠企店",
        "phone": "02-27337228",
        "address": "臺北市大安區敦化南路2段203號B2",
        "rating": "優",
        "city": "臺北市"
      },
      "geometry": {
        "type": "Point",
        "coordinates": [
          121.5490266,
          25.02645201
        ]
      }
    },
    {
      "type": "Feature",
      "properties": {
        "id": "",
        "registration_no": "A-153717587-00002-3",
        "name": "雪嶽山韓式料理遠企店",
        "phone": "02-27337865",
        "address": "臺北市大安區敦化南路2段203號B2",
        "rating": "優",
        "city": "臺北市"
      },
      "geometry": {
        "type": "Point",
        "coordinates": [
          121.5490266,
          25.02645201
        ]
      }
    },
    {
      "type": "Feature",
      "properties": {
        "id": "",
        "registration_no": "A-202275643-00001-9",
        "name": "初點甜豆花遠企店",
        "phone": "02-27371116",
        "address": "臺北市大安區敦化南路2段203號B2",
        "rating": "優",
        "city": "臺北市"
      },
      "geometry": {
        "type": "Point",
        "coordinates": [
          121.5490266,
          25.02645201
        ]
      }
    },
    {
      "type": "Feature",
      "properties": {
        "id": "",
        "registration_no": "A-131869194-00001-0",
        "name": "永旭府城遠企店",
        "phone": "02-27367536",
        "address": "臺北市大安區敦化南路2段203號B2",
        "rating": "優",
        "city": "臺北市"
      },
      "geometry": {
        "type": "Point",
        "coordinates": [
          121.5490266,
          25.02645201
        ]
      }
    },
    {
      "type": "Feature",
      "properties": {
        "id": "",
        "registration_no": "A-202266620-00002-5",
        "name": "北岸咖啡遠企店",
        "phone": "02-27399795",
        "address": "臺北市大安區敦化南路2段203號B2",
        "rating": "優",
        "city": "臺北市"
      },
      "geometry": {
        "type": "Point",
        "coordinates": [
          121.5490266,
          25.02645201
        ]
      }
    },
    {
      "type": "Feature",
      "properties": {
        "id": "",
        "registration_no": "A-202302106-00000-3",
        "name": "百齡診所附設護理之家",
        "phone": "02-28113113",
        "address": "臺北市士林區重慶北路4段187號1樓",
        "rating": "優",
        "city": "臺北市"
      },
      "geometry": {
        "type": "Point",
        "coordinates": [
          121.5114216,
          25.08418523
        ]
      }
    },
    {
      "type": "Feature",
      "properties": {
        "id": "",
        "registration_no": "A-154027202-00104-5",
        "name": "全國素食-台北榮總店",
        "phone": "02-28721198",
        "address": "臺北市北投區石牌路2段205號中正樓生活廣場",
        "rating": "優",
        "city": "臺北市"
      },
      "geometry": {
        "type": "Point",
        "coordinates": [
          121.5228091,
          25.12117754
        ]
      }
    },
    {
      "type": "Feature",
      "properties": {
        "id": "",
        "registration_no": "A-128841757-00137-1",
        "name": "韓姜熙的小廚房-台北榮總店",
        "phone": "02-66175166",
        "address": "臺北市北投區石牌路2段206號中正樓生活廣場",
        "rating": "優",
        "city": "臺北市"
      },
      "geometry": {
        "type": "Point",
        "coordinates": [
          121.5175202,
          25.11798182
        ]
      }
    },
    {
      "type": "Feature",
      "properties": {
        "id": "",
        "registration_no": "A-196955073-00000-2",
        "name": "金仙魯肉飯 鉑金食堂",
        "phone": "02-28711688",
        "address": "臺北市北投區石牌路2段207號中正樓生活廣場",
        "rating": "優",
        "city": "臺北市"
      },
      "geometry": {
        "type": "Point",
        "coordinates": [
          121.5228097,
          25.12118148
        ]
      }
    },
    {
      "type": "Feature",
      "properties": {
        "id": "",
        "registration_no": "A-124375652-00144-1",
        "name": "關北紅豆餅-台北榮總店",
        "phone": "910868208",
        "address": "臺北市北投區石牌路2段208號中正樓生活廣場",
        "rating": "優",
        "city": "臺北市"
      },
      "geometry": {
        "type": "Point",
        "coordinates": [
          121.5175202,
          25.11798182
        ]
      }
    },
    {
      "type": "Feature",
      "properties": {
        "id": "",
        "registration_no": "A-125564791-00004-1",
        "name": "洪瑞珍-台北榮總店",
        "phone": "02-28711688",
        "address": "臺北市北投區石牌路2段209號中正樓生活廣場",
        "rating": "優",
        "city": "臺北市"
      },
      "geometry": {
        "type": "Point",
        "coordinates": [
          121.5228102,
          25.12118541
        ]
      }
    },
    {
      "type": "Feature",
      "properties": {
        "id": "",
        "registration_no": "A-193380032-00004-0",
        "name": "台灣G湯-台北榮總店",
        "phone": "02-28711688",
        "address": "臺北市北投區石牌路2段210號中正樓生活廣場",
        "rating": "優",
        "city": "臺北市"
      },
      "geometry": {
        "type": "Point",
        "coordinates": [
          121.5175202,
          25.11798182
        ]
      }
    },
    {
      "type": "Feature",
      "properties": {
        "id": "",
        "registration_no": "A-200135284-00001-3",
        "name": "筌 壽司 割烹",
        "phone": "02-27008779",
        "address": "臺北市大安區安和路1段78巷37號",
        "rating": "優",
        "city": "臺北市"
      },
      "geometry": {
        "type": "Point",
        "coordinates": [
          121.550164,
          25.03513944
        ]
      }
    },
    {
      "type": "Feature",
      "properties": {
        "id": "",
        "registration_no": "A-124752022-00000-2",
        "name": "Restaurant Ephernité",
        "phone": "02-27320732",
        "address": "臺北市大安區安和路2段233號",
        "rating": "優",
        "city": "臺北市"
      },
      "geometry": {
        "type": "Point",
        "coordinates": [
          121.5503574,
          25.02516271
        ]
      }
    },
    {
      "type": "Feature",
      "properties": {
        "id": "",
        "registration_no": "A-200226102-00001-3",
        "name": "國立臺灣大學研三(國青)開心廚房",
        "phone": "968727219",
        "address": "臺北市大安區辛亥路3段30號",
        "rating": "優",
        "city": "臺北市"
      },
      "geometry": {
        "type": "Point",
        "coordinates": [
          121.5442509,
          25.02057333
        ]
      }
    },
    {
      "type": "Feature",
      "properties": {
        "id": "",
        "registration_no": "A-128193611-00007-6",
        "name": "凱樂烘培-和平門市",
        "phone": "02-23962585",
        "address": "臺北市大安區和平東路1段25號",
        "rating": "優",
        "city": "臺北市"
      },
      "geometry": {
        "type": "Point",
        "coordinates": [
          121.5230875,
          25.02722311
        ]
      }
    },
    {
      "type": "Feature",
      "properties": {
        "id": "",
        "registration_no": "A-183056697-00000-2",
        "name": "FX富驛時尚酒店",
        "phone": "958912478",
        "address": "臺北市中山區南京東路3段131號1樓",
        "rating": "優",
        "city": "臺北市"
      },
      "geometry": {
        "type": "Point",
        "coordinates": [
          121.5406628,
          25.05212805
        ]
      }
    },
    {
      "type": "Feature",
      "properties": {
        "id": "",
        "registration_no": "A-194137423-00002-3",
        "name": "MISOTABLE",
        "phone": "915892077",
        "address": "臺北市信義區松高路19號B2",
        "rating": "優",
        "city": "臺北市"
      },
      "geometry": {
        "type": "Point",
        "coordinates": [
          121.5666669,
          25.03935906
        ]
      }
    },
    {
      "type": "Feature",
      "properties": {
        "id": "",
        "registration_no": "H-182788998-00006-0",
        "name": "臺灣警察專科學校(尊爵團膳)",
        "phone": "933113479",
        "address": "臺北市文山區興隆路3段153號",
        "rating": "優",
        "city": "臺北市"
      },
      "geometry": {
        "type": "Point",
        "coordinates": [
          121.5593048,
          24.99804822
        ]
      }
    },
    {
      "type": "Feature",
      "properties": {
        "id": "",
        "registration_no": "A-124314831-00002-6",
        "name": "Second Floor 貳樓師大店",
        "phone": "02-23656222",
        "address": "臺北市大安區師大路24號",
        "rating": "優",
        "city": "臺北市"
      },
      "geometry": {
        "type": "Point",
        "coordinates": [
          121.5284163,
          25.02647811
        ]
      }
    },
    {
      "type": "Feature",
      "properties": {
        "id": "",
        "registration_no": "A-202310851-00001-0",
        "name": "五花馬水餃",
        "phone": "02-23660622",
        "address": "臺北市大安區羅斯福路4段1號",
        "rating": "優",
        "city": "臺北市"
      },
      "geometry": {
        "type": "Point",
        "coordinates": [
          121.5337006,
          25.01698105
        ]
      }
    },
    {
      "type": "Feature",
      "properties": {
        "id": "",
        "registration_no": "A-202310851-00002-1",
        "name": "九久滷贊舖",
        "phone": "02-23660622",
        "address": "臺北市大安區羅斯福路4段1號",
        "rating": "優",
        "city": "臺北市"
      },
      "geometry": {
        "type": "Point",
        "coordinates": [
          121.5337006,
          25.01698105
        ]
      }
    },
    {
      "type": "Feature",
      "properties": {
        "id": "",
        "registration_no": "A-202310851-00003-2",
        "name": "強尼兄弟健康廚房",
        "phone": "02-23630060",
        "address": "臺北市大安區羅斯福路4段1號",
        "rating": "優",
        "city": "臺北市"
      },
      "geometry": {
        "type": "Point",
        "coordinates": [
          121.5337006,
          25.01698105
        ]
      }
    },
    {
      "type": "Feature",
      "properties": {
        "id": "",
        "registration_no": "A-202311166-00001-0",
        "name": "重慶抄手",
        "phone": "02-23699678",
        "address": "臺北市大安區羅斯福路4段1號",
        "rating": "優",
        "city": "臺北市"
      },
      "geometry": {
        "type": "Point",
        "coordinates": [
          121.5337006,
          25.01698105
        ]
      }
    },
    {
      "type": "Feature",
      "properties": {
        "id": "",
        "registration_no": "A-202289328-00001-4",
        "name": "第八小吃部 吾煎",
        "phone": "975511897",
        "address": "臺北市大安區羅斯福路4段1號",
        "rating": "優",
        "city": "臺北市"
      },
      "geometry": {
        "type": "Point",
        "coordinates": [
          121.5337006,
          25.01698105
        ]
      }
    },
    {
      "type": "Feature",
      "properties": {
        "id": "",
        "registration_no": "A-202311177-00001-2",
        "name": "第七小吃部(原典鮮沏茶)",
        "phone": "901343015",
        "address": "臺北市大安區羅斯福路4段1號",
        "rating": "優",
        "city": "臺北市"
      },
      "geometry": {
        "type": "Point",
        "coordinates": [
          121.5337006,
          25.01698105
        ]
      }
    },
    {
      "type": "Feature",
      "properties": {
        "id": "",
        "registration_no": "A-202310943-00001-2",
        "name": "第二小吃部(七樂港式燒臘)",
        "phone": "928288669",
        "address": "臺北市大安區羅斯福路4段1號",
        "rating": "優",
        "city": "臺北市"
      },
      "geometry": {
        "type": "Point",
        "coordinates": [
          121.5337006,
          25.01698105
        ]
      }
    },
    {
      "type": "Feature",
      "properties": {
        "id": "",
        "registration_no": "A-191717806-00005-2",
        "name": "第一小吃部(肥熊早早午餐)",
        "phone": "989018907",
        "address": "臺北市大安區羅斯福路4段1號",
        "rating": "優",
        "city": "臺北市"
      },
      "geometry": {
        "type": "Point",
        "coordinates": [
          121.5337006,
          25.01698105
        ]
      }
    },
    {
      "type": "Feature",
      "properties": {
        "id": "",
        "registration_no": "A-101483519-00004-3",
        "name": "合作社第二門市(小小福)",
        "phone": "02-33663292",
        "address": "臺北市大安區羅斯福路4段1號",
        "rating": "優",
        "city": "臺北市"
      },
      "geometry": {
        "type": "Point",
        "coordinates": [
          121.5337006,
          25.01698105
        ]
      }
    },
    {
      "type": "Feature",
      "properties": {
        "id": "",
        "registration_no": "A-101483519-00003-2",
        "name": "合作社第一門市(小福)",
        "phone": "02-33663291",
        "address": "臺北市大安區羅斯福路4段1號",
        "rating": "優",
        "city": "臺北市"
      },
      "geometry": {
        "type": "Point",
        "coordinates": [
          121.5337006,
          25.01698105
        ]
      }
    },
    {
      "type": "Feature",
      "properties": {
        "id": "",
        "registration_no": "A-152447447-00001-6",
        "name": "醉月湖1號-稍飽台大店",
        "phone": "02-23633931",
        "address": "臺北市大安區羅斯福路4段1號(1號貨櫃屋)",
        "rating": "優",
        "city": "臺北市"
      },
      "geometry": {
        "type": "Point",
        "coordinates": [
          121.5331339,
          25.01610754
        ]
      }
    },
    {
      "type": "Feature",
      "properties": {
        "id": "",
        "registration_no": "A-202259824-00000-1",
        "name": "醉月湖2號-TT French Bread",
        "phone": "928928301",
        "address": "臺北市大安區羅斯福路4段1號(2號貨櫃屋)",
        "rating": "優",
        "city": "臺北市"
      },
      "geometry": {
        "type": "Point",
        "coordinates": [
          121.5331339,
          25.01610754
        ]
      }
    },
    {
      "type": "Feature",
      "properties": {
        "id": "",
        "registration_no": "A-183503555-00005-7",
        "name": "象樣東方美食館-台北榮總店",
        "phone": "02-28711688",
        "address": "臺北市北投區石牌路2段201號中正樓生活廣場",
        "rating": "優",
        "city": "臺北市"
      },
      "geometry": {
        "type": "Point",
        "coordinates": [
          121.5206759,
          25.11888674
        ]
      }
    },
    {
      "type": "Feature",
      "properties": {
        "id": "",
        "registration_no": "A-142826026-00056-9",
        "name": "Dreamers Coffee 台北榮總店",
        "phone": "02-28755061",
        "address": "臺北市北投區石牌路2段201號中正樓生活廣場",
        "rating": "優",
        "city": "臺北市"
      },
      "geometry": {
        "type": "Point",
        "coordinates": [
          121.5206759,
          25.11888674
        ]
      }
    },
    {
      "type": "Feature",
      "properties": {
        "id": "",
        "registration_no": "A-189627033-00401-1",
        "name": "21Plus北榮義美",
        "phone": "02-28711688",
        "address": "臺北市北投區石牌路2段201號中正樓生活廣場",
        "rating": "優",
        "city": "臺北市"
      },
      "geometry": {
        "type": "Point",
        "coordinates": [
          121.5206759,
          25.11888674
        ]
      }
    },
    {
      "type": "Feature",
      "properties": {
        "id": "",
        "registration_no": "A-202264465-00001-9",
        "name": "炸物三兄弟",
        "phone": "936053561",
        "address": "臺北市大安區長興街92號(男七舍)",
        "rating": "優",
        "city": "臺北市"
      },
      "geometry": {
        "type": "Point",
        "coordinates": [
          121.5472203,
          25.01509544
        ]
      }
    },
    {
      "type": "Feature",
      "properties": {
        "id": "",
        "registration_no": "A-200205363-00000-8",
        "name": "國立臺灣大學男八宿舍福利社",
        "phone": "910813698",
        "address": "臺北市大安區長興街31號",
        "rating": "優",
        "city": "臺北市"
      },
      "geometry": {
        "type": "Point",
        "coordinates": [
          121.5450807,
          25.01678521
        ]
      }
    },
    {
      "type": "Feature",
      "properties": {
        "id": "",
        "registration_no": "A-200042417-00007-4",
        "name": "鴨香坊",
        "phone": "938055213",
        "address": "臺北市大安區長興街50號",
        "rating": "優",
        "city": "臺北市"
      },
      "geometry": {
        "type": "Point",
        "coordinates": [
          121.5450079,
          25.01650073
        ]
      }
    },
    {
      "type": "Feature",
      "properties": {
        "id": "",
        "registration_no": "A-200042417-00006-3",
        "name": "銓家莊",
        "phone": "928623852",
        "address": "臺北市大安區長興街50號",
        "rating": "優",
        "city": "臺北市"
      },
      "geometry": {
        "type": "Point",
        "coordinates": [
          121.5450079,
          25.01650073
        ]
      }
    },
    {
      "type": "Feature",
      "properties": {
        "id": "",
        "registration_no": "A-200042417-00003-0",
        "name": "早餐吧",
        "phone": "955579263",
        "address": "臺北市大安區長興街50號",
        "rating": "優",
        "city": "臺北市"
      },
      "geometry": {
        "type": "Point",
        "coordinates": [
          121.5450079,
          25.01650073
        ]
      }
    },
    {
      "type": "Feature",
      "properties": {
        "id": "",
        "registration_no": "A-200042417-00002-9",
        "name": "轉角哥深夜食堂",
        "phone": "937535592",
        "address": "臺北市大安區長興街50號",
        "rating": "優",
        "city": "臺北市"
      },
      "geometry": {
        "type": "Point",
        "coordinates": [
          121.5450079,
          25.01650073
        ]
      }
    },
    {
      "type": "Feature",
      "properties": {
        "id": "",
        "registration_no": "A-200042417-00004-1",
        "name": "銅板美食雞魯哥",
        "phone": "909368789",
        "address": "臺北市大安區長興街50號",
        "rating": "優",
        "city": "臺北市"
      },
      "geometry": {
        "type": "Point",
        "coordinates": [
          121.5450079,
          25.01650073
        ]
      }
    },
    {
      "type": "Feature",
      "properties": {
        "id": "",
        "registration_no": "A-128193611-00008-7",
        "name": "凱樂烘培食品有限公司通化門市部",
        "phone": "02-27013877",
        "address": "臺北市大安區通化街10號",
        "rating": "優",
        "city": "臺北市"
      },
      "geometry": {
        "type": "Point",
        "coordinates": [
          121.5541744,
          25.03213113
        ]
      }
    },
    {
      "type": "Feature",
      "properties": {
        "id": "",
        "registration_no": "A-128427006-00103-1",
        "name": "樂田-復興仁愛",
        "phone": "02-27095286",
        "address": "臺北市大安區復興南路1段255號1樓",
        "rating": "優",
        "city": "臺北市"
      },
      "geometry": {
        "type": "Point",
        "coordinates": [
          121.5438753,
          25.03673372
        ]
      }
    },
    {
      "type": "Feature",
      "properties": {
        "id": "",
        "registration_no": "A-128193611-00009-8",
        "name": "凱樂烘培食品有限公司復興門市部",
        "phone": "02-27819966",
        "address": "臺北市大安區復興南路1段72號",
        "rating": "優",
        "city": "臺北市"
      },
      "geometry": {
        "type": "Point",
        "coordinates": [
          121.5436046,
          25.04405192
        ]
      }
    },
    {
      "type": "Feature",
      "properties": {
        "id": "",
        "registration_no": "A-202309752-00000-7",
        "name": "卿卿小粉螺螄粉酸辣粉",
        "phone": "900499279",
        "address": "臺北市大安區新生南路1段1號",
        "rating": "優",
        "city": "臺北市"
      },
      "geometry": {
        "type": "Point",
        "coordinates": [
          121.5331769,
          25.04420589
        ]
      }
    },
    {
      "type": "Feature",
      "properties": {
        "id": "",
        "registration_no": "A-153740335-00000-8",
        "name": "陽明春天",
        "phone": "02-28620178",
        "address": "臺北巿士林區菁山路119之1號",
        "rating": "優",
        "city": "臺北市"
      },
      "geometry": {
        "type": "Point",
        "coordinates": [
          121.5594925,
          25.14413934
        ]
      }
    },
    {
      "type": "Feature",
      "properties": {
        "id": "",
        "registration_no": "A-113469457-00001-8",
        "name": "興蓬萊台菜餐廳",
        "phone": "02-28771168",
        "address": "臺北市士林區中山北路7段55號1樓",
        "rating": "優",
        "city": "臺北市"
      },
      "geometry": {
        "type": "Point",
        "coordinates": [
          121.5308738,
          25.12035029
        ]
      }
    },
    {
      "type": "Feature",
      "properties": {
        "id": "",
        "registration_no": "A-200172430-00001-7",
        "name": "好日早午餐-台大合作社第五小吃部",
        "phone": "912288032",
        "address": "臺北市大安區羅斯福路4段1號",
        "rating": "優",
        "city": "臺北市"
      },
      "geometry": {
        "type": "Point",
        "coordinates": [
          121.5337006,
          25.01698105
        ]
      }
    },
    {
      "type": "Feature",
      "properties": {
        "id": "",
        "registration_no": "A-187496056-00001-4",
        "name": "蘇格貓底義式冰淇淋",
        "phone": "02-33651668",
        "address": "臺北市大安區羅斯福路4段1號-共同教室樓梯",
        "rating": "優",
        "city": "臺北市"
      },
      "geometry": {
        "type": "Point",
        "coordinates": [
          121.5331339,
          25.01610754
        ]
      }
    },
    {
      "type": "Feature",
      "properties": {
        "id": "",
        "registration_no": "A-153949524-00052-6",
        "name": "M.D.創作料理",
        "phone": "02-23620658",
        "address": "臺北市大安區羅斯福路4段1號-明達館",
        "rating": "優",
        "city": "臺北市"
      },
      "geometry": {
        "type": "Point",
        "coordinates": [
          121.5331339,
          25.01610754
        ]
      }
    },
    {
      "type": "Feature",
      "properties": {
        "id": "",
        "registration_no": "A-123298989-00002-0",
        "name": "Doki Poke夏威夷蒸鮮飯-台大社科店",
        "phone": "02-23650333",
        "address": "臺北市大安區羅斯福路4段1號-社會科學院",
        "rating": "優",
        "city": "臺北市"
      },
      "geometry": {
        "type": "Point",
        "coordinates": [
          121.5331339,
          25.01610754
        ]
      }
    },
    {
      "type": "Feature",
      "properties": {
        "id": "",
        "registration_no": "A-128498682-00003-8",
        "name": "小木屋鬆餅",
        "phone": "02-83695722",
        "address": "臺北市大安區羅斯福路4段1號-鹿鳴廣場",
        "rating": "優",
        "city": "臺北市"
      },
      "geometry": {
        "type": "Point",
        "coordinates": [
          121.5331339,
          25.01610754
        ]
      }
    },
    {
      "type": "Feature",
      "properties": {
        "id": "",
        "registration_no": "A-150773676-00001-0",
        "name": "茶茶小王子x小農飯盒",
        "phone": "02-23670255",
        "address": "臺北市大安區羅斯福路4段1號-學新館1樓",
        "rating": "優",
        "city": "臺北市"
      },
      "geometry": {
        "type": "Point",
        "coordinates": [
          121.5331339,
          25.01610754
        ]
      }
    },
    {
      "type": "Feature",
      "properties": {
        "id": "",
        "registration_no": "A-103734301-00001-0",
        "name": "新月台 café",
        "phone": "02-33661461#12",
        "address": "臺北市大安區羅斯福路4段1號-新月台",
        "rating": "優",
        "city": "臺北市"
      },
      "geometry": {
        "type": "Point",
        "coordinates": [
          121.5331339,
          25.01610754
        ]
      }
    },
    {
      "type": "Feature",
      "properties": {
        "id": "",
        "registration_no": "A-190238075-00001-3",
        "name": "雀客藏居-台北陽明山",
        "phone": "02-28616661",
        "address": "臺北市士林區格致路237號",
        "rating": "優",
        "city": "臺北市"
      },
      "geometry": {
        "type": "Point",
        "coordinates": [
          121.5488639,
          25.14344075
        ]
      }
    },
    {
      "type": "Feature",
      "properties": {
        "id": "",
        "registration_no": "A-104268726-00011-5",
        "name": "義饗食堂",
        "phone": "987291041",
        "address": "臺北市大安區羅斯福路4段83號2樓",
        "rating": "優",
        "city": "臺北市"
      },
      "geometry": {
        "type": "Point",
        "coordinates": [
          121.5363438,
          25.01317894
        ]
      }
    },
    {
      "type": "Feature",
      "properties": {
        "id": "",
        "registration_no": "A-180591219-00001-4",
        "name": "SUBWAY-台大店",
        "phone": "02-33652629",
        "address": "臺北市大安區羅斯福路4段85號",
        "rating": "優",
        "city": "臺北市"
      },
      "geometry": {
        "type": "Point",
        "coordinates": [
          121.5364847,
          25.0128932
        ]
      }
    },
    {
      "type": "Feature",
      "properties": {
        "id": "",
        "registration_no": "A-150894320-00002-1",
        "name": "熊一燒肉-台大店",
        "phone": "02-23630681",
        "address": "臺北市大安區羅斯福路4段85號2樓",
        "rating": "優",
        "city": "臺北市"
      },
      "geometry": {
        "type": "Point",
        "coordinates": [
          121.5364847,
          25.0128932
        ]
      }
    },
    {
      "type": "Feature",
      "properties": {
        "id": "",
        "registration_no": "A-150872079-00000-6",
        "name": "和蒔炭火割烹",
        "phone": "918670708",
        "address": "臺北市中山區長安東路2段36巷1號",
        "rating": "優",
        "city": "臺北市"
      },
      "geometry": {
        "type": "Point",
        "coordinates": [
          121.5315561,
          25.04805491
        ]
      }
    },
    {
      "type": "Feature",
      "properties": {
        "id": "",
        "registration_no": "A-183566663-00000-1",
        "name": "路境行旅-府前館",
        "phone": "937149685",
        "address": "臺北市中正區重慶南路1段86號B1",
        "rating": "優",
        "city": "臺北市"
      },
      "geometry": {
        "type": "Point",
        "coordinates": [
          121.5130944,
          25.04309711
        ]
      }
    },
    {
      "type": "Feature",
      "properties": {
        "id": "",
        "registration_no": "A-122717540-00001-7",
        "name": "北海漁村 台北杭州店",
        "phone": "933708779",
        "address": "臺北市中正區杭州南路1段8之1號1樓",
        "rating": "優",
        "city": "臺北市"
      },
      "geometry": {
        "type": "Point",
        "coordinates": [
          121.5265958,
          25.04327448
        ]
      }
    },
    {
      "type": "Feature",
      "properties": {
        "id": "",
        "registration_no": "A-200203731-00003-8",
        "name": "uMeal 優善糧-台大水源店",
        "phone": "02-23688756",
        "address": "臺北市中正區思源街16號",
        "rating": "優",
        "city": "臺北市"
      },
      "geometry": {
        "type": "Point",
        "coordinates": [
          121.530574,
          25.0143079
        ]
      }
    },
    {
      "type": "Feature",
      "properties": {
        "id": "",
        "registration_no": "A-200220414-00000-2",
        "name": "吃飯囉媽媽便當",
        "phone": "966555057",
        "address": "臺北市文山區汀州路4段88號",
        "rating": "優",
        "city": "臺北市"
      },
      "geometry": {
        "type": "Point",
        "coordinates": [
          121.5371759,
          25.00783866
        ]
      }
    },
    {
      "type": "Feature",
      "properties": {
        "id": "",
        "registration_no": "A-190610931-00000-7",
        "name": "INITA",
        "phone": "930991609",
        "address": "臺北市松山區八德路3段12巷52弄1號1樓",
        "rating": "優",
        "city": "臺北市"
      },
      "geometry": {
        "type": "Point",
        "coordinates": [
          121.5501503,
          25.04607762
        ]
      }
    },
    {
      "type": "Feature",
      "properties": {
        "id": "",
        "registration_no": "A-128427006-00102-0",
        "name": "樂田-南復二店",
        "phone": "02-27151182",
        "address": "臺北市松山區南京東路3段253號",
        "rating": "優",
        "city": "臺北市"
      },
      "geometry": {
        "type": "Point",
        "coordinates": [
          121.5444037,
          25.0520501
        ]
      }
    },
    {
      "type": "Feature",
      "properties": {
        "id": "",
        "registration_no": "A-124807151-00001-7",
        "name": "洛碁大飯店忠孝館",
        "phone": "02-27116869",
        "address": "臺北市大安區忠孝東路4段180號",
        "rating": "優",
        "city": "臺北市"
      },
      "geometry": {
        "type": "Point",
        "coordinates": [
          121.5515329,
          25.04126158
        ]
      }
    },
    {
      "type": "Feature",
      "properties": {
        "id": "",
        "registration_no": "A-194271390-00002-5",
        "name": "享聚餐廳",
        "phone": "02-87729786",
        "address": "臺北市大安區忠孝東路3段1號",
        "rating": "優",
        "city": "臺北市"
      },
      "geometry": {
        "type": "Point",
        "coordinates": [
          121.5355146,
          25.04221389
        ]
      }
    },
    {
      "type": "Feature",
      "properties": {
        "id": "",
        "registration_no": "A-170472679-00995-3",
        "name": "八方雲集-臺北科大",
        "phone": "960801052",
        "address": "臺北市大安區新生南路1段1號1樓",
        "rating": "優",
        "city": "臺北市"
      },
      "geometry": {
        "type": "Point",
        "coordinates": [
          121.5331769,
          25.04420589
        ]
      }
    },
    {
      "type": "Feature",
      "properties": {
        "id": "",
        "registration_no": "A-128813605-03465-9",
        "name": "拉亞漢堡臺北科大",
        "phone": "02-87720989",
        "address": "臺北市大安區新生南路1段1號",
        "rating": "優",
        "city": "臺北市"
      },
      "geometry": {
        "type": "Point",
        "coordinates": [
          121.5331769,
          25.04420589
        ]
      }
    },
    {
      "type": "Feature",
      "properties": {
        "id": "",
        "registration_no": "A-202298520-00000-7",
        "name": "喜歡你飯捲年糕-北科大",
        "phone": "02-87729776",
        "address": "臺北市大安區新生南路1段1號",
        "rating": "優",
        "city": "臺北市"
      },
      "geometry": {
        "type": "Point",
        "coordinates": [
          121.5331769,
          25.04420589
        ]
      }
    },
    {
      "type": "Feature",
      "properties": {
        "id": "",
        "registration_no": "A-202307033-00002-9",
        "name": "直火盒子低卡餐盒",
        "phone": "02-87722320",
        "address": "臺北市大安區建國南路1段81號",
        "rating": "優",
        "city": "臺北市"
      },
      "geometry": {
        "type": "Point",
        "coordinates": [
          121.5374716,
          25.04355827
        ]
      }
    },
    {
      "type": "Feature",
      "properties": {
        "id": "",
        "registration_no": "A-202283545-00001-9",
        "name": "炸雞大獅-北科大店",
        "phone": "02-87722320",
        "address": "臺北市大安區建國南路1段81號",
        "rating": "優",
        "city": "臺北市"
      },
      "geometry": {
        "type": "Point",
        "coordinates": [
          121.5374716,
          25.04355827
        ]
      }
    },
    {
      "type": "Feature",
      "properties": {
        "id": "",
        "registration_no": "A-200006558-00002-5",
        "name": "海音咖啡",
        "phone": "02-87723839",
        "address": "臺北市大安區新生南路1段3號",
        "rating": "優",
        "city": "臺北市"
      },
      "geometry": {
        "type": "Point",
        "coordinates": [
          121.5330085,
          25.04311466
        ]
      }
    },
    {
      "type": "Feature",
      "properties": {
        "id": "",
        "registration_no": "A-202298361-00001-1",
        "name": "宣坊",
        "phone": "02-87722320",
        "address": "臺北市大安區新生南路1段1號2樓",
        "rating": "優",
        "city": "臺北市"
      },
      "geometry": {
        "type": "Point",
        "coordinates": [
          121.5331769,
          25.04420589
        ]
      }
    },
    {
      "type": "Feature",
      "properties": {
        "id": "",
        "registration_no": "A-190884523-00000-7",
        "name": "可唐精品茶旅-北科大店",
        "phone": "02-87722320",
        "address": "臺北市大安區新生南路1段1號1樓",
        "rating": "優",
        "city": "臺北市"
      },
      "geometry": {
        "type": "Point",
        "coordinates": [
          121.5331769,
          25.04420589
        ]
      }
    },
    {
      "type": "Feature",
      "properties": {
        "id": "",
        "registration_no": "A-202284343-00001-6",
        "name": "文華食堂",
        "phone": "02-87722320",
        "address": "臺北市大安區新生南路1段1號2樓",
        "rating": "優",
        "city": "臺北市"
      },
      "geometry": {
        "type": "Point",
        "coordinates": [
          121.5331769,
          25.04420589
        ]
      }
    },
    {
      "type": "Feature",
      "properties": {
        "id": "",
        "registration_no": "A-101483519-00005-4",
        "name": "臺大合作社(合作社醫學院門市)",
        "phone": "02-23219152",
        "address": "臺北市中正區仁愛路1段1號B2",
        "rating": "優",
        "city": "臺北市"
      },
      "geometry": {
        "type": "Point",
        "coordinates": [
          121.5188278,
          25.03931811
        ]
      }
    },
    {
      "type": "Feature",
      "properties": {
        "id": "",
        "registration_no": "A-128427006-00100-8",
        "name": "樂田麵包屋-北車二店",
        "phone": "02-77553313",
        "address": "臺北市中正區忠孝西路1段49號B3 11號店",
        "rating": "優",
        "city": "臺北市"
      },
      "geometry": {
        "type": "Point",
        "coordinates": [
          121.5176611,
          25.04628295
        ]
      }
    },
    {
      "type": "Feature",
      "properties": {
        "id": "",
        "registration_no": "A-128427006-00104-2",
        "name": "樂田麵包屋-台大二店",
        "phone": "02-23899256",
        "address": "臺北市中正區公園路52號",
        "rating": "優",
        "city": "臺北市"
      },
      "geometry": {
        "type": "Point",
        "coordinates": [
          121.5158174,
          25.04093356
        ]
      }
    },
    {
      "type": "Feature",
      "properties": {
        "id": "",
        "registration_no": "A-200124767-00001-7",
        "name": "SIRAYA COFFEE",
        "phone": "02-33931098",
        "address": "臺北市中正區徐州路2之3號",
        "rating": "優",
        "city": "臺北市"
      },
      "geometry": {
        "type": "Point",
        "coordinates": [
          121.5194107,
          25.04175858
        ]
      }
    },
    {
      "type": "Feature",
      "properties": {
        "id": "",
        "registration_no": "A-202265672-00001-0",
        "name": "MIXTIO(秘地)",
        "phone": "02-23560831",
        "address": "臺北市中正區仁愛路1段1號",
        "rating": "優",
        "city": "臺北市"
      },
      "geometry": {
        "type": "Point",
        "coordinates": [
          121.5188933,
          25.03943098
        ]
      }
    },
    {
      "type": "Feature",
      "properties": {
        "id": "",
        "registration_no": "A-190145528-00004-6",
        "name": "問事咖啡",
        "phone": "903403999",
        "address": "臺北市中正區仁愛路1段1號B1",
        "rating": "優",
        "city": "臺北市"
      },
      "geometry": {
        "type": "Point",
        "coordinates": [
          121.5188278,
          25.03931811
        ]
      }
    },
    {
      "type": "Feature",
      "properties": {
        "id": "",
        "registration_no": "A-190145528-00001-3",
        "name": "葵川食記",
        "phone": "903403999",
        "address": "臺北市中正區仁愛路1段1號B1",
        "rating": "優",
        "city": "臺北市"
      },
      "geometry": {
        "type": "Point",
        "coordinates": [
          121.5188278,
          25.03931811
        ]
      }
    },
    {
      "type": "Feature",
      "properties": {
        "id": "",
        "registration_no": "A-202281799-00001-8",
        "name": "荖子鍋Plus 東森北車店",
        "phone": "02-23610568",
        "address": "臺北市中正區忠孝西路1段47號B1",
        "rating": "優",
        "city": "臺北市"
      },
      "geometry": {
        "type": "Point",
        "coordinates": [
          121.5177059,
          25.04627248
        ]
      }
    },
    {
      "type": "Feature",
      "properties": {
        "id": "",
        "registration_no": "A-182855497-00000-6",
        "name": "BAHO(八和 大安)",
        "phone": "02-23250531",
        "address": "臺北市大安區安和路1段102巷4號",
        "rating": "優",
        "city": "臺北市"
      },
      "geometry": {
        "type": "Point",
        "coordinates": [
          121.5519538,
          25.03420239
        ]
      }
    },
    {
      "type": "Feature",
      "properties": {
        "id": "",
        "registration_no": "A-190620017-00002-5",
        "name": "Ad Astra",
        "phone": "975336095",
        "address": "臺北市中山區中山北路2段45巷23號1樓",
        "rating": "優",
        "city": "臺北市"
      },
      "geometry": {
        "type": "Point",
        "coordinates": [
          121.5240462,
          25.05446865
        ]
      }
    },
    {
      "type": "Feature",
      "properties": {
        "id": "",
        "registration_no": "A-182955355-00001-1",
        "name": "EMBERS",
        "phone": "02-77515598",
        "address": "臺北市大安區仁愛路4段122巷24號",
        "rating": "優",
        "city": "臺北市"
      },
      "geometry": {
        "type": "Point",
        "coordinates": [
          121.5501756,
          25.03586049
        ]
      }
    },
    {
      "type": "Feature",
      "properties": {
        "id": "",
        "registration_no": "A-122751743-00103-3",
        "name": "一之軒北榮分店",
        "phone": "02-28711116",
        "address": "臺北市北投區石牌路2段201號中正樓生活廣場",
        "rating": "優",
        "city": "臺北市"
      },
      "geometry": {
        "type": "Point",
        "coordinates": [
          121.5206759,
          25.11888674
        ]
      }
    },
    {
      "type": "Feature",
      "properties": {
        "id": "",
        "registration_no": "A-112743858-00003-9",
        "name": "每力果榮總店",
        "phone": "02-28745900",
        "address": "臺北市北投區石牌路2段201號中正樓生活廣場",
        "rating": "優",
        "city": "臺北市"
      },
      "geometry": {
        "type": "Point",
        "coordinates": [
          121.5206759,
          25.11888674
        ]
      }
    },
    {
      "type": "Feature",
      "properties": {
        "id": "",
        "registration_no": "A-128949151-00855-5",
        "name": "迷客夏PLUS台北榮總店",
        "phone": "02-28771182",
        "address": "臺北市北投區石牌路2段201號中正樓生活廣場",
        "rating": "優",
        "city": "臺北市"
      },
      "geometry": {
        "type": "Point",
        "coordinates": [
          121.5206759,
          25.11888674
        ]
      }
    },
    {
      "type": "Feature",
      "properties": {
        "id": "",
        "registration_no": "A-202314784-00001-9",
        "name": "李記中式餐廳",
        "phone": "02-28747836",
        "address": "臺北市北投區石牌路2段201號中正樓生活廣場",
        "rating": "優",
        "city": "臺北市"
      },
      "geometry": {
        "type": "Point",
        "coordinates": [
          121.5206759,
          25.11888674
        ]
      }
    },
    {
      "type": "Feature",
      "properties": {
        "id": "",
        "registration_no": "A-197301707-00688-4",
        "name": "福勝亭北榮店",
        "phone": "02-28736266",
        "address": "臺北市北投區石牌路2段201號中正樓生活廣場",
        "rating": "優",
        "city": "臺北市"
      },
      "geometry": {
        "type": "Point",
        "coordinates": [
          121.5206759,
          25.11888674
        ]
      }
    },
    {
      "type": "Feature",
      "properties": {
        "id": "",
        "registration_no": "A-200204135-00001-5",
        "name": "椰林燒臘",
        "phone": "02-23649394",
        "address": "臺北市大安區羅斯福路4段1號",
        "rating": "優",
        "city": "臺北市"
      },
      "geometry": {
        "type": "Point",
        "coordinates": [
          121.5337006,
          25.01698105
        ]
      }
    },
    {
      "type": "Feature",
      "properties": {
        "id": "",
        "registration_no": "A-116773754-00001-9",
        "name": "山水樂會館",
        "phone": "02-28922665",
        "address": "臺北市北投區中和街20巷6號",
        "rating": "優",
        "city": "臺北市"
      },
      "geometry": {
        "type": "Point",
        "coordinates": [
          121.503747,
          25.13803296
        ]
      }
    },
    {
      "type": "Feature",
      "properties": {
        "id": "",
        "registration_no": "A-200250981-00001-5",
        "name": "凱特無餓不做 輕食早午餐",
        "phone": "955657567",
        "address": "臺北市北投區學園路1號",
        "rating": "優",
        "city": "臺北市"
      },
      "geometry": {
        "type": "Point",
        "coordinates": [
          121.4663681,
          25.13008528
        ]
      }
    },
    {
      "type": "Feature",
      "properties": {
        "id": "",
        "registration_no": "A-202310285-00001-1",
        "name": "泰牛雅上餐飲小吃",
        "phone": "02-28961000#1581",
        "address": "臺北市北投區學園路1號",
        "rating": "優",
        "city": "臺北市"
      },
      "geometry": {
        "type": "Point",
        "coordinates": [
          121.4663681,
          25.13008528
        ]
      }
    },
    {
      "type": "Feature",
      "properties": {
        "id": "",
        "registration_no": "A-200007846-00006-0",
        "name": "歐海唷尚一品餐廳",
        "phone": "02-28961000#1582(1585)",
        "address": "臺北市北投區學園路1號",
        "rating": "優",
        "city": "臺北市"
      },
      "geometry": {
        "type": "Point",
        "coordinates": [
          121.4663681,
          25.13008528
        ]
      }
    },
    {
      "type": "Feature",
      "properties": {
        "id": "",
        "registration_no": "A-193211661-00000-7",
        "name": "臺北市立行愛住宿長照機構(委託臺北醫學大學經營管理)",
        "phone": "02-27963886",
        "address": "臺北市內湖區行善路250號1-2樓",
        "rating": "優",
        "city": "臺北市"
      },
      "geometry": {
        "type": "Point",
        "coordinates": [
          121.5811502,
          25.06045371
        ]
      }
    },
    {
      "type": "Feature",
      "properties": {
        "id": "",
        "registration_no": "A-200108615-00000-0",
        "name": "晴光紅豆餅-內湖大潤發店",
        "phone": "956155478",
        "address": "臺北市內湖區舊宗路1段188號1樓",
        "rating": "優",
        "city": "臺北市"
      },
      "geometry": {
        "type": "Point",
        "coordinates": [
          121.5759885,
          25.06265274
        ]
      }
    },
    {
      "type": "Feature",
      "properties": {
        "id": "",
        "registration_no": "A-199998569-00001-3",
        "name": "越式河粉-內湖大潤發店",
        "phone": "987830301",
        "address": "臺北市內湖區舊宗路1段188號1樓",
        "rating": "優",
        "city": "臺北市"
      },
      "geometry": {
        "type": "Point",
        "coordinates": [
          121.5759885,
          25.06265274
        ]
      }
    },
    {
      "type": "Feature",
      "properties": {
        "id": "",
        "registration_no": "A-180292991-00099-6",
        "name": "beard papa-內湖大潤發店",
        "phone": "02-87928520",
        "address": "臺北市內湖區舊宗路1段188號1樓",
        "rating": "優",
        "city": "臺北市"
      },
      "geometry": {
        "type": "Point",
        "coordinates": [
          121.5759885,
          25.06265274
        ]
      }
    },
    {
      "type": "Feature",
      "properties": {
        "id": "",
        "registration_no": "A-161210008-00160-3",
        "name": "12MINI-內湖大潤發店",
        "phone": "02-27920312",
        "address": "臺北市內湖區舊宗路1段188號1樓",
        "rating": "優",
        "city": "臺北市"
      },
      "geometry": {
        "type": "Point",
        "coordinates": [
          121.5759885,
          25.06265274
        ]
      }
    },
    {
      "type": "Feature",
      "properties": {
        "id": "",
        "registration_no": "A-124332824-00001-7",
        "name": "霜江茶行-內湖大潤發店",
        "phone": "02-87923008",
        "address": "臺北市內湖區舊宗路1段188號1樓",
        "rating": "優",
        "city": "臺北市"
      },
      "geometry": {
        "type": "Point",
        "coordinates": [
          121.5759885,
          25.06265274
        ]
      }
    },
    {
      "type": "Feature",
      "properties": {
        "id": "",
        "registration_no": "A-152752425-00004-4",
        "name": "韓食客-內湖大潤發店",
        "phone": "02-87912078",
        "address": "臺北市內湖區舊宗路1段188號1樓",
        "rating": "優",
        "city": "臺北市"
      },
      "geometry": {
        "type": "Point",
        "coordinates": [
          121.5759885,
          25.06265274
        ]
      }
    },
    {
      "type": "Feature",
      "properties": {
        "id": "",
        "registration_no": "A-172966255-00000-0",
        "name": "臺北市私立高德老人長期照顧中心(養護型)",
        "phone": "02-28982418",
        "address": "臺北市北投區磺港路156號1樓",
        "rating": "優",
        "city": "臺北市"
      },
      "geometry": {
        "type": "Point",
        "coordinates": [
          121.5029862,
          25.12865361
        ]
      }
    },
    {
      "type": "Feature",
      "properties": {
        "id": "",
        "registration_no": "A-194266354-00001-8",
        "name": "Zaap",
        "phone": "02-27201148",
        "address": "臺北市信義區吳興街345巷6號",
        "rating": "優",
        "city": "臺北市"
      },
      "geometry": {
        "type": "Point",
        "coordinates": [
          121.5663533,
          25.0267391
        ]
      }
    },
    {
      "type": "Feature",
      "properties": {
        "id": "",
        "registration_no": "A-112107610-00038-7",
        "name": "欣葉鐘菜",
        "phone": "02-25327373",
        "address": "臺北市中山區樂群二路199號1樓",
        "rating": "優",
        "city": "臺北市"
      },
      "geometry": {
        "type": "Point",
        "coordinates": [
          121.5589431,
          25.08048918
        ]
      }
    },
    {
      "type": "Feature",
      "properties": {
        "id": "",
        "registration_no": "A-402294548-00002-7",
        "name": "衛生福利部基隆醫院附設南港綜合長照機構",
        "phone": "02-27891722",
        "address": "臺北市南港區南港路2段78號5樓",
        "rating": "優",
        "city": "臺北市"
      },
      "geometry": {
        "type": "Point",
        "coordinates": [
          121.6035092,
          25.0539408
        ]
      }
    },
    {
      "type": "Feature",
      "properties": {
        "id": "",
        "registration_no": "A-116794266-00003-2",
        "name": "紅豆食府/遠企店",
        "phone": "02-87321536",
        "address": "臺北市大安區敦化南路2段203號B2",
        "rating": "優",
        "city": "臺北市"
      },
      "geometry": {
        "type": "Point",
        "coordinates": [
          121.5490266,
          25.02645201
        ]
      }
    },
    {
      "type": "Feature",
      "properties": {
        "id": "",
        "registration_no": "A-154022092-00001-3",
        "name": "88樂章婚宴會館",
        "phone": "02-27943800",
        "address": "臺北市內湖區民善街88號",
        "rating": "優",
        "city": "臺北市"
      },
      "geometry": {
        "type": "Point",
        "coordinates": [
          121.5753649,
          25.06014069
        ]
      }
    },
    {
      "type": "Feature",
      "properties": {
        "id": "",
        "registration_no": "A-202308028-00000-2",
        "name": "台灣大學－蛋白盒子",
        "phone": "02-23699193",
        "address": "臺北市大安區羅斯福路4段1號",
        "rating": "優",
        "city": "臺北市"
      },
      "geometry": {
        "type": "Point",
        "coordinates": [
          121.5337006,
          25.01698105
        ]
      }
    },
    {
      "type": "Feature",
      "properties": {
        "id": "",
        "registration_no": "A-100849579-00004-4",
        "name": "台灣大學-食事場",
        "phone": "02-23680312",
        "address": "臺北市大安區羅斯福路4段1號",
        "rating": "優",
        "city": "臺北市"
      },
      "geometry": {
        "type": "Point",
        "coordinates": [
          121.5337006,
          25.01698105
        ]
      }
    },
    {
      "type": "Feature",
      "properties": {
        "id": "",
        "registration_no": "A-200204488-00000-5",
        "name": "比司多",
        "phone": "935350223",
        "address": "臺北市大安區羅斯福路4段1號",
        "rating": "優",
        "city": "臺北市"
      },
      "geometry": {
        "type": "Point",
        "coordinates": [
          121.5337006,
          25.01698105
        ]
      }
    },
    {
      "type": "Feature",
      "properties": {
        "id": "",
        "registration_no": "A-200228004-00000-5",
        "name": "厚宅",
        "phone": "919928501",
        "address": "臺北市大安區羅斯福路4段1號",
        "rating": "優",
        "city": "臺北市"
      },
      "geometry": {
        "type": "Point",
        "coordinates": [
          121.5337006,
          25.01698105
        ]
      }
    },
    {
      "type": "Feature",
      "properties": {
        "id": "",
        "registration_no": "A-200204626-00000-9",
        "name": "悠悠鮮果屋",
        "phone": "920166101",
        "address": "臺北市大安區羅斯福路4段1號",
        "rating": "優",
        "city": "臺北市"
      },
      "geometry": {
        "type": "Point",
        "coordinates": [
          121.5337006,
          25.01698105
        ]
      }
    },
    {
      "type": "Feature",
      "properties": {
        "id": "",
        "registration_no": "A-128858882-00001-8",
        "name": "吉登自助餐",
        "phone": "02-23697657",
        "address": "臺北市大安區羅斯福路4段1號",
        "rating": "優",
        "city": "臺北市"
      },
      "geometry": {
        "type": "Point",
        "coordinates": [
          121.5337006,
          25.01698105
        ]
      }
    },
    {
      "type": "Feature",
      "properties": {
        "id": "",
        "registration_no": "A-202278415-00001-9",
        "name": "Doki PoKe夏威夷蒸鮮飯",
        "phone": "02-23633895",
        "address": "臺北市大安區羅斯福路4段1號",
        "rating": "優",
        "city": "臺北市"
      },
      "geometry": {
        "type": "Point",
        "coordinates": [
          121.5337006,
          25.01698105
        ]
      }
    },
    {
      "type": "Feature",
      "properties": {
        "id": "",
        "registration_no": "A-202265997-00001-0",
        "name": "桔客義式麵屋",
        "phone": "952115790",
        "address": "臺北市大安區羅斯福路4段1號",
        "rating": "優",
        "city": "臺北市"
      },
      "geometry": {
        "type": "Point",
        "coordinates": [
          121.5337006,
          25.01698105
        ]
      }
    },
    {
      "type": "Feature",
      "properties": {
        "id": "",
        "registration_no": "A-100043068-00000-9",
        "name": "鮨 嘉仁",
        "phone": "02-25177627",
        "address": "臺北市中山區吉林路28號1樓",
        "rating": "優",
        "city": "臺北市"
      },
      "geometry": {
        "type": "Point",
        "coordinates": [
          121.5298476,
          25.05149505
        ]
      }
    },
    {
      "type": "Feature",
      "properties": {
        "id": "",
        "registration_no": "A-153946836-00001-3",
        "name": "小小樹食",
        "phone": "02-27782277",
        "address": "臺北市大安區大安路1段116巷17號",
        "rating": "優",
        "city": "臺北市"
      },
      "geometry": {
        "type": "Point",
        "coordinates": [
          121.54473,
          25.03990183
        ]
      }
    },
    {
      "type": "Feature",
      "properties": {
        "id": "",
        "registration_no": "A-202269800-00002-8",
        "name": "山內雞肉-南機場夜市店",
        "phone": "02-23056005",
        "address": "臺北市中正區中華路2段307巷20之3號",
        "rating": "優",
        "city": "臺北市"
      },
      "geometry": {
        "type": "Point",
        "coordinates": [
          121.5058769,
          25.02905833
        ]
      }
    },
    {
      "type": "Feature",
      "properties": {
        "id": "",
        "registration_no": "A-200236878-00001-4",
        "name": "翊芳庭複合式餐飲",
        "phone": "936053561",
        "address": "臺北市大安區長興街92號(男七舍)",
        "rating": "優",
        "city": "臺北市"
      },
      "geometry": {
        "type": "Point",
        "coordinates": [
          121.5472203,
          25.01509544
        ]
      }
    },
    {
      "type": "Feature",
      "properties": {
        "id": "",
        "registration_no": "A-190222968-00002-8",
        "name": "天婦羅 杉村",
        "phone": "02-85011157",
        "address": "臺北市中山區樂群二路199號2樓",
        "rating": "優",
        "city": "臺北市"
      },
      "geometry": {
        "type": "Point",
        "coordinates": [
          121.5589431,
          25.08048918
        ]
      }
    },
    {
      "type": "Feature",
      "properties": {
        "id": "",
        "registration_no": "A-200199967-00001-1",
        "name": "加分昆布鍋物-台北八德店",
        "phone": "02-27488885",
        "address": "臺北市松山區八德路4段170號1樓",
        "rating": "優",
        "city": "臺北市"
      },
      "geometry": {
        "type": "Point",
        "coordinates": [
          121.5632399,
          25.04862203
        ]
      }
    },
    {
      "type": "Feature",
      "properties": {
        "id": "",
        "registration_no": "A-120682708-00001-2",
        "name": "台北碧瑤飯店",
        "phone": "02-27813121",
        "address": "臺北市松山區八德路2段367號1至10樓",
        "rating": "優",
        "city": "臺北市"
      },
      "geometry": {
        "type": "Point",
        "coordinates": [
          121.5446589,
          25.04786862
        ]
      }
    },
    {
      "type": "Feature",
      "properties": {
        "id": "",
        "registration_no": "A-183588006-00001-7",
        "name": "祥福餐廳",
        "phone": "02-25798021",
        "address": "臺北市松山區南京東路4段50號2樓",
        "rating": "良",
        "city": "臺北市"
      },
      "geometry": {
        "type": "Point",
        "coordinates": [
          121.5534616,
          25.05144715
        ]
      }
    },
    {
      "type": "Feature",
      "properties": {
        "id": "",
        "registration_no": "A-154348020-00001-5",
        "name": "天閣酒店-台北復興店",
        "phone": "02-87128000",
        "address": "臺北市松山區復興北路147號",
        "rating": "優",
        "city": "臺北市"
      },
      "geometry": {
        "type": "Point",
        "coordinates": [
          121.5442949,
          25.05372321
        ]
      }
    },
    {
      "type": "Feature",
      "properties": {
        "id": "",
        "registration_no": "A-154842824-00012-8",
        "name": "國防大學廚房",
        "phone": "02-28934804",
        "address": "臺北市北投區中央北路2段70號",
        "rating": "優",
        "city": "臺北市"
      },
      "geometry": {
        "type": "Point",
        "coordinates": [
          121.4928792,
          25.13810471
        ]
      }
    },
    {
      "type": "Feature",
      "properties": {
        "id": "",
        "registration_no": "A-197301707-00684-0",
        "name": "三商鮮五丼-內湖大潤發2館",
        "phone": "973289721",
        "address": "臺北市內湖區舊宗路1段188號1樓",
        "rating": "優",
        "city": "臺北市"
      },
      "geometry": {
        "type": "Point",
        "coordinates": [
          121.5759885,
          25.06265274
        ]
      }
    },
    {
      "type": "Feature",
      "properties": {
        "id": "",
        "registration_no": "A-202269966-00002-1",
        "name": "星悅-內湖大全聯二店",
        "phone": "976060938",
        "address": "臺北市內湖區舊宗路1段188號1樓",
        "rating": "優",
        "city": "臺北市"
      },
      "geometry": {
        "type": "Point",
        "coordinates": [
          121.5759885,
          25.06265274
        ]
      }
    },
    {
      "type": "Feature",
      "properties": {
        "id": "",
        "registration_no": "A-128200887-00004-7",
        "name": "順成蛋糕錦州店",
        "phone": "02-25118078",
        "address": "臺北市中山區松江路276號",
        "rating": "優",
        "city": "臺北市"
      },
      "geometry": {
        "type": "Point",
        "coordinates": [
          121.5329505,
          25.05980935
        ]
      }
    },
    {
      "type": "Feature",
      "properties": {
        "id": "",
        "registration_no": "A-200186532-00000-4",
        "name": "Treehouse",
        "phone": "02-23410708",
        "address": "臺北市大安區杭州南路2段1號",
        "rating": "優",
        "city": "臺北市"
      },
      "geometry": {
        "type": "Point",
        "coordinates": [
          121.5242393,
          25.03492981
        ]
      }
    },
    {
      "type": "Feature",
      "properties": {
        "id": "",
        "registration_no": "A-202268299-00001-8",
        "name": "江牛樓",
        "phone": "916800448",
        "address": "臺北市大同區民樂街6號",
        "rating": "優",
        "city": "臺北市"
      },
      "geometry": {
        "type": "Point",
        "coordinates": [
          121.5108221,
          25.0557531
        ]
      }
    },
    {
      "type": "Feature",
      "properties": {
        "id": "",
        "registration_no": "A-184912038-00000-3",
        "name": "饗來美食(康寧生活事業股份有限公司)",
        "phone": "02-6348999",
        "address": "臺北市內湖區成功路5段420巷28號1樓",
        "rating": "優",
        "city": "臺北市"
      },
      "geometry": {
        "type": "Point",
        "coordinates": [
          121.6088022,
          25.07563946
        ]
      }
    },
    {
      "type": "Feature",
      "properties": {
        "id": "",
        "registration_no": "A-150866422-00008-9",
        "name": "京都柚子豚骨拉麵研究中心- 南港環球店",
        "phone": "976848085",
        "address": "臺北市南港區忠孝東路7段371號B1",
        "rating": "優",
        "city": "臺北市"
      },
      "geometry": {
        "type": "Point",
        "coordinates": [
          121.6049621,
          25.0519901
        ]
      }
    },
    {
      "type": "Feature",
      "properties": {
        "id": "",
        "registration_no": "A-127732788-00001-3",
        "name": "京都御握丸-南港環球店",
        "phone": "903170116",
        "address": "臺北市南港區忠孝東路7段371號B1",
        "rating": "優",
        "city": "臺北市"
      },
      "geometry": {
        "type": "Point",
        "coordinates": [
          121.6049621,
          25.0519901
        ]
      }
    },
    {
      "type": "Feature",
      "properties": {
        "id": "",
        "registration_no": "A-142832420-00020-5",
        "name": "洪瑞珍-環球南港店",
        "phone": "930991540",
        "address": "臺北市南港區忠孝東路7段371號B1",
        "rating": "優",
        "city": "臺北市"
      },
      "geometry": {
        "type": "Point",
        "coordinates": [
          121.6049621,
          25.0519901
        ]
      }
    },
    {
      "type": "Feature",
      "properties": {
        "id": "",
        "registration_no": "A-202310443-00001-7",
        "name": "AJIMI - 割烹．味美",
        "phone": "02-27031881",
        "address": "臺北市大安區四維路52巷19弄5號1樓",
        "rating": "優",
        "city": "臺北市"
      },
      "geometry": {
        "type": "Point",
        "coordinates": [
          121.5471608,
          25.03546038
        ]
      }
    },
    {
      "type": "Feature",
      "properties": {
        "id": "",
        "registration_no": "A-202297464-00000-3",
        "name": "MONEY JUMP",
        "phone": "02-27921156",
        "address": "臺北市內湖區民善街127號2樓",
        "rating": "優",
        "city": "臺北市"
      },
      "geometry": {
        "type": "Point",
        "coordinates": [
          121.5754342,
          25.0613344
        ]
      }
    },
    {
      "type": "Feature",
      "properties": {
        "id": "",
        "registration_no": "A-170790935-00086-2",
        "name": "統一聖娜多堡-內湖門市",
        "phone": "02-27953542",
        "address": "臺北市內湖區臺北市內湖區成功路4段186號1樓",
        "rating": "優",
        "city": "臺北市"
      },
      "geometry": {
        "type": "Point",
        "coordinates": [
          121.5942554,
          25.08378034
        ]
      }
    },
    {
      "type": "Feature",
      "properties": {
        "id": "",
        "registration_no": "A-128467554-00002-1",
        "name": "馬可先生健康烘焙-西門店",
        "phone": "02-23897537",
        "address": "臺北市中正區衡陽路130號",
        "rating": "優",
        "city": "臺北市"
      },
      "geometry": {
        "type": "Point",
        "coordinates": [
          121.5092785,
          25.04208343
        ]
      }
    },
    {
      "type": "Feature",
      "properties": {
        "id": "",
        "registration_no": "A-128691455-00057-0",
        "name": "洛碁大飯店松山館",
        "phone": "02-27837026",
        "address": "臺北市南港區玉成街149號",
        "rating": "優",
        "city": "臺北市"
      },
      "geometry": {
        "type": "Point",
        "coordinates": [
          121.5836898,
          25.04532647
        ]
      }
    },
    {
      "type": "Feature",
      "properties": {
        "id": "",
        "registration_no": "A-183484261-00001-5",
        "name": "壽司芳Sushiyoshi",
        "phone": "02-27215560",
        "address": "臺北市大安區忠孝東路4段216巷19弄12號1樓",
        "rating": "優",
        "city": "臺北市"
      },
      "geometry": {
        "type": "Point",
        "coordinates": [
          121.5537096,
          25.04022822
        ]
      }
    },
    {
      "type": "Feature",
      "properties": {
        "id": "",
        "registration_no": "A-125112707-00000-3",
        "name": "台北馥華商旅南港館",
        "phone": "02-27852655",
        "address": "臺北市南港區三重路23號1至4樓",
        "rating": "優",
        "city": "臺北市"
      },
      "geometry": {
        "type": "Point",
        "coordinates": [
          121.6140805,
          25.05928414
        ]
      }
    },
    {
      "type": "Feature",
      "properties": {
        "id": "",
        "registration_no": "A-194003753-00000-9",
        "name": "aMaze 心宴",
        "phone": "02-85015980",
        "address": "臺北市中山區明水路598號1樓",
        "rating": "優",
        "city": "臺北市"
      },
      "geometry": {
        "type": "Point",
        "coordinates": [
          121.5518571,
          25.0812796
        ]
      }
    },
    {
      "type": "Feature",
      "properties": {
        "id": "",
        "registration_no": "A-128489086-00018-2",
        "name": "Bar Domani 義式餐酒館",
        "phone": "02-85015801",
        "address": "臺北市中山區樂群三路200號3樓05號櫃",
        "rating": "優",
        "city": "臺北市"
      },
      "geometry": {
        "type": "Point",
        "coordinates": [
          121.5569598,
          25.08254183
        ]
      }
    },
    {
      "type": "Feature",
      "properties": {
        "id": "",
        "registration_no": "A-190265678-00001-2",
        "name": "set.",
        "phone": "935391095",
        "address": "臺北市大同區承德路2段110號",
        "rating": "優",
        "city": "臺北市"
      },
      "geometry": {
        "type": "Point",
        "coordinates": [
          121.5179736,
          25.05865382
        ]
      }
    },
    {
      "type": "Feature",
      "properties": {
        "id": "",
        "registration_no": "A-101738267-00001-3",
        "name": "川蜀牛肉麵",
        "phone": "919000677",
        "address": "臺北市大安區龍泉街32號",
        "rating": "優",
        "city": "臺北市"
      },
      "geometry": {
        "type": "Point",
        "coordinates": [
          121.5293717,
          25.02452447
        ]
      }
    },
    {
      "type": "Feature",
      "properties": {
        "id": "",
        "registration_no": "A-200152704-00001-9",
        "name": "雞房重地",
        "phone": "952119213",
        "address": "臺北市大安區師大路39巷19號",
        "rating": "優",
        "city": "臺北市"
      },
      "geometry": {
        "type": "Point",
        "coordinates": [
          121.5292244,
          25.02464077
        ]
      }
    },
    {
      "type": "Feature",
      "properties": {
        "id": "",
        "registration_no": "A-153089762-00036-7",
        "name": "大戶屋大葉高島屋店",
        "phone": "02-28326050",
        "address": "臺北市士林區忠誠路2段55號B1",
        "rating": "優",
        "city": "臺北市"
      },
      "geometry": {
        "type": "Point",
        "coordinates": [
          121.5311061,
          25.11215081
        ]
      }
    },
    {
      "type": "Feature",
      "properties": {
        "id": "",
        "registration_no": "A-172922291-00001-3",
        "name": "OTIS Café",
        "phone": "02-28319191",
        "address": "臺北市士林區美德街104號1樓",
        "rating": "優",
        "city": "臺北市"
      },
      "geometry": {
        "type": "Point",
        "coordinates": [
          121.5248317,
          25.09664857
        ]
      }
    },
    {
      "type": "Feature",
      "properties": {
        "id": "",
        "registration_no": "A-200164545-00001-5",
        "name": "咬一口脆皮雞蛋糕",
        "phone": "976273908",
        "address": "臺北市士林區文林路406號1樓",
        "rating": "優",
        "city": "臺北市"
      },
      "geometry": {
        "type": "Point",
        "coordinates": [
          121.5250049,
          25.0939747
        ]
      }
    },
    {
      "type": "Feature",
      "properties": {
        "id": "",
        "registration_no": "A-200203282-00001-7",
        "name": "吉菈朵食品行",
        "phone": "02-23675112",
        "address": "臺北市大安區龍泉街62號1樓",
        "rating": "優",
        "city": "臺北市"
      },
      "geometry": {
        "type": "Point",
        "coordinates": [
          121.5293284,
          25.02369877
        ]
      }
    },
    {
      "type": "Feature",
      "properties": {
        "id": "",
        "registration_no": "A-188203986-00000-2",
        "name": "義肥好好吃舖",
        "phone": "933532957",
        "address": "臺北市大安區師大路59巷9之3號",
        "rating": "優",
        "city": "臺北市"
      },
      "geometry": {
        "type": "Point",
        "coordinates": [
          121.5290952,
          25.0240047
        ]
      }
    },
    {
      "type": "Feature",
      "properties": {
        "id": "",
        "registration_no": "A-200225849-00001-0",
        "name": "工方的咖啡店",
        "phone": "02-23650668",
        "address": "臺北市大安區師大路105巷18號1樓",
        "rating": "優",
        "city": "臺北市"
      },
      "geometry": {
        "type": "Point",
        "coordinates": [
          121.5291155,
          25.02242045
        ]
      }
    },
    {
      "type": "Feature",
      "properties": {
        "id": "",
        "registration_no": "A-202302313-00001-4",
        "name": "元日本豚骨拉麵",
        "phone": "02-23660336",
        "address": "臺北市大安區泰順街16巷41號",
        "rating": "優",
        "city": "臺北市"
      },
      "geometry": {
        "type": "Point",
        "coordinates": [
          121.5293797,
          25.02538244
        ]
      }
    },
    {
      "type": "Feature",
      "properties": {
        "id": "",
        "registration_no": "A-112411160-01813-7",
        "name": "麥當勞-台北大巨蛋",
        "phone": "02-27652658",
        "address": "臺北市信義區忠孝東路4段515號(D棟B2)",
        "rating": "優",
        "city": "臺北市"
      },
      "geometry": {
        "type": "Point",
        "coordinates": [
          121.5453268,
          25.04181525
        ]
      }
    },
    {
      "type": "Feature",
      "properties": {
        "id": "",
        "registration_no": "A-112411160-01790-1",
        "name": "麥當勞-台北舊宗二",
        "phone": "02-27952298",
        "address": "臺北市內湖區舊宗路1段275號",
        "rating": "優",
        "city": "臺北市"
      },
      "geometry": {
        "type": "Point",
        "coordinates": [
          121.5775305,
          25.06298132
        ]
      }
    },
    {
      "type": "Feature",
      "properties": {
        "id": "",
        "registration_no": "A-112411160-01784-4",
        "name": "麥當勞-台北東湖",
        "phone": "02-26325199",
        "address": "臺北市內湖區東湖路135號",
        "rating": "優",
        "city": "臺北市"
      },
      "geometry": {
        "type": "Point",
        "coordinates": [
          121.6168127,
          25.06820056
        ]
      }
    },
    {
      "type": "Feature",
      "properties": {
        "id": "",
        "registration_no": "A-112411160-01739-4",
        "name": "麥當勞-台北中山北",
        "phone": "02-28310389",
        "address": "臺北市士林區中山北路6段152及154號1樓",
        "rating": "優",
        "city": "臺北市"
      },
      "geometry": {
        "type": "Point",
        "coordinates": [
          121.525014,
          25.10653591
        ]
      }
    },
    {
      "type": "Feature",
      "properties": {
        "id": "",
        "registration_no": "A-112411160-01725-9",
        "name": "麥當勞-南港中信",
        "phone": "02-26530279",
        "address": "臺北市南港區經貿二路188號",
        "rating": "優",
        "city": "臺北市"
      },
      "geometry": {
        "type": "Point",
        "coordinates": [
          121.6149928,
          25.05933515
        ]
      }
    },
    {
      "type": "Feature",
      "properties": {
        "id": "",
        "registration_no": "A-112411160-01701-3",
        "name": "麥當勞-南西誠品",
        "phone": "02-25672808",
        "address": "臺北市中山區南京西路14號1樓、B1",
        "rating": "優",
        "city": "臺北市"
      },
      "geometry": {
        "type": "Point",
        "coordinates": [
          121.5212653,
          25.05238039
        ]
      }
    },
    {
      "type": "Feature",
      "properties": {
        "id": "",
        "registration_no": "A-112411160-01240-1",
        "name": "麥當勞-台北萬大二",
        "phone": "02-23011161",
        "address": "臺北市萬華區萬大路215號",
        "rating": "優",
        "city": "臺北市"
      },
      "geometry": {
        "type": "Point",
        "coordinates": [
          121.5006413,
          25.02699475
        ]
      }
    },
    {
      "type": "Feature",
      "properties": {
        "id": "",
        "registration_no": "A-112411160-01220-9",
        "name": "麥當勞-台北東吳",
        "phone": "02-28803105",
        "address": "臺北市士林區臨溪路70號1樓",
        "rating": "優",
        "city": "臺北市"
      },
      "geometry": {
        "type": "Point",
        "coordinates": [
          121.5457516,
          25.09444614
        ]
      }
    },
    {
      "type": "Feature",
      "properties": {
        "id": "",
        "registration_no": "A-112411160-01207-4",
        "name": "麥當勞-台北南京五",
        "phone": "02-27515390",
        "address": "臺北市中山區南京東路3段210號1樓",
        "rating": "優",
        "city": "臺北市"
      },
      "geometry": {
        "type": "Point",
        "coordinates": [
          121.5433406,
          25.05167086
        ]
      }
    },
    {
      "type": "Feature",
      "properties": {
        "id": "",
        "registration_no": "A-112411160-01194-9",
        "name": "麥當勞-台北公館",
        "phone": "02-23661123",
        "address": "臺北市中正區羅斯福路4段76之1號1樓及76號B1",
        "rating": "優",
        "city": "臺北市"
      },
      "geometry": {
        "type": "Point",
        "coordinates": [
          121.5347323,
          25.01412192
        ]
      }
    },
    {
      "type": "Feature",
      "properties": {
        "id": "",
        "registration_no": "A-112411160-01190-5",
        "name": "麥當勞-台北台大",
        "phone": "02-23621290",
        "address": "臺北市大安區羅斯福路4段1號1樓",
        "rating": "優",
        "city": "臺北市"
      },
      "geometry": {
        "type": "Point",
        "coordinates": [
          121.5337006,
          25.01698105
        ]
      }
    },
    {
      "type": "Feature",
      "properties": {
        "id": "",
        "registration_no": "A-112411160-01184-8",
        "name": "麥當勞-台北舊宗",
        "phone": "02-27960708",
        "address": "臺北市內湖區舊宗路1段135號",
        "rating": "優",
        "city": "臺北市"
      },
      "geometry": {
        "type": "Point",
        "coordinates": [
          121.5792404,
          25.06069134
        ]
      }
    },
    {
      "type": "Feature",
      "properties": {
        "id": "",
        "registration_no": "A-112411160-01168-0",
        "name": "麥當勞-台北車站微風",
        "phone": "02-23116665",
        "address": "臺北市中正區北平西路3號1樓",
        "rating": "優",
        "city": "臺北市"
      },
      "geometry": {
        "type": "Point",
        "coordinates": [
          121.5170577,
          25.04717594
        ]
      }
    },
    {
      "type": "Feature",
      "properties": {
        "id": "",
        "registration_no": "A-112411160-01163-5",
        "name": "麥當勞-台北動物園三",
        "phone": "02-86617111",
        "address": "臺北市文山區新光路2段30號",
        "rating": "優",
        "city": "臺北市"
      },
      "geometry": {
        "type": "Point",
        "coordinates": [
          121.5812287,
          24.99873876
        ]
      }
    },
    {
      "type": "Feature",
      "properties": {
        "id": "",
        "registration_no": "A-112411160-01159-0",
        "name": "麥當勞-新台北101",
        "phone": "02-81017708",
        "address": "臺北市信義區市府路45號B1",
        "rating": "優",
        "city": "臺北市"
      },
      "geometry": {
        "type": "Point",
        "coordinates": [
          121.5639041,
          25.0340262
        ]
      }
    },
    {
      "type": "Feature",
      "properties": {
        "id": "",
        "registration_no": "A-112411160-01145-5",
        "name": "麥當勞-台北瑞光",
        "phone": "02-87515597",
        "address": "臺北市內湖區瑞光路517號1樓",
        "rating": "優",
        "city": "臺北市"
      },
      "geometry": {
        "type": "Point",
        "coordinates": [
          121.5691082,
          25.07923894
        ]
      }
    },
    {
      "type": "Feature",
      "properties": {
        "id": "",
        "registration_no": "A-112411160-01111-8",
        "name": "麥當勞-台北西湖",
        "phone": "02-87513326",
        "address": "臺北市內湖區內湖路1段283號1樓",
        "rating": "優",
        "city": "臺北市"
      },
      "geometry": {
        "type": "Point",
        "coordinates": [
          121.5661339,
          25.08244502
        ]
      }
    },
    {
      "type": "Feature",
      "properties": {
        "id": "",
        "registration_no": "A-112411160-01104-0",
        "name": "麥當勞-復興二",
        "phone": "02-27547577",
        "address": "臺北市大安區復興南路2段273號",
        "rating": "優",
        "city": "臺北市"
      },
      "geometry": {
        "type": "Point",
        "coordinates": [
          121.5436495,
          25.02567032
        ]
      }
    },
    {
      "type": "Feature",
      "properties": {
        "id": "",
        "registration_no": "A-112411160-01094-8",
        "name": "麥當勞-忠孝八",
        "phone": "02-26546761",
        "address": "臺北市南港區忠孝東路6段438號1樓",
        "rating": "優",
        "city": "臺北市"
      },
      "geometry": {
        "type": "Point",
        "coordinates": [
          121.5936193,
          25.05017695
        ]
      }
    },
    {
      "type": "Feature",
      "properties": {
        "id": "",
        "registration_no": "A-112411160-01089-2",
        "name": "麥當勞-台北考試院",
        "phone": "02-22362598",
        "address": "臺北市文山區木柵路1段137號",
        "rating": "優",
        "city": "臺北市"
      },
      "geometry": {
        "type": "Point",
        "coordinates": [
          121.5502288,
          24.98761179
        ]
      }
    },
    {
      "type": "Feature",
      "properties": {
        "id": "",
        "registration_no": "A-112411160-01086-9",
        "name": "麥當勞-台北莊敬",
        "phone": "02-87800218",
        "address": "臺北市信義區莊敬路475號1樓",
        "rating": "優",
        "city": "臺北市"
      },
      "geometry": {
        "type": "Point",
        "coordinates": [
          121.5681269,
          25.02685464
        ]
      }
    },
    {
      "type": "Feature",
      "properties": {
        "id": "",
        "registration_no": "A-112411160-01057-7",
        "name": "麥當勞-台北南京影城",
        "phone": "02-27689449",
        "address": "臺北市松山區南京東路5段162號1樓",
        "rating": "優",
        "city": "臺北市"
      },
      "geometry": {
        "type": "Point",
        "coordinates": [
          121.5630802,
          25.0512026
        ]
      }
    },
    {
      "type": "Feature",
      "properties": {
        "id": "",
        "registration_no": "A-112411160-01053-3",
        "name": "麥當勞-台北研究院",
        "phone": "02-26536369",
        "address": "臺北市南港區研究院路1段99號",
        "rating": "優",
        "city": "臺北市"
      },
      "geometry": {
        "type": "Point",
        "coordinates": [
          121.6163716,
          25.05230491
        ]
      }
    },
    {
      "type": "Feature",
      "properties": {
        "id": "",
        "registration_no": "A-112411160-01047-6",
        "name": "麥當勞-台北承德II",
        "phone": "02-28210533",
        "address": "臺北市北投區承德路7段262號1樓",
        "rating": "優",
        "city": "臺北市"
      },
      "geometry": {
        "type": "Point",
        "coordinates": [
          121.5057772,
          25.11608411
        ]
      }
    },
    {
      "type": "Feature",
      "properties": {
        "id": "",
        "registration_no": "A-112411160-01034-2",
        "name": "麥當勞-台北南港",
        "phone": "02-27890595",
        "address": "臺北市南港區南港路2段16號1樓",
        "rating": "優",
        "city": "臺北市"
      },
      "geometry": {
        "type": "Point",
        "coordinates": [
          121.6057837,
          25.0543177
        ]
      }
    },
    {
      "type": "Feature",
      "properties": {
        "id": "",
        "registration_no": "A-112411160-01007-2",
        "name": "麥當勞-台北木新",
        "phone": "02-29370095",
        "address": "臺北市文山區木新路3段174號1樓",
        "rating": "優",
        "city": "臺北市"
      },
      "geometry": {
        "type": "Point",
        "coordinates": [
          121.5606622,
          24.98185166
        ]
      }
    },
    {
      "type": "Feature",
      "properties": {
        "id": "",
        "registration_no": "A-112411160-00994-6",
        "name": "麥當勞-台北西園二",
        "phone": "02-23325640",
        "address": "臺北市萬華區西園路2段240號",
        "rating": "優",
        "city": "臺北市"
      },
      "geometry": {
        "type": "Point",
        "coordinates": [
          121.4949489,
          25.02810411
        ]
      }
    },
    {
      "type": "Feature",
      "properties": {
        "id": "",
        "registration_no": "A-112411160-00970-0",
        "name": "麥當勞-民生三",
        "phone": "02-25574627",
        "address": "臺北市大同區民生西路55號",
        "rating": "優",
        "city": "臺北市"
      },
      "geometry": {
        "type": "Point",
        "coordinates": [
          121.5203541,
          25.05774434
        ]
      }
    },
    {
      "type": "Feature",
      "properties": {
        "id": "",
        "registration_no": "A-112411160-00958-6",
        "name": "麥當勞-台北內湖",
        "phone": "02-26581021",
        "address": "臺北市內湖區內湖路1段741號1樓",
        "rating": "優",
        "city": "臺北市"
      },
      "geometry": {
        "type": "Point",
        "coordinates": [
          121.5785014,
          25.07894465
        ]
      }
    },
    {
      "type": "Feature",
      "properties": {
        "id": "",
        "registration_no": "A-112411160-00950-8",
        "name": "麥當勞-台北大業",
        "phone": "02-28970316",
        "address": "臺北市北投區北投路2段15號",
        "rating": "優",
        "city": "臺北市"
      },
      "geometry": {
        "type": "Point",
        "coordinates": [
          121.4985313,
          25.13113541
        ]
      }
    },
    {
      "type": "Feature",
      "properties": {
        "id": "",
        "registration_no": "A-112411160-00942-9",
        "name": "麥當勞-台北南昌",
        "phone": "02-23518531",
        "address": "臺北市中正區南昌路1段149號1樓",
        "rating": "優",
        "city": "臺北市"
      },
      "geometry": {
        "type": "Point",
        "coordinates": [
          121.5186608,
          25.0294317
        ]
      }
    },
    {
      "type": "Feature",
      "properties": {
        "id": "",
        "registration_no": "A-112411160-00940-7",
        "name": "麥當勞-台北麟光",
        "phone": "02-23771063",
        "address": "臺北市大安區和平東路3段406巷8號1樓",
        "rating": "優",
        "city": "臺北市"
      },
      "geometry": {
        "type": "Point",
        "coordinates": [
          121.5580196,
          25.01831772
        ]
      }
    },
    {
      "type": "Feature",
      "properties": {
        "id": "",
        "registration_no": "A-112411160-00925-0",
        "name": "麥當勞-民權三",
        "phone": "02-25115655",
        "address": "臺北市中山區民權西路68號1樓",
        "rating": "優",
        "city": "臺北市"
      },
      "geometry": {
        "type": "Point",
        "coordinates": [
          121.5199815,
          25.06265371
        ]
      }
    },
    {
      "type": "Feature",
      "properties": {
        "id": "",
        "registration_no": "A-112411160-00923-8",
        "name": "麥當勞-忠孝五",
        "phone": "02-27726530",
        "address": "臺北市大安區忠孝東路4段73之1號",
        "rating": "優",
        "city": "臺北市"
      },
      "geometry": {
        "type": "Point",
        "coordinates": [
          121.5471144,
          25.04165377
        ]
      }
    },
    {
      "type": "Feature",
      "properties": {
        "id": "",
        "registration_no": "A-112411160-00920-5",
        "name": "麥當勞-台北興隆",
        "phone": "02-29336260",
        "address": "臺北市文山區興隆路3段54號",
        "rating": "優",
        "city": "臺北市"
      },
      "geometry": {
        "type": "Point",
        "coordinates": [
          121.5558913,
          25.00014106
        ]
      }
    },
    {
      "type": "Feature",
      "properties": {
        "id": "",
        "registration_no": "A-112411160-00899-0",
        "name": "麥當勞-忠孝四",
        "phone": "02-27595793",
        "address": "臺北市信義區忠孝東路5段522號1樓",
        "rating": "優",
        "city": "臺北市"
      },
      "geometry": {
        "type": "Point",
        "coordinates": [
          121.5791701,
          25.04133819
        ]
      }
    },
    {
      "type": "Feature",
      "properties": {
        "id": "",
        "registration_no": "A-112411160-00897-8",
        "name": "麥當勞-台北信義",
        "phone": "02-27038921",
        "address": "臺北市大安區信義路4段273號1樓",
        "rating": "優",
        "city": "臺北市"
      },
      "geometry": {
        "type": "Point",
        "coordinates": [
          121.5545274,
          25.03334919
        ]
      }
    },
    {
      "type": "Feature",
      "properties": {
        "id": "",
        "registration_no": "A-112411160-00883-3",
        "name": "麥當勞-台北石牌",
        "phone": "02-28201362",
        "address": "臺北市北投區石牌路2段126號",
        "rating": "優",
        "city": "臺北市"
      },
      "geometry": {
        "type": "Point",
        "coordinates": [
          121.5173851,
          25.11789678
        ]
      }
    },
    {
      "type": "Feature",
      "properties": {
        "id": "",
        "registration_no": "A-112411160-00882-2",
        "name": "麥當勞-林森三",
        "phone": "02-25677038",
        "address": "臺北市中山區林森北路413號1樓",
        "rating": "優",
        "city": "臺北市"
      },
      "geometry": {
        "type": "Point",
        "coordinates": [
          121.525713,
          25.05977457
        ]
      }
    },
    {
      "type": "Feature",
      "properties": {
        "id": "",
        "registration_no": "A-112411160-00879-8",
        "name": "麥當勞-台北公園",
        "phone": "02-23754891",
        "address": "臺北市中正區公園路30之1號",
        "rating": "優",
        "city": "臺北市"
      },
      "geometry": {
        "type": "Point",
        "coordinates": [
          121.5170062,
          25.0449491
        ]
      }
    },
    {
      "type": "Feature",
      "properties": {
        "id": "",
        "registration_no": "A-112411160-00867-5",
        "name": "麥當勞-林森二",
        "phone": "02-23911196",
        "address": "臺北市中正區林森南路1號",
        "rating": "優",
        "city": "臺北市"
      },
      "geometry": {
        "type": "Point",
        "coordinates": [
          121.5233579,
          25.04442642
        ]
      }
    },
    {
      "type": "Feature",
      "properties": {
        "id": "",
        "registration_no": "A-112411160-00865-3",
        "name": "麥當勞-陽明山",
        "phone": "02-28617252",
        "address": "臺北市士林區格致路62號",
        "rating": "優",
        "city": "臺北市"
      },
      "geometry": {
        "type": "Point",
        "coordinates": [
          121.5466619,
          25.13777174
        ]
      }
    },
    {
      "type": "Feature",
      "properties": {
        "id": "",
        "registration_no": "A-112411160-00857-4",
        "name": "麥當勞-景美",
        "phone": "02-29333341",
        "address": "臺北市文山區景中街30巷12號",
        "rating": "優",
        "city": "臺北市"
      },
      "geometry": {
        "type": "Point",
        "coordinates": [
          121.5420478,
          24.99225004
        ]
      }
    },
    {
      "type": "Feature",
      "properties": {
        "id": "",
        "registration_no": "A-112411160-00841-7",
        "name": "麥當勞-羅斯福",
        "phone": "02-23930023",
        "address": "臺北市大安區羅斯福路2段45號",
        "rating": "優",
        "city": "臺北市"
      },
      "geometry": {
        "type": "Point",
        "coordinates": [
          121.5223479,
          25.02751664
        ]
      }
    },
    {
      "type": "Feature",
      "properties": {
        "id": "",
        "registration_no": "A-112411160-00836-1",
        "name": "麥當勞-台北館前",
        "phone": "02-23111460",
        "address": "臺北市中正區館前路8號",
        "rating": "優",
        "city": "臺北市"
      },
      "geometry": {
        "type": "Point",
        "coordinates": [
          121.5148954,
          25.04581396
        ]
      }
    },
    {
      "type": "Feature",
      "properties": {
        "id": "",
        "registration_no": "A-112411160-00835-0",
        "name": "麥當勞-台北光復",
        "phone": "02-27415210",
        "address": "臺北市大安區光復南路286號",
        "rating": "優",
        "city": "臺北市"
      },
      "geometry": {
        "type": "Point",
        "coordinates": [
          121.5574423,
          25.03954157
        ]
      }
    },
    {
      "type": "Feature",
      "properties": {
        "id": "",
        "registration_no": "A-112411160-00833-8",
        "name": "麥當勞-林森一",
        "phone": "02-25374880",
        "address": "臺北市中山區南京東路1段86號",
        "rating": "優",
        "city": "臺北市"
      },
      "geometry": {
        "type": "Point",
        "coordinates": [
          121.5256179,
          25.05191758
        ]
      }
    },
    {
      "type": "Feature",
      "properties": {
        "id": "",
        "registration_no": "A-112411160-00831-6",
        "name": "麥當勞-台北民生",
        "phone": "02-27130715",
        "address": "臺北市松山區民生東路3段135號",
        "rating": "優",
        "city": "臺北市"
      },
      "geometry": {
        "type": "Point",
        "coordinates": [
          121.5484283,
          25.05796114
        ]
      }
    },
    {
      "type": "Feature",
      "properties": {
        "id": "",
        "registration_no": "A-183293333-00091-2",
        "name": "築間-台北農安店",
        "phone": "02-25911717",
        "address": "臺北市中山區農安街57號",
        "rating": "優",
        "city": "臺北市"
      },
      "geometry": {
        "type": "Point",
        "coordinates": [
          121.5270556,
          25.06498643
        ]
      }
    },
    {
      "type": "Feature",
      "properties": {
        "id": "",
        "registration_no": "A-183293333-00089-9",
        "name": "築間-台北忠孝二店",
        "phone": "02-2773-2727",
        "address": "臺北市大安區忠孝東路4段120號2樓",
        "rating": "優",
        "city": "臺北市"
      },
      "geometry": {
        "type": "Point",
        "coordinates": [
          121.5472419,
          25.04135282
        ]
      }
    },
    {
      "type": "Feature",
      "properties": {
        "id": "",
        "registration_no": "A-183293333-00042-8",
        "name": "築間-內湖成功店",
        "phone": "02-27952275",
        "address": "臺北市內湖區成功路4段34號1樓",
        "rating": "優",
        "city": "臺北市"
      },
      "geometry": {
        "type": "Point",
        "coordinates": [
          121.5917338,
          25.0817862
        ]
      }
    },
    {
      "type": "Feature",
      "properties": {
        "id": "",
        "registration_no": "A-183293333-00037-2",
        "name": "築間-台北雙城店",
        "phone": "02-25960707",
        "address": "臺北市中山區雙城街34號1樓",
        "rating": "優",
        "city": "臺北市"
      },
      "geometry": {
        "type": "Point",
        "coordinates": [
          121.5242386,
          25.06649346
        ]
      }
    },
    {
      "type": "Feature",
      "properties": {
        "id": "",
        "registration_no": "A-183293333-00090-1",
        "name": "築間-台北忠孝一店",
        "phone": "02-87852222",
        "address": "臺北市信義區忠孝東路5段695號",
        "rating": "優",
        "city": "臺北市"
      },
      "geometry": {
        "type": "Point",
        "coordinates": [
          121.5799937,
          25.04228221
        ]
      }
    },
    {
      "type": "Feature",
      "properties": {
        "id": "",
        "registration_no": "A-183293333-00051-8",
        "name": "築間-北投石牌店",
        "phone": "02-28289528",
        "address": "臺北市北投區石牌路1段160號",
        "rating": "優",
        "city": "臺北市"
      },
      "geometry": {
        "type": "Point",
        "coordinates": [
          121.5133006,
          25.11433305
        ]
      }
    },
    {
      "type": "Feature",
      "properties": {
        "id": "",
        "registration_no": "A-183293333-00092-3",
        "name": "築間-台北南港店",
        "phone": "02-26516289",
        "address": "臺北市南港區興中路56巷3號",
        "rating": "優",
        "city": "臺北市"
      },
      "geometry": {
        "type": "Point",
        "coordinates": [
          121.6067431,
          25.05650139
        ]
      }
    },
    {
      "type": "Feature",
      "properties": {
        "id": "",
        "registration_no": "A-183293333-00105-8",
        "name": "築間-台北復興南店",
        "phone": "02-27525568",
        "address": "臺北市松山區復興南路1段1之1號",
        "rating": "優",
        "city": "臺北市"
      },
      "geometry": {
        "type": "Point",
        "coordinates": [
          121.5440608,
          25.04741755
        ]
      }
    },
    {
      "type": "Feature",
      "properties": {
        "id": "",
        "registration_no": "A-183293333-00109-2",
        "name": "築間-台北松江店",
        "phone": "02-25068633",
        "address": "臺北市中山區松江路27號",
        "rating": "優",
        "city": "臺北市"
      },
      "geometry": {
        "type": "Point",
        "coordinates": [
          121.5331554,
          25.0472406
        ]
      }
    },
    {
      "type": "Feature",
      "properties": {
        "id": "",
        "registration_no": "A-161210008-00121-0",
        "name": "石二鍋中崙大潤發店",
        "phone": "02-87723292",
        "address": "臺北市中山區八德路2段306號B1",
        "rating": "優",
        "city": "臺北市"
      },
      "geometry": {
        "type": "Point",
        "coordinates": [
          121.542503,
          25.04712502
        ]
      }
    },
    {
      "type": "Feature",
      "properties": {
        "id": "",
        "registration_no": "A-161210008-00122-1",
        "name": "石二鍋捷運新北投店",
        "phone": "02-28942881",
        "address": "臺北市北投區泉源路12號2樓",
        "rating": "優",
        "city": "臺北市"
      },
      "geometry": {
        "type": "Point",
        "coordinates": [
          121.5043427,
          25.13709247
        ]
      }
    },
    {
      "type": "Feature",
      "properties": {
        "id": "",
        "registration_no": "A-161210008-00116-4",
        "name": "石二鍋士林中正店",
        "phone": "02-28834618",
        "address": "臺北市士林區中正路183號、185號",
        "rating": "優",
        "city": "臺北市"
      },
      "geometry": {
        "type": "Point",
        "coordinates": [
          121.5275171,
          25.0955722
        ]
      }
    },
    {
      "type": "Feature",
      "properties": {
        "id": "",
        "registration_no": "A-161210008-00026-4",
        "name": "石二鍋台北天母西店",
        "phone": "02-28715679",
        "address": "臺北市士林區天母西路40號",
        "rating": "優",
        "city": "臺北市"
      },
      "geometry": {
        "type": "Point",
        "coordinates": [
          121.5259786,
          25.11817623
        ]
      }
    },
    {
      "type": "Feature",
      "properties": {
        "id": "",
        "registration_no": "A-161210008-00032-1",
        "name": "石二鍋台北安居店",
        "phone": "02-27393298",
        "address": "臺北市大安區安居街50號1樓",
        "rating": "優",
        "city": "臺北市"
      },
      "geometry": {
        "type": "Point",
        "coordinates": [
          121.5540086,
          25.02028667
        ]
      }
    },
    {
      "type": "Feature",
      "properties": {
        "id": "",
        "registration_no": "A-161210008-00125-4",
        "name": "石二鍋台北延平南店",
        "phone": "02-23115509",
        "address": "臺北市中正區延平南路183號1樓及179巷1弄3號1樓",
        "rating": "優",
        "city": "臺北市"
      },
      "geometry": {
        "type": "Point",
        "coordinates": [
          121.5077008,
          25.03417154
        ]
      }
    },
    {
      "type": "Feature",
      "properties": {
        "id": "",
        "registration_no": "A-161210008-00030-9",
        "name": "石二鍋台北信義店",
        "phone": "02-23582776",
        "address": "臺北市大安區信義路2段72號1樓",
        "rating": "優",
        "city": "臺北市"
      },
      "geometry": {
        "type": "Point",
        "coordinates": [
          121.5263754,
          25.03422883
        ]
      }
    },
    {
      "type": "Feature",
      "properties": {
        "id": "",
        "registration_no": "A-184630426-00239-5",
        "name": "石二鍋台北捷運後山埤店",
        "phone": "02-87858798",
        "address": "臺北市信義區孝東路5段787號1樓及789號1樓",
        "rating": "優",
        "city": "臺北市"
      },
      "geometry": {
        "type": "Point",
        "coordinates": [
          121.5677202,
          25.0331314
        ]
      }
    },
    {
      "type": "Feature",
      "properties": {
        "id": "",
        "registration_no": "A-152929520-00023-7",
        "name": "台灣壽司郎-台北林森店",
        "phone": "02-25210098",
        "address": "臺北市中山區林森北路247號B1",
        "rating": "優",
        "city": "臺北市"
      },
      "geometry": {
        "type": "Point",
        "coordinates": [
          121.5255339,
          25.05411713
        ]
      }
    },
    {
      "type": "Feature",
      "properties": {
        "id": "",
        "registration_no": "A-152929520-00012-5",
        "name": "台灣壽司郎-台北松江長安店",
        "phone": "02-25011089",
        "address": "臺北市中山區松江路61之1號2樓",
        "rating": "優",
        "city": "臺北市"
      },
      "geometry": {
        "type": "Point",
        "coordinates": [
          121.5330898,
          25.0485489
        ]
      }
    },
    {
      "type": "Feature",
      "properties": {
        "id": "",
        "registration_no": "A-152929520-00002-4",
        "name": "台灣壽司郎-台北中華路店",
        "phone": "02-23612306",
        "address": "臺北市中正區中華路1段41號1樓",
        "rating": "優",
        "city": "臺北市"
      },
      "geometry": {
        "type": "Point",
        "coordinates": [
          121.509477,
          25.04486471
        ]
      }
    },
    {
      "type": "Feature",
      "properties": {
        "id": "",
        "registration_no": "A-152929520-00041-7",
        "name": "台灣壽司郎-台北内湖大潤發店",
        "phone": "02-27960227",
        "address": "臺北市內湖區舊宗路1段188號1樓",
        "rating": "優",
        "city": "臺北市"
      },
      "geometry": {
        "type": "Point",
        "coordinates": [
          121.5759885,
          25.06265274
        ]
      }
    },
    {
      "type": "Feature",
      "properties": {
        "id": "",
        "registration_no": "A-152929520-00048-4",
        "name": "台灣壽司郎-南港CITYLINK店",
        "phone": "02-27832351",
        "address": "臺北市南港區忠孝東路7段369號5樓",
        "rating": "優",
        "city": "臺北市"
      },
      "geometry": {
        "type": "Point",
        "coordinates": [
          121.6072083,
          25.05267019
        ]
      }
    },
    {
      "type": "Feature",
      "properties": {
        "id": "",
        "registration_no": "A-122721208-00003-5",
        "name": "鬍鬚張-台北重慶店",
        "phone": "02-28160538",
        "address": "臺北市士林區重慶北路4段146號",
        "rating": "優",
        "city": "臺北市"
      },
      "geometry": {
        "type": "Point",
        "coordinates": [
          121.5123745,
          25.08362422
        ]
      }
    },
    {
      "type": "Feature",
      "properties": {
        "id": "",
        "registration_no": "A-122721208-00004-6",
        "name": "鬍鬚張-台北承德店",
        "phone": "02-28861145",
        "address": "臺北市士林區承德路4段66號",
        "rating": "優",
        "city": "臺北市"
      },
      "geometry": {
        "type": "Point",
        "coordinates": [
          121.5227388,
          25.08181642
        ]
      }
    },
    {
      "type": "Feature",
      "properties": {
        "id": "",
        "registration_no": "A-122721208-00005-7",
        "name": "鬍鬚張-台北內湖店",
        "phone": "02-27910808",
        "address": "臺北市內湖區成功路2段318號",
        "rating": "優",
        "city": "臺北市"
      },
      "geometry": {
        "type": "Point",
        "coordinates": [
          121.5904869,
          25.0673959
        ]
      }
    },
    {
      "type": "Feature",
      "properties": {
        "id": "",
        "registration_no": "A-122721208-00008-0",
        "name": "鬍鬚張-台北大安店",
        "phone": "02-27041489",
        "address": "臺北市大安區信義路4段24號",
        "rating": "優",
        "city": "臺北市"
      },
      "geometry": {
        "type": "Point",
        "coordinates": [
          121.544381,
          25.03316672
        ]
      }
    },
    {
      "type": "Feature",
      "properties": {
        "id": "",
        "registration_no": "A-122721208-00010-3",
        "name": "鬍鬚張-台北福國店",
        "phone": "02-28326623",
        "address": "臺北市士林區福國路54號",
        "rating": "優",
        "city": "臺北市"
      },
      "geometry": {
        "type": "Point",
        "coordinates": [
          121.52353,
          25.10222719
        ]
      }
    },
    {
      "type": "Feature",
      "properties": {
        "id": "",
        "registration_no": "A-122721208-00139-5",
        "name": "鬍鬚張-台北興安店",
        "phone": "02-25012989",
        "address": "臺北市中山區興安街120號",
        "rating": "優",
        "city": "臺北市"
      },
      "geometry": {
        "type": "Point",
        "coordinates": [
          121.54342,
          25.05594898
        ]
      }
    },
    {
      "type": "Feature",
      "properties": {
        "id": "",
        "registration_no": "A-122721208-00013-6",
        "name": "鬍鬚張-台北南門店",
        "phone": "02-23713356",
        "address": "臺北市中正區延平南路161號",
        "rating": "優",
        "city": "臺北市"
      },
      "geometry": {
        "type": "Point",
        "coordinates": [
          121.5077521,
          25.03522938
        ]
      }
    },
    {
      "type": "Feature",
      "properties": {
        "id": "",
        "registration_no": "A-122721208-00020-4",
        "name": "鬍鬚張-台北昆陽店",
        "phone": "02-26537151",
        "address": "臺北市南港區忠孝東路6段422號",
        "rating": "優",
        "city": "臺北市"
      },
      "geometry": {
        "type": "Point",
        "coordinates": [
          121.5931747,
          25.05007289
        ]
      }
    },
    {
      "type": "Feature",
      "properties": {
        "id": "",
        "registration_no": "A-122721208-00021-5",
        "name": "鬍鬚張-台北民權店",
        "phone": "02-25930196",
        "address": "臺北市中山區民權西路43號",
        "rating": "優",
        "city": "臺北市"
      },
      "geometry": {
        "type": "Point",
        "coordinates": [
          121.5210115,
          25.06300315
        ]
      }
    },
    {
      "type": "Feature",
      "properties": {
        "id": "",
        "registration_no": "A-122721208-00022-6",
        "name": "鬍鬚張-台北東門店",
        "phone": "02-23217959",
        "address": "臺北市大安區金山南路2段18號",
        "rating": "優",
        "city": "臺北市"
      },
      "geometry": {
        "type": "Point",
        "coordinates": [
          121.5269443,
          25.03320096
        ]
      }
    },
    {
      "type": "Feature",
      "properties": {
        "id": "",
        "registration_no": "A-122721208-00023-7",
        "name": "鬍鬚張-忠孝新生店",
        "phone": "02-23958730",
        "address": "臺北市中正區忠孝東路2段134巷6號",
        "rating": "優",
        "city": "臺北市"
      },
      "geometry": {
        "type": "Point",
        "coordinates": [
          121.5316488,
          25.04184161
        ]
      }
    },
    {
      "type": "Feature",
      "properties": {
        "id": "",
        "registration_no": "A-122721208-00025-9",
        "name": "鬍鬚張-台北北醫店",
        "phone": "02-27588567",
        "address": "臺北市信義區吳興街251號",
        "rating": "優",
        "city": "臺北市"
      },
      "geometry": {
        "type": "Point",
        "coordinates": [
          121.5636679,
          25.02723472
        ]
      }
    },
    {
      "type": "Feature",
      "properties": {
        "id": "",
        "registration_no": "A-122721208-00026-0",
        "name": "鬍鬚張-台北萬芳店",
        "phone": "02-29302800",
        "address": "臺北市文山區興隆路3段60號",
        "rating": "優",
        "city": "臺北市"
      },
      "geometry": {
        "type": "Point",
        "coordinates": [
          121.5561283,
          25.00001181
        ]
      }
    },
    {
      "type": "Feature",
      "properties": {
        "id": "",
        "registration_no": "A-122721208-00028-2",
        "name": "鬍鬚張-台北八德店",
        "phone": "02-25792776",
        "address": "臺北市松山區八德路3段124號",
        "rating": "優",
        "city": "臺北市"
      },
      "geometry": {
        "type": "Point",
        "coordinates": [
          121.5541682,
          25.04805193
        ]
      }
    },
    {
      "type": "Feature",
      "properties": {
        "id": "",
        "registration_no": "A-122721208-00033-8",
        "name": "鬍鬚張-台北東湖店",
        "phone": "02-26308058",
        "address": "臺北市內湖區東湖路134號",
        "rating": "優",
        "city": "臺北市"
      },
      "geometry": {
        "type": "Point",
        "coordinates": [
          121.6167505,
          25.06799537
        ]
      }
    },
    {
      "type": "Feature",
      "properties": {
        "id": "",
        "registration_no": "A-122721208-00053-0",
        "name": "鬍鬚張-南京三民店",
        "phone": "02-55713810",
        "address": "臺北市松山區南京東路5段227號",
        "rating": "優",
        "city": "臺北市"
      },
      "geometry": {
        "type": "Point",
        "coordinates": [
          121.5645745,
          25.05159668
        ]
      }
    },
    {
      "type": "Feature",
      "properties": {
        "id": "",
        "registration_no": "A-122721208-00104-7",
        "name": "鬍鬚張-A61台北天母店",
        "phone": "02-28766028",
        "address": "臺北市士林區天母東路11號",
        "rating": "優",
        "city": "臺北市"
      },
      "geometry": {
        "type": "Point",
        "coordinates": [
          121.5314872,
          25.11821022
        ]
      }
    },
    {
      "type": "Feature",
      "properties": {
        "id": "",
        "registration_no": "A-122721208-00083-3",
        "name": "鬍鬚張-北投光明店",
        "phone": "02-28930717",
        "address": "臺北市北投區光明路210號",
        "rating": "優",
        "city": "臺北市"
      },
      "geometry": {
        "type": "Point",
        "coordinates": [
          121.5038753,
          25.13604523
        ]
      }
    },
    {
      "type": "Feature",
      "properties": {
        "id": "",
        "registration_no": "A-122721208-00161-0",
        "name": "鬍鬚張-京簡康延平店",
        "phone": "02-23315166",
        "address": "臺北市中正區延平南路171巷1號1樓",
        "rating": "優",
        "city": "臺北市"
      },
      "geometry": {
        "type": "Point",
        "coordinates": [
          121.5077866,
          25.03488455
        ]
      }
    },
    {
      "type": "Feature",
      "properties": {
        "id": "",
        "registration_no": "A-122721208-00162-1",
        "name": "鬍鬚張-京簡康伊通店",
        "phone": "02-25079662",
        "address": "臺北市中山區伊通街109之2號1樓",
        "rating": "優",
        "city": "臺北市"
      },
      "geometry": {
        "type": "Point",
        "coordinates": [
          121.5349072,
          25.05348202
        ]
      }
    },
    {
      "type": "Feature",
      "properties": {
        "id": "",
        "registration_no": "A-117274637-00003-8",
        "name": "米哥烘焙坊-大同門市",
        "phone": "02-25910333",
        "address": "臺北市大同區酒泉街56號",
        "rating": "優",
        "city": "臺北市"
      },
      "geometry": {
        "type": "Point",
        "coordinates": [
          121.5157666,
          25.07189824
        ]
      }
    },
    {
      "type": "Feature",
      "properties": {
        "id": "",
        "registration_no": "A-189455989-00023-0",
        "name": "米哥烘焙坊-錦州門市",
        "phone": "02-25185986",
        "address": "臺北市中山區復興北路352號1樓",
        "rating": "優",
        "city": "臺北市"
      },
      "geometry": {
        "type": "Point",
        "coordinates": [
          121.5439323,
          25.0600979
        ]
      }
    },
    {
      "type": "Feature",
      "properties": {
        "id": "",
        "registration_no": "A-126900511-00003-5",
        "name": "米哥烘焙坊-興隆門市",
        "phone": "02-29300089",
        "address": "臺北市文山區辛亥路5段1號1樓",
        "rating": "優",
        "city": "臺北市"
      },
      "geometry": {
        "type": "Point",
        "coordinates": [
          121.554471,
          25.00038011
        ]
      }
    },
    {
      "type": "Feature",
      "properties": {
        "id": "",
        "registration_no": "A-113825420-00004-7",
        "name": "米哥烘焙坊-北投門市",
        "phone": "02-28982258",
        "address": "臺北市北投區光明路158號",
        "rating": "優",
        "city": "臺北市"
      },
      "geometry": {
        "type": "Point",
        "coordinates": [
          121.5025732,
          25.13482428
        ]
      }
    },
    {
      "type": "Feature",
      "properties": {
        "id": "",
        "registration_no": "H-126770600-00006-9",
        "name": "米哥烘焙坊-民生門市",
        "phone": "02-27566880",
        "address": "臺北市松山區民生東路5段184之2號2樓",
        "rating": "優",
        "city": "臺北市"
      },
      "geometry": {
        "type": "Point",
        "coordinates": [
          121.5637452,
          25.05819437
        ]
      }
    },
    {
      "type": "Feature",
      "properties": {
        "id": "",
        "registration_no": "A-126770600-00008-4",
        "name": "米哥烘焙坊-吳興門市",
        "phone": "02-27320388",
        "address": "臺北市信義區吳興街154號1樓",
        "rating": "優",
        "city": "臺北市"
      },
      "geometry": {
        "type": "Point",
        "coordinates": [
          121.5617213,
          25.02930329
        ]
      }
    },
    {
      "type": "Feature",
      "properties": {
        "id": "",
        "registration_no": "A-148972881-00000-5",
        "name": "火鍋世家(內湖成功店)",
        "phone": "02-27923128",
        "address": "臺北市內湖區成功路4段30巷40號",
        "rating": "優",
        "city": "臺北市"
      },
      "geometry": {
        "type": "Point",
        "coordinates": [
          121.59237,
          25.08296692
        ]
      }
    },
    {
      "type": "Feature",
      "properties": {
        "id": "",
        "registration_no": "A-188292283-00000-0",
        "name": "火鍋世家(北投中和店)",
        "phone": "02-28965222",
        "address": "臺北市北投區中和街28號",
        "rating": "優",
        "city": "臺北市"
      },
      "geometry": {
        "type": "Point",
        "coordinates": [
          121.5029847,
          25.13795145
        ]
      }
    },
    {
      "type": "Feature",
      "properties": {
        "id": "",
        "registration_no": "A-100026650-00000-7",
        "name": "馬辣公館店",
        "phone": "02-23657625",
        "address": "臺北市中正區汀州路3段94號1樓",
        "rating": "優",
        "city": "臺北市"
      },
      "geometry": {
        "type": "Point",
        "coordinates": [
          121.5328092,
          25.01458471
        ]
      }
    },
    {
      "type": "Feature",
      "properties": {
        "id": "",
        "registration_no": "A-150752791-00000-4",
        "name": "馬辣信義店",
        "phone": "02-27205726",
        "address": "臺北市信義區松壽路22號3樓",
        "rating": "優",
        "city": "臺北市"
      },
      "geometry": {
        "type": "Point",
        "coordinates": [
          121.5677343,
          25.03556545
        ]
      }
    },
    {
      "type": "Feature",
      "properties": {
        "id": "",
        "registration_no": "A-150895215-00001-4",
        "name": "馬辣南京店",
        "phone": "02-87126337",
        "address": "臺北市松山區南京東路3段285號2樓",
        "rating": "優",
        "city": "臺北市"
      },
      "geometry": {
        "type": "Point",
        "coordinates": [
          121.5458709,
          25.05201154
        ]
      }
    },
    {
      "type": "Feature",
      "properties": {
        "id": "",
        "registration_no": "A-183460676-00001-9",
        "name": "馬辣漢口店",
        "phone": "02-23119881",
        "address": "臺北市萬華區西寧南路30號2樓",
        "rating": "優",
        "city": "臺北市"
      },
      "geometry": {
        "type": "Point",
        "coordinates": [
          121.5067321,
          25.04589003
        ]
      }
    },
    {
      "type": "Feature",
      "properties": {
        "id": "",
        "registration_no": "A-125119125-00002-6",
        "name": "COMEBUY-松山機場門市",
        "phone": "955055356",
        "address": "臺北市松山區敦化北路340之10號2樓",
        "rating": "優",
        "city": "臺北市"
      },
      "geometry": {
        "type": "Point",
        "coordinates": [
          121.5502919,
          25.05987077
        ]
      }
    },
    {
      "type": "Feature",
      "properties": {
        "id": "",
        "registration_no": "A-200203731-00029-6",
        "name": "upoke-松機二航店",
        "phone": "955055356",
        "address": "臺北市松山區敦化北路340之10號2樓",
        "rating": "優",
        "city": "臺北市"
      },
      "geometry": {
        "type": "Point",
        "coordinates": [
          121.5502919,
          25.05987077
        ]
      }
    },
    {
      "type": "Feature",
      "properties": {
        "id": "",
        "registration_no": "A-130862692-00026-2",
        "name": "頂呱呱-松山機場店",
        "phone": "955055356",
        "address": "臺北市松山區敦化北路340之10號2樓",
        "rating": "優",
        "city": "臺北市"
      },
      "geometry": {
        "type": "Point",
        "coordinates": [
          121.5502919,
          25.05987077
        ]
      }
    },
    {
      "type": "Feature",
      "properties": {
        "id": "",
        "registration_no": "A-128200887-00049-6",
        "name": "順成蛋糕-松山機場店",
        "phone": "955055356",
        "address": "臺北市松山區敦化北路340之10號2樓",
        "rating": "優",
        "city": "臺北市"
      },
      "geometry": {
        "type": "Point",
        "coordinates": [
          121.5502919,
          25.05987077
        ]
      }
    },
    {
      "type": "Feature",
      "properties": {
        "id": "",
        "registration_no": "A-182847238-00004-4",
        "name": "SAIKABO-京站店",
        "phone": "02-25118806",
        "address": "臺北市大同區承德路1段1號B3",
        "rating": "優",
        "city": "臺北市"
      },
      "geometry": {
        "type": "Point",
        "coordinates": [
          121.5166245,
          25.0490762
        ]
      }
    },
    {
      "type": "Feature",
      "properties": {
        "id": "",
        "registration_no": "A-124977367-00014-8",
        "name": "小南門-京站店",
        "phone": "02-22455179",
        "address": "臺北市大同區承德路1段1號B3",
        "rating": "優",
        "city": "臺北市"
      },
      "geometry": {
        "type": "Point",
        "coordinates": [
          121.5166245,
          25.0490762
        ]
      }
    },
    {
      "type": "Feature",
      "properties": {
        "id": "",
        "registration_no": "A-278958543-00003-1",
        "name": "日春木瓜牛奶-京站店",
        "phone": "02-26700098",
        "address": "臺北市大同區承德路1段1號B3",
        "rating": "優",
        "city": "臺北市"
      },
      "geometry": {
        "type": "Point",
        "coordinates": [
          121.5166245,
          25.0490762
        ]
      }
    },
    {
      "type": "Feature",
      "properties": {
        "id": "",
        "registration_no": "A-113134072-00032-4",
        "name": "牛角次男坊-京站店",
        "phone": "02-05235030",
        "address": "臺北市大同區承德路1段1號B3",
        "rating": "優",
        "city": "臺北市"
      },
      "geometry": {
        "type": "Point",
        "coordinates": [
          121.5166245,
          25.0490762
        ]
      }
    },
    {
      "type": "Feature",
      "properties": {
        "id": "",
        "registration_no": "A-101303523-00005-0",
        "name": "西雅圖牛排-京站店",
        "phone": "02-25585005",
        "address": "臺北市大同區承德路1段1號B3",
        "rating": "優",
        "city": "臺北市"
      },
      "geometry": {
        "type": "Point",
        "coordinates": [
          121.5166245,
          25.0490762
        ]
      }
    },
    {
      "type": "Feature",
      "properties": {
        "id": "",
        "registration_no": "A-278958703-00004-0",
        "name": "滷SUSU-京站店",
        "phone": "02-23222449",
        "address": "臺北市大同區承德路1段1號B3",
        "rating": "優",
        "city": "臺北市"
      },
      "geometry": {
        "type": "Point",
        "coordinates": [
          121.5166245,
          25.0490762
        ]
      }
    },
    {
      "type": "Feature",
      "properties": {
        "id": "",
        "registration_no": "A-148907812-00001-8",
        "name": "貝諾pasta-京站店",
        "phone": "930996399",
        "address": "臺北市大同區承德路1段1號B3",
        "rating": "優",
        "city": "臺北市"
      },
      "geometry": {
        "type": "Point",
        "coordinates": [
          121.5166245,
          25.0490762
        ]
      }
    },
    {
      "type": "Feature",
      "properties": {
        "id": "",
        "registration_no": "A-154680222-00011-9",
        "name": "廣安階-京站店",
        "phone": "02-25525663",
        "address": "臺北市大同區承德路1段1號B3",
        "rating": "優",
        "city": "臺北市"
      },
      "geometry": {
        "type": "Point",
        "coordinates": [
          121.5166245,
          25.0490762
        ]
      }
    },
    {
      "type": "Feature",
      "properties": {
        "id": "",
        "registration_no": "A-124435384-00005-6",
        "name": "繼光香香雞 J&G Fried Chicken -京站店",
        "phone": "02-25526815",
        "address": "臺北市大同區承德路1段1號B2",
        "rating": "優",
        "city": "臺北市"
      },
      "geometry": {
        "type": "Point",
        "coordinates": [
          121.5166245,
          25.0490762
        ]
      }
    },
    {
      "type": "Feature",
      "properties": {
        "id": "",
        "registration_no": "A-112868955-00001-3",
        "name": "SUBWAY-京站店",
        "phone": "02-25582938",
        "address": "臺北市大同區承德路1段1號B2",
        "rating": "優",
        "city": "臺北市"
      },
      "geometry": {
        "type": "Point",
        "coordinates": [
          121.5166245,
          25.0490762
        ]
      }
    },
    {
      "type": "Feature",
      "properties": {
        "id": "",
        "registration_no": "A-153919541-00037-5",
        "name": "丸亀製麵松菸店",
        "phone": "02-66363338#1904",
        "address": "臺北市信義區菸廠路88號B1",
        "rating": "優",
        "city": "臺北市"
      },
      "geometry": {
        "type": "Point",
        "coordinates": [
          121.5611106,
          25.04473706
        ]
      }
    },
    {
      "type": "Feature",
      "properties": {
        "id": "",
        "registration_no": "A-190050830-00004-7",
        "name": "滷台味松菸店",
        "phone": "06-2623747",
        "address": "臺北市信義區菸廠路88號B1",
        "rating": "優",
        "city": "臺北市"
      },
      "geometry": {
        "type": "Point",
        "coordinates": [
          121.5611106,
          25.04473706
        ]
      }
    },
    {
      "type": "Feature",
      "properties": {
        "id": "",
        "registration_no": "A-128544068-00032-0",
        "name": "小南門松菸店",
        "phone": "02-66363338#1917",
        "address": "臺北市信義區菸廠路88號B1",
        "rating": "優",
        "city": "臺北市"
      },
      "geometry": {
        "type": "Point",
        "coordinates": [
          121.5611106,
          25.04473706
        ]
      }
    },
    {
      "type": "Feature",
      "properties": {
        "id": "",
        "registration_no": "A-164987355-00010-6",
        "name": "成真咖啡松菸店",
        "phone": "02-66041680",
        "address": "臺北市信義區菸廠路88號B1",
        "rating": "優",
        "city": "臺北市"
      },
      "geometry": {
        "type": "Point",
        "coordinates": [
          121.5611106,
          25.04473706
        ]
      }
    },
    {
      "type": "Feature",
      "properties": {
        "id": "",
        "registration_no": "A-200130986-00003-9",
        "name": "舞古賀Mini鍋物",
        "phone": "02-66363338#1937",
        "address": "臺北市信義區菸廠路88號B1",
        "rating": "優",
        "city": "臺北市"
      },
      "geometry": {
        "type": "Point",
        "coordinates": [
          121.5611106,
          25.04473706
        ]
      }
    },
    {
      "type": "Feature",
      "properties": {
        "id": "",
        "registration_no": "A-190472682-00008-4",
        "name": "YOGO霜淇淋",
        "phone": "02-66363338#1942",
        "address": "臺北市信義區菸廠路88號B1",
        "rating": "優",
        "city": "臺北市"
      },
      "geometry": {
        "type": "Point",
        "coordinates": [
          121.5611106,
          25.04473706
        ]
      }
    },
    {
      "type": "Feature",
      "properties": {
        "id": "",
        "registration_no": "A-200144062-00003-9",
        "name": "果樹媽媽松菸店",
        "phone": "02-66363338#1941",
        "address": "臺北市信義區菸廠路88號B1",
        "rating": "優",
        "city": "臺北市"
      },
      "geometry": {
        "type": "Point",
        "coordinates": [
          121.5611106,
          25.04473706
        ]
      }
    },
    {
      "type": "Feature",
      "properties": {
        "id": "",
        "registration_no": "A-123309178-00307-1",
        "name": "漢堡王-大葉高島屋",
        "phone": "02-25288601",
        "address": "臺北市士林區忠誠路2段55號B1",
        "rating": "優",
        "city": "臺北市"
      },
      "geometry": {
        "type": "Point",
        "coordinates": [
          121.5311061,
          25.11215081
        ]
      }
    },
    {
      "type": "Feature",
      "properties": {
        "id": "",
        "registration_no": "A-154737463-00006-3",
        "name": "皇品珍食品(有)",
        "phone": "02-27724949",
        "address": "臺北市士林區忠誠路2段55號B1",
        "rating": "優",
        "city": "臺北市"
      },
      "geometry": {
        "type": "Point",
        "coordinates": [
          121.5311061,
          25.11215081
        ]
      }
    },
    {
      "type": "Feature",
      "properties": {
        "id": "",
        "registration_no": "A-190195907-00003-1",
        "name": "喬升(三也木瓜)",
        "phone": "922263003",
        "address": "臺北市士林區忠誠路2段55號B1",
        "rating": "優",
        "city": "臺北市"
      },
      "geometry": {
        "type": "Point",
        "coordinates": [
          121.5311061,
          25.11215081
        ]
      }
    },
    {
      "type": "Feature",
      "properties": {
        "id": "",
        "registration_no": "A-143740146-00030-0",
        "name": "真杏坊餐飲(于記杏仁茶)",
        "phone": "02-23411818",
        "address": "臺北市士林區忠誠路2段55號B1",
        "rating": "優",
        "city": "臺北市"
      },
      "geometry": {
        "type": "Point",
        "coordinates": [
          121.5311061,
          25.11215081
        ]
      }
    },
    {
      "type": "Feature",
      "properties": {
        "id": "",
        "registration_no": "A-124963504-00007-8",
        "name": "喜悅(奧特拉麵)",
        "phone": "02-28346876",
        "address": "臺北市士林區忠誠路2段55號B1",
        "rating": "優",
        "city": "臺北市"
      },
      "geometry": {
        "type": "Point",
        "coordinates": [
          121.5311061,
          25.11215081
        ]
      }
    },
    {
      "type": "Feature",
      "properties": {
        "id": "",
        "registration_no": "A-153919541-00049-8",
        "name": "丸龜製麵_統一時代店",
        "phone": "02-27235202",
        "address": "臺北市信義區忠孝東路5段8號B2",
        "rating": "優",
        "city": "臺北市"
      },
      "geometry": {
        "type": "Point",
        "coordinates": [
          121.565417,
          25.04086462
        ]
      }
    },
    {
      "type": "Feature",
      "properties": {
        "id": "",
        "registration_no": "A-179852849-00001-1",
        "name": "老蔡水煎包_統一時代店",
        "phone": "02-23452328",
        "address": "臺北市信義區忠孝東路5段8號B2",
        "rating": "優",
        "city": "臺北市"
      },
      "geometry": {
        "type": "Point",
        "coordinates": [
          121.565417,
          25.04086462
        ]
      }
    },
    {
      "type": "Feature",
      "properties": {
        "id": "",
        "registration_no": "A-200144062-00001-7",
        "name": "果樹媽媽_統一時代店",
        "phone": "912205765",
        "address": "臺北市信義區忠孝東路5段8號B2",
        "rating": "優",
        "city": "臺北市"
      },
      "geometry": {
        "type": "Point",
        "coordinates": [
          121.565417,
          25.04086462
        ]
      }
    },
    {
      "type": "Feature",
      "properties": {
        "id": "",
        "registration_no": "A-179966110-00006-3",
        "name": "島瓜滷味_統一時代店",
        "phone": "02-22880315",
        "address": "臺北市信義區忠孝東路5段8號B2",
        "rating": "優",
        "city": "臺北市"
      },
      "geometry": {
        "type": "Point",
        "coordinates": [
          121.565417,
          25.04086462
        ]
      }
    },
    {
      "type": "Feature",
      "properties": {
        "id": "",
        "registration_no": "A-104389073-00037-2",
        "name": "葡吉_統一時代店",
        "phone": "02-27229616",
        "address": "臺北市信義區忠孝東路5段8號B2",
        "rating": "優",
        "city": "臺北市"
      },
      "geometry": {
        "type": "Point",
        "coordinates": [
          121.565417,
          25.04086462
        ]
      }
    },
    {
      "type": "Feature",
      "properties": {
        "id": "",
        "registration_no": "A-180691126-00005-6",
        "name": "興葉蚵仔煎_統一時代店",
        "phone": "02-27228381",
        "address": "臺北市信義區忠孝東路5段8號B2",
        "rating": "優",
        "city": "臺北市"
      },
      "geometry": {
        "type": "Point",
        "coordinates": [
          121.565417,
          25.04086462
        ]
      }
    },
    {
      "type": "Feature",
      "properties": {
        "id": "",
        "registration_no": "A-124435384-00100-2",
        "name": "繼光香香雞_統一時代店",
        "phone": "02-27228271",
        "address": "臺北市信義區忠孝東路5段8號B2",
        "rating": "優",
        "city": "臺北市"
      },
      "geometry": {
        "type": "Point",
        "coordinates": [
          121.565417,
          25.04086462
        ]
      }
    },
    {
      "type": "Feature",
      "properties": {
        "id": "",
        "registration_no": "A-122522307-00005-6",
        "name": "SAISON du SOLEIL-統一時代店",
        "phone": "02-27299108",
        "address": "臺北市信義區忠孝東路5段8號B2",
        "rating": "優",
        "city": "臺北市"
      },
      "geometry": {
        "type": "Point",
        "coordinates": [
          121.565417,
          25.04086462
        ]
      }
    },
    {
      "type": "Feature",
      "properties": {
        "id": "",
        "registration_no": "A-200000311-00018-3",
        "name": "八番赤野_美麗華店",
        "phone": "980989165",
        "address": "臺北市中山區敬業三路20號B1",
        "rating": "優",
        "city": "臺北市"
      },
      "geometry": {
        "type": "Point",
        "coordinates": [
          121.556712,
          25.08292589
        ]
      }
    },
    {
      "type": "Feature",
      "properties": {
        "id": "",
        "registration_no": "A-113830417-00002-7",
        "name": "府城_美麗華店",
        "phone": "953671088",
        "address": "臺北市中山區敬業三路20號B1",
        "rating": "優",
        "city": "臺北市"
      },
      "geometry": {
        "type": "Point",
        "coordinates": [
          121.556712,
          25.08292589
        ]
      }
    },
    {
      "type": "Feature",
      "properties": {
        "id": "",
        "registration_no": "A-180671769-00017-0",
        "name": "日出茶太_美麗華店",
        "phone": "976322862",
        "address": "臺北市中山區敬業三路20號B1",
        "rating": "優",
        "city": "臺北市"
      },
      "geometry": {
        "type": "Point",
        "coordinates": [
          121.556712,
          25.08292589
        ]
      }
    },
    {
      "type": "Feature",
      "properties": {
        "id": "",
        "registration_no": "A-153919541-00054-4",
        "name": "丸亀製麺48號店_美麗華店",
        "phone": "02-87121726",
        "address": "臺北市中山區敬業三路20號B1",
        "rating": "優",
        "city": "臺北市"
      },
      "geometry": {
        "type": "Point",
        "coordinates": [
          121.556712,
          25.08292589
        ]
      }
    },
    {
      "type": "Feature",
      "properties": {
        "id": "",
        "registration_no": "A-126533987-00001-2",
        "name": "旭成鐵板料理-台北101店",
        "phone": "925216819",
        "address": "臺北市信義區市府路45號B1",
        "rating": "優",
        "city": "臺北市"
      },
      "geometry": {
        "type": "Point",
        "coordinates": [
          121.5639041,
          25.0340262
        ]
      }
    },
    {
      "type": "Feature",
      "properties": {
        "id": "",
        "registration_no": "A-154675966-00004-0",
        "name": "蔬河-台北101店",
        "phone": "02-81018171",
        "address": "臺北市信義區市府路45號B1",
        "rating": "優",
        "city": "臺北市"
      },
      "geometry": {
        "type": "Point",
        "coordinates": [
          121.5639041,
          25.0340262
        ]
      }
    },
    {
      "type": "Feature",
      "properties": {
        "id": "",
        "registration_no": "A-124977367-00002-5",
        "name": "小南門傳統美食-台北101店",
        "phone": "02-81018261",
        "address": "臺北市信義區市府路45號B1",
        "rating": "優",
        "city": "臺北市"
      },
      "geometry": {
        "type": "Point",
        "coordinates": [
          121.5639041,
          25.0340262
        ]
      }
    },
    {
      "type": "Feature",
      "properties": {
        "id": "",
        "registration_no": "A-153925311-00029-8",
        "name": "開丼-台北101店",
        "phone": "02-81017858",
        "address": "臺北市信義區市府路45號B1",
        "rating": "優",
        "city": "臺北市"
      },
      "geometry": {
        "type": "Point",
        "coordinates": [
          121.5639041,
          25.0340262
        ]
      }
    },
    {
      "type": "Feature",
      "properties": {
        "id": "",
        "registration_no": "A-189468529-00001-0",
        "name": "韓鶴亭-台北101店",
        "phone": "920010199",
        "address": "臺北市信義區市府路45號B1",
        "rating": "優",
        "city": "臺北市"
      },
      "geometry": {
        "type": "Point",
        "coordinates": [
          121.5639041,
          25.0340262
        ]
      }
    },
    {
      "type": "Feature",
      "properties": {
        "id": "",
        "registration_no": "A-190338454-00001-5",
        "name": "八色烤肉mini-台北101店",
        "phone": "02-81017896",
        "address": "臺北市信義區市府路45號B1",
        "rating": "優",
        "city": "臺北市"
      },
      "geometry": {
        "type": "Point",
        "coordinates": [
          121.5639041,
          25.0340262
        ]
      }
    },
    {
      "type": "Feature",
      "properties": {
        "id": "",
        "registration_no": "A-197301707-00007-9",
        "name": "拿坡里披薩炸雞民生店",
        "phone": "02-25533939",
        "address": "臺北市大同區民生西路83號",
        "rating": "優",
        "city": "臺北市"
      },
      "geometry": {
        "type": "Point",
        "coordinates": [
          121.5196284,
          25.05765202
        ]
      }
    },
    {
      "type": "Feature",
      "properties": {
        "id": "",
        "registration_no": "A-197301707-00010-3",
        "name": "拿坡里披薩炸雞內湖店",
        "phone": "02-27949000",
        "address": "臺北市內湖區成功路3段141號",
        "rating": "優",
        "city": "臺北市"
      },
      "geometry": {
        "type": "Point",
        "coordinates": [
          121.589991,
          25.07956516
        ]
      }
    },
    {
      "type": "Feature",
      "properties": {
        "id": "",
        "registration_no": "A-197301707-00018-1",
        "name": "拿坡里披薩炸雞北投店",
        "phone": "02-28960566",
        "address": "臺北市北投區中央北路1段125號1樓",
        "rating": "優",
        "city": "臺北市"
      },
      "geometry": {
        "type": "Point",
        "coordinates": [
          121.4990871,
          25.13500458
        ]
      }
    },
    {
      "type": "Feature",
      "properties": {
        "id": "",
        "registration_no": "A-197301707-00004-6",
        "name": "拿坡里披薩炸雞南港店",
        "phone": "02-27839922",
        "address": "臺北市南港區三重路7號",
        "rating": "優",
        "city": "臺北市"
      },
      "geometry": {
        "type": "Point",
        "coordinates": [
          121.6138438,
          25.05578738
        ]
      }
    },
    {
      "type": "Feature",
      "properties": {
        "id": "",
        "registration_no": "A-197301707-00548-9",
        "name": "拿坡里披薩炸雞劍南店",
        "phone": "02-26272536",
        "address": "臺北市內湖區內湖路1段49號",
        "rating": "優",
        "city": "臺北市"
      },
      "geometry": {
        "type": "Point",
        "coordinates": [
          121.559589,
          25.08512932
        ]
      }
    },
    {
      "type": "Feature",
      "properties": {
        "id": "",
        "registration_no": "A-197301707-00028-2",
        "name": "拿坡里披薩炸雞興隆店",
        "phone": "02-29302400",
        "address": "臺北市文山區興隆路3段31號",
        "rating": "優",
        "city": "臺北市"
      },
      "geometry": {
        "type": "Point",
        "coordinates": [
          121.5586,
          24.99851631
        ]
      }
    },
    {
      "type": "Feature",
      "properties": {
        "id": "",
        "registration_no": "A-197301707-00031-6",
        "name": "拿坡里披薩炸雞南昌店",
        "phone": "02-23516618",
        "address": "臺北市中正區南昌路1段151號",
        "rating": "優",
        "city": "臺北市"
      },
      "geometry": {
        "type": "Point",
        "coordinates": [
          121.5186937,
          25.02938723
        ]
      }
    },
    {
      "type": "Feature",
      "properties": {
        "id": "",
        "registration_no": "A-153095716-00007-1",
        "name": "朱記餡餅粥-遠企購物中心敦南店",
        "phone": "02-27394175",
        "address": "臺北市大安區敦化南路2段203號B2",
        "rating": "優",
        "city": "臺北市"
      },
      "geometry": {
        "type": "Point",
        "coordinates": [
          121.5490266,
          25.02645201
        ]
      }
    },
    {
      "type": "Feature",
      "properties": {
        "id": "",
        "registration_no": "A-153095716-00049-7",
        "name": "朱記餡餅粥-環球南港車站店",
        "phone": "02-26510264",
        "address": "臺北市南港區忠孝東路7段371號B1",
        "rating": "優",
        "city": "臺北市"
      },
      "geometry": {
        "type": "Point",
        "coordinates": [
          121.6049621,
          25.0519901
        ]
      }
    },
    {
      "type": "Feature",
      "properties": {
        "id": "",
        "registration_no": "A-153095716-00035-2",
        "name": "朱記餡餅粥-潤泰松山車站店",
        "phone": "02-27478541",
        "address": "臺北市信義區松山路11號2樓",
        "rating": "優",
        "city": "臺北市"
      },
      "geometry": {
        "type": "Point",
        "coordinates": [
          121.5782525,
          25.04845585
        ]
      }
    },
    {
      "type": "Feature",
      "properties": {
        "id": "",
        "registration_no": "A-153095716-00011-6",
        "name": "朱記餡餅粥-SOGO百貨天母店",
        "phone": "02-28353619",
        "address": "臺北市士林區中山北路6段77號8樓",
        "rating": "優",
        "city": "臺北市"
      },
      "geometry": {
        "type": "Point",
        "coordinates": [
          121.524278,
          25.105007
        ]
      }
    },
    {
      "type": "Feature",
      "properties": {
        "id": "",
        "registration_no": "A-153095716-00059-8",
        "name": "朱記餡餅粥-新光三越台北站前店",
        "phone": "02-23117890",
        "address": "臺北市中正區忠孝西路1段66號B1",
        "rating": "優",
        "city": "臺北市"
      },
      "geometry": {
        "type": "Point",
        "coordinates": [
          121.5154942,
          25.0465666
        ]
      }
    },
    {
      "type": "Feature",
      "properties": {
        "id": "",
        "registration_no": "A-123309178-00006-7",
        "name": "漢堡王-華納店",
        "phone": "02-27223840",
        "address": "臺北市信義區松壽路20號2樓",
        "rating": "優",
        "city": "臺北市"
      },
      "geometry": {
        "type": "Point",
        "coordinates": [
          121.5674054,
          25.03564114
        ]
      }
    },
    {
      "type": "Feature",
      "properties": {
        "id": "",
        "registration_no": "A-123309178-00011-3",
        "name": "漢堡王-美麗華店",
        "phone": "02-21753018",
        "address": "臺北市中山區敬業三路20號B1",
        "rating": "優",
        "city": "臺北市"
      },
      "geometry": {
        "type": "Point",
        "coordinates": [
          121.556712,
          25.08292589
        ]
      }
    },
    {
      "type": "Feature",
      "properties": {
        "id": "",
        "registration_no": "A-123309178-00013-5",
        "name": "漢堡王-內湖店",
        "phone": "02-27967209",
        "address": "臺北市內湖區民善街88號",
        "rating": "優",
        "city": "臺北市"
      },
      "geometry": {
        "type": "Point",
        "coordinates": [
          121.5753649,
          25.06014069
        ]
      }
    },
    {
      "type": "Feature",
      "properties": {
        "id": "",
        "registration_no": "A-123309178-00021-4",
        "name": "漢堡王-長春店",
        "phone": "02-25165208",
        "address": "臺北市中山區長春路176號",
        "rating": "優",
        "city": "臺北市"
      },
      "geometry": {
        "type": "Point",
        "coordinates": [
          121.5341139,
          25.0546852
        ]
      }
    },
    {
      "type": "Feature",
      "properties": {
        "id": "",
        "registration_no": "A-123309178-00047-2",
        "name": "漢堡王-公館店",
        "phone": "02-23650876",
        "address": "臺北市中正區羅斯福路3段246號",
        "rating": "優",
        "city": "臺北市"
      },
      "geometry": {
        "type": "Point",
        "coordinates": [
          121.5314924,
          25.01730058
        ]
      }
    },
    {
      "type": "Feature",
      "properties": {
        "id": "",
        "registration_no": "A-123309178-00052-8",
        "name": "漢堡王-新師大店",
        "phone": "02-23622986",
        "address": "臺北市大安區師大路86巷1號1樓及B1",
        "rating": "優",
        "city": "臺北市"
      },
      "geometry": {
        "type": "Point",
        "coordinates": [
          121.5282566,
          25.02300973
        ]
      }
    },
    {
      "type": "Feature",
      "properties": {
        "id": "",
        "registration_no": "A-123309178-00137-2",
        "name": "漢堡王-微風北車店",
        "phone": "02-23112368",
        "address": "臺北市中正區北平西路3號2樓",
        "rating": "優",
        "city": "臺北市"
      },
      "geometry": {
        "type": "Point",
        "coordinates": [
          121.5170577,
          25.04717594
        ]
      }
    },
    {
      "type": "Feature",
      "properties": {
        "id": "",
        "registration_no": "A-123309178-00201-4",
        "name": "漢堡王-木新店",
        "phone": "02-29361398",
        "address": "臺北市文山區木新路3段109號",
        "rating": "優",
        "city": "臺北市"
      },
      "geometry": {
        "type": "Point",
        "coordinates": [
          121.5624679,
          24.98200278
        ]
      }
    },
    {
      "type": "Feature",
      "properties": {
        "id": "",
        "registration_no": "A-123309178-00263-2",
        "name": "漢堡王-北投光明店",
        "phone": "02-28915371",
        "address": "臺北市北投區光明路146之4號",
        "rating": "優",
        "city": "臺北市"
      },
      "geometry": {
        "type": "Point",
        "coordinates": [
          121.5024204,
          25.13434039
        ]
      }
    },
    {
      "type": "Feature",
      "properties": {
        "id": "",
        "registration_no": "A-123309178-00058-4",
        "name": "漢堡王-內湖成功店",
        "phone": "02-27911378",
        "address": "臺北市內湖區成功路4段178號1樓",
        "rating": "優",
        "city": "臺北市"
      },
      "geometry": {
        "type": "Point",
        "coordinates": [
          121.5935822,
          25.08335554
        ]
      }
    },
    {
      "type": "Feature",
      "properties": {
        "id": "",
        "registration_no": "A-153089762-00029-9",
        "name": "大戶屋-微風廣場店",
        "phone": "02-87720835",
        "address": "臺北市松山區復興南路1段39號GF",
        "rating": "優",
        "city": "臺北市"
      },
      "geometry": {
        "type": "Point",
        "coordinates": [
          121.5441255,
          25.04612942
        ]
      }
    },
    {
      "type": "Feature",
      "properties": {
        "id": "",
        "registration_no": "A-153089762-00019-8",
        "name": "大戶屋-大安店",
        "phone": "02-89782668",
        "address": "臺北市大安區復興南路1段323號B1",
        "rating": "優",
        "city": "臺北市"
      },
      "geometry": {
        "type": "Point",
        "coordinates": [
          121.5437641,
          25.03367767
        ]
      }
    },
    {
      "type": "Feature",
      "properties": {
        "id": "",
        "registration_no": "A-153089762-00015-4",
        "name": "大戶屋-南京復興店",
        "phone": "02-27715337",
        "address": "臺北市松山區南京東路3段258號2樓",
        "rating": "優",
        "city": "臺北市"
      },
      "geometry": {
        "type": "Point",
        "coordinates": [
          121.5448292,
          25.05163
        ]
      }
    },
    {
      "type": "Feature",
      "properties": {
        "id": "",
        "registration_no": "A-153089762-00013-2",
        "name": "大戶屋-松山車站店",
        "phone": "02-25287775",
        "address": "臺北市信義區松山路11號1樓",
        "rating": "優",
        "city": "臺北市"
      },
      "geometry": {
        "type": "Point",
        "coordinates": [
          121.5782525,
          25.04845585
        ]
      }
    },
    {
      "type": "Feature",
      "properties": {
        "id": "",
        "registration_no": "A-153089762-00011-0",
        "name": "大戶屋-南港車站店",
        "phone": "02-26512778",
        "address": "臺北市南港區忠孝東路7段369號7樓",
        "rating": "優",
        "city": "臺北市"
      },
      "geometry": {
        "type": "Point",
        "coordinates": [
          121.6072083,
          25.05267019
        ]
      }
    },
    {
      "type": "Feature",
      "properties": {
        "id": "",
        "registration_no": "A-153089762-00005-3",
        "name": "大戶屋-忠孝復興店",
        "phone": "02-27785077",
        "address": "臺北市大安區忠孝東路4段52號2樓",
        "rating": "優",
        "city": "臺北市"
      },
      "geometry": {
        "type": "Point",
        "coordinates": [
          121.5450594,
          25.04139163
        ]
      }
    },
    {
      "type": "Feature",
      "properties": {
        "id": "",
        "registration_no": "A-153089762-00033-4",
        "name": "大戶屋-東湖店",
        "phone": "02-26338839",
        "address": "臺北市內湖區康寧路3段187號2樓",
        "rating": "優",
        "city": "臺北市"
      },
      "geometry": {
        "type": "Point",
        "coordinates": [
          121.611974,
          25.06996998
        ]
      }
    },
    {
      "type": "Feature",
      "properties": {
        "id": "",
        "registration_no": "A-153089762-00035-6",
        "name": "大戶屋-行天宮站店",
        "phone": "02-25625811",
        "address": "臺北市中山區松江路276號2樓",
        "rating": "優",
        "city": "臺北市"
      },
      "geometry": {
        "type": "Point",
        "coordinates": [
          121.5329505,
          25.05980935
        ]
      }
    },
    {
      "type": "Feature",
      "properties": {
        "id": "",
        "registration_no": "A-153089762-00038-9",
        "name": "大戶屋-京站店",
        "phone": "02-25553255",
        "address": "臺北市大同區承德路1段1號B3",
        "rating": "優",
        "city": "臺北市"
      },
      "geometry": {
        "type": "Point",
        "coordinates": [
          121.5166245,
          25.0490762
        ]
      }
    },
    {
      "type": "Feature",
      "properties": {
        "id": "",
        "registration_no": "A-191006756-00001-3",
        "name": "QBurger 內湖麗山店",
        "phone": "02-26276424",
        "address": "臺北市內湖區內湖路1段629巷41號1樓",
        "rating": "優",
        "city": "臺北市"
      },
      "geometry": {
        "type": "Point",
        "coordinates": [
          121.5750408,
          25.08157967
        ]
      }
    },
    {
      "type": "Feature",
      "properties": {
        "id": "",
        "registration_no": "A-199995943-00001-6",
        "name": "QBurger 信義永吉店",
        "phone": "02-27653337",
        "address": "臺北市信義區永吉路120巷1號1樓",
        "rating": "優",
        "city": "臺北市"
      },
      "geometry": {
        "type": "Point",
        "coordinates": [
          121.5704162,
          25.04544528
        ]
      }
    },
    {
      "type": "Feature",
      "properties": {
        "id": "",
        "registration_no": "A-191041557-00001-1",
        "name": "QBurger 北投立農店",
        "phone": "02-28236017",
        "address": "臺北市北投區立農街2段259號1樓",
        "rating": "優",
        "city": "臺北市"
      },
      "geometry": {
        "type": "Point",
        "coordinates": [
          121.5144648,
          25.11890076
        ]
      }
    },
    {
      "type": "Feature",
      "properties": {
        "id": "",
        "registration_no": "A-196589203-00001-1",
        "name": "QBurger 文山恆光店",
        "phone": "02-29398761",
        "address": "臺北市文山區木新路2段242號1樓",
        "rating": "優",
        "city": "臺北市"
      },
      "geometry": {
        "type": "Point",
        "coordinates": [
          121.5666224,
          24.98334967
        ]
      }
    },
    {
      "type": "Feature",
      "properties": {
        "id": "",
        "registration_no": "A-196659474-00001-9",
        "name": "QBurger 北投唭哩岸店",
        "phone": "02-28230447",
        "address": "臺北市北投區立農街1段277號1樓",
        "rating": "優",
        "city": "臺北市"
      },
      "geometry": {
        "type": "Point",
        "coordinates": [
          121.5059574,
          25.11949068
        ]
      }
    },
    {
      "type": "Feature",
      "properties": {
        "id": "",
        "registration_no": "A-100246887-00001-4",
        "name": "QBurger 文山木新店",
        "phone": "02-29385005",
        "address": "臺北市文山區木新路3段224號1樓",
        "rating": "優",
        "city": "臺北市"
      },
      "geometry": {
        "type": "Point",
        "coordinates": [
          121.5593038,
          24.9814785
        ]
      }
    },
    {
      "type": "Feature",
      "properties": {
        "id": "",
        "registration_no": "A-100040077-00001-7",
        "name": "QBurger 文山萬和店",
        "phone": "02-29336005",
        "address": "臺北市文山區羅斯福路5段218巷3號1樓",
        "rating": "優",
        "city": "臺北市"
      },
      "geometry": {
        "type": "Point",
        "coordinates": [
          121.53844,
          25.00202908
        ]
      }
    },
    {
      "type": "Feature",
      "properties": {
        "id": "",
        "registration_no": "A-194190411-00001-8",
        "name": "QBurger 文山景興店",
        "phone": "02-29320217",
        "address": "臺北市文山區景興路99號",
        "rating": "優",
        "city": "臺北市"
      },
      "geometry": {
        "type": "Point",
        "coordinates": [
          121.5448212,
          24.99533366
        ]
      }
    },
    {
      "type": "Feature",
      "properties": {
        "id": "",
        "registration_no": "A-193604429-00001-6",
        "name": "QBurger 中山榮星店",
        "phone": "02-25016190",
        "address": "臺北市中山區五常街63號",
        "rating": "優",
        "city": "臺北市"
      },
      "geometry": {
        "type": "Point",
        "coordinates": [
          121.5399915,
          25.06438558
        ]
      }
    },
    {
      "type": "Feature",
      "properties": {
        "id": "",
        "registration_no": "A-193717676-00001-5",
        "name": "QBurger 萬華雙園店",
        "phone": "02-23087655",
        "address": "臺北市萬華區雙園街15號",
        "rating": "優",
        "city": "臺北市"
      },
      "geometry": {
        "type": "Point",
        "coordinates": [
          121.4950139,
          25.02917127
        ]
      }
    },
    {
      "type": "Feature",
      "properties": {
        "id": "",
        "registration_no": "A-193711716-00001-4",
        "name": "QBurger 大安樂業店",
        "phone": "02-27360209",
        "address": "臺北市大安區樂業街153號",
        "rating": "優",
        "city": "臺北市"
      },
      "geometry": {
        "type": "Point",
        "coordinates": [
          121.5536696,
          25.01963468
        ]
      }
    },
    {
      "type": "Feature",
      "properties": {
        "id": "",
        "registration_no": "A-183630932-00001-3",
        "name": "QBurger 中山中原店",
        "phone": "02-25232521",
        "address": "臺北市中山區中原街41號1樓",
        "rating": "優",
        "city": "臺北市"
      },
      "geometry": {
        "type": "Point",
        "coordinates": [
          121.5289405,
          25.0569673
        ]
      }
    },
    {
      "type": "Feature",
      "properties": {
        "id": "",
        "registration_no": "A-183630975-00001-0",
        "name": "QBurger 信義虎林店",
        "phone": "02-27279868",
        "address": "臺北市信義區信義路6段106號1樓",
        "rating": "優",
        "city": "臺北市"
      },
      "geometry": {
        "type": "Point",
        "coordinates": [
          121.5777955,
          25.03587604
        ]
      }
    },
    {
      "type": "Feature",
      "properties": {
        "id": "",
        "registration_no": "A-190168486-00001-1",
        "name": "QBurger 北投大興店",
        "phone": "02-28941027",
        "address": "臺北市北投區大興街48號",
        "rating": "優",
        "city": "臺北市"
      },
      "geometry": {
        "type": "Point",
        "coordinates": [
          121.4994851,
          25.13010728
        ]
      }
    },
    {
      "type": "Feature",
      "properties": {
        "id": "",
        "registration_no": "A-190403779-00001-8",
        "name": "QBurger 文山世新店",
        "phone": "02-22369201",
        "address": "臺北市文山區木柵路1段101號1樓及地下室",
        "rating": "優",
        "city": "臺北市"
      },
      "geometry": {
        "type": "Point",
        "coordinates": [
          121.5476153,
          24.98715522
        ]
      }
    },
    {
      "type": "Feature",
      "properties": {
        "id": "",
        "registration_no": "A-190046082-00001-8",
        "name": "QBurger 文山新光店",
        "phone": "02-29367296",
        "address": "臺北市文山區新光路1段26號",
        "rating": "優",
        "city": "臺北市"
      },
      "geometry": {
        "type": "Point",
        "coordinates": [
          121.5736293,
          24.98900188
        ]
      }
    },
    {
      "type": "Feature",
      "properties": {
        "id": "",
        "registration_no": "A-124335765-00000-3",
        "name": "新馬辣公館店",
        "phone": "02-23646215",
        "address": "臺北市中正區汀州路3段295號",
        "rating": "優",
        "city": "臺北市"
      },
      "geometry": {
        "type": "Point",
        "coordinates": [
          121.5357699,
          25.01196972
        ]
      }
    },
    {
      "type": "Feature",
      "properties": {
        "id": "",
        "registration_no": "A-152572922-00000-2",
        "name": "新馬辣昆明店",
        "phone": "02-23117066",
        "address": "臺北市萬華區昆明街37號2樓",
        "rating": "優",
        "city": "臺北市"
      },
      "geometry": {
        "type": "Point",
        "coordinates": [
          121.5053463,
          25.04456187
        ]
      }
    },
    {
      "type": "Feature",
      "properties": {
        "id": "",
        "registration_no": "A-142998651-00000-2",
        "name": "新馬辣武昌店",
        "phone": "02-23810855",
        "address": "臺北市萬華區武昌街2段72號3樓",
        "rating": "優",
        "city": "臺北市"
      },
      "geometry": {
        "type": "Point",
        "coordinates": [
          121.5061998,
          25.04481325
        ]
      }
    },
    {
      "type": "Feature",
      "properties": {
        "id": "",
        "registration_no": "A-150771755-00000-5",
        "name": "新馬辣峨嵋店",
        "phone": "02-23112352",
        "address": "臺北市萬華區西寧南路155號5樓",
        "rating": "優",
        "city": "臺北市"
      },
      "geometry": {
        "type": "Point",
        "coordinates": [
          121.5062641,
          25.04354054
        ]
      }
    },
    {
      "type": "Feature",
      "properties": {
        "id": "",
        "registration_no": "A-109499839-00006-5",
        "name": "聖瑪莉北醫店",
        "phone": "02-27329213",
        "address": "臺北市信義區吳興街252號1樓",
        "rating": "優",
        "city": "臺北市"
      },
      "geometry": {
        "type": "Point",
        "coordinates": [
          121.5636378,
          25.02663801
        ]
      }
    },
    {
      "type": "Feature",
      "properties": {
        "id": "",
        "registration_no": "A-109499839-00074-0",
        "name": "聖瑪莉敦化店",
        "phone": "02-27315194",
        "address": "臺北市大安區忠孝東路4段148號B2",
        "rating": "優",
        "city": "臺北市"
      },
      "geometry": {
        "type": "Point",
        "coordinates": [
          121.5496961,
          25.04136977
        ]
      }
    },
    {
      "type": "Feature",
      "properties": {
        "id": "",
        "registration_no": "A-109499839-00084-1",
        "name": "聖瑪莉科技店",
        "phone": "02-27018493",
        "address": "臺北市大安區復興南路2段287號",
        "rating": "優",
        "city": "臺北市"
      },
      "geometry": {
        "type": "Point",
        "coordinates": [
          121.5436418,
          25.02523463
        ]
      }
    },
    {
      "type": "Feature",
      "properties": {
        "id": "",
        "registration_no": "A-109499839-00097-5",
        "name": "聖瑪莉內湖(潤泰)店",
        "phone": "02-87911013",
        "address": "臺北市內湖區成功路4段188號2樓",
        "rating": "優",
        "city": "臺北市"
      },
      "geometry": {
        "type": "Point",
        "coordinates": [
          121.5945468,
          25.08408133
        ]
      }
    },
    {
      "type": "Feature",
      "properties": {
        "id": "",
        "registration_no": "A-180292991-00017-6",
        "name": "beard papa's-環球南港車站店",
        "phone": "02-27880966",
        "address": "臺北市南港區忠孝東路7段371號B1",
        "rating": "優",
        "city": "臺北市"
      },
      "geometry": {
        "type": "Point",
        "coordinates": [
          121.6049621,
          25.0519901
        ]
      }
    },
    {
      "type": "Feature",
      "properties": {
        "id": "",
        "registration_no": "A-180292991-00005-3",
        "name": "beard papa's-SOGO復興店",
        "phone": "02-87723582",
        "address": "臺北市大安區忠孝東路3段300號B3",
        "rating": "優",
        "city": "臺北市"
      },
      "geometry": {
        "type": "Point",
        "coordinates": [
          121.5430877,
          25.04149189
        ]
      }
    },
    {
      "type": "Feature",
      "properties": {
        "id": "",
        "registration_no": "A-180292991-00006-4",
        "name": "beard papa's-SOGO天母店",
        "phone": "02-28350922",
        "address": "臺北市士林區中山北路6段77號B1",
        "rating": "優",
        "city": "臺北市"
      },
      "geometry": {
        "type": "Point",
        "coordinates": [
          121.524721,
          25.10531533
        ]
      }
    },
    {
      "type": "Feature",
      "properties": {
        "id": "",
        "registration_no": "A-180292991-00108-7",
        "name": "beard papa's-統一夢廣場店",
        "phone": "02-27887029",
        "address": "臺北市信義區松高路11號B2樓",
        "rating": "優",
        "city": "臺北市"
      },
      "geometry": {
        "type": "Point",
        "coordinates": [
          121.5652423,
          25.03951513
        ]
      }
    },
    {
      "type": "Feature",
      "properties": {
        "id": "",
        "registration_no": "A-180292991-00110-0",
        "name": "beard papa's-南港LALAPORT店",
        "phone": "02-27226630",
        "address": "臺北市南港區經貿二路131號5樓",
        "rating": "優",
        "city": "臺北市"
      },
      "geometry": {
        "type": "Point",
        "coordinates": [
          121.6175825,
          25.05934495
        ]
      }
    },
    {
      "type": "Feature",
      "properties": {
        "id": "",
        "registration_no": "A-128427006-00081-6",
        "name": "樂田-士林中正",
        "phone": "02-28833500",
        "address": "臺北市士林區中正路235巷16號1樓",
        "rating": "優",
        "city": "臺北市"
      },
      "geometry": {
        "type": "Point",
        "coordinates": [
          121.5260694,
          25.09473532
        ]
      }
    },
    {
      "type": "Feature",
      "properties": {
        "id": "",
        "registration_no": "A-128427006-00077-1",
        "name": "樂田-六張犁",
        "phone": "02-27331123",
        "address": "臺北市大安區和平東路3段124號1樓",
        "rating": "優",
        "city": "臺北市"
      },
      "geometry": {
        "type": "Point",
        "coordinates": [
          121.5519185,
          25.02425043
        ]
      }
    },
    {
      "type": "Feature",
      "properties": {
        "id": "",
        "registration_no": "A-128427006-00085-0",
        "name": "樂田-關渡",
        "phone": "02-28976119",
        "address": "臺北市北投區大度路3段296巷51號1樓",
        "rating": "優",
        "city": "臺北市"
      },
      "geometry": {
        "type": "Point",
        "coordinates": [
          121.4672706,
          25.12588415
        ]
      }
    },
    {
      "type": "Feature",
      "properties": {
        "id": "",
        "registration_no": "A-128427006-00093-9",
        "name": "樂田-世貿",
        "phone": "910167609",
        "address": "臺北市信義區信義路5段20號",
        "rating": "優",
        "city": "臺北市"
      },
      "geometry": {
        "type": "Point",
        "coordinates": [
          121.5637094,
          25.03270362
        ]
      }
    },
    {
      "type": "Feature",
      "properties": {
        "id": "",
        "registration_no": "A-128427006-00087-2",
        "name": "樂田-雙連",
        "phone": "02-25598856",
        "address": "臺北市大同區民生西路47號",
        "rating": "優",
        "city": "臺北市"
      },
      "geometry": {
        "type": "Point",
        "coordinates": [
          121.520568,
          25.05777125
        ]
      }
    },
    {
      "type": "Feature",
      "properties": {
        "id": "",
        "registration_no": "A-128427006-00075-9",
        "name": "樂田-民權西路",
        "phone": "02-25112963",
        "address": "臺北市大同區民權西路72號",
        "rating": "優",
        "city": "臺北市"
      },
      "geometry": {
        "type": "Point",
        "coordinates": [
          121.519474,
          25.06260266
        ]
      }
    },
    {
      "type": "Feature",
      "properties": {
        "id": "",
        "registration_no": "A-128427006-00078-2",
        "name": "樂田-古亭",
        "phone": "02-23911533",
        "address": "臺北市大安區和平東路1段73號",
        "rating": "優",
        "city": "臺北市"
      },
      "geometry": {
        "type": "Point",
        "coordinates": [
          121.5249293,
          25.02707563
        ]
      }
    },
    {
      "type": "Feature",
      "properties": {
        "id": "",
        "registration_no": "A-128427006-00096-2",
        "name": "樂田-忠孝復興",
        "phone": "02-27112737",
        "address": "臺北市大安區忠孝東路3段302號",
        "rating": "優",
        "city": "臺北市"
      },
      "geometry": {
        "type": "Point",
        "coordinates": [
          121.5433562,
          25.04146434
        ]
      }
    },
    {
      "type": "Feature",
      "properties": {
        "id": "",
        "registration_no": "A-128427006-00079-3",
        "name": "樂田-敦南",
        "phone": "02-23253038",
        "address": "臺北市大安區敦化南路2段5號1樓",
        "rating": "優",
        "city": "臺北市"
      },
      "geometry": {
        "type": "Point",
        "coordinates": [
          121.549153,
          25.03282549
        ]
      }
    },
    {
      "type": "Feature",
      "properties": {
        "id": "",
        "registration_no": "A-128427006-00080-5",
        "name": "樂田-台電大樓",
        "phone": "02-23621299",
        "address": "臺北市大安區羅斯福路3段249號1樓",
        "rating": "優",
        "city": "臺北市"
      },
      "geometry": {
        "type": "Point",
        "coordinates": [
          121.5300634,
          25.01921726
        ]
      }
    },
    {
      "type": "Feature",
      "properties": {
        "id": "",
        "registration_no": "A-128427006-00086-1",
        "name": "樂田-松江南京",
        "phone": "02-25070318",
        "address": "臺北市中山區松江路126號B1",
        "rating": "優",
        "city": "臺北市"
      },
      "geometry": {
        "type": "Point",
        "coordinates": [
          121.5328454,
          25.05185428
        ]
      }
    },
    {
      "type": "Feature",
      "properties": {
        "id": "",
        "registration_no": "A-128427006-00089-4",
        "name": "樂田-松南二店",
        "phone": "965036776",
        "address": "臺北市中山區松江路126號B1",
        "rating": "優",
        "city": "臺北市"
      },
      "geometry": {
        "type": "Point",
        "coordinates": [
          121.5328454,
          25.05185428
        ]
      }
    },
    {
      "type": "Feature",
      "properties": {
        "id": "",
        "registration_no": "A-128427006-00084-9",
        "name": "樂田-行天宮",
        "phone": "02-25678086",
        "address": "臺北市中山區松江路316號B1",
        "rating": "優",
        "city": "臺北市"
      },
      "geometry": {
        "type": "Point",
        "coordinates": [
          121.5329781,
          25.05884724
        ]
      }
    },
    {
      "type": "Feature",
      "properties": {
        "id": "",
        "registration_no": "A-128427006-00076-0",
        "name": "樂田-衡陽",
        "phone": "02-23715799",
        "address": "臺北市中正區衡陽路99號1樓",
        "rating": "優",
        "city": "臺北市"
      },
      "geometry": {
        "type": "Point",
        "coordinates": [
          121.509262,
          25.04225756
        ]
      }
    },
    {
      "type": "Feature",
      "properties": {
        "id": "",
        "registration_no": "A-128427006-00056-8",
        "name": "樂田-中正",
        "phone": "02-23583392",
        "address": "臺北市中正區羅斯福路1段8之1號",
        "rating": "優",
        "city": "臺北市"
      },
      "geometry": {
        "type": "Point",
        "coordinates": [
          121.5172457,
          25.034328
        ]
      }
    },
    {
      "type": "Feature",
      "properties": {
        "id": "",
        "registration_no": "A-128427006-00083-8",
        "name": "樂田-松山",
        "phone": "02-27479889",
        "address": "臺北市松山區八德路4段742號B1",
        "rating": "優",
        "city": "臺北市"
      },
      "geometry": {
        "type": "Point",
        "coordinates": [
          121.5778027,
          25.05047641
        ]
      }
    },
    {
      "type": "Feature",
      "properties": {
        "id": "",
        "registration_no": "A-128427006-00051-3",
        "name": "樂田-南京復興",
        "phone": "02-27183100",
        "address": "臺北市松山區復興北路145號1樓",
        "rating": "優",
        "city": "臺北市"
      },
      "geometry": {
        "type": "Point",
        "coordinates": [
          121.5442932,
          25.05363679
        ]
      }
    }
  ]
}
