{"type" : "FeatureCollection", "features" : [{"type": "Feature", "geometry": {"type":"Point","coordinates":[120.347421,23.670144]}, "properties": {"ogc_fid": 17, "restaurant_name": "古早哥飲食店", "inspection_address": "雲林縣土庫鎮埤腳里15鄰扶朝43-3號", "source_city": "新北市", "lon": 120.347421, "lat": 23.670144, "total_inspections": 1, "failed_inspections": 1, "inspection_status": "不合格", "source_years": "109", "sample_names": "青蔥", "noncompliance_reasons": "賜派芬 0.03ppm(標準：0.01ppm 以下)賽氟滅 0.02ppm(標準：不得檢出)"}}, {"type": "Feature", "geometry": {"type":"Point","coordinates":[121.5373211,25.067861]}, "properties": {"ogc_fid": 20, "restaurant_name": "古早園晚餐館", "inspection_address": "濱江果菜市場第17-08攤（承銷號：2054/臺北市中山區民族東路336號）", "source_city": "台北市", "lon": 121.5373211, "lat": 25.067861, "total_inspections": 1, "failed_inspections": 1, "inspection_status": "不合格", "source_years": "112", "sample_names": "杏菜", "noncompliance_reasons": "殺菌劑Pyraclostrobin 百克敏0.32 ppm（標準：0.01 ppm以下）"}}, {"type": "Feature", "geometry": {"type":"Point","coordinates":[121.5639048,25.0615926]}, "properties": {"ogc_fid": 37, "restaurant_name": "古早媽午餐", "inspection_address": "家福股份有限公司三民分公司/臺北市松山區三民路160號", "source_city": "台北市", "lon": 121.5639048, "lat": 25.0615926, "total_inspections": 1, "failed_inspections": 1, "inspection_status": "不合格", "source_years": "111", "sample_names": "家樂福綠豆(有效日期1120426)", "noncompliance_reasons": "殺蟲劑Diflubenzuron 二福隆0.03ppm(標準：0.01ppm以下)"}}, {"type": "Feature", "geometry": {"type":"Point","coordinates":[121.5300527,25.0561274]}, "properties": {"ogc_fid": 47, "restaurant_name": "古早媽食府", "inspection_address": "粒粒鮮股份有限公司(粒粒鮮)/臺北市中山區吉林路146號146之1號", "source_city": "台北市", "lon": 121.5300527, "lat": 25.0561274, "total_inspections": 1, "failed_inspections": 1, "inspection_status": "不合格", "source_years": "113", "sample_names": "九層塔(羅勒)", "noncompliance_reasons": "殺草劑Ametryn 草殺淨0.03ppm(標準：不得檢出)"}}, {"type": "Feature", "geometry": {"type":"Point","coordinates":[121.522821,25.0325548]}, "properties": {"ogc_fid": 86, "restaurant_name": "古早師小吃", "inspection_address": "上海火腿食品(南門市場B57攤)/臺北市大安區杭州南路2段55號", "source_city": "台北市", "lon": 121.522821, "lat": 25.0325548, "total_inspections": 2, "failed_inspections": 2, "inspection_status": "不合格", "source_years": "111", "sample_names": "台灣臘肉", "noncompliance_reasons": "已二烯酸 2.22 g/kg\\n(標準2.0 g/kg)"}}, {"type": "Feature", "geometry": {"type":"Point","coordinates":[121.520313,25.059675]}, "properties": {"ogc_fid": 90, "restaurant_name": "古早師飲食店", "inspection_address": "蔬菜攤/臺北市大同區錦西街38巷18號前", "source_city": "台北市", "lon": 121.520313, "lat": 25.059675, "total_inspections": 1, "failed_inspections": 1, "inspection_status": "不合格", "source_years": "111", "sample_names": "白蘿蔔SA3", "noncompliance_reasons": "殺蟲劑Cypermethrin 賽滅寧0.02ppm(標準：0.01ppm以下) \\n殺蟲劑Fipronil-sulfone芬普尼代謝物0.002ppm(標準：0.001ppm以下)"}}, {"type": "Feature", "geometry": {"type":"Point","coordinates":[121.5281835,25.051898]}, "properties": {"ogc_fid": 106, "restaurant_name": "古早樓便當", "inspection_address": "人杰老四川餐飲管理顧問股份有限公司台北南京東分公司（老四川巴蜀麻辣燙）/臺北市中山區南京東路2段45號1-2樓、47號1-3樓", "source_city": "台北市", "lon": 121.5281835, "lat": 25.051898, "total_inspections": 1, "failed_inspections": 1, "inspection_status": "不合格", "source_years": "113", "sample_names": "蔥", "noncompliance_reasons": "殺菌劑Thifluzamide賽氟滅0.02ppm（標準：不得檢出）"}}, {"type": "Feature", "geometry": {"type":"Point","coordinates":[121.5299598,25.0329362]}, "properties": {"ogc_fid": 111, "restaurant_name": "古早樓米食", "inspection_address": "玖仰茶食文化有限公司永康分公司/臺北市大安區永康街9-1號1樓", "source_city": "台北市", "lon": 121.5299598, "lat": 25.0329362, "total_inspections": 2, "failed_inspections": 2, "inspection_status": "不合格", "source_years": "112", "sample_names": "探春(含冰塊)、紅烏龍(含冰塊)", "noncompliance_reasons": "腸桿菌科：1.1x10^5 CFU/mL\\n(標準：10 CFU/mL)；腸桿菌科：3.3x10^4 CFU/mL\\n(標準：10 CFU/mL)"}}, {"type": "Feature", "geometry": {"type":"Point","coordinates":[121.595822,25.0507014]}, "properties": {"ogc_fid": 116, "restaurant_name": "古早苑午餐", "inspection_address": "六福開發股份有限公司南港分公司/臺北市南港區忠孝東路7段359號7樓", "source_city": "台北市", "lon": 121.595822, "lat": 25.0507014, "total_inspections": 2, "failed_inspections": 2, "inspection_status": "不合格", "source_years": "112、113", "sample_names": "冷凍三點蟹、扁蟹", "noncompliance_reasons": "鎘：0.6mg/kg\\n(標準：0.5mg/kg)；鎘：1.3 mg/kg(標準：0.5 mg/kg)"}}, {"type": "Feature", "geometry": {"type":"Point","coordinates":[120.380742,23.775694]}, "properties": {"ogc_fid": 122, "restaurant_name": "古早苑早餐", "inspection_address": "雲林縣二崙鄉龍結路15-10號", "source_city": "新北市", "lon": 120.380742, "lat": 23.775694, "total_inspections": 2, "failed_inspections": 1, "inspection_status": "不合格", "source_years": "108", "sample_names": "格藍芽(芥藍)、格藍芽2(芥藍)", "noncompliance_reasons": "農藥多重殘留分析(373項)檢出細項賜諾特J(SpinetoramJ)0.02納乃得(Methomyl)0.40護賽寧(Flucythrinate)0.12二硫代胺基甲酸鹽類未檢出達滅芬(Dimethomorph)0.05脫芬瑞(Tolfenpyrad)0.92"}}, {"type": "Feature", "geometry": {"type":"Point","coordinates":[121.5281835,25.051898]}, "properties": {"ogc_fid": 123, "restaurant_name": "古早苑熟食", "inspection_address": "人杰老四川餐飲管理顧問有限公司臺北南京東分公司(老四川巴蜀麻辣燙)/臺北市中山區南京東路2段45號1、2樓；47號1、2樓", "source_city": "台北市", "lon": 121.5281835, "lat": 25.051898, "total_inspections": 1, "failed_inspections": 1, "inspection_status": "不合格", "source_years": "111", "sample_names": "芫荽", "noncompliance_reasons": "殺草劑草脫淨(Atrazine)：0.02ppm(標準：不得檢出)"}}, {"type": "Feature", "geometry": {"type":"Point","coordinates":[121.5432184,25.023492]}, "properties": {"ogc_fid": 142, "restaurant_name": "古早記食府", "inspection_address": "全國食養創作全自助餐復興店(復興小吃店/全國健康素食)/臺北市大安區復興南路2段314號", "source_city": "台北市", "lon": 121.5432184, "lat": 25.023492, "total_inspections": 1, "failed_inspections": 1, "inspection_status": "不合格", "source_years": "111", "sample_names": "白蘿蔔", "noncompliance_reasons": "殺蟲劑Fipronil 芬普尼0.001ppm、Fipronil-sulfone芬普尼代謝物0.001ppm(標準：0.001ppm以下)"}}, {"type": "Feature", "geometry": {"type":"Point","coordinates":[121.5034198,25.13236]}, "properties": {"ogc_fid": 153, "restaurant_name": "古早閣鍋物館", "inspection_address": "北投中繼市場-麗萍豆干美食(72號攤)/臺北市北投區磺港路33號", "source_city": "台北市", "lon": 121.5034198, "lat": 25.13236, "total_inspections": 1, "failed_inspections": 1, "inspection_status": "不合格", "source_years": "112", "sample_names": "泰山干絲", "noncompliance_reasons": "檢出過氧化氫為陽性(不得檢出)"}}, {"type": "Feature", "geometry": {"type":"Point","coordinates":[121.5711331,24.99168]}, "properties": {"ogc_fid": 161, "restaurant_name": "古早館餐廳", "inspection_address": "台灣卡多摩嬰童館股份有限公司木柵分公司/臺北市文山區木柵路2段92號", "source_city": "台北市", "lon": 121.5711331, "lat": 24.99168, "total_inspections": 1, "failed_inspections": 1, "inspection_status": "不合格", "source_years": "111", "sample_names": "萱之愛矽膠副食品分裝盒/L", "noncompliance_reasons": "標示"}}, {"type": "Feature", "geometry": {"type":"Point","coordinates":[121.5407159,25.055778]}, "properties": {"ogc_fid": 166, "restaurant_name": "台灣亭鍋物", "inspection_address": "旺旺水果行（龍江水果行）/臺北市中山區龍江路189號", "source_city": "台北市", "lon": 121.5407159, "lat": 25.055778, "total_inspections": 1, "failed_inspections": 1, "inspection_status": "不合格", "source_years": "113", "sample_names": "大湖草莓", "noncompliance_reasons": "殺菌劑Fludioxonil\\t護汰寧2.2ppm(標準：2.0ppm以下)\\t"}}, {"type": "Feature", "geometry": {"type":"Point","coordinates":[121.4897587,25.0286603]}, "properties": {"ogc_fid": 173, "restaurant_name": "台灣哥熟食館", "inspection_address": "蔬菜攤/臺北市萬華區環河南路2段245號蔬菜攤0068號(環南市場)", "source_city": "台北市", "lon": 121.4897587, "lat": 25.0286603, "total_inspections": 1, "failed_inspections": 1, "inspection_status": "不合格", "source_years": "112", "sample_names": "白蘿蔔", "noncompliance_reasons": "殺蟲劑Clothianidin 可尼丁0.04ppm(標準：0.02ppm以下) \\n殺蟎劑Pyridaben 畢達本0.07ppm(標準：不得檢出)"}}, {"type": "Feature", "geometry": {"type":"Point","coordinates":[121.5778053,25.0715682]}, "properties": {"ogc_fid": 177, "restaurant_name": "台灣園便當店", "inspection_address": "覺旅股份有限公司覺旅咖啡陽光分公司/臺北市內湖區陽光街321巷42號", "source_city": "台北市", "lon": 121.5778053, "lat": 25.0715682, "total_inspections": 2, "failed_inspections": 2, "inspection_status": "不合格", "source_years": "112", "sample_names": "巧克力香蕉冰沙、蘋果野莓冰沙", "noncompliance_reasons": "腸桿菌科：1.1x10^4 CFU/mL\\n(標準：10 CFU/mL)；腸桿菌科：2.2x10^2 CFU/mL\\n(標準：10 CFU/mL)"}}, {"type": "Feature", "geometry": {"type":"Point","coordinates":[121.5259532,25.0648072]}, "properties": {"ogc_fid": 178, "restaurant_name": "台灣園午餐", "inspection_address": "統康生活事業股份有限公司台北農安二店分公司（家樂福超市）/臺北市中山區農安街26號、26-1號", "source_city": "台北市", "lon": 121.5259532, "lat": 25.0648072, "total_inspections": 1, "failed_inspections": 1, "inspection_status": "不合格", "source_years": "113", "sample_names": "青江菜", "noncompliance_reasons": "殺草劑Oxadiazon 樂滅草0.02ppm(標準：0.01ppm以下)"}}, {"type": "Feature", "geometry": {"type":"Point","coordinates":[121.5652968,25.0406521]}, "properties": {"ogc_fid": 179, "restaurant_name": "台灣園合菜", "inspection_address": "遠百企業股份有限公司忠孝分公司(愛買忠孝店)/臺北市信義區忠孝東路5段297號地下1、2、3樓", "source_city": "台北市", "lon": 121.5652968, "lat": 25.0406521, "total_inspections": 1, "failed_inspections": 1, "inspection_status": "不合格", "source_years": "111", "sample_names": "百香果", "noncompliance_reasons": "殺蟲劑Cyromazine賽滅淨0.26ppm（標準：不得檢出）"}}, {"type": "Feature", "geometry": {"type":"Point","coordinates":[121.4897587,25.0286603]}, "properties": {"ogc_fid": 215, "restaurant_name": "台灣媽食府館", "inspection_address": "輝哥蔬菜批發行/臺北市萬華區環河南路2段245號環南市場蔬菜區第184號", "source_city": "台北市", "lon": 121.4897587, "lat": 25.0286603, "total_inspections": 1, "failed_inspections": 1, "inspection_status": "不合格", "source_years": "113", "sample_names": "紅鳳菜", "noncompliance_reasons": "殺草劑Ametryn 草殺淨0.12ppm(標準：不得檢出) \\n殺蟲劑Indoxacarb 因得克0.06ppm(標準：0.01ppm以下)"}}, {"type": "Feature", "geometry": {"type":"Point","coordinates":[121.5072602,25.0368024]}, "properties": {"ogc_fid": 226, "restaurant_name": "台灣嬤食堂", "inspection_address": "延桔行(延桔水果行)/臺北市中正區愛國西路52號1樓", "source_city": "台北市", "lon": 121.5072602, "lat": 25.0368024, "total_inspections": 1, "failed_inspections": 1, "inspection_status": "不合格", "source_years": "111", "sample_names": "百香果", "noncompliance_reasons": "殺菌劑Fluxapyroxad 氟克殺0.05ppm(標準：不得檢出) \\n殺蟲劑Pyriproxyfen 百利普芬0.4ppm(標準：0.2ppm以下) \\n殺蟲劑Cyromazine 賽滅淨0.50ppm(標準：不得檢出)"}}, {"type": "Feature", "geometry": {"type":"Point","coordinates":[121.5139345,25.0162772]}, "properties": {"ogc_fid": 231, "restaurant_name": "台灣家午餐", "inspection_address": "新北市永和區文化路90巷24號1樓", "source_city": "新北市", "lon": 121.5139345, "lat": 25.0162772, "total_inspections": 1, "failed_inspections": 1, "inspection_status": "不合格", "source_years": "108", "sample_names": "胡麻鮮蔬沙拉", "noncompliance_reasons": "大腸桿菌群 150大腸桿菌陰性"}}, {"type": "Feature", "geometry": {"type":"Point","coordinates":[120.2948348,22.6375559]}, "properties": {"ogc_fid": 247, "restaurant_name": "台灣居食府", "inspection_address": "高雄市三民區建國三路112號", "source_city": "新北市", "lon": 120.2948348, "lat": 22.6375559, "total_inspections": 2, "failed_inspections": 2, "inspection_status": "不合格", "source_years": "107、108", "sample_names": "紅玫瑰花", "noncompliance_reasons": "洛寧(Cyhalothrin)0.09二硫代胺基甲酸鹽類未檢出農藥多重殘留分析(373項)檢出細項；貝芬替(Carbendazim)0.99賽洛寧(λ-Cyhalothrin)0.09二硫代胺基甲酸鹽類未檢出農藥多重殘留分析(373項)檢出細項"}}, {"type": "Feature", "geometry": {"type":"Point","coordinates":[121.537286,25.024377]}, "properties": {"ogc_fid": 255, "restaurant_name": "台灣屋餐廳店", "inspection_address": "新鮮屋\\nhttps://www.fresco.casa/", "source_city": "台北市", "lon": 121.537286, "lat": 25.024377, "total_inspections": 1, "failed_inspections": 1, "inspection_status": "不合格", "source_years": "112", "sample_names": "日本熊本草莓2盤/箱", "noncompliance_reasons": "滅派林-1.3ppm\\n(標準:1.0ppm)\\n"}}, {"type": "Feature", "geometry": {"type":"Point","coordinates":[121.5295848,25.0664788]}, "properties": {"ogc_fid": 260, "restaurant_name": "台灣師快炒", "inspection_address": "暢記蔬果行(蔬果行)/臺北市中山區德惠街112號1樓", "source_city": "台北市", "lon": 121.5295848, "lat": 25.0664788, "total_inspections": 1, "failed_inspections": 1, "inspection_status": "不合格", "source_years": "111", "sample_names": "芥藍芽", "noncompliance_reasons": "殺蟲劑Emamectin benzoate 因滅汀0.10ppm(標準：0.05ppm以下)"}}, {"type": "Feature", "geometry": {"type":"Point","coordinates":[121.5545592,25.0478956]}, "properties": {"ogc_fid": 266, "restaurant_name": "台灣師餐廳", "inspection_address": "廣誠素食/臺北市松山區八德路3段140號", "source_city": "台北市", "lon": 121.5545592, "lat": 25.0478956, "total_inspections": 1, "failed_inspections": 1, "inspection_status": "不合格", "source_years": "112", "sample_names": "菜豆", "noncompliance_reasons": "殺蟲劑3-羥基加保扶(3-OH Carbofuran)0.02ppm、加保扶(Carbofuran)0.03ppm(標準：不得檢出)\\n殺蟎劑Ethion 愛殺松0.30ppm(標準：不得檢出) \\n殺蟲劑Etofenprox 依芬寧0.06ppm(標準：不得檢出) \\n殺蟲劑Indoxacarb 因得克0.09ppm(標準：0.01ppm以下) \\n殺菌劑Propamocarb hydrochloride 普拔克0.3ppm(標準：0.1ppm以下) \\n殺菌劑Thifluzamide 賽氟滅0.05(標準：不得檢出)"}}, {"type": "Feature", "geometry": {"type":"Point","coordinates":[121.497064,25.017135]}, "properties": {"ogc_fid": 267, "restaurant_name": "台灣廚午餐", "inspection_address": "臺北市萬華區萬大路533號第一果菜批發市場地號1314", "source_city": "台北市", "lon": 121.497064, "lat": 25.017135, "total_inspections": 1, "failed_inspections": 1, "inspection_status": "不合格", "source_years": "113", "sample_names": "芹菜", "noncompliance_reasons": "殺菌劑Iprobenfos\\t丙基喜樂松0.05ppm(標準：0.01ppm以下)\\t\\n殺菌劑Tricyclazole\\t三賽唑0.03ppm(標準：不得檢出)\\t"}}, {"type": "Feature", "geometry": {"type":"Point","coordinates":[121.5317058,25.0176294]}, "properties": {"ogc_fid": 276, "restaurant_name": "台灣廚麵食", "inspection_address": "GREEN&SAFE 公館店/臺北市大安區羅斯福路3段297號", "source_city": "台北市", "lon": 121.5317058, "lat": 25.0176294, "total_inspections": 1, "failed_inspections": 1, "inspection_status": "不合格", "source_years": "112", "sample_names": "冷凍澳洲穀飼雪花火鍋肉片(有效日期：2024年1月24日)", "noncompliance_reasons": "檢出殘留Ractopamine (未超過標準)，惟產品外包裝標示「定期檢驗無動物用藥殘留」，且業者無法確認該產品確切原產地。"}}, {"type": "Feature", "geometry": {"type":"Point","coordinates":[121.529548,25.1118424]}, "properties": {"ogc_fid": 277, "restaurant_name": "台灣早餐館", "inspection_address": "士東南北雜貨店/臺北市士林區士東路100號士東市場35號攤", "source_city": "台北市", "lon": 121.529548, "lat": 25.1118424, "total_inspections": 1, "failed_inspections": 1, "inspection_status": "不合格", "source_years": "112", "sample_names": "漬の菜\\n(2024/3/10)", "noncompliance_reasons": "二氧化硫0.19g/kg(標準：0.030g/kg以下)"}}, {"type": "Feature", "geometry": {"type":"Point","coordinates":[121.4702459,25.0222959]}, "properties": {"ogc_fid": 283, "restaurant_name": "台灣樓熟食店", "inspection_address": "新北市板橋區民生路2段234巷24弄6號", "source_city": "新北市", "lon": 121.4702459, "lat": 25.0222959, "total_inspections": 2, "failed_inspections": 1, "inspection_status": "不合格", "source_years": "108", "sample_names": "凱薩燻雞沙拉、清炒蒜香時蔬義大利麵", "noncompliance_reasons": "大腸桿菌群43大腸桿菌陰性"}}, {"type": "Feature", "geometry": {"type":"Point","coordinates":[121.5555611,25.0550013]}, "properties": {"ogc_fid": 286, "restaurant_name": "台灣樓食堂", "inspection_address": "惠康百貨股份有限公司松山光復公司(家樂福超市)/臺北市松山區光復北路198號", "source_city": "台北市", "lon": 121.5555611, "lat": 25.0550013, "total_inspections": 1, "failed_inspections": 1, "inspection_status": "不合格", "source_years": "113", "sample_names": "中國白蘿蔔600G", "noncompliance_reasons": "殺蟲劑Thiamethoxam賽速安0.27ppm(標準：0.25ppm以下)"}}, {"type": "Feature", "geometry": {"type":"Point","coordinates":[121.5418751,25.059918]}, "properties": {"ogc_fid": 290, "restaurant_name": "台灣米食", "inspection_address": "梁炎煌/自強市場無市招菜攤/臺北市北投區西安街1段281巷19號", "source_city": "台北市", "lon": 121.5418751, "lat": 25.059918, "total_inspections": 1, "failed_inspections": 1, "inspection_status": "不合格", "source_years": "111", "sample_names": "芹菜(LG2)", "noncompliance_reasons": "殺蟲劑Chlorpyrifos 陶斯松0.06ppm(標準：0.01ppm以下) \\n殺蟲劑Terbufos 托福松0.09ppm(標準：0.05ppm以下)"}}, {"type": "Feature", "geometry": {"type":"Point","coordinates":[120.6382751,24.1323479]}, "properties": {"ogc_fid": 304, "restaurant_name": "台灣莊小吃", "inspection_address": "台中市南屯區永春東二路238號", "source_city": "新北市", "lon": 120.6382751, "lat": 24.1323479, "total_inspections": 1, "failed_inspections": 1, "inspection_status": "不合格", "source_years": "107", "sample_names": "台灣臭豆腐", "noncompliance_reasons": "己二烯酸0.04去水醋酸未檢出苯甲酸未檢出甘精(dulcin)未檢出二甲基黃(dimethylyellow)未檢出二乙基黃(diethylyellow)未檢出"}}, {"type": "Feature", "geometry": {"type":"Point","coordinates":[121.5216567,25.023817]}, "properties": {"ogc_fid": 308, "restaurant_name": "台灣莊料理", "inspection_address": "甯臻恩飲料店(黑丸嫩仙草古亭店)/臺北市中正區同安街65號1樓", "source_city": "台北市", "lon": 121.5216567, "lat": 25.023817, "total_inspections": 1, "failed_inspections": 1, "inspection_status": "不合格", "source_years": "112", "sample_names": "四季青茶(含冰塊)", "noncompliance_reasons": "腸桿菌科：5.8x10^3 CFU/g\\n(標準：10 CFU/g)"}}, {"type": "Feature", "geometry": {"type":"Point","coordinates":[121.562198,25.0289886]}, "properties": {"ogc_fid": 309, "restaurant_name": "台灣莊食堂", "inspection_address": "惠民蔬果量販店/臺北市信義區吳興街157號", "source_city": "台北市", "lon": 121.562198, "lat": 25.0289886, "total_inspections": 1, "failed_inspections": 1, "inspection_status": "不合格", "source_years": "111", "sample_names": "九層塔(羅勒)", "noncompliance_reasons": "殺蟲劑Chlorfenapyr 克凡派1.4ppm(標準： 1.0ppm以下)"}}, {"type": "Feature", "geometry": {"type":"Point","coordinates":[121.5750237,25.0637515]}, "properties": {"ogc_fid": 312, "restaurant_name": "台灣記午餐", "inspection_address": "好市多股份有限公司內湖分公司(COSTCO)/臺北市內湖區舊宗路1段268號、民善街255號", "source_city": "台北市", "lon": 121.5750237, "lat": 25.0637515, "total_inspections": 1, "failed_inspections": 1, "inspection_status": "不合格", "source_years": "112", "sample_names": "空運日本草莓", "noncompliance_reasons": "殺蟲劑Flonicamid 氟尼胺0.10ppm(標準：0.01ppm以下)"}}, {"type": "Feature", "geometry": {"type":"Point","coordinates":[120.453318833,23.798832904]}, "properties": {"ogc_fid": 316, "restaurant_name": "台灣記小吃館", "inspection_address": "雲林縣西螺鎮中山路285號", "source_city": "新北市", "lon": 120.453318832653, "lat": 23.798832904454, "total_inspections": 2, "failed_inspections": 1, "inspection_status": "不合格", "source_years": "107、109", "sample_names": "有機梨仔蒲、萵苣菜", "noncompliance_reasons": "農藥多重殘留分析(373項)檢出細項達滅芬(Dimethomorph)1.10二硫代胺基甲酸鹽類0.42座賽胺(Zoxamide)0.40"}}, {"type": "Feature", "geometry": {"type":"Point","coordinates":[121.4569877,25.1186344]}, "properties": {"ogc_fid": 329, "restaurant_name": "台灣鋪熟食", "inspection_address": "新北市八里區龍米路1段59之1號", "source_city": "新北市", "lon": 121.4569877, "lat": 25.1186344, "total_inspections": 1, "failed_inspections": 1, "inspection_status": "不合格", "source_years": "107", "sample_names": "油豆腐", "noncompliance_reasons": "己二烯酸未檢出甘精(dulcin)未檢出二甲基黃(dimethylyellow)未檢出二乙基黃(diethylyellow)未檢出去水醋酸未檢出苯甲酸0.48"}}, {"type": "Feature", "geometry": {"type":"Point","coordinates":[120.3922657,23.8061994]}, "properties": {"ogc_fid": 331, "restaurant_name": "台灣鋪食堂", "inspection_address": "雲林縣二崙鄉港後村安平路161-15號", "source_city": "新北市", "lon": 120.3922657, "lat": 23.8061994, "total_inspections": 2, "failed_inspections": 1, "inspection_status": "不合格", "source_years": "108", "sample_names": "清江菜、蚵白", "noncompliance_reasons": "Fipronil 芬普尼0.05ppm（標準：0.001ppm 以下）"}}, {"type": "Feature", "geometry": {"type":"Point","coordinates":[120.960515,23.69781]}, "properties": {"ogc_fid": 334, "restaurant_name": "台灣閣便當", "inspection_address": "蝦皮購物-台瑞格(美食&日用品)", "source_city": "台北市", "lon": 120.960515, "lat": 23.69781, "total_inspections": 2, "failed_inspections": 2, "inspection_status": "不合格", "source_years": "113", "sample_names": "竹荪(製造日期：\\n20240903)、竹荪(製造日期：\\n20241010)", "noncompliance_reasons": "1.殺蟲劑克凡派0.09ppm（標準：0.05ppm以下）\\n2.產品外包裝未依規定以中文標示；1.重金屬鎘5mg/kg（標準：2mg/kg以下）\\n2.產品屬包裝食品惟未依規定以中文標示"}}, {"type": "Feature", "geometry": {"type":"Point","coordinates":[120.5100574,23.9576861]}, "properties": {"ogc_fid": 337, "restaurant_name": "台灣閣快炒", "inspection_address": "彰化縣溪湖鎮榕樹路 108號", "source_city": "新北市", "lon": 120.5100574, "lat": 23.9576861, "total_inspections": 3, "failed_inspections": 1, "inspection_status": "不合格", "source_years": "110", "sample_names": "台灣水蓮、台灣青椒、黃秋葵", "noncompliance_reasons": "派滅淨0.02ppm得克利0.02ppm(標準：均為0.01ppm以下)"}}, {"type": "Feature", "geometry": {"type":"Point","coordinates":[121.5668588,25.0363104]}, "properties": {"ogc_fid": 338, "restaurant_name": "台灣閣快炒", "inspection_address": "欣葉台菜信義新天地A9館/臺北市信義區松壽路9號8樓", "source_city": "台北市", "lon": 121.5668588, "lat": 25.0363104, "total_inspections": 2, "failed_inspections": 2, "inspection_status": "不合格", "source_years": "112、113", "sample_names": "九層塔(羅勒)", "noncompliance_reasons": "殺菌劑Mandipropamid\\t曼普胺0.06ppm(標準：不得檢出)\\n殺菌劑Oxathiapiprolin\\t歐西比0.01ppm(標準：不得檢出)\\t；殺菌劑Pyraclostrobin 百克敏0.73ppm(標準：0.01ppm以下)"}}, {"type": "Feature", "geometry": {"type":"Point","coordinates":[121.5783343,25.0378349]}, "properties": {"ogc_fid": 351, "restaurant_name": "台灣館早餐館", "inspection_address": "正宗現做潤餅/臺北市信義區松山路541巷1號", "source_city": "台北市", "lon": 121.5783343, "lat": 25.0378349, "total_inspections": 1, "failed_inspections": 1, "inspection_status": "不合格", "source_years": "111", "sample_names": "豆干丁", "noncompliance_reasons": "檢出苯甲酸1.68 g/kg(標準：0.6 g/kg)、過氧化氫為陽性(不得檢出)"}}, {"type": "Feature", "geometry": {"type":"Point","coordinates":[121.5846872,25.0481837]}, "properties": {"ogc_fid": 353, "restaurant_name": "台灣館米食", "inspection_address": "阿一蔬果有限公司/臺北市南港區忠孝東路6段85號", "source_city": "台北市", "lon": 121.5846872, "lat": 25.0481837, "total_inspections": 2, "failed_inspections": 2, "inspection_status": "不合格", "source_years": "111、113", "sample_names": "日本熊本草莓、龍眼", "noncompliance_reasons": "殺蟲劑Flonicamid\\t氟尼胺0.04ppm(標準：0.01ppm以下)\\t；殺蟲劑Pyriproxyfen 百利普芬0.09ppm(標準：0.01ppm以下)"}}, {"type": "Feature", "geometry": {"type":"Point","coordinates":[121.5733669,25.0411189]}, "properties": {"ogc_fid": 354, "restaurant_name": "台灣館食堂店", "inspection_address": "遠百企業股份有限公司忠孝分公司/臺北市信義區忠孝東路5段297號地下1、2、3樓", "source_city": "台北市", "lon": 121.5733669, "lat": 25.0411189, "total_inspections": 1, "failed_inspections": 1, "inspection_status": "不合格", "source_years": "112", "sample_names": "毛綠豆", "noncompliance_reasons": "芬普尼(Fipronil)0.001ppm (標準:0.001ppm)\\n賽速安(Thiamethoxam)0.03(標準:0.02ppm)"}}, {"type": "Feature", "geometry": {"type":"Point","coordinates":[121.5146888,25.0452642]}, "properties": {"ogc_fid": 359, "restaurant_name": "喜亭午餐館", "inspection_address": "非凡品樂有限公司(HERITAGE)/臺北市中正區漢口街1段73之2號1樓", "source_city": "台北市", "lon": 121.5146888, "lat": 25.0452642, "total_inspections": 1, "failed_inspections": 1, "inspection_status": "不合格", "source_years": "113", "sample_names": "洋甘菊花茶", "noncompliance_reasons": "\\n殺菌劑Triadimenol\\t三泰隆\\n0.27ppm(標準：0.05ppm以下)\\t"}}, {"type": "Feature", "geometry": {"type":"Point","coordinates":[121.5378876,25.0525744]}, "properties": {"ogc_fid": 367, "restaurant_name": "喜哥合菜", "inspection_address": "錦德錩餐飲股份有限公司(土狗樂市)/臺北市中山區建國北路2段3巷17號", "source_city": "台北市", "lon": 121.5378876, "lat": 25.0525744, "total_inspections": 1, "failed_inspections": 1, "inspection_status": "不合格", "source_years": "112", "sample_names": "豆腐", "noncompliance_reasons": "苯甲酸：0.91g/kg(標準：不得檢出)"}}, {"type": "Feature", "geometry": {"type":"Point","coordinates":[121.5292944,25.1185981]}, "properties": {"ogc_fid": 368, "restaurant_name": "喜哥晚餐", "inspection_address": "統康生活事業股份有限公司天母分公司（Mia C'bon）/臺北市士林區天母西路3號2樓", "source_city": "台北市", "lon": 121.5292944, "lat": 25.1185981, "total_inspections": 1, "failed_inspections": 1, "inspection_status": "不合格", "source_years": "113", "sample_names": "青江菜", "noncompliance_reasons": "殺蟲劑Chlorfenapyr 克凡派2.0ppm(標準：1.0ppm以下) \\n殺蟲劑Indoxacarb 因得克2.4ppm(標準：2.0ppm以下)"}}, {"type": "Feature", "geometry": {"type":"Point","coordinates":[121.5093263,25.087666]}, "properties": {"ogc_fid": 369, "restaurant_name": "喜哥米食", "inspection_address": "無市招水果攤/臺北市士林區社中街12號對面", "source_city": "台北市", "lon": 121.5093263, "lat": 25.087666, "total_inspections": 1, "failed_inspections": 1, "inspection_status": "不合格", "source_years": "113", "sample_names": "百香果", "noncompliance_reasons": "殺蟲劑Fenvalerate\\t芬化利0.03ppm(標準：0.01ppm以下)\\t"}}, {"type": "Feature", "geometry": {"type":"Point","coordinates":[121.529675,25.11898]}, "properties": {"ogc_fid": 381, "restaurant_name": "喜園晚餐", "inspection_address": "全聯實業股份有限公司天母天玉分公司/臺北市士林區天母西路3號地下室", "source_city": "台北市", "lon": 121.529675, "lat": 25.11898, "total_inspections": 1, "failed_inspections": 1, "inspection_status": "不合格", "source_years": "112", "sample_names": "結球白菜", "noncompliance_reasons": "殺蟲劑3-酮基加保扶（ 3-keto Carbofuran） 0.03ppm、3-羥基加保扶（ 3 -O H C a rb o fu ra n ） 0 .1 3 p p m 、加保扶（C arbofuran ） 0.04ppm （ 標準： 0.1ppm 以下） \\n殺蟲劑Diflubenzuron二福隆1.3ppm（標準：1.0ppm以下）\\n殺蟲劑Pyriproxyfen百利普芬0.29ppm（標準：0.01ppm以下）\\n殺蟲劑Tolfenpyrad脫芬瑞0.7ppm（標準：0.5ppm以下）"}}, {"type": "Feature", "geometry": {"type":"Point","coordinates":[121.205343664,24.886728567]}, "properties": {"ogc_fid": 383, "restaurant_name": "喜園晚餐", "inspection_address": "桃園市龍潭區工二路 298巷80弄26之7號", "source_city": "新北市", "lon": 121.205343663875, "lat": 24.886728566685, "total_inspections": 1, "failed_inspections": 1, "inspection_status": "不合格", "source_years": "110", "sample_names": "大溪五香豆乾", "noncompliance_reasons": "己二烯酸未檢出苯甲酸0.86去水醋酸未檢出過氧化氫未檢出水楊酸未檢出對羥苯甲酸未檢出皂黃(MetanilYellow)未檢出二甲基黃(dimethylyellow)未檢出二乙基黃(diethylyellow)未檢出芥黃(Auramine)未檢出"}}, {"type": "Feature", "geometry": {"type":"Point","coordinates":[121.529548,25.1118424]}, "properties": {"ogc_fid": 386, "restaurant_name": "喜園鍋物", "inspection_address": "小吳蔬菜行（臺北市士林區士東路100號1樓/士東市場第72號攤）", "source_city": "台北市", "lon": 121.529548, "lat": 25.1118424, "total_inspections": 1, "failed_inspections": 1, "inspection_status": "不合格", "source_years": "112", "sample_names": "青蔥", "noncompliance_reasons": "殺菌劑Mepronil 滅普寧0.10ppm(標準：0.01ppm以下)"}}, {"type": "Feature", "geometry": {"type":"Point","coordinates":[121.5733669,25.0411189]}, "properties": {"ogc_fid": 398, "restaurant_name": "喜姐午餐", "inspection_address": "遠百企業股份有限公司忠孝分公司(愛買忠孝店)/臺北市信義區忠孝東路5段297號地下1.2.3樓", "source_city": "台北市", "lon": 121.5733669, "lat": 25.0411189, "total_inspections": 2, "failed_inspections": 2, "inspection_status": "不合格", "source_years": "112", "sample_names": "台灣茄子400 g、百香果", "noncompliance_reasons": "殺蟎劑Spirodiclofen 賜派芬0.02 ppm（標準：0.01ppm以下）；殺蟲劑Triazophos三落松0.6 ppm（標準：0.5 ppm以下）"}}, {"type": "Feature", "geometry": {"type":"Point","coordinates":[121.5271927,25.0546833]}, "properties": {"ogc_fid": 399, "restaurant_name": "喜姐小吃店", "inspection_address": "長春素食有限公司(長春食素名人館)/臺北市中山區長春路90號2樓、90號2樓之1至42、90號2樓之68至之69、90號2樓之71至之94、新生北路2段38號1樓、林森北路259巷117號1樓、119號1樓、121號1樓、123號1樓", "source_city": "台北市", "lon": 121.5271927, "lat": 25.0546833, "total_inspections": 1, "failed_inspections": 1, "inspection_status": "不合格", "source_years": "111", "sample_names": "白蘿蔔", "noncompliance_reasons": "殺蟲劑Fipronil-sulfone芬普尼代謝物0.002ppm(標準：0.001ppm以下)"}}, {"type": "Feature", "geometry": {"type":"Point","coordinates":[121.51824,25.0324904]}, "properties": {"ogc_fid": 406, "restaurant_name": "喜姐食府", "inspection_address": "阿萬青菜號/臺北市中正區羅斯福路1段8號南門市場B1-17、63、64號攤", "source_city": "台北市", "lon": 121.51824, "lat": 25.0324904, "total_inspections": 1, "failed_inspections": 1, "inspection_status": "不合格", "source_years": "113", "sample_names": "香菜(芫荽)", "noncompliance_reasons": "殺蟲劑Fenitrothion 撲滅松0.02ppm(標準：0.01ppm以下) \\n殺蟲劑Imidacloprid 益達胺0.03ppm(標準：0.01ppm以下) \\n殺菌劑Iprodione 依普同0.03ppm(標準：0.01ppm以下) \\n殺菌劑Mandipropamid 曼普胺0.01ppm(標準：不得檢出)"}}, {"type": "Feature", "geometry": {"type":"Point","coordinates":[121.5556082,25.0584343]}, "properties": {"ogc_fid": 418, "restaurant_name": "喜媽快炒", "inspection_address": "百特蔬果行/臺北市松山區民生東路5段20號", "source_city": "台北市", "lon": 121.5556082, "lat": 25.0584343, "total_inspections": 1, "failed_inspections": 1, "inspection_status": "不合格", "source_years": "111", "sample_names": "香菜(芫荽)", "noncompliance_reasons": "殺蟲劑Phenthoate 賽達松0.05ppm(標準：0.01ppm以下)"}}, {"type": "Feature", "geometry": {"type":"Point","coordinates":[121.6137935,25.0674255]}, "properties": {"ogc_fid": 434, "restaurant_name": "喜家米食店", "inspection_address": "東和蔬果行/臺北市內湖區五分街16號1樓", "source_city": "台北市", "lon": 121.6137935, "lat": 25.0674255, "total_inspections": 3, "failed_inspections": 3, "inspection_status": "不合格", "source_years": "112、113", "sample_names": "木瓜(台農2號)、芥藍芽、辣椒", "noncompliance_reasons": "殺菌劑Difenoconazole待克利\\n1.6ppm（ 標準：0.5ppm以下）\\n殺蟲劑Imidacloprid益達胺 1.2ppm（標準：0.5ppm以下）殺菌劑Pyraclostrobin百克敏 0.8ppm（標準：0.5ppm以下）；殺菌劑Famoxadone 凡殺同0.02ppm(標準：0.01ppm以下)；殺菌劑Isoprothiolane亞賜圃\\n0.09 ppm（標準：0.01 ppm以下）\\n殺菌劑Thifluzamide賽氟滅0.07 ppm（標準：不得檢出）"}}, {"type": "Feature", "geometry": {"type":"Point","coordinates":[121.501283,25.0186398]}, "properties": {"ogc_fid": 442, "restaurant_name": "喜居熱炒", "inspection_address": "宜新蔬果行/臺北市萬華區富民路155巷49之3號", "source_city": "台北市", "lon": 121.501283, "lat": 25.0186398, "total_inspections": 1, "failed_inspections": 1, "inspection_status": "不合格", "source_years": "111", "sample_names": "青江", "noncompliance_reasons": "殺蟲劑Chlorfenapyr 克凡派1.7ppm(標準：1.0ppm以下)"}}, {"type": "Feature", "geometry": {"type":"Point","coordinates":[121.5000823,25.0399013]}, "properties": {"ogc_fid": 447, "restaurant_name": "喜屋小吃", "inspection_address": "米卡餐坊(燒杯咖啡藝廚)/臺北市萬華區西園路1段236號1樓", "source_city": "台北市", "lon": 121.5000823, "lat": 25.0399013, "total_inspections": 1, "failed_inspections": 1, "inspection_status": "不合格", "source_years": "112", "sample_names": "粉玫瑰", "noncompliance_reasons": "殺菌劑Penconazole 平克座0.08ppm(其他(茶類)*:0.05ppm)"}}, {"type": "Feature", "geometry": {"type":"Point","coordinates":[121.5420439,25.0552112]}, "properties": {"ogc_fid": 448, "restaurant_name": "喜屋廚房", "inspection_address": "楊淑美水果攤/臺北市中山區遼寧街160號/公有長春市場外", "source_city": "台北市", "lon": 121.5420439, "lat": 25.0552112, "total_inspections": 1, "failed_inspections": 1, "inspection_status": "不合格", "source_years": "111", "sample_names": "日昇甜木瓜", "noncompliance_reasons": "殺蟎劑Bifenazate 必芬蟎0.02ppm(標準：不得檢出)"}}, {"type": "Feature", "geometry": {"type":"Point","coordinates":[121.5367315,25.0666951]}, "properties": {"ogc_fid": 451, "restaurant_name": "喜屋餐廳館", "inspection_address": "臺北市中山區民族東路410巷2弄20號前", "source_city": "台北市", "lon": 121.5367315, "lat": 25.0666951, "total_inspections": 1, "failed_inspections": 1, "inspection_status": "不合格", "source_years": "113", "sample_names": "九層塔(羅勒)", "noncompliance_reasons": "殺草劑Oxadiazon 樂滅草0.02ppm(標準：0.01ppm以下)"}}, {"type": "Feature", "geometry": {"type":"Point","coordinates":[120.5100574,23.9576861]}, "properties": {"ogc_fid": 460, "restaurant_name": "喜師麵食店", "inspection_address": "彰化縣溪湖鎮榕樹路108號", "source_city": "新北市", "lon": 120.5100574, "lat": 23.9576861, "total_inspections": 2, "failed_inspections": 1, "inspection_status": "不合格", "source_years": "107、109", "sample_names": "台灣菱角、台灣香菜", "noncompliance_reasons": "二硫代胺基甲酸鹽類未檢出農藥多重殘留分析(373項)檢出細項佈飛松(Profenophos)0.22撲滅松(Fenitrothion)0.02賓克隆(Pencycuron)0.56陶斯松(Chlorpyrifos)0.02亞托敏(Azoxystrobin)0.09待克利(Difenoconazole)0.02三泰隆(Triadimenol)0.16"}}, {"type": "Feature", "geometry": {"type":"Point","coordinates":[121.520757,25.110445]}, "properties": {"ogc_fid": 466, "restaurant_name": "喜廚早餐", "inspection_address": "佳祈健保藥局/臺北市北投區明德路144號", "source_city": "台北市", "lon": 121.520757, "lat": 25.110445, "total_inspections": 1, "failed_inspections": 1, "inspection_status": "不合格", "source_years": "111", "sample_names": "碧苜素優視膠囊", "noncompliance_reasons": "DBP:1.4ppm\\n(指標值:0.6ppm)\\n"}}, {"type": "Feature", "geometry": {"type":"Point","coordinates":[121.434423,25.0244993]}, "properties": {"ogc_fid": 467, "restaurant_name": "喜廚晚餐館", "inspection_address": "好膳企業股份有限公司(MIOPANE)/臺北市士林區天母東路43巷3號", "source_city": "台北市", "lon": 121.434423, "lat": 25.0244993, "total_inspections": 1, "failed_inspections": 1, "inspection_status": "不合格", "source_years": "111", "sample_names": "蘿美生菜-進口", "noncompliance_reasons": "殺菌劑Propiconazole 普克利0.03ppm(標準：0.01ppm以下)"}}, {"type": "Feature", "geometry": {"type":"Point","coordinates":[121.4919085,25.0284476]}, "properties": {"ogc_fid": 472, "restaurant_name": "喜廚麵食", "inspection_address": "大福慧素食食品商行/臺北市萬華區西藏路293號1樓", "source_city": "台北市", "lon": 121.4919085, "lat": 25.0284476, "total_inspections": 1, "failed_inspections": 1, "inspection_status": "不合格", "source_years": "113", "sample_names": "猴頭菇", "noncompliance_reasons": "生長調節劑Chlormequat克美素0.13ppm（標準：不得檢出）"}}, {"type": "Feature", "geometry": {"type":"Point","coordinates":[121.5185263,25.0612557]}, "properties": {"ogc_fid": 479, "restaurant_name": "喜早餐", "inspection_address": "臺北市成淵高級中學(寬盈國際企業股份有限公司)/臺北市大同區承德路2段235號", "source_city": "台北市", "lon": 121.5185263, "lat": 25.0612557, "total_inspections": 1, "failed_inspections": 1, "inspection_status": "不合格", "source_years": "112", "sample_names": "手工板豆腐", "noncompliance_reasons": "防腐劑苯甲酸：1.42 g/kg（標準：不得添加）"}}, {"type": "Feature", "geometry": {"type":"Point","coordinates":[121.491099,25.0242639]}, "properties": {"ogc_fid": 492, "restaurant_name": "喜樓食府", "inspection_address": "灃群物流有限公司/臺北市萬華區環河南路3段117、119號", "source_city": "台北市", "lon": 121.491099, "lat": 25.0242639, "total_inspections": 1, "failed_inspections": 1, "inspection_status": "不合格", "source_years": "113", "sample_names": "菠菜", "noncompliance_reasons": "殺菌劑Flutolanil福多寧2.9ppm（標準：2.0ppm以下）\\n殺蟲劑Methomyl納乃得5.8ppm（標準：3.0ppm以下）"}}, {"type": "Feature", "geometry": {"type":"Point","coordinates":[121.5197664,25.1097961]}, "properties": {"ogc_fid": 503, "restaurant_name": "喜苑快炒店", "inspection_address": "旭和藥行/臺北市北投區明德路111號", "source_city": "台北市", "lon": 121.5197664, "lat": 25.1097961, "total_inspections": 1, "failed_inspections": 1, "inspection_status": "不合格", "source_years": "112", "sample_names": "白木耳（有效日期：20250301）", "noncompliance_reasons": "殺蟲劑Methomyl納乃得0.10ppm（標準：不得檢出）"}}, {"type": "Feature", "geometry": {"type":"Point","coordinates":[121.5088501,25.0635865]}, "properties": {"ogc_fid": 513, "restaurant_name": "喜莊熟食館", "inspection_address": "嘉政國際有限公司/臺北市萬華區環河南路1段181-6、181-7號1樓", "source_city": "台北市", "lon": 121.5088501, "lat": 25.0635865, "total_inspections": 1, "failed_inspections": 1, "inspection_status": "不合格", "source_years": "113", "sample_names": "美耐皿餐具(湯匙)", "noncompliance_reasons": "1.未標示淨重、容量或數量。\\n2.未標示湯匙耐熱溫度。"}}, {"type": "Feature", "geometry": {"type":"Point","coordinates":[121.5539481,25.0441119]}, "properties": {"ogc_fid": 518, "restaurant_name": "喜記食堂店", "inspection_address": "全聯實業股份有限公司大安延吉分公司/臺北市大安區市民大道4段190號1.2樓", "source_city": "台北市", "lon": 121.5539481, "lat": 25.0441119, "total_inspections": 1, "failed_inspections": 1, "inspection_status": "不合格", "source_years": "112", "sample_names": "檳城阿來白咖哩麵(有效日期：2023/8/25 )", "noncompliance_reasons": "麵條檢出環氧乙烷0.065mg/kg(標準：不得檢出)、醬料包檢出環氧乙烷0.084mg/kg(標準：不得檢出)"}}, {"type": "Feature", "geometry": {"type":"Point","coordinates":[121.5179271,25.0308163]}, "properties": {"ogc_fid": 520, "restaurant_name": "喜記餐廳", "inspection_address": "臺灣屈臣氏個人用品商店股份有限公司寧波分公司/臺北市中正區寧波西街46號1、2樓", "source_city": "台北市", "lon": 121.5179271, "lat": 25.0308163, "total_inspections": 1, "failed_inspections": 1, "inspection_status": "不合格", "source_years": "111", "sample_names": "【達摩本草】90% Omega-3 專利深海魚油膠囊", "noncompliance_reasons": "DINP:24ppm\\n (指標值:9ppm)"}}, {"type": "Feature", "geometry": {"type":"Point","coordinates":[121.5279769,25.0623355]}, "properties": {"ogc_fid": 536, "restaurant_name": "喜閣晚餐", "inspection_address": "鼎皇麻辣火鍋店/臺北市中山區民權東路2段1號", "source_city": "台北市", "lon": 121.5279769, "lat": 25.0623355, "total_inspections": 1, "failed_inspections": 1, "inspection_status": "不合格", "source_years": "112", "sample_names": "紅辣椒", "noncompliance_reasons": "殺蟲劑Chlorpyrifos 陶斯松0.02ppm(標準：0.01ppm以下) \\n殺菌劑Prochloraz 撲克拉0.03ppm(標準：0.01ppm以下)"}}, {"type": "Feature", "geometry": {"type":"Point","coordinates":[121.525185,25.0213595]}, "properties": {"ogc_fid": 537, "restaurant_name": "喜閣熟食", "inspection_address": "果粉水果行(果粉水果超市汀州店)/臺北市中正區汀州路2段335號", "source_city": "台北市", "lon": 121.525185, "lat": 25.0213595, "total_inspections": 2, "failed_inspections": 2, "inspection_status": "不合格", "source_years": "113", "sample_names": "玉荷包(荔枝)、豌豆", "noncompliance_reasons": "殺菌劑Bupirimate\\t布瑞莫0.02ppm(標準：0.01ppm以下)\\t\\n殺菌劑Prochloraz\\t撲克拉0.69ppm(標準：0.01ppm以下)\\t\\n殺蟲劑Pyriproxyfen\\t百利普芬0.6ppm(標準：0.2ppm以下)\\t\\n殺蟲劑Spinetoram\\t賜諾特0.08ppm(標準：0.05ppm以下)\\t\\n殺蟲劑Tolfenpyrad\\t脫芬瑞0.07ppm(標準：0.01ppm以下)\\t；殺蟲劑Chlorpyrifos陶斯松1.14ppm(標準：不得檢出) \\n殺蟲劑Fenvalerate\\t芬化利1.2ppm(標準：1.0ppm以下)\\t\\n殺蟲劑Permethrin\\t百滅寧0.97ppm(標準：0.01ppm以下)\\t"}}, {"type": "Feature", "geometry": {"type":"Point","coordinates":[121.5681278,25.0368001]}, "properties": {"ogc_fid": 541, "restaurant_name": "喜閣食堂", "inspection_address": "信遠國際開發股份有限公司/臺北市信義區松仁路58號14樓", "source_city": "台北市", "lon": 121.5681278, "lat": 25.0368001, "total_inspections": 1, "failed_inspections": 1, "inspection_status": "不合格", "source_years": "113", "sample_names": "秀珍菇", "noncompliance_reasons": "殺蟲劑Chlorpyrifos陶斯松0.03ppm(標準：不得檢出)"}}, {"type": "Feature", "geometry": {"type":"Point","coordinates":[121.5209438,25.0601745]}, "properties": {"ogc_fid": 545, "restaurant_name": "喜閣麵食館", "inspection_address": "蔬菜攤(程O明)/臺北市中山區錦西街26號", "source_city": "台北市", "lon": 121.5209438, "lat": 25.0601745, "total_inspections": 1, "failed_inspections": 1, "inspection_status": "不合格", "source_years": "113", "sample_names": "香菜(芫荽)", "noncompliance_reasons": "殺草劑Linuron 理有龍0.03ppm(標準：不得檢出)"}}, {"type": "Feature", "geometry": {"type":"Point","coordinates":[121.5845198,25.0396413]}, "properties": {"ogc_fid": 554, "restaurant_name": "喜館食堂", "inspection_address": "吉米蔬果行/臺北市信義區中坡南路257號及261號", "source_city": "台北市", "lon": 121.5845198, "lat": 25.0396413, "total_inspections": 1, "failed_inspections": 1, "inspection_status": "不合格", "source_years": "113", "sample_names": "包心芥菜", "noncompliance_reasons": "殺蟲劑Acetamiprid亞滅培2.5 ppm（標準：2.0 ppm以下）\\n殺菌劑Dimethomorph達滅芬3.7 ppm（標準：2.5ppm以下）\\n殺菌劑Tebuconazole得克利1.47 ppm（標準：0.05ppm以下）"}}, {"type": "Feature", "geometry": {"type":"Point","coordinates":[121.5506538,25.032107]}, "properties": {"ogc_fid": 563, "restaurant_name": "嘉亭飲食店", "inspection_address": "優市大安店/臺北市大安區敦化南路2段11巷38弄15號", "source_city": "台北市", "lon": 121.5506538, "lat": 25.032107, "total_inspections": 2, "failed_inspections": 2, "inspection_status": "不合格", "source_years": "113", "sample_names": "白蘿蔔、芹菜", "noncompliance_reasons": "殺菌劑Dimethomorph 達滅芬2.9ppm(標準：2.5ppm以下) \\n殺蟲劑Indoxacarb 因得克0.03ppm(標準：0.01ppm以下)；殺蟲劑Thiamethoxam 賽速安0.46ppm(標準：0.25ppm以下)"}}, {"type": "Feature", "geometry": {"type":"Point","coordinates":[121.5227728,25.0889724]}, "properties": {"ogc_fid": 573, "restaurant_name": "嘉園便當館", "inspection_address": "璞園餐飲事業有限公司(台南海鮮會館)/臺北市士林區基河路130號地下一層", "source_city": "台北市", "lon": 121.5227728, "lat": 25.0889724, "total_inspections": 1, "failed_inspections": 1, "inspection_status": "不合格", "source_years": "113", "sample_names": "香菜(芫荽)", "noncompliance_reasons": "殺菌劑Pencycuron 賓克隆0.04ppm(標準0.01ppm以下)"}}, {"type": "Feature", "geometry": {"type":"Point","coordinates":[121.543247,25.0410522]}, "properties": {"ogc_fid": 592, "restaurant_name": "嘉坊餐廳", "inspection_address": "遠東都會股份有限公司復興店(city'super復興店)/臺北市大安區忠孝東路3段300號B3樓(遠東SOGO)", "source_city": "台北市", "lon": 121.543247, "lat": 25.0410522, "total_inspections": 2, "failed_inspections": 2, "inspection_status": "不合格", "source_years": "112", "sample_names": "白蘿蔔、芫荽(香菜)", "noncompliance_reasons": "殺蟲劑Fenitrothion 撲滅松0.02 ppm（標準：0.01 ppm以下）；殺蟲劑Fipronil 芬普尼0.007、Fipronil-sulfone芬普尼代謝物0.007 ppm（標準：0.001 ppm以下）"}}, {"type": "Feature", "geometry": {"type":"Point","coordinates":[121.5256149,25.0864719]}, "properties": {"ogc_fid": 593, "restaurant_name": "嘉姐便當店", "inspection_address": "大苑子開發股份有限公司士林文林分公司(大苑子士林文林店)/臺北市士林區文林路20號", "source_city": "台北市", "lon": 121.5256149, "lat": 25.0864719, "total_inspections": 1, "failed_inspections": 1, "inspection_status": "不合格", "source_years": "112", "sample_names": "檸檬", "noncompliance_reasons": "殺蟲劑Chlorpyrifos 陶斯松0.02ppm(標準：0.01ppm以下)"}}, {"type": "Feature", "geometry": {"type":"Point","coordinates":[121.505515,25.0450015]}, "properties": {"ogc_fid": 599, "restaurant_name": "嘉姐食堂", "inspection_address": "象泰泰手工泰式奶茶店(象泰泰)/臺北市萬華區武昌街2段100號1樓", "source_city": "台北市", "lon": 121.505515, "lat": 25.0450015, "total_inspections": 1, "failed_inspections": 1, "inspection_status": "不合格", "source_years": "113", "sample_names": "蝶豆花", "noncompliance_reasons": "殺蟲劑Bifenthrin\\t畢芬寧\\n0.07ppm(標準：0.03ppm以下)\\n殺蟲劑Cypermethrin\\t賽滅寧\\n0.06ppm(標準：0.03ppm以下)\\n殺蟲劑Fipronil\\t芬普尼\\n0.003ppm(標準：0.002ppm以下)\\t\\n殺蟲劑Triazophos\\t三落松\\n0.08ppm(標準：0.05ppm以下)\\t"}}, {"type": "Feature", "geometry": {"type":"Point","coordinates":[121.5479635,24.9813826]}, "properties": {"ogc_fid": 621, "restaurant_name": "嘉家午餐", "inspection_address": "新北市新店區寶中路95-4號", "source_city": "新北市", "lon": 121.5479635, "lat": 24.9813826, "total_inspections": 2, "failed_inspections": 1, "inspection_status": "不合格", "source_years": "107、108", "sample_names": "Zespri奇異果#25、紐西蘭奇異果", "noncompliance_reasons": "依芬寧(Etofenprox)0.02二硫代胺基甲酸鹽類未檢出農藥多重殘留分析(373項)檢出細項"}}, {"type": "Feature", "geometry": {"type":"Point","coordinates":[121.5600558,25.0525998]}, "properties": {"ogc_fid": 624, "restaurant_name": "嘉家早餐", "inspection_address": "武昌市場-無市招攤販/臺北市松山區南京東路5段59巷27弄27號", "source_city": "台北市", "lon": 121.5600558, "lat": 25.0525998, "total_inspections": 1, "failed_inspections": 1, "inspection_status": "不合格", "source_years": "113", "sample_names": "烏骨雞", "noncompliance_reasons": "三甲氧芐氨嘧啶(trimethoprim): 0.1ppm\\n（標準：0.05ppm）"}}, {"type": "Feature", "geometry": {"type":"Point","coordinates":[121.5660561,25.035259]}, "properties": {"ogc_fid": 632, "restaurant_name": "嘉居早餐館", "inspection_address": "旨王開發有限公司（王鍋屋新京都風味鍋物）/臺北市信義區松壽路12號5樓", "source_city": "台北市", "lon": 121.5660561, "lat": 25.035259, "total_inspections": 1, "failed_inspections": 1, "inspection_status": "不合格", "source_years": "113", "sample_names": "青江菜", "noncompliance_reasons": "1.殺蟲劑克凡派(Chlorfenapyr)：1.8ppm(標準：1.0ppm)\\n2.殺蟲劑賽安勃(Cyantraniliprole)：0.43ppm(標準：不得檢出) 3.殺蟲劑芬普尼（Fipronil）：0.077ppm、芬普尼代謝物（ Fipronil-sulfone）：0.027ppm，共計檢出0.104 ppm（標準： 0.001ppm 以下）"}}, {"type": "Feature", "geometry": {"type":"Point","coordinates":[121.52424,25.0947245]}, "properties": {"ogc_fid": 633, "restaurant_name": "嘉居晚餐", "inspection_address": "全國健康素食(士林素食館)/臺北市士林區中正路281號", "source_city": "台北市", "lon": 121.52424, "lat": 25.0947245, "total_inspections": 1, "failed_inspections": 1, "inspection_status": "不合格", "source_years": "112", "sample_names": "九層塔(羅勒)", "noncompliance_reasons": "殺菌劑Azoxystrobin亞托敏3.8 ppm（標準：1.0 ppm以下）\\n殺菌劑Dimethomorph達滅芬4.8 ppm（標準：2.5 ppm以下）"}}, {"type": "Feature", "geometry": {"type":"Point","coordinates":[121.5641955,25.0489815]}, "properties": {"ogc_fid": 639, "restaurant_name": "嘉居麵食館", "inspection_address": "啄木鳥藥師藥局八德店/臺北市松山區八德路4段211號", "source_city": "台北市", "lon": 121.5641955, "lat": 25.0489815, "total_inspections": 1, "failed_inspections": 1, "inspection_status": "不合格", "source_years": "113", "sample_names": "綠芙特級高單位蜂膠軟膠囊", "noncompliance_reasons": "DBP:6.0ppm\\n(指標值:0.6ppm)"}}, {"type": "Feature", "geometry": {"type":"Point","coordinates":[121.5195664,25.0705476]}, "properties": {"ogc_fid": 670, "restaurant_name": "嘉樓快炒", "inspection_address": "意欽早餐店（早安美芝城圓山捷運概念店）/臺北市大同區酒泉街22號", "source_city": "台北市", "lon": 121.5195664, "lat": 25.0705476, "total_inspections": 1, "failed_inspections": 1, "inspection_status": "不合格", "source_years": "112", "sample_names": "美奶滋沙拉", "noncompliance_reasons": "營養標示反式脂肪含量為「0.5公克/每100公克」，惟檢出每100公克反式脂肪酸含量0.71公克，依據「包裝食品營養標示應遵行事項」，反式脂肪含量標示值誤差允許範圍為「小於或等於標示值之120%」（經換算為0.6公克/每100公克），案內產品應依實際數值標示。"}}, {"type": "Feature", "geometry": {"type":"Point","coordinates":[121.592353,25.080129]}, "properties": {"ogc_fid": 673, "restaurant_name": "嘉樓熱炒", "inspection_address": "泰和素食豆干/臺北市內湖區康寧路1段33巷15號", "source_city": "台北市", "lon": 121.592353, "lat": 25.080129, "total_inspections": 1, "failed_inspections": 1, "inspection_status": "不合格", "source_years": "112", "sample_names": "四分豆干\\n(進貨日期：2023/8/22)", "noncompliance_reasons": "殺菌劑過氧化氫：陽性（不得檢出）"}}, {"type": "Feature", "geometry": {"type":"Point","coordinates":[121.5007311,25.0183013]}, "properties": {"ogc_fid": 677, "restaurant_name": "嘉樓食府", "inspection_address": "茂昌菓菜行(茂昌蔬果)/臺北市萬華區富民路155巷27號1樓", "source_city": "台北市", "lon": 121.5007311, "lat": 25.0183013, "total_inspections": 1, "failed_inspections": 1, "inspection_status": "不合格", "source_years": "111", "sample_names": "栗子南瓜", "noncompliance_reasons": "殺菌劑Tebuconazole 得克利0.10ppm(標準：0.01ppm以下)"}}, {"type": "Feature", "geometry": {"type":"Point","coordinates":[121.44839801,25.030334012]}, "properties": {"ogc_fid": 678, "restaurant_name": "嘉樓麵食", "inspection_address": "新北市新莊區瓊林里10鄰瓊林路136號", "source_city": "新北市", "lon": 121.448398009617, "lat": 25.030334012131, "total_inspections": 1, "failed_inspections": 1, "inspection_status": "不合格", "source_years": "108", "sample_names": "豆腐", "noncompliance_reasons": "苯甲酸0.44g/kg(標準：不得檢出)"}}, {"type": "Feature", "geometry": {"type":"Point","coordinates":[121.566819,25.0405415]}, "properties": {"ogc_fid": 697, "restaurant_name": "嘉記早餐", "inspection_address": "為福樓餐廳有限公司/臺北市南港區忠孝東路5段996號", "source_city": "台北市", "lon": 121.566819, "lat": 25.0405415, "total_inspections": 2, "failed_inspections": 2, "inspection_status": "不合格", "source_years": "111、112", "sample_names": "芹菜", "noncompliance_reasons": "殺菌劑Procymidone 撲滅寧5.6ppm(標準：5.0ppm以下)；殺蟲劑Chlorfenapyr 克凡派1.6ppm(標準：1.0ppm以下) \\n殺草劑Thiobencarb 殺丹0.14ppm(標準：0.01ppm以下)"}}, {"type": "Feature", "geometry": {"type":"Point","coordinates":[121.5308078,25.0964289]}, "properties": {"ogc_fid": 704, "restaurant_name": "嘉記餐廳", "inspection_address": "瓦城泰統股份有限公司天母SOGO店(非常泰)/臺北市士林區中正路6段77號8樓", "source_city": "台北市", "lon": 121.5308078, "lat": 25.0964289, "total_inspections": 1, "failed_inspections": 1, "inspection_status": "不合格", "source_years": "113", "sample_names": "青蔥", "noncompliance_reasons": "殺蟲劑Fipronil-sulfone芬普尼代謝物0.004ppm（標準：0.001ppm以下）"}}, {"type": "Feature", "geometry": {"type":"Point","coordinates":[121.595822,25.0507014]}, "properties": {"ogc_fid": 708, "restaurant_name": "嘉鋪料理店", "inspection_address": "六福開發股份有限公司南港分公司(台北六福萬怡酒店)/臺北市南港區忠孝東路7段359號7樓", "source_city": "台北市", "lon": 121.595822, "lat": 25.0507014, "total_inspections": 1, "failed_inspections": 1, "inspection_status": "不合格", "source_years": "111", "sample_names": "冷凍三點蟹", "noncompliance_reasons": "初抽不符合規定，鎘：2.3mg/kg(標準：0.5mg/kg)"}}, {"type": "Feature", "geometry": {"type":"Point","coordinates":[121.5431817,25.0234666]}, "properties": {"ogc_fid": 743, "restaurant_name": "在地哥晚餐", "inspection_address": "全國食養創作全自助餐復興店(全國素食精緻全自助餐)/臺北市大安區復興南路2段314號", "source_city": "台北市", "lon": 121.5431817, "lat": 25.0234666, "total_inspections": 2, "failed_inspections": 2, "inspection_status": "不合格", "source_years": "113", "sample_names": "九層塔(羅勒)、辣椒條", "noncompliance_reasons": "殺蟲劑Chlorfenapyr\\t克凡派0.7ppm(標準：0.5ppm以下)\\t；殺蟲劑Chlorpyrifos陶斯松0.45ppm(標準：不得檢出)\\n殺菌劑Cyazofamid\\t賽座滅0.03ppm(標準：0.01ppm以下)\\t\\n殺蟲劑Imidacloprid\\t益達胺1.2ppm(標準：1.0ppm以下)\\t"}}, {"type": "Feature", "geometry": {"type":"Point","coordinates":[121.5373211,25.067861]}, "properties": {"ogc_fid": 750, "restaurant_name": "在地哥麵食館", "inspection_address": "第二果菜批發市場第17-11號攤(莊O逸)/臺北市中山區民族東路336號", "source_city": "台北市", "lon": 121.5373211, "lat": 25.067861, "total_inspections": 1, "failed_inspections": 1, "inspection_status": "不合格", "source_years": "113", "sample_names": "香菜(芫荽)", "noncompliance_reasons": "殺草劑Ametryn 草殺淨0.04ppm(標準：不得檢出) \\n殺菌劑Hexaconazole 菲克利0.02ppm(標準：0.01ppm以下)"}}, {"type": "Feature", "geometry": {"type":"Point","coordinates":[121.5211081,25.0522182]}, "properties": {"ogc_fid": 767, "restaurant_name": "在地坊快炒", "inspection_address": "新光三越百貨股份有限公司台北南西分公司/臺北市中山區南京西路12號地下2層", "source_city": "台北市", "lon": 121.5211081, "lat": 25.0522182, "total_inspections": 1, "failed_inspections": 1, "inspection_status": "不合格", "source_years": "111", "sample_names": "PC-福岡草莓s", "noncompliance_reasons": "殺菌劑Isopyrazam 亞派占0.50ppm(標準：不得檢出) \\n殺蟎劑Spirotetramat 賜派滅0.04ppm(標準：不得檢出) \\n殺蟲劑Thiacloprid 賽果培0.11ppm(標準：0.01ppm以下)"}}, {"type": "Feature", "geometry": {"type":"Point","coordinates":[121.5167,25.0447108]}, "properties": {"ogc_fid": 770, "restaurant_name": "在地坊飲食店", "inspection_address": "金霖企業社(甘蔗媽媽)/臺北市中正區信陽街5之1號", "source_city": "台北市", "lon": 121.5167, "lat": 25.0447108, "total_inspections": 1, "failed_inspections": 1, "inspection_status": "不合格", "source_years": "113", "sample_names": "招牌甘蔗冰沙(不含配料)", "noncompliance_reasons": "腸桿菌科：2.1x10^3 CFU/mL\\n(標準：10 CFU/mL)"}}, {"type": "Feature", "geometry": {"type":"Point","coordinates":[121.4984156,25.0185059]}, "properties": {"ogc_fid": 772, "restaurant_name": "在地坊麵食館", "inspection_address": "第一果菜批發市場蔬菜零批場地號108/臺北市萬華區萬大路533號", "source_city": "台北市", "lon": 121.4984156, "lat": 25.0185059, "total_inspections": 1, "failed_inspections": 1, "inspection_status": "不合格", "source_years": "111", "sample_names": "包心白菜", "noncompliance_reasons": "殺蟲劑Fenvalerate 芬化利0.6ppm(標準：0.5ppm以下)"}}, {"type": "Feature", "geometry": {"type":"Point","coordinates":[121.4709068,25.0790583]}, "properties": {"ogc_fid": 775, "restaurant_name": "在地姐合菜", "inspection_address": "金德恩國際貿易有限公司/新北市蘆洲區中山一路282號2樓", "source_city": "台北市", "lon": 121.4709068, "lat": 25.0790583, "total_inspections": 1, "failed_inspections": 1, "inspection_status": "不合格", "source_years": "113", "sample_names": "八仙果佛手金磚塊", "noncompliance_reasons": "檢出著色劑「食用色素紅色六號」、「食用色素黃色五號」及「食用色素藍色一號」及甜味劑「甘草素」，惟未於成分內容物標示。"}}, {"type": "Feature", "geometry": {"type":"Point","coordinates":[121.5492185,25.0403395]}, "properties": {"ogc_fid": 788, "restaurant_name": "在地嬤合菜", "inspection_address": "台灣產健股份有限公司台北2店(良食生活)/臺北市大安區敦化南路1段233巷68號", "source_city": "台北市", "lon": 121.5492185, "lat": 25.0403395, "total_inspections": 1, "failed_inspections": 1, "inspection_status": "不合格", "source_years": "113", "sample_names": "茄子", "noncompliance_reasons": "殺蟲劑Imidacloprid 益達胺0.9ppm(標準：0.5ppm以下) \\n殺菌劑Thifluzamide 賽氟滅0.02ppm(標準：不得檢出)"}}, {"type": "Feature", "geometry": {"type":"Point","coordinates":[121.5460728,25.0309894]}, "properties": {"ogc_fid": 790, "restaurant_name": "在地嬤小吃店", "inspection_address": "鼎旺麻辣有限公司(鼎旺麻辣鍋)/臺北市大安區大安路1段 251號", "source_city": "台北市", "lon": 121.5460728, "lat": 25.0309894, "total_inspections": 1, "failed_inspections": 1, "inspection_status": "不合格", "source_years": "113", "sample_names": "竹笙", "noncompliance_reasons": "重金屬鎘3mg/kg(標準：2mg/kg以下)"}}, {"type": "Feature", "geometry": {"type":"Point","coordinates":[120.9685437,23.966416]}, "properties": {"ogc_fid": 802, "restaurant_name": "在地家麵食", "inspection_address": "蝦皮購物-豐產香菇行\\n(https://shopee.tw/feng_chan)", "source_city": "台北市", "lon": 120.9685437, "lat": 23.966416, "total_inspections": 1, "failed_inspections": 1, "inspection_status": "不合格", "source_years": "112", "sample_names": "野生川耳(純素)\\n(有效日期：2024/05/03)", "noncompliance_reasons": "1.檢驗符合規定2.標示不符規定"}}, {"type": "Feature", "geometry": {"type":"Point","coordinates":[121.5146126,25.0460573]}, "properties": {"ogc_fid": 810, "restaurant_name": "在地居料理", "inspection_address": "泰生堂參藥行/臺北市中正區開封街1段100號", "source_city": "台北市", "lon": 121.5146126, "lat": 25.0460573, "total_inspections": 1, "failed_inspections": 1, "inspection_status": "不合格", "source_years": "112", "sample_names": "陝西花椒（有效日期：20250202）（產地：中國大陸）", "noncompliance_reasons": "殺蟲劑Acetamiprid亞滅培0.18ppm（標準：0.05ppm以下）\\n殺蟲劑Chlorpyrifos 陶斯松0.05ppm（標準：0.03ppm以下）\\n殺蟲劑Imidacloprid益達胺0.07ppm（標準：0.05ppm以下）\\n殺菌劑Tebuconazole 得克利0.06ppm（標準：0.05 ppm以下）\\n外包裝標示「合格」、「安心使用」等字樣，涉易生誤解"}}, {"type": "Feature", "geometry": {"type":"Point","coordinates":[121.5427093,25.0792018]}, "properties": {"ogc_fid": 812, "restaurant_name": "在地居米食", "inspection_address": "國賓大飯店股份有限公司遼寧營業所(國賓大飯店股份有限公司中餐廳)/臺北市中山區遼寧街177號", "source_city": "台北市", "lon": 121.5427093, "lat": 25.0792018, "total_inspections": 1, "failed_inspections": 1, "inspection_status": "不合格", "source_years": "113", "sample_names": "香菜(芫荽)", "noncompliance_reasons": "殺菌劑Isoprothiolane\\t亞賜圃0.05ppm(標準：0.01ppm以下)\\t\\n殺蟲劑Phenthoate\\t賽達松0.03ppm(標準：0.01ppm以下)\\t"}}, {"type": "Feature", "geometry": {"type":"Point","coordinates":[121.5275367,25.1149558]}, "properties": {"ogc_fid": 813, "restaurant_name": "在地居食堂", "inspection_address": "御鼎屋食品股份有限公司/臺北市士林區中山北路6段711號", "source_city": "台北市", "lon": 121.5275367, "lat": 25.1149558, "total_inspections": 3, "failed_inspections": 3, "inspection_status": "不合格", "source_years": "113", "sample_names": "白蘿蔔(包)、青江白菜、青蔥", "noncompliance_reasons": "殺蟲劑Chlorfenapyr 克凡派4.6ppm(標準：1.0ppm以下) \\n生長調節劑Paclobutrazol 巴克素0.09ppm(標準：0.01ppm以下) \\n殺蟲劑Pyriproxyfen 百利普芬0.05ppm(標準：0.01ppm以下)；殺蟲劑Clothianidin 可尼丁0.20ppm(標準：0.02ppm以下) \\n殺蟲劑Lufenuron 祿芬隆0.02ppm(標準：0.01ppm以下)；殺蟲劑Tolfenpyrad 脫芬瑞1.2ppm(標準：0.5ppm以下)"}}, {"type": "Feature", "geometry": {"type":"Point","coordinates":[121.5414771,25.0551727]}, "properties": {"ogc_fid": 816, "restaurant_name": "在地屋便當", "inspection_address": "蔬菜攤/臺北市中山區龍江路179巷15之5號", "source_city": "台北市", "lon": 121.5414771, "lat": 25.0551727, "total_inspections": 1, "failed_inspections": 1, "inspection_status": "不合格", "source_years": "113", "sample_names": "韭菜花", "noncompliance_reasons": "殺蟲劑Pyriproxyfen\\t百利普芬0.19ppm(標準：0.01ppm以下)\\t"}}, {"type": "Feature", "geometry": {"type":"Point","coordinates":[121.595822,25.0507014]}, "properties": {"ogc_fid": 817, "restaurant_name": "在地屋小吃店", "inspection_address": "三澧企業股份有限公司(MoMo Paradise南港潤泰牧場)/臺北市南港區忠孝東路7段369號10樓", "source_city": "台北市", "lon": 121.595822, "lat": 25.0507014, "total_inspections": 1, "failed_inspections": 1, "inspection_status": "不合格", "source_years": "112", "sample_names": "青江菜", "noncompliance_reasons": "1.殺菌劑芬普尼(Fipronil)：0.472ppm(標準：0.001ppm)\\n2.殺菌劑芬普尼代謝物(Fipronil-sulfone)：0.06ppm(標準：0.001ppm)\\n3.殺蟲劑百利普芬(Pyriproxyfen)：1.81ppm(標準：0.01ppm)"}}, {"type": "Feature", "geometry": {"type":"Point","coordinates":[120.285721221,23.792516998]}, "properties": {"ogc_fid": 840, "restaurant_name": "在地樓熱炒館", "inspection_address": "雲林縣大埤鄉興安村興安路74之5號", "source_city": "新北市", "lon": 120.285721220556, "lat": 23.792516998077, "total_inspections": 1, "failed_inspections": 1, "inspection_status": "不合格", "source_years": "未知", "sample_names": "酸菜", "noncompliance_reasons": "對羥苯甲酸第二丁酯未檢出二氧化硫0.067對羥苯甲酸異丁酯未檢出己二烯酸未檢出苯甲酸0.41去水醋酸未檢出對羥苯甲酸乙酯未檢出對羥苯甲酸異丙酯未檢出對羥苯甲酸甲酯未檢出對羥苯甲酸丁酯未檢出水楊酸未檢出對羥苯甲酸未檢出對羥苯甲酸丙酯未檢出"}}, {"type": "Feature", "geometry": {"type":"Point","coordinates":[121.5103053,25.0552408]}, "properties": {"ogc_fid": 853, "restaurant_name": "在地苑熱炒店", "inspection_address": "八玖食小食樂趣/臺北市大同區迪化街1段21號永樂市場1019攤", "source_city": "台北市", "lon": 121.5103053, "lat": 25.0552408, "total_inspections": 1, "failed_inspections": 1, "inspection_status": "不合格", "source_years": "112", "sample_names": "非基改秘製豆干（製造日期：2023年12月3日）", "noncompliance_reasons": "防腐劑己二烯酸4.7g/kg（標準：2.0g/kg以下），且該產品為包裝食品，惟未依相關規定標示"}}, {"type": "Feature", "geometry": {"type":"Point","coordinates":[121.497064,25.017135]}, "properties": {"ogc_fid": 856, "restaurant_name": "在地苑餐廳館", "inspection_address": "林O省(蔬菜承銷人3067)/臺北市萬華區萬大路533號(第一果菜批發市場地號1610)", "source_city": "台北市", "lon": 121.497064, "lat": 25.017135, "total_inspections": 1, "failed_inspections": 1, "inspection_status": "不合格", "source_years": "113", "sample_names": "茼蒿", "noncompliance_reasons": "殺菌劑Difenoconazole\\t待克利2.1ppm(標準：1.0ppm以下)\\t"}}, {"type": "Feature", "geometry": {"type":"Point","coordinates":[121.5210206,25.1185042]}, "properties": {"ogc_fid": 862, "restaurant_name": "在地莊料理", "inspection_address": "蘇杭企業股份有限公司天母分公司(蘇杭365)/臺北市北投區明德路365號", "source_city": "台北市", "lon": 121.5210206, "lat": 25.1185042, "total_inspections": 1, "failed_inspections": 1, "inspection_status": "不合格", "source_years": "113", "sample_names": "青蔥", "noncompliance_reasons": "殺菌劑Thifluzamide 賽氟滅0.16ppm(標準：不得檢出)"}}, {"type": "Feature", "geometry": {"type":"Point","coordinates":[121.452171,25.0659564]}, "properties": {"ogc_fid": 865, "restaurant_name": "在地莊鍋物館", "inspection_address": "新北市五股區五權五路31號", "source_city": "新北市", "lon": 121.452171, "lat": 25.0659564, "total_inspections": 2, "failed_inspections": 1, "inspection_status": "不合格", "source_years": "107、108", "sample_names": "玫瑰花瓣、蘿絲玫瑰乾燥花瓣", "noncompliance_reasons": "畢芬寧(Bifenthrin)0.08佈飛松(Profenophos)0.15二硫代胺基甲酸鹽類未檢出農藥多重殘留分析(373項)檢出細項"}}, {"type": "Feature", "geometry": {"type":"Point","coordinates":[121.5574266,25.0518277]}, "properties": {"ogc_fid": 875, "restaurant_name": "在地記料理", "inspection_address": "心元蔘藥行/臺北市松山區南京東路5段291巷20弄6號", "source_city": "台北市", "lon": 121.5574266, "lat": 25.0518277, "total_inspections": 1, "failed_inspections": 1, "inspection_status": "不合格", "source_years": "113", "sample_names": "生機菊花（有效日期：20260620）", "noncompliance_reasons": "1.殺蟲劑Cypermethrin賽滅寧0.14ppm（標準：0.03ppm以下）、殺草劑Pendimethalin施得圃0.07ppm（ 標準： 0.05ppm 以下）、殺菌劑Pydiflumetofen派滅芬0.10ppm（標準：不得檢出）\\n2.產品外包裝標示「檢驗合格」字樣及附有農藥殘留檢驗合格之檢驗報告，標示不實且易生誤解"}}, {"type": "Feature", "geometry": {"type":"Point","coordinates":[121.5448303,25.0461572]}, "properties": {"ogc_fid": 876, "restaurant_name": "在地記晚餐館", "inspection_address": "微風超市股份有限公司(微風超市Breeze Super)/臺北市松山區復興南路1段39號B2\\n", "source_city": "台北市", "lon": 121.5448303, "lat": 25.0461572, "total_inspections": 1, "failed_inspections": 1, "inspection_status": "不合格", "source_years": "111", "sample_names": "甜豌莢(豌豆)", "noncompliance_reasons": "殺蟲劑Indoxacarb 因得克0.23ppm(標準：0.01ppm以下) \\n殺蟲劑Spinetoram 賜諾特0.06ppm(標準：0.05ppm以下)"}}, {"type": "Feature", "geometry": {"type":"Point","coordinates":[121.5249224,25.0270958]}, "properties": {"ogc_fid": 882, "restaurant_name": "在地鋪廚坊店", "inspection_address": "双喜臨門水果行(双囍臨門水果行)/臺北市大安區和平東路3段228巷35號", "source_city": "台北市", "lon": 121.5249224, "lat": 25.0270958, "total_inspections": 5, "failed_inspections": 5, "inspection_status": "不合格", "source_years": "112、113", "sample_names": "玉荷包(荔枝)、芹菜、蒜苗、醜豆(菜豆)、香菜(芫荽)", "noncompliance_reasons": "殺菌劑Dimethomorph\\t達滅芬0.28ppm(標準：0.01ppm以下)\\t\\n殺菌劑Flutolanil\\t福多寧0.64ppm(標準：0.01ppm以下)\\t；殺菌劑Iprobenfos\\t丙基喜樂松0.03ppm(標準：0.01ppm以下)\\t；殺菌劑Pydiflumetofen\\t派滅芬0.01ppm(標準：不得檢出)\\t；殺蟲劑Chlorpyrifos 陶斯松 0.30ppm(標準：0.01ppm以下)；殺蟲劑Clothianidin 可尼丁0.06ppm(標準：0.02ppm以下)"}}, {"type": "Feature", "geometry": {"type":"Point","coordinates":[121.5289851,25.1113482]}, "properties": {"ogc_fid": 888, "restaurant_name": "在地閣小吃館", "inspection_address": "益成蔬果行/臺北市士林區德行東路109巷110號", "source_city": "台北市", "lon": 121.5289851, "lat": 25.1113482, "total_inspections": 1, "failed_inspections": 1, "inspection_status": "不合格", "source_years": "112", "sample_names": "芒果", "noncompliance_reasons": "殺蟲劑陶斯松(Chlorpyrifos)：0.23 ppm（0.01 ppm）"}}, {"type": "Feature", "geometry": {"type":"Point","coordinates":[121.4985771,25.0366509]}, "properties": {"ogc_fid": 909, "restaurant_name": "在地館廚坊店", "inspection_address": "艋舺夜市-男哥現削水果(無市招)/臺北市萬華區廣州街182號前", "source_city": "台北市", "lon": 121.4985771, "lat": 25.0366509, "total_inspections": 1, "failed_inspections": 1, "inspection_status": "不合格", "source_years": "112", "sample_names": "水梨", "noncompliance_reasons": "甜味劑糖精(Saccharin)：0.02 g/kg"}}, {"type": "Feature", "geometry": {"type":"Point","coordinates":[120.28560194,23.792732615]}, "properties": {"ogc_fid": 915, "restaurant_name": "在地館熟食館", "inspection_address": "雲林縣大埤鄉興安村興安路 72號", "source_city": "新北市", "lon": 120.285601939914, "lat": 23.792732615208, "total_inspections": 1, "failed_inspections": 1, "inspection_status": "不合格", "source_years": "未知", "sample_names": "酸菜心(有效日期：2019.12.29)", "noncompliance_reasons": "二氧化硫0.096g/kg(標準：0.03g/kg以下)"}}, {"type": "Feature", "geometry": {"type":"Point","coordinates":[121.5103053,25.0552408]}, "properties": {"ogc_fid": 916, "restaurant_name": "在地館熱炒館", "inspection_address": "八玖食小食樂趣/臺北市大同區迪化街1段21號永樂市場 1019攤", "source_city": "台北市", "lon": 121.5103053, "lat": 25.0552408, "total_inspections": 1, "failed_inspections": 1, "inspection_status": "不合格", "source_years": "113", "sample_names": "大豆干（不辣）", "noncompliance_reasons": "1.防腐劑苯甲酸1.0g/kg（標準：0.6g/kg以下）、己二烯酸4.0g/kg（標準：2.0g/kg以下）\\n2.產品屬包裝食品惟未依規定以中文標示"}}, {"type": "Feature", "geometry": {"type":"Point","coordinates":[121.5748964,25.0600645]}, "properties": {"ogc_fid": 920, "restaurant_name": "在地麵食館", "inspection_address": "家福股份有限公司台北內湖分公司(家樂福內湖店) /臺北市內湖區民善街88 號", "source_city": "台北市", "lon": 121.5748964, "lat": 25.0600645, "total_inspections": 1, "failed_inspections": 1, "inspection_status": "不合格", "source_years": "112", "sample_names": "小白菜(優植)", "noncompliance_reasons": "殺線蟲劑Oxamyl 毆殺滅0.7ppm(標準：0.5ppm以下)"}}, {"type": "Feature", "geometry": {"type":"Point","coordinates":[121.5574266,25.0518277]}, "properties": {"ogc_fid": 921, "restaurant_name": "大亭午餐店", "inspection_address": "田中湯圓/臺北市松山區南京東路5段291巷10號", "source_city": "台北市", "lon": 121.5574266, "lat": 25.0518277, "total_inspections": 1, "failed_inspections": 1, "inspection_status": "不合格", "source_years": "113", "sample_names": "蘿蔔糕", "noncompliance_reasons": "苯甲酸：2.9g/kg\\n（標準：1.0g/kg）"}}, {"type": "Feature", "geometry": {"type":"Point","coordinates":[121.5942295,25.0721197]}, "properties": {"ogc_fid": 934, "restaurant_name": "大哥食府", "inspection_address": "老李港式扒飯(優米自助餐)/臺北市內湖區成功路2段325號B1", "source_city": "台北市", "lon": 121.5942295, "lat": 25.0721197, "total_inspections": 1, "failed_inspections": 1, "inspection_status": "不合格", "source_years": "112", "sample_names": "蔥", "noncompliance_reasons": "殺菌劑Fluopyram\\t氟派瑞0.04ppm(標準：不得檢出)\\t"}}, {"type": "Feature", "geometry": {"type":"Point","coordinates":[121.5733669,25.0411189]}, "properties": {"ogc_fid": 937, "restaurant_name": "大園晚餐", "inspection_address": "遠百企業股份有限公司忠孝分公司(愛買)/臺北市信義區忠孝東路5段297號地下1.2.3樓", "source_city": "台北市", "lon": 121.5733669, "lat": 25.0411189, "total_inspections": 1, "failed_inspections": 1, "inspection_status": "不合格", "source_years": "111", "sample_names": "香菜", "noncompliance_reasons": "殺蟲劑Chlorpyrifos陶斯松0.02ppm（標準：0.01ppm以下）"}}, {"type": "Feature", "geometry": {"type":"Point","coordinates":[120.9262706,24.0394301]}, "properties": {"ogc_fid": 939, "restaurant_name": "大坊便當", "inspection_address": "南投縣埔里鎮合成里西安路3段360號", "source_city": "新北市", "lon": 120.9262706, "lat": 24.0394301, "total_inspections": 1, "failed_inspections": 1, "inspection_status": "不合格", "source_years": "109", "sample_names": "特選百香果", "noncompliance_reasons": "二硫代胺基甲酸鹽類0.83農藥多重殘留分析(380項)檢出細項亞托敏(Azoxystrobin)0.17克凡派(Chlorfenapyr)0.04待克利(Difenoconazole)0.10百利普芬(Pyriproxyfen)0.04得克利(Tebuconazole)0.02氟比來(Fluopicolide)0.13"}}, {"type": "Feature", "geometry": {"type":"Point","coordinates":[121.5254701,25.1186083]}, "properties": {"ogc_fid": 940, "restaurant_name": "大坊便當", "inspection_address": "新潔水菓行(新豐水果店)/臺北市士林區天母西路69號", "source_city": "台北市", "lon": 121.5254701, "lat": 25.1186083, "total_inspections": 1, "failed_inspections": 1, "inspection_status": "不合格", "source_years": "111", "sample_names": "春姫金柑", "noncompliance_reasons": "殺菌劑Iprodione 依普同0.03ppm(標準：0.01ppm以下)"}}, {"type": "Feature", "geometry": {"type":"Point","coordinates":[121.5752868,25.0763188]}, "properties": {"ogc_fid": 943, "restaurant_name": "大坊小吃店", "inspection_address": "時時展餐飲有限公司(泰讚了內湖瑞光店)/臺北市內湖區瑞光路317號1樓", "source_city": "台北市", "lon": 121.5752868, "lat": 25.0763188, "total_inspections": 1, "failed_inspections": 1, "inspection_status": "不合格", "source_years": "112", "sample_names": "蝶豆花", "noncompliance_reasons": "殺蟲劑Flubendiamide 氟大滅0.09ppm(其他(茶類)*:0.05ppm)\\n殺蟲劑Thiacloprid 賽果培0.08ppm(其他(茶類)*:0.05ppm)"}}, {"type": "Feature", "geometry": {"type":"Point","coordinates":[121.5269184,25.0436513]}, "properties": {"ogc_fid": 947, "restaurant_name": "大坊米食", "inspection_address": "豐有蔬果行/臺北市中正區杭州南路1段69號", "source_city": "台北市", "lon": 121.5269184, "lat": 25.0436513, "total_inspections": 1, "failed_inspections": 1, "inspection_status": "不合格", "source_years": "111", "sample_names": "百香果", "noncompliance_reasons": "殺蟲劑Cyromazine 賽滅淨0.05ppm(標準：不得檢出)"}}, {"type": "Feature", "geometry": {"type":"Point","coordinates":[121.5226374,25.1055633]}, "properties": {"ogc_fid": 956, "restaurant_name": "大姐鍋物店", "inspection_address": "家福股份有限公司台北天母分公司/臺北市士林區德行西路47號", "source_city": "台北市", "lon": 121.5226374, "lat": 25.1055633, "total_inspections": 3, "failed_inspections": 3, "inspection_status": "不合格", "source_years": "111、112", "sample_names": "白木耳(有效日期：20230808)、進口白蘿蔔600G、銀耳（有效日期：20240806）", "noncompliance_reasons": "殺蟲劑Thiamethoxam 賽速安0.51ppm(標準：0.25ppm以下)；生長調節劑Chlormequat克美素0.23ppm(標準：不得檢出)；生長調節劑Chlormequat克美素0.24 ppm（標準：不得檢出）"}}, {"type": "Feature", "geometry": {"type":"Point","coordinates":[121.4920665,25.0331063]}, "properties": {"ogc_fid": 958, "restaurant_name": "大媽小吃", "inspection_address": "三商家購股份有限公司萬華環河南分公司(美廉社萬華環河南路店)/臺北市萬華區環河南路2段250巷28弄4號1樓", "source_city": "台北市", "lon": 121.4920665, "lat": 25.0331063, "total_inspections": 1, "failed_inspections": 1, "inspection_status": "不合格", "source_years": "112", "sample_names": "茄子", "noncompliance_reasons": "殺菌劑 Pencycuron 賓克隆 0.09ppm(標準：0.05ppm以下)殺菌劑Zoxamide座賽胺 0.02ppm(標準：不得檢出)"}}, {"type": "Feature", "geometry": {"type":"Point","coordinates":[121.4663753,25.0243342]}, "properties": {"ogc_fid": 967, "restaurant_name": "大嬤合菜", "inspection_address": "惠香食品有限公司/新北市板橋區民有街5號", "source_city": "台北市", "lon": 121.4663753, "lat": 25.0243342, "total_inspections": 1, "failed_inspections": 1, "inspection_status": "不合格", "source_years": "113", "sample_names": "珍茶柚", "noncompliance_reasons": "檢出甜味劑「甜菊糖」及「蔗糖素」，惟未於成分內容物標示。"}}, {"type": "Feature", "geometry": {"type":"Point","coordinates":[121.531919,25.0166334]}, "properties": {"ogc_fid": 982, "restaurant_name": "大家米食店", "inspection_address": "趙不金號(協盛福州商店)/臺北市中正區羅斯福路1段8號 1樓南門市場1F-20", "source_city": "台北市", "lon": 121.531919, "lat": 25.0166334, "total_inspections": 1, "failed_inspections": 1, "inspection_status": "不合格", "source_years": "113", "sample_names": "白木耳", "noncompliance_reasons": "殺蟲劑Imidacloprid益達胺0.50ppm(標準：0.05ppm以下)殺蟲劑Methomyl納乃得0.10ppm(標準：不得檢出)\\n殺蟲劑Phoxim巴賽松0.09ppm(標準：不得檢出)"}}, {"type": "Feature", "geometry": {"type":"Point","coordinates":[121.5529859,25.047606]}, "properties": {"ogc_fid": 990, "restaurant_name": "大居午餐", "inspection_address": "佰芸蔬菜行/臺北市松山區八德路3段74巷3弄18號", "source_city": "台北市", "lon": 121.5529859, "lat": 25.047606, "total_inspections": 1, "failed_inspections": 1, "inspection_status": "不合格", "source_years": "113", "sample_names": "朝天椒(辣椒)", "noncompliance_reasons": "殺蟲劑Buprofezin布芬淨0.02ppm（標準：不得檢出）\\n殺菌劑Pyraclostrobin百克敏0.8ppm（標準：0.5ppm以下）"}}, {"type": "Feature", "geometry": {"type":"Point","coordinates":[121.5292029,25.1189305]}, "properties": {"ogc_fid": 991, "restaurant_name": "大居午餐", "inspection_address": "天寶小吃店(全國健康素食)/臺北市士林區天母西路32號", "source_city": "台北市", "lon": 121.5292029, "lat": 25.1189305, "total_inspections": 2, "failed_inspections": 2, "inspection_status": "不合格", "source_years": "113", "sample_names": "九層塔(羅勒)、青菜豆(豇豆)", "noncompliance_reasons": "殺蟎劑Formetanate\\t覆滅蟎0.40ppm(標準：不得檢出)\\t\\n殺蟲劑Thiamethoxam\\t賽速安0.04ppm(標準：0.02ppm以下)\\t；殺蟲劑Chlorpyrifos\\t陶斯松0.28ppm(標準：0.01ppm以下)\\t"}}, {"type": "Feature", "geometry": {"type":"Point","coordinates":[121.5762746,25.0500218]}, "properties": {"ogc_fid": 1028, "restaurant_name": "大廚餐廳館", "inspection_address": "張阿姨蔬食/臺北市松山區八德路4段673巷6號", "source_city": "台北市", "lon": 121.5762746, "lat": 25.0500218, "total_inspections": 1, "failed_inspections": 1, "inspection_status": "不合格", "source_years": "113", "sample_names": "塔香燒球", "noncompliance_reasons": "1.動物性成分陽性、動物性成分陽性(豬、雞、魚)陽性。\\n2.植物性成分陽性、五辛(洋蔥)陽性。"}}, {"type": "Feature", "geometry": {"type":"Point","coordinates":[121.5752978,25.0604149]}, "properties": {"ogc_fid": 1034, "restaurant_name": "大樓合菜店", "inspection_address": "金探吉事業有限公司(荖子鍋)/臺北市內湖區民善街88號", "source_city": "台北市", "lon": 121.5752978, "lat": 25.0604149, "total_inspections": 1, "failed_inspections": 1, "inspection_status": "不合格", "source_years": "113", "sample_names": "霜淇淋(不含配料)", "noncompliance_reasons": "腸桿菌科：1.5x10^3 CFU/g\\n(標準：10 CFU/g)"}}, {"type": "Feature", "geometry": {"type":"Point","coordinates":[121.5180692,25.031843]}, "properties": {"ogc_fid": 1046, "restaurant_name": "大莊便當", "inspection_address": "顏素眞號（上海火腿公司/臺北市中正區南海路2巷16號1樓）", "source_city": "台北市", "lon": 121.5180692, "lat": 25.031843, "total_inspections": 1, "failed_inspections": 1, "inspection_status": "不合格", "source_years": "112", "sample_names": "竹笙(有效日期：20250130)", "noncompliance_reasons": "漂白劑二氧化硫0.99g/kg（標準：0.50g/kg以下）\\n殺蟲劑Acetamiprid亞滅培0.08ppm（標準：0.05ppm以下）\\n殺蟲劑Chlorfenapyr克凡派0.14ppm（標準：0.05ppm以下）\\n殺蟲劑Chlorpyrifos陶斯松0.06ppm（標準：0.03ppm以下）\\n殺蟲劑Clothianidin可尼丁0.16ppm（標準：0.05ppm以下）\\n殺菌劑Propiconazole普克利0.12ppm（標準：0.05ppm以下）"}}, {"type": "Feature", "geometry": {"type":"Point","coordinates":[121.5284493,25.1189015]}, "properties": {"ogc_fid": 1050, "restaurant_name": "大莊鍋物店", "inspection_address": "白毫素食天地/臺北市士林區天母西路13巷10號1樓", "source_city": "台北市", "lon": 121.5284493, "lat": 25.1189015, "total_inspections": 2, "failed_inspections": 2, "inspection_status": "不合格", "source_years": "111、112", "sample_names": "絲瓜、芥藍", "noncompliance_reasons": "殺草劑Pendimethalin施得圃0.2 ppm（標準：0.1ppm以下）；殺菌劑Tebuconazole 得克利0.09ppm(標準：0.01ppm以下)"}}, {"type": "Feature", "geometry": {"type":"Point","coordinates":[121.5422633,24.9921961]}, "properties": {"ogc_fid": 1055, "restaurant_name": "大莊餐廳館", "inspection_address": "遠百企業股份有限公司景美分公司/臺北市文山區景中街30巷12號1.2樓", "source_city": "台北市", "lon": 121.5422633, "lat": 24.9921961, "total_inspections": 1, "failed_inspections": 1, "inspection_status": "不合格", "source_years": "113", "sample_names": "細粉紅辣椒", "noncompliance_reasons": "克美素-0.08ppm\\n(標準：不得檢出)"}}, {"type": "Feature", "geometry": {"type":"Point","coordinates":[121.5425268,25.0470921]}, "properties": {"ogc_fid": 1065, "restaurant_name": "大鋪午餐", "inspection_address": "潤泰創新國際股份有限公司中崙分公司/臺北市中山區八德路2段306號地下3樓地下2樓之3", "source_city": "台北市", "lon": 121.5425268, "lat": 25.0470921, "total_inspections": 1, "failed_inspections": 1, "inspection_status": "不合格", "source_years": "111", "sample_names": "折疊矽膠保鮮盒GY 540ML", "noncompliance_reasons": "標示"}}, {"type": "Feature", "geometry": {"type":"Point","coordinates":[121.5374028,25.0668501]}, "properties": {"ogc_fid": 1072, "restaurant_name": "大鋪食府店", "inspection_address": "謝O壹/臺北市中山區民族東路410巷2弄O號前", "source_city": "台北市", "lon": 121.5374028, "lat": 25.0668501, "total_inspections": 1, "failed_inspections": 1, "inspection_status": "不合格", "source_years": "113", "sample_names": "刈菜", "noncompliance_reasons": "殺菌劑Propam ocarb hydrochloride普拔克11.6ppm（標準：5.0ppm以下）\\n殺菌劑Tebuconazole得克利0.16ppm（標準：0.05ppm以下）"}}, {"type": "Feature", "geometry": {"type":"Point","coordinates":[121.5627716,25.0283403]}, "properties": {"ogc_fid": 1073, "restaurant_name": "大鋪飲食店", "inspection_address": "興長生蔘藥行/臺北市信義區吳興街197號", "source_city": "台北市", "lon": 121.5627716, "lat": 25.0283403, "total_inspections": 3, "failed_inspections": 3, "inspection_status": "不合格", "source_years": "112、113", "sample_names": "特花椒粒（有效日期：\\n20261019）、特花椒粒（有效日期：20251005）（產地：中國大陸）、白木耳（有效日期20240516）（產地：中國）", "noncompliance_reasons": "殺蟲劑Acetamiprid亞滅培0.87ppm（標準：0.05ppm以下）\\n殺蟲劑Carbofuran加保扶0.37ppm（標準：不得檢出）\\n殺蟲劑Chlorpyrifos陶斯松0.26ppm（標準：0.03ppm以下）\\n殺蟲劑Clothianidin可尼丁0.06ppm（標準：0.03ppm以下）\\n殺菌劑Difenoconazole待克利0.10ppm（標準：0.05ppm以下）\\n殺蟲劑Imidacloprid益達胺0.23ppm（標準：0.05ppm以下）\\n殺菌劑Pyraclostrobin百克敏0.13ppm（標準：0.05ppm以下）\\n殺菌劑Tebuconazole得克利0.34ppm（標準：0.05ppm以下）；殺蟲劑Acetamiprid亞滅培1.08ppm（標準：0.05ppm以下）\\n殺蟲劑Bifenthrin畢芬寧0.07ppm（標準：0.03ppm以下）\\n殺蟲劑Carbofuran加保扶0.82ppm（標準：不得檢出）殺蟲劑Chlorpyrifos陶斯松0.35ppm（標準：不得檢出）殺蟲劑Clothianidin可尼丁0.08ppm（標準：0.03ppm以下）\\n殺菌劑Difenoconazole待克利0.32ppm（標準：0.05ppm以下）\\n殺蟲劑Imidacloprid益達胺0.27ppm（標準：0.05ppm以下）\\n殺菌劑Pyraclostrobin百克敏0.57ppm（標準：0.05ppm以下）\\n殺菌劑Tebuconazole得克利0.85ppm（標準：0.05ppm以下\\n殺蟲劑Cyhalothrin賽洛寧0.08ppm（標準：0.03ppm以下）；生長調節劑Chlormequat 克美素0.32 ppm（標準：不得檢出）"}}, {"type": "Feature", "geometry": {"type":"Point","coordinates":[121.595822,25.0507014]}, "properties": {"ogc_fid": 1076, "restaurant_name": "大閣早餐", "inspection_address": "茄子餐飲事業股份有限公司(茄子咖哩)/臺北市南港區忠孝東路7段369號9樓C棟", "source_city": "台北市", "lon": 121.595822, "lat": 25.0507014, "total_inspections": 1, "failed_inspections": 1, "inspection_status": "不合格", "source_years": "112", "sample_names": "冰紅茶", "noncompliance_reasons": "初抽：腸桿菌科:43(標準:10 CFU/mL)\\n複抽：腸桿菌科:5.7×10^2(標準:10 CFU/mL)"}}, {"type": "Feature", "geometry": {"type":"Point","coordinates":[121.5789859,25.0598147]}, "properties": {"ogc_fid": 1089, "restaurant_name": "好亭廚房", "inspection_address": "大潤發流通事業股份有限公司南湖分公司(大潤發)/臺北市內湖區舊宗路1段188號", "source_city": "台北市", "lon": 121.5789859, "lat": 25.0598147, "total_inspections": 1, "failed_inspections": 1, "inspection_status": "不合格", "source_years": "113", "sample_names": "台灣敏豆", "noncompliance_reasons": "殺菌劑Pyraclostrobin百克敏0.8ppm(標準：0.5ppm以下)"}}, {"type": "Feature", "geometry": {"type":"Point","coordinates":[120.419388,22.576413]}, "properties": {"ogc_fid": 1098, "restaurant_name": "好哥午餐", "inspection_address": "高雄市大寮區過溪里華一街553號", "source_city": "新北市", "lon": 120.419388, "lat": 22.576413, "total_inspections": 1, "failed_inspections": 1, "inspection_status": "不合格", "source_years": "108", "sample_names": "糖醋良京漬", "noncompliance_reasons": "二氧化硫0.228g/kg(標準：0.03g/kg以下)"}}, {"type": "Feature", "geometry": {"type":"Point","coordinates":[121.5245943,25.105306]}, "properties": {"ogc_fid": 1105, "restaurant_name": "好哥食府", "inspection_address": "廣安階/臺北市士林區中山北路6段77號8樓", "source_city": "台北市", "lon": 121.5245943, "lat": 25.105306, "total_inspections": 1, "failed_inspections": 1, "inspection_status": "不合格", "source_years": "113", "sample_names": "清香黑糖冰(不含配料)", "noncompliance_reasons": "腸桿菌科：88 CFU/mL\\n(標準：10 CFU/mL)"}}, {"type": "Feature", "geometry": {"type":"Point","coordinates":[121.5371787,25.06741]}, "properties": {"ogc_fid": 1126, "restaurant_name": "好姐便當店", "inspection_address": "第二果菜批發市場18-08號攤/臺北市中山區民族東路336號", "source_city": "台北市", "lon": 121.5371787, "lat": 25.06741, "total_inspections": 1, "failed_inspections": 1, "inspection_status": "不合格", "source_years": "113", "sample_names": "蔥", "noncompliance_reasons": "殺蟎劑Spirodiclofen 賜派芬0.07ppm(標準：0.01ppm以下)"}}, {"type": "Feature", "geometry": {"type":"Point","coordinates":[121.52219765,25.060937514]}, "properties": {"ogc_fid": 1141, "restaurant_name": "好媽小吃", "inspection_address": "臺北市中山區中山北路2段116巷2之8號1樓", "source_city": "新北市", "lon": 121.522197649592, "lat": 25.060937514091, "total_inspections": 1, "failed_inspections": 1, "inspection_status": "不合格", "source_years": "109", "sample_names": "八仙果", "noncompliance_reasons": "己二烯酸未檢出苯甲酸1.60去水醋酸未檢出糖精(Saccharin)未檢出環己基(代)磺醯胺酸(cyclamate)未檢出甘精(dulcin)未檢出醋磺內酯鉀(Acesulfamepotassium)3.17水楊酸未檢出對羥苯甲酸未檢出食品中著色劑(8項)檢出細項食用紅色六號(NewCoccine)檢出食用黃色五號(SunsetYellow FCF)檢出食用藍色一號(BrilliantBlue FCF)檢出"}}, {"type": "Feature", "geometry": {"type":"Point","coordinates":[121.5106037,25.0595841]}, "properties": {"ogc_fid": 1151, "restaurant_name": "好媽米食館", "inspection_address": "臺北市大同區民樂街 181號 1樓", "source_city": "新北市", "lon": 121.5106037, "lat": 25.0595841, "total_inspections": 2, "failed_inspections": 2, "inspection_status": "不合格", "source_years": "110", "sample_names": "竹笙", "noncompliance_reasons": "鎘4ppm(標準:2 ppm以下)；鎘6ppm(標準:2 ppm以下)"}}, {"type": "Feature", "geometry": {"type":"Point","coordinates":[121.5910271,25.0817943]}, "properties": {"ogc_fid": 1162, "restaurant_name": "好嬤快炒店", "inspection_address": "樂樂水果/臺北市內湖區成功路4段20巷6號", "source_city": "台北市", "lon": 121.5910271, "lat": 25.0817943, "total_inspections": 1, "failed_inspections": 1, "inspection_status": "不合格", "source_years": "111", "sample_names": "特選百香果", "noncompliance_reasons": "殺蟲劑Cyromazine 賽滅淨0.15ppm(標準：不得檢出)"}}, {"type": "Feature", "geometry": {"type":"Point","coordinates":[121.5192071,25.0626318]}, "properties": {"ogc_fid": 1202, "restaurant_name": "好師麵食", "inspection_address": "國裕開發股份有限公司（台北凱撤大飯店王朝餐廳)/臺北市中正區忠孝西路1段38號3樓", "source_city": "台北市", "lon": 121.5192071, "lat": 25.0626318, "total_inspections": 1, "failed_inspections": 1, "inspection_status": "不合格", "source_years": "111", "sample_names": "巴西蘑菇（有效日期：20231009）（產地：中國）", "noncompliance_reasons": "重金屬鎘18mg/kg（標準：2mg/kg以下）"}}, {"type": "Feature", "geometry": {"type":"Point","coordinates":[121.5284308,25.1080451]}, "properties": {"ogc_fid": 1215, "restaurant_name": "好樓早餐", "inspection_address": "無市招蔬果行(高O志)/臺北市士林區德行東路109巷4號", "source_city": "台北市", "lon": 121.5284308, "lat": 25.1080451, "total_inspections": 1, "failed_inspections": 1, "inspection_status": "不合格", "source_years": "112", "sample_names": "(久)韭黃", "noncompliance_reasons": "殺蟎劑Ethion 愛殺松0.09ppm(標準：不得檢出)"}}, {"type": "Feature", "geometry": {"type":"Point","coordinates":[121.537744,25.0667309]}, "properties": {"ogc_fid": 1221, "restaurant_name": "好苑午餐館", "inspection_address": "吳O玲/臺北市中山區民族東路410巷2弄10號前榮濱市場路邊攤\\t", "source_city": "台北市", "lon": 121.537744, "lat": 25.0667309, "total_inspections": 1, "failed_inspections": 1, "inspection_status": "不合格", "source_years": "113", "sample_names": "白蘿蔔5A3", "noncompliance_reasons": "殺蟲劑Dinotefuran\\t達特南0.17ppm(標準：0.05ppm以下)\\t\\n殺蟲劑Malathion\\t馬拉松0.02ppm(標準：0.01ppm以下)\\t"}}, {"type": "Feature", "geometry": {"type":"Point","coordinates":[121.4897587,25.0286603]}, "properties": {"ogc_fid": 1222, "restaurant_name": "好苑小吃館", "inspection_address": "臺北市萬華區環河南路2段245號蔬菜攤0032號", "source_city": "台北市", "lon": 121.4897587, "lat": 25.0286603, "total_inspections": 1, "failed_inspections": 1, "inspection_status": "不合格", "source_years": "113", "sample_names": "九層塔(羅勒)", "noncompliance_reasons": "殺菌劑Dimethomorph 達滅芬4.1ppm(標準：2.5ppm以下)"}}, {"type": "Feature", "geometry": {"type":"Point","coordinates":[121.5036057,25.1323237]}, "properties": {"ogc_fid": 1227, "restaurant_name": "好苑米食", "inspection_address": "阿玉素食(B136北投阿玉素食)/臺北市北投區磺港路33號(北投中繼市場)", "source_city": "台北市", "lon": 121.5036057, "lat": 25.1323237, "total_inspections": 1, "failed_inspections": 1, "inspection_status": "不合格", "source_years": "111", "sample_names": "大豆調理製品 干貝柱", "noncompliance_reasons": "檢出動物性成分陽性(魚)"}}, {"type": "Feature", "geometry": {"type":"Point","coordinates":[121.5574266,25.0518277]}, "properties": {"ogc_fid": 1237, "restaurant_name": "好莊料理館", "inspection_address": "全國食養創作全自助餐/臺北市松山區南京東路5段123巷31號", "source_city": "台北市", "lon": 121.5574266, "lat": 25.0518277, "total_inspections": 1, "failed_inspections": 1, "inspection_status": "不合格", "source_years": "113", "sample_names": "九層塔(羅勒)", "noncompliance_reasons": "殺菌劑Azoxystrobin亞托敏5.4ppm（標準：1.0ppm以下）"}}, {"type": "Feature", "geometry": {"type":"Point","coordinates":[121.6214547,25.0415664]}, "properties": {"ogc_fid": 1238, "restaurant_name": "好莊早餐", "inspection_address": "新北市汐止區宜興街18號", "source_city": "新北市", "lon": 121.6214547, "lat": 25.0415664, "total_inspections": 1, "failed_inspections": 1, "inspection_status": "不合格", "source_years": "107", "sample_names": "牛奶雪花冰", "noncompliance_reasons": "大腸桿菌群3.6生菌數150000大腸桿菌陰性"}}, {"type": "Feature", "geometry": {"type":"Point","coordinates":[121.5214607,25.0538597]}, "properties": {"ogc_fid": 1246, "restaurant_name": "好記午餐", "inspection_address": "總柴日式氷菓專賣(CEO ICE CREAM)/臺北市中山區中山北路2段26巷18號", "source_city": "台北市", "lon": 121.5214607, "lat": 25.0538597, "total_inspections": 1, "failed_inspections": 1, "inspection_status": "不合格", "source_years": "113", "sample_names": "北海道牛奶霜淇淋", "noncompliance_reasons": "腸桿菌科：40 CFU/g\\n(標準：10 CFU/g)"}}, {"type": "Feature", "geometry": {"type":"Point","coordinates":[121.6313447,25.0634438]}, "properties": {"ogc_fid": 1250, "restaurant_name": "好記鍋物", "inspection_address": "新北市汐止區福德一路298號1樓", "source_city": "新北市", "lon": 121.6313447, "lat": 25.0634438, "total_inspections": 1, "failed_inspections": 1, "inspection_status": "不合格", "source_years": "110", "sample_names": "提拉米蘇", "noncompliance_reasons": "大腸桿菌陰性大腸桿菌群1100沙門氏桿菌陰性金黃色葡萄球菌陰性己二烯酸未檢出苯甲酸未檢出去水醋酸未檢出"}}, {"type": "Feature", "geometry": {"type":"Point","coordinates":[121.5531069,25.0388441]}, "properties": {"ogc_fid": 1260, "restaurant_name": "好鋪食堂", "inspection_address": "正大蔘藥行/臺北市大安區忠孝東路4段216巷51號1樓", "source_city": "台北市", "lon": 121.5531069, "lat": 25.0388441, "total_inspections": 1, "failed_inspections": 1, "inspection_status": "不合格", "source_years": "111", "sample_names": "白木耳(有效日期：20231210)", "noncompliance_reasons": "生長調節劑Chlormequat克美素0.18ppm(標準：不得檢出) \\n產品外包裝標示「符合國家檢驗標準」字樣"}}, {"type": "Feature", "geometry": {"type":"Point","coordinates":[121.5562995,25.0297462]}, "properties": {"ogc_fid": 1274, "restaurant_name": "好館食府", "inspection_address": "秋香蔬菜商行/臺北市大安區臨江街29-1號", "source_city": "台北市", "lon": 121.5562995, "lat": 25.0297462, "total_inspections": 1, "failed_inspections": 1, "inspection_status": "不合格", "source_years": "113", "sample_names": "菜豆", "noncompliance_reasons": "殺草劑Ametryn 草殺淨0.02ppm(標準：不得檢出)"}}, {"type": "Feature", "geometry": {"type":"Point","coordinates":[121.604518,25.0525582]}, "properties": {"ogc_fid": 1277, "restaurant_name": "好麵食店", "inspection_address": "三澧企業股份有限公司（Mo- Mo-Paradise南港潤泰牧場）/臺北市南港區忠孝東路7段369號C棟10樓", "source_city": "台北市", "lon": 121.604518, "lat": 25.0525582, "total_inspections": 1, "failed_inspections": 1, "inspection_status": "不合格", "source_years": "113", "sample_names": "青江菜", "noncompliance_reasons": "1.殺蟲劑克凡派(Chlorfenapyr)：1.1ppm(標準：1.0ppm)\\n2.殺蟲劑賽安勃(Cyantraniliprole)：0.77ppm(標準：不得檢出) 3.殺蟲劑芬普尼（Fipronil）：0.144ppm、芬普尼代謝物（ Fipronil-sulfone）：0.047ppm，共計0.191 ppm（標準：0.001ppm以下）"}}, {"type": "Feature", "geometry": {"type":"Point","coordinates":[121.497064,25.017135]}, "properties": {"ogc_fid": 1279, "restaurant_name": "客家亭午餐店", "inspection_address": "第一果菜批發市場/臺北市萬華區萬大路533號地號919", "source_city": "台北市", "lon": 121.497064, "lat": 25.017135, "total_inspections": 1, "failed_inspections": 1, "inspection_status": "不合格", "source_years": "113", "sample_names": "朝天椒(辣椒)", "noncompliance_reasons": "殺蟲劑Flonicamid 氟尼胺0.02ppm(標準：0.01ppm以下)"}}, {"type": "Feature", "geometry": {"type":"Point","coordinates":[121.5384113,25.0649748]}, "properties": {"ogc_fid": 1293, "restaurant_name": "客家哥快炒", "inspection_address": "紀O丞蔬果攤/臺北市中山區民族東路410巷61號", "source_city": "台北市", "lon": 121.5384113, "lat": 25.0649748, "total_inspections": 1, "failed_inspections": 1, "inspection_status": "不合格", "source_years": "112", "sample_names": "刈菜", "noncompliance_reasons": "殺蟲劑Cypermethrin賽滅寧1.3ppm（標準:1.0 ppm以下）\\n殺菌劑Dimethomorph達滅芬2 .8ppm（ 標準： 2 .5ppm以下）\\n殺蟲劑Dinotefuran達特南7.6ppm（標準：2.0ppm以下）"}}, {"type": "Feature", "geometry": {"type":"Point","coordinates":[121.5152267,25.112294]}, "properties": {"ogc_fid": 1304, "restaurant_name": "客家園飲食店", "inspection_address": "元順商行 (小石鍋北投石牌店)/臺北市北投區石牌路1段166巷97號1樓", "source_city": "台北市", "lon": 121.5152267, "lat": 25.112294, "total_inspections": 1, "failed_inspections": 1, "inspection_status": "不合格", "source_years": "111", "sample_names": "黃金酸白菜\\n(2023/4/28 )", "noncompliance_reasons": "二氧化硫0.09 g/kg(漂白劑標準：0.030 g/kg以下)\\n標示添加物：偏亞硫酸鈉(抗氧化劑)(標準：不得檢出) "}}, {"type": "Feature", "geometry": {"type":"Point","coordinates":[121.5256149,25.0864719]}, "properties": {"ogc_fid": 1305, "restaurant_name": "客家坊便當店", "inspection_address": "大苑子士林文林店/臺北市士林區文林路20號", "source_city": "台北市", "lon": 121.5256149, "lat": 25.0864719, "total_inspections": 1, "failed_inspections": 1, "inspection_status": "不合格", "source_years": "111", "sample_names": "檸檬", "noncompliance_reasons": "殺蟲劑Chlorpyrifos 陶斯松0.02ppm(標準：0.01ppm以下)"}}, {"type": "Feature", "geometry": {"type":"Point","coordinates":[121.5671425,25.0361873]}, "properties": {"ogc_fid": 1309, "restaurant_name": "客家坊小吃", "inspection_address": "唯椿企業股份有限公司(miacucina信義店)/臺北市信義區松壽路11號2樓", "source_city": "台北市", "lon": 121.5671425, "lat": 25.0361873, "total_inspections": 1, "failed_inspections": 1, "inspection_status": "不合格", "source_years": "111", "sample_names": "帶蒂甜豆(豌豆)", "noncompliance_reasons": "殺菌劑Flusilazole護矽得0.07ppm（標準：不得檢出）"}}, {"type": "Feature", "geometry": {"type":"Point","coordinates":[121.5371787,25.06741]}, "properties": {"ogc_fid": 1313, "restaurant_name": "客家坊熱炒", "inspection_address": "臺北市第二果菜批發市場18-09號攤/臺北市中山區民族東路336號", "source_city": "台北市", "lon": 121.5371787, "lat": 25.06741, "total_inspections": 1, "failed_inspections": 1, "inspection_status": "不合格", "source_years": "113", "sample_names": "刈菜(包心芥菜)", "noncompliance_reasons": "殺菌劑Flutolanil\\t福多寧0.05ppm(標準：0.01ppm以下)\\t"}}, {"type": "Feature", "geometry": {"type":"Point","coordinates":[121.532277,25.1184752]}, "properties": {"ogc_fid": 1324, "restaurant_name": "客家媽小吃", "inspection_address": "好膳企業股份有限公司(PRESERVE．FOR OUR FUTURE)/臺北市士林區天母東路43巷3號", "source_city": "台北市", "lon": 121.532277, "lat": 25.1184752, "total_inspections": 1, "failed_inspections": 1, "inspection_status": "不合格", "source_years": "112", "sample_names": "白蘿蔔-長條型本產", "noncompliance_reasons": "殺蟲劑Dinotefuran達特南0.06 ppm（標準：0.05 ppm以下）\\n殺蟲劑Emamectin benzoate因滅汀0.011 ppm（標準：不得檢出）\\n殺蟲劑Profenophos佈飛松0.48 ppm（標準：0.05 ppm以下）\\n殺蟲劑Terbufos托福松0.51 ppm（標準：不得檢出）"}}, {"type": "Feature", "geometry": {"type":"Point","coordinates":[121.5628105,25.0280187]}, "properties": {"ogc_fid": 1334, "restaurant_name": "客家家小吃", "inspection_address": "富安蔬果行/臺北市信義區吳興街208號1樓", "source_city": "台北市", "lon": 121.5628105, "lat": 25.0280187, "total_inspections": 3, "failed_inspections": 3, "inspection_status": "不合格", "source_years": "111、112", "sample_names": "埔里百香果、百香果、龍眼", "noncompliance_reasons": "殺菌劑Difenoconazole 待克利0.6ppm(標準：0.5ppm以下)；殺蟲劑Chlorpyrifos 陶斯松0.03ppm(標準：0.01ppm以下)；殺蟲劑Cyromazine 賽滅淨0.48ppm(標準：不得檢出)"}}, {"type": "Feature", "geometry": {"type":"Point","coordinates":[121.5862459,25.0451087]}, "properties": {"ogc_fid": 1341, "restaurant_name": "客家家鍋物", "inspection_address": "幸幸越南素食館(越南蔬食)/臺北市南港區成福路28號", "source_city": "台北市", "lon": 121.5862459, "lat": 25.0451087, "total_inspections": 1, "failed_inspections": 1, "inspection_status": "不合格", "source_years": "112", "sample_names": "東山絲瓜", "noncompliance_reasons": "殺蟲劑3-OH Carbofuran 3-羥基加保扶0.02ppm(標準：不得檢出)"}}, {"type": "Feature", "geometry": {"type":"Point","coordinates":[121.5431817,25.0234666]}, "properties": {"ogc_fid": 1375, "restaurant_name": "客家廚小吃", "inspection_address": "復興小吃店(全國食養創作全自助餐復興店)/臺北市大安區復興南路2段314號", "source_city": "台北市", "lon": 121.5431817, "lat": 25.0234666, "total_inspections": 1, "failed_inspections": 1, "inspection_status": "不合格", "source_years": "113", "sample_names": "辣椒條", "noncompliance_reasons": "殺菌劑Difenoconazole 待克利1.2ppm(標準：0.5ppm以下) \\n殺菌劑Zoxamide 座賽胺0.13ppm(標準：不得檢出)"}}, {"type": "Feature", "geometry": {"type":"Point","coordinates":[121.585395,25.0459689]}, "properties": {"ogc_fid": 1378, "restaurant_name": "客家廚晚餐", "inspection_address": "永祥蔬果行/臺北市南港區同德路77號", "source_city": "台北市", "lon": 121.585395, "lat": 25.0459689, "total_inspections": 3, "failed_inspections": 3, "inspection_status": "不合格", "source_years": "111、112", "sample_names": "特選辣椒、荷仁豆(豌豆)、青江菜", "noncompliance_reasons": "殺蟲劑Chlorfenapyr 克凡派1.4ppm(標準：1.0ppm以下)；殺蟲劑Chlorpyrifos 陶斯松0.19ppm(標準：0.01ppm以下) \\n殺蟲劑Thiamethoxam 賽速安0.11ppm(標準：0.02ppm以下)；殺蟲劑Clothianidin 可尼丁0.15ppm(標準：0.05ppm以下)"}}, {"type": "Feature", "geometry": {"type":"Point","coordinates":[121.5304435,25.0605003]}, "properties": {"ogc_fid": 1402, "restaurant_name": "客家苑麵食店", "inspection_address": "全聯實業股份有限公司台北吉林分公司/臺北市中山區吉林路213、215、217、219號1樓", "source_city": "台北市", "lon": 121.5304435, "lat": 25.0605003, "total_inspections": 1, "failed_inspections": 1, "inspection_status": "不合格", "source_years": "111", "sample_names": "絲瓜", "noncompliance_reasons": "殺菌劑Procymidone 撲滅寧3.1ppm(標準：2.0ppm以下)"}}, {"type": "Feature", "geometry": {"type":"Point","coordinates":[121.5217918,25.0443616]}, "properties": {"ogc_fid": 1412, "restaurant_name": "客家記食堂", "inspection_address": "祥和小吃店(祥和蔬食精緻料理)/臺北市中正區鎮江街1巷1號", "source_city": "台北市", "lon": 121.5217918, "lat": 25.0443616, "total_inspections": 3, "failed_inspections": 3, "inspection_status": "不合格", "source_years": "112、113", "sample_names": "九層塔(羅勒)、敏豆、茄子", "noncompliance_reasons": "殺草劑Ametryn草殺淨0.06ppm（ 標準： 不得檢出） \\n殺菌劑Propamocarb hydrochloride普拔克13.9ppm（標準：10.0ppm以下）；殺蟎劑Etoxazole 依殺蟎0.05ppm(標準：0.01ppm以下)；殺蟎劑Fenazaquin 芬殺蟎0.09ppm(標準：0.01ppm以下)"}}, {"type": "Feature", "geometry": {"type":"Point","coordinates":[121.529967,25.0572189]}, "properties": {"ogc_fid": 1416, "restaurant_name": "客家鋪便當", "inspection_address": "果鮮一品商行(果鮮蔬果超市)/臺北市中山區吉林路176號", "source_city": "台北市", "lon": 121.529967, "lat": 25.0572189, "total_inspections": 1, "failed_inspections": 1, "inspection_status": "不合格", "source_years": "113", "sample_names": "黑葉荔枝", "noncompliance_reasons": "殺蟲劑Deltamethrin 第滅寧1.0ppm(標準：0.5ppm以下) \\n殺菌劑Difenoconazole 待克利3.4ppm(標準：0.5ppm以下)"}}, {"type": "Feature", "geometry": {"type":"Point","coordinates":[121.4897587,25.0286603]}, "properties": {"ogc_fid": 1429, "restaurant_name": "客家鋪食堂館", "inspection_address": "茂盛蔬菜商行/臺北市萬華區環河南路2段245號環南市場第198號攤", "source_city": "台北市", "lon": 121.4897587, "lat": 25.0286603, "total_inspections": 2, "failed_inspections": 2, "inspection_status": "不合格", "source_years": "113", "sample_names": "白蘿蔔、紅鳳菜", "noncompliance_reasons": "殺草劑Ametryn 草殺淨0.02ppm(標準：不得檢出) \\n殺蟲劑Indoxacarb 因得克0.05ppm( 標準：0.01ppm以下)；殺蟲劑Fipronil-sulfone芬普尼代謝物0.002ppm(標準：0.001ppm以下)"}}, {"type": "Feature", "geometry": {"type":"Point","coordinates":[121.4897587,25.0286603]}, "properties": {"ogc_fid": 1437, "restaurant_name": "客家閣麵食", "inspection_address": "我是你的菜/臺北市萬華區環河南路2段245號環南市場蔬菜區152號攤", "source_city": "台北市", "lon": 121.4897587, "lat": 25.0286603, "total_inspections": 1, "failed_inspections": 1, "inspection_status": "不合格", "source_years": "112", "sample_names": "芥菜(包心芥菜)", "noncompliance_reasons": "殺蟲劑Terbufos 托福松0.06ppm(標準：0.05ppm以下)"}}, {"type": "Feature", "geometry": {"type":"Point","coordinates":[121.5271927,25.0546833]}, "properties": {"ogc_fid": 1450, "restaurant_name": "客家麵食", "inspection_address": "唐龍國際餐飲股份有限公司 (龍軒傳承)/臺北市中山區長春路90號2樓", "source_city": "台北市", "lon": 121.5271927, "lat": 25.0546833, "total_inspections": 2, "failed_inspections": 2, "inspection_status": "不合格", "source_years": "112", "sample_names": "紅辣椒、進口白蘿蔔", "noncompliance_reasons": "殺蟲劑Clothianidin 可尼丁0.11 ppm（標準：0.02 ppm以下）；殺蟲劑Flonicamid 氟尼胺0.02 ppm（標準：0.01 ppm以下）"}}, {"type": "Feature", "geometry": {"type":"Point","coordinates":[121.5147531,25.0513239]}, "properties": {"ogc_fid": 1465, "restaurant_name": "家傳便當店", "inspection_address": "無名水果攤/臺北市大同區長安西路218之1號旁", "source_city": "台北市", "lon": 121.5147531, "lat": 25.0513239, "total_inspections": 1, "failed_inspections": 1, "inspection_status": "不合格", "source_years": "113", "sample_names": "百香果", "noncompliance_reasons": "殺蟲劑Cyromazine 賽滅淨0.14ppm(標準：不得檢出)"}}, {"type": "Feature", "geometry": {"type":"Point","coordinates":[121.5653136,25.0419415]}, "properties": {"ogc_fid": 1469, "restaurant_name": "家傳哥晚餐店", "inspection_address": "築間餐飲事業股份有限公司信義世貿營業所(築間幸福鍋物)/臺北市信義區基隆路1段426號1樓", "source_city": "台北市", "lon": 121.5653136, "lat": 25.0419415, "total_inspections": 1, "failed_inspections": 1, "inspection_status": "不合格", "source_years": "113", "sample_names": "青江菜", "noncompliance_reasons": "殺蟲劑Chlorfenapyr 克凡派1.3ppm(標準：1.0ppm以下)"}}, {"type": "Feature", "geometry": {"type":"Point","coordinates":[121.5463538,25.0419631]}, "properties": {"ogc_fid": 1475, "restaurant_name": "家傳哥餐廳店", "inspection_address": "金好家股份有限公司台北大安分公司(進發家大安店)/臺北市大安區大安路1段53號", "source_city": "台北市", "lon": 121.5463538, "lat": 25.0419631, "total_inspections": 2, "failed_inspections": 2, "inspection_status": "不合格", "source_years": "112", "sample_names": "祖傳綠豆沙、萬丹紅豆沙", "noncompliance_reasons": "腸桿菌科：1.5x10^2 CFU/g\\n(標準：10 CFU/g)；腸桿菌科：4.6x10^2 CFU/g\\n(標準：10 CFU/g)"}}, {"type": "Feature", "geometry": {"type":"Point","coordinates":[121.5432417,25.0408932]}, "properties": {"ogc_fid": 1476, "restaurant_name": "家傳園廚房店", "inspection_address": "City's Super 復興店/臺北市大安區忠孝東路3段300號B3", "source_city": "台北市", "lon": 121.5432417, "lat": 25.0408932, "total_inspections": 1, "failed_inspections": 1, "inspection_status": "不合格", "source_years": "111", "sample_names": "K-537 BK/Y耐熱矽膠平鏟", "noncompliance_reasons": "標示"}}, {"type": "Feature", "geometry": {"type":"Point","coordinates":[121.5692133,24.9885632]}, "properties": {"ogc_fid": 1479, "restaurant_name": "家傳園料理", "inspection_address": "阿貞豆腐店(木柵市場第54攤)/臺北市文山區保儀路13巷3號", "source_city": "台北市", "lon": 121.5692133, "lat": 24.9885632, "total_inspections": 1, "failed_inspections": 1, "inspection_status": "不合格", "source_years": "111", "sample_names": "豆干絲(基因改造)(黃)\\n(進貨日期：2022/8/19)", "noncompliance_reasons": "殺菌劑過氧化氫：陽性(標準：不得殘留)"}}, {"type": "Feature", "geometry": {"type":"Point","coordinates":[121.5617694,25.0294842]}, "properties": {"ogc_fid": 1480, "restaurant_name": "家傳園鍋物", "inspection_address": "吳興春天藥局/臺北市信義區吳興街137號1樓", "source_city": "台北市", "lon": 121.5617694, "lat": 25.0294842, "total_inspections": 1, "failed_inspections": 1, "inspection_status": "不合格", "source_years": "113", "sample_names": "速清魚油", "noncompliance_reasons": "DINP:54 ppm\\n(指標值:9 ppm)"}}, {"type": "Feature", "geometry": {"type":"Point","coordinates":[121.4897587,25.0286603]}, "properties": {"ogc_fid": 1486, "restaurant_name": "家傳坊合菜", "inspection_address": "環南坤廷蔬菜/臺北市萬華區環河南路2段245號/環南市場蔬菜區150號攤", "source_city": "台北市", "lon": 121.4897587, "lat": 25.0286603, "total_inspections": 1, "failed_inspections": 1, "inspection_status": "不合格", "source_years": "112", "sample_names": "茼蒿", "noncompliance_reasons": "殺菌劑Difenoconazole 待克利1.9ppm(標準：1.0ppm以下)"}}, {"type": "Feature", "geometry": {"type":"Point","coordinates":[121.5652968,25.0406521]}, "properties": {"ogc_fid": 1491, "restaurant_name": "家傳坊早餐", "inspection_address": "鎮饌股份有限公司(台北彭園會館)/臺北市信義區忠孝東路5段297號5樓", "source_city": "台北市", "lon": 121.5652968, "lat": 25.0406521, "total_inspections": 1, "failed_inspections": 1, "inspection_status": "不合格", "source_years": "111", "sample_names": "芹菜", "noncompliance_reasons": "殺蟲劑Chlorpyrifos 陶斯松0.03ppm(標準：0.01ppm以下)"}}, {"type": "Feature", "geometry": {"type":"Point","coordinates":[121.5492185,25.0403395]}, "properties": {"ogc_fid": 1500, "restaurant_name": "家傳姐晚餐", "inspection_address": "誠果蔬果店/臺北市大安區敦化南路1段233巷65號", "source_city": "台北市", "lon": 121.5492185, "lat": 25.0403395, "total_inspections": 1, "failed_inspections": 1, "inspection_status": "不合格", "source_years": "112", "sample_names": "嚴選白蘿蔔", "noncompliance_reasons": "殺蟲劑Trichlorfon三氯松 0.06ppm（標準：0.01ppm以下）"}}, {"type": "Feature", "geometry": {"type":"Point","coordinates":[121.5660703,25.0354713]}, "properties": {"ogc_fid": 1501, "restaurant_name": "家傳姐米食", "inspection_address": "大地美饌有限公司(KiKi餐廳)/臺北市信義區松壽路12號6樓", "source_city": "台北市", "lon": 121.5660703, "lat": 25.0354713, "total_inspections": 1, "failed_inspections": 1, "inspection_status": "不合格", "source_years": "113", "sample_names": "韭菜花", "noncompliance_reasons": "殺菌劑Cyproconazole\\t環克座0.3ppm(標準：0.2ppm以下)\\t\\n殺蟎劑Spirodiclofen\\t賜派芬0.81ppm(標準：0.01ppm以下)\\t"}}, {"type": "Feature", "geometry": {"type":"Point","coordinates":[121.2716468,24.9534008]}, "properties": {"ogc_fid": 1505, "restaurant_name": "家傳媽食堂", "inspection_address": "桃園市八德區廣福路1357 巷206弄 28號", "source_city": "新北市", "lon": 121.2716468, "lat": 24.9534008, "total_inspections": 1, "failed_inspections": 1, "inspection_status": "不合格", "source_years": "110", "sample_names": "番茄", "noncompliance_reasons": "賓克隆1.53ppm(標準：0.01ppm以下)"}}, {"type": "Feature", "geometry": {"type":"Point","coordinates":[121.5220472,25.094227]}, "properties": {"ogc_fid": 1511, "restaurant_name": "家傳嬤料理", "inspection_address": "欣盛小吃店(晴光精緻自助餐)/臺北市士林區中正路363號", "source_city": "台北市", "lon": 121.5220472, "lat": 25.094227, "total_inspections": 3, "failed_inspections": 3, "inspection_status": "不合格", "source_years": "112、113", "sample_names": "九層塔(羅勒)、芥蘭菜、韭菜", "noncompliance_reasons": "殺菌劑Azoxystrobin\\t亞托敏1.2ppm(標準：1.0ppm以下)\\t\\n殺蟲劑Chlorpyrifos\\t陶斯松0.04ppm(標準：不得檢出)\\t\\t\\t\\n殺菌劑Cyazofamid\\t賽座滅0.04ppm(標準：0.01pm以下)\\t\\n殺草劑Oxadiazon\\t樂滅草0.02ppm(標準：0.01ppm以下)\\t；殺菌劑Boscalid 白克列0.02ppm(標準：0.01ppm以下)；殺蟲劑Chlorpyrifos 陶斯松0.02ppm(標準：0.01ppm以下) \\n殺蟲劑Fipronil 芬普尼0.012ppm、Fipronil-sulfone芬普尼代謝物0.016ppm(標準：0.001ppm以下) \\n殺蟲劑Pyriproxyfen 百利普芬0.51ppm(標準：0.01ppm以下) \\n殺蟲劑Tolfenpyrad 脫芬瑞0.8ppm(標準：0.5ppm以下)"}}, {"type": "Feature", "geometry": {"type":"Point","coordinates":[121.4886078,24.9984728]}, "properties": {"ogc_fid": 1520, "restaurant_name": "家傳家食府館", "inspection_address": "新北市中和區建八路126號", "source_city": "新北市", "lon": 121.4886078, "lat": 24.9984728, "total_inspections": 1, "failed_inspections": 1, "inspection_status": "不合格", "source_years": "108", "sample_names": "芒果珠寶盒", "noncompliance_reasons": "去水醋酸未檢出大腸桿菌群陰性己二烯酸未檢出大腸桿菌陰性苯甲酸未檢出沙門氏桿菌陰性金黃色葡萄球菌陰性"}}, {"type": "Feature", "geometry": {"type":"Point","coordinates":[121.498649,25.066581]}, "properties": {"ogc_fid": 1522, "restaurant_name": "家傳小吃館", "inspection_address": "新北市三重區文化北路65號", "source_city": "新北市", "lon": 121.498649, "lat": 25.066581, "total_inspections": 1, "failed_inspections": 1, "inspection_status": "不合格", "source_years": "107", "sample_names": "太陽農場生機枸杞", "noncompliance_reasons": "可尼丁(Clothianidin)0.08速殺氟(Sulfoxaflor)0.06二硫代胺基甲酸鹽類未檢出農藥多重殘留分析(373項)檢出細項畢芬寧(Bifenthrin)0.07"}}, {"type": "Feature", "geometry": {"type":"Point","coordinates":[121.4998912,25.0348867]}, "properties": {"ogc_fid": 1529, "restaurant_name": "家傳居早餐", "inspection_address": "臺北市萬華區環南市場第473號攤", "source_city": "新北市", "lon": 121.4998912, "lat": 25.0348867, "total_inspections": 1, "failed_inspections": 1, "inspection_status": "不合格", "source_years": "未知", "sample_names": "酸菜心", "noncompliance_reasons": "對羥苯甲酸異丁酯未檢出二氧化硫0.475去水醋酸未檢出對羥苯甲酸乙酯未檢出對羥苯甲酸異丙酯未檢出對羥苯甲酸第二丁酯未檢出對羥苯甲酸甲酯未檢出苯甲酸0.05水楊酸未檢出對羥苯甲酸未檢出己二烯酸未檢出對羥苯甲酸丙酯未檢出對羥苯甲酸丁酯未檢出"}}, {"type": "Feature", "geometry": {"type":"Point","coordinates":[121.5678884,25.0355732]}, "properties": {"ogc_fid": 1534, "restaurant_name": "家傳居食堂", "inspection_address": "辣十九國際開發股份有限公司(馬辣頂級鴛鴦鍋信義店)/臺北市信義區松壽路22號3樓", "source_city": "台北市", "lon": 121.5678884, "lat": 25.0355732, "total_inspections": 1, "failed_inspections": 1, "inspection_status": "不合格", "source_years": "113", "sample_names": "百香果", "noncompliance_reasons": "殺蟲劑Cyromazine 賽滅淨0.12ppm(標準：不得檢出)"}}, {"type": "Feature", "geometry": {"type":"Point","coordinates":[121.13390104,25.061889992]}, "properties": {"ogc_fid": 1536, "restaurant_name": "家傳居食府館", "inspection_address": "桃園市觀音區草漯里忠孝路 610號", "source_city": "新北市", "lon": 121.133901039666, "lat": 25.061889991659, "total_inspections": 1, "failed_inspections": 1, "inspection_status": "不合格", "source_years": "未知", "sample_names": "榨菜絲(有效日期：2020.4.25)", "noncompliance_reasons": "苯甲酸2.60g/kg(標準：0.6g/kg以下)二氧化硫0.06g/kg(標準：0.03g/kg以下)"}}, {"type": "Feature", "geometry": {"type":"Point","coordinates":[121.5577454,25.083201]}, "properties": {"ogc_fid": 1538, "restaurant_name": "家傳居餐廳館", "inspection_address": "瓦城泰統股份有限公司西湖分公司(時時香美麗華店)/臺北市中山區敬業三路20號5樓", "source_city": "台北市", "lon": 121.5577454, "lat": 25.083201, "total_inspections": 1, "failed_inspections": 1, "inspection_status": "不合格", "source_years": "112", "sample_names": "紅辣椒", "noncompliance_reasons": "殺蟲劑Imidacloprid 益達胺1.6ppm(標準：0.5ppm以下) \\n殺菌劑Pyraclostrobin 百克敏0.8ppm(標準：0.5ppm以下)"}}, {"type": "Feature", "geometry": {"type":"Point","coordinates":[121.5098222,25.0576933]}, "properties": {"ogc_fid": 1541, "restaurant_name": "家傳屋熟食", "inspection_address": "旺泰藥材貿易股份有限公司(旺泰蔘藥公司)/臺北市大同區迪化街1段137號", "source_city": "台北市", "lon": 121.5098222, "lat": 25.0576933, "total_inspections": 1, "failed_inspections": 1, "inspection_status": "不合格", "source_years": "111", "sample_names": "白木耳(有效日期：1140810)", "noncompliance_reasons": "殺蟎劑Propargite 毆蟎多0.16ppm(標準：不得檢出) \\n生長調節劑Chlormequat 克美素0.48ppm(標準：不得檢出) \\n外包裝標示「通過SGS檢驗無農藥殘留」、「安心使用」等字樣"}}, {"type": "Feature", "geometry": {"type":"Point","coordinates":[121.567424,25.0344052]}, "properties": {"ogc_fid": 1543, "restaurant_name": "家傳屋熱炒店", "inspection_address": "壹舍國際股份有限公司(真心台菜餐廳)/臺北市信義區松智路17號4樓", "source_city": "台北市", "lon": 121.567424, "lat": 25.0344052, "total_inspections": 1, "failed_inspections": 1, "inspection_status": "不合格", "source_years": "111", "sample_names": "九層塔(羅勒)", "noncompliance_reasons": "殺蟲劑Chlorpyrifos 陶斯松0.07ppm(標準： 0.01ppm以下)"}}, {"type": "Feature", "geometry": {"type":"Point","coordinates":[121.5743171,25.0622554]}, "properties": {"ogc_fid": 1545, "restaurant_name": "家傳屋飲食店", "inspection_address": "特力屋股份有限公司和樂內湖分公司/臺北市內湖區新湖三路23號1樓", "source_city": "台北市", "lon": 121.5743171, "lat": 25.0622554, "total_inspections": 1, "failed_inspections": 1, "inspection_status": "不合格", "source_years": "111", "sample_names": "Reynolds萬用烘焙調理紙30SF", "noncompliance_reasons": "標示"}}, {"type": "Feature", "geometry": {"type":"Point","coordinates":[121.5574266,25.0518277]}, "properties": {"ogc_fid": 1546, "restaurant_name": "家傳師合菜", "inspection_address": "有哆創意蔬食洋食館有限公司(有哆創意蔬食洋食館)/臺北市松山區南京東路5段33號", "source_city": "台北市", "lon": 121.5574266, "lat": 25.0518277, "total_inspections": 1, "failed_inspections": 1, "inspection_status": "不合格", "source_years": "111", "sample_names": "巴西蘑菇", "noncompliance_reasons": "重金屬鎘4mg/kg（標準：2mg/kg以下）"}}, {"type": "Feature", "geometry": {"type":"Point","coordinates":[121.4984156,25.0185059]}, "properties": {"ogc_fid": 1547, "restaurant_name": "家傳師廚坊店", "inspection_address": "3446何O獅/臺北市萬華區萬大路533號蔬菜區地號930", "source_city": "台北市", "lon": 121.4984156, "lat": 25.0185059, "total_inspections": 1, "failed_inspections": 1, "inspection_status": "不合格", "source_years": "112", "sample_names": "迷迭香", "noncompliance_reasons": "殺菌劑Dimethomorph 達滅芬0.06ppm(標準：0.01ppm以下) \\n殺蟲劑Imidacloprid 益達胺0.03ppm(標準：0.01ppm以下) \\n殺草劑Oxadiazon 樂滅草0.04ppm(標準：0.01ppm以下) \\n殺線蟲劑Oxamyl 毆殺滅0.04ppm(標準：0.01ppm以下) \\n殺草劑Pendimethalin 施得圃0.06ppm(標準：0.01ppm以下) \\n殺蟲劑Phenthoate 賽達松0.02ppm(標準：0.01ppm以下)"}}, {"type": "Feature", "geometry": {"type":"Point","coordinates":[121.5252919,25.0558905]}, "properties": {"ogc_fid": 1553, "restaurant_name": "家傳師食堂", "inspection_address": "延柔商行(七盞茶林森店)/臺北市中山區林森北路302號", "source_city": "台北市", "lon": 121.5252919, "lat": 25.0558905, "total_inspections": 1, "failed_inspections": 1, "inspection_status": "不合格", "source_years": "112", "sample_names": "冷凍草莓(製造日期1110923)", "noncompliance_reasons": "殺蟲劑Pirimicarb 比加普0.04ppm(標準：0.01ppm以下)"}}, {"type": "Feature", "geometry": {"type":"Point","coordinates":[121.45898,24.994197]}, "properties": {"ogc_fid": 1568, "restaurant_name": "家傳樓午餐店", "inspection_address": "維元食品有限公司/新北市板橋區和平路10之1號3樓", "source_city": "台北市", "lon": 121.45898, "lat": 24.994197, "total_inspections": 1, "failed_inspections": 1, "inspection_status": "不合格", "source_years": "113", "sample_names": "化應子", "noncompliance_reasons": "檢出甜味劑「蔗糖素」惟未於成分內容物標示。"}}, {"type": "Feature", "geometry": {"type":"Point","coordinates":[121.52565,25.0956192]}, "properties": {"ogc_fid": 1574, "restaurant_name": "家傳樓鍋物館", "inspection_address": "道緣小吃店(寶飽煲)/臺北市士林區福壽街3、5、7號1樓", "source_city": "台北市", "lon": 121.52565, "lat": 25.0956192, "total_inspections": 1, "failed_inspections": 1, "inspection_status": "不合格", "source_years": "112", "sample_names": "青蒜", "noncompliance_reasons": "殺菌劑Azoxystrobin亞托敏0.5ppm（標準：0.1ppm以下）\\n殺菌劑Famoxadone凡殺同0.04ppm（標準：0.01ppm以下）\\n殺菌劑Flutolanil福多寧2.4ppm（標準：2.0ppm以下）"}}, {"type": "Feature", "geometry": {"type":"Point","coordinates":[121.5658852,25.0586727]}, "properties": {"ogc_fid": 1583, "restaurant_name": "家傳苑廚房", "inspection_address": "老翁家/臺北市松山區新東街19號", "source_city": "台北市", "lon": 121.5658852, "lat": 25.0586727, "total_inspections": 1, "failed_inspections": 1, "inspection_status": "不合格", "source_years": "112", "sample_names": "花生粉", "noncompliance_reasons": "黃麴毒素B1：4.8μg/kg(2μg/kg以下)\\n總黃麴毒素B1+B2+G1+G2：5.5μg/kg(4μg/kg以下)"}}, {"type": "Feature", "geometry": {"type":"Point","coordinates":[121.5170657,25.1167711]}, "properties": {"ogc_fid": 1585, "restaurant_name": "家傳苑快炒", "inspection_address": "福家莊小吃店(全國健康素食)/臺北市北投區裕民一路25號", "source_city": "台北市", "lon": 121.5170657, "lat": 25.1167711, "total_inspections": 1, "failed_inspections": 1, "inspection_status": "不合格", "source_years": "111", "sample_names": "白蘿蔔", "noncompliance_reasons": "殺蟲劑Fipronil 芬普尼0.002ppm、Fipronil-sulfone芬普尼代謝物0.004ppm(標準：0.001ppm以下)\\n殺蟲劑Cyhalothrin 賽洛寧0.02ppm(標準：0.01ppm以下)"}}, {"type": "Feature", "geometry": {"type":"Point","coordinates":[121.5442294,25.0481084]}, "properties": {"ogc_fid": 1597, "restaurant_name": "家傳莊晚餐", "inspection_address": "利吉利商行/臺北市松山區復興北路3號", "source_city": "台北市", "lon": 121.5442294, "lat": 25.0481084, "total_inspections": 1, "failed_inspections": 1, "inspection_status": "不合格", "source_years": "112", "sample_names": "美耐加賀筷 黑", "noncompliance_reasons": "1.甲醛：43.0ppm\\n(標準:不得檢出)\\n2.蒸發殘渣：74ppm\\n(標準:30ppm以下)\\n3.未標示淨重、容量或數量"}}, {"type": "Feature", "geometry": {"type":"Point","coordinates":[121.5604108,25.0364044]}, "properties": {"ogc_fid": 1615, "restaurant_name": "家傳鋪廚坊", "inspection_address": "同學の店/臺北市信義區仁愛路4段496巷19號", "source_city": "台北市", "lon": 121.5604108, "lat": 25.0364044, "total_inspections": 2, "failed_inspections": 2, "inspection_status": "不合格", "source_years": "113", "sample_names": "芥藍、菠菜", "noncompliance_reasons": "殺蟲劑Emamectin benzoate 因滅汀總量0.13ppm(標準：0.05ppm以下) \\n殺蟲劑Fenvalerate 芬化利5.1ppm(標準：2.0ppm以下) \\n殺蟲劑Methomyl 納乃得5.1ppm(標準：3.0ppm以下) \\n殺蟲劑Profenophos 佈飛松1.3ppm(標準：1.0ppm以下) \\n殺菌劑Pyraclostrobin 百克敏3.2ppm(標準：2.0ppm以下) \\n殺蟲劑Pyriproxyfen 百利普芬0.98ppm(標準：0.01ppm以下) \\n殺蟲劑Thiodicarb 硫敵克4.4ppm(標準：1.0ppm以下)；殺蟲劑Imidacloprid益達胺1.7pm（標準：1.0ppm以下）"}}, {"type": "Feature", "geometry": {"type":"Point","coordinates":[121.592353,25.080129]}, "properties": {"ogc_fid": 1633, "restaurant_name": "家傳飲食店", "inspection_address": "湖光市場無市招菜攤(葉O雲)/臺北市內湖區康寧路1段26巷1號旁", "source_city": "台北市", "lon": 121.592353, "lat": 25.080129, "total_inspections": 3, "failed_inspections": 3, "inspection_status": "不合格", "source_years": "112", "sample_names": "大芥菜(包心芥菜)、茼蒿、菠菜", "noncompliance_reasons": "殺菌劑Difenoconazole 待克利1.4ppm(標準：1.0ppm以下)；殺蟲劑Abamectin 阿巴汀0.12ppm(標準：0.05ppm以下) \\n殺蟲劑Chlorfenapyr 克凡派1.5ppm(標準：1.0ppm以下) \\n殺蟲劑Methomyl 納乃得0.8ppm(標準：0.7以下)；殺蟲劑Indoxacarb 因得克0.28ppm(標準： 0.01ppm以下)"}}, {"type": "Feature", "geometry": {"type":"Point","coordinates":[121.5297456,25.0408708]}, "properties": {"ogc_fid": 1639, "restaurant_name": "家傳館快炒", "inspection_address": "上海鄉村股份有限公司濟南分公司/臺北市中正區濟南路2段37號1樓及37之1號1樓", "source_city": "台北市", "lon": 121.5297456, "lat": 25.0408708, "total_inspections": 1, "failed_inspections": 1, "inspection_status": "不合格", "source_years": "111", "sample_names": "竹笙", "noncompliance_reasons": "殺蟲劑Dinotefuran達特南0.18ppm（標準：不得檢出）\\n殺菌劑Propiconazole普克利0.09ppm（標準：0.05ppm以下）"}}, {"type": "Feature", "geometry": {"type":"Point","coordinates":[121.502742,25.1327569]}, "properties": {"ogc_fid": 1647, "restaurant_name": "家傳麵食", "inspection_address": "卿卿鮮果/臺北市北投區磺港路33號(北投中繼市場A27.A28.A29號攤)", "source_city": "台北市", "lon": 121.502742, "lat": 25.1327569, "total_inspections": 1, "failed_inspections": 1, "inspection_status": "不合格", "source_years": "112", "sample_names": "芥藍菜", "noncompliance_reasons": "殺蟲劑Emamectin benzoate 因滅汀0.07ppm(標準：0.05ppm以下)\\n殺蟲劑 Permethrin 百滅寧2.5ppm(標準：2.0ppm以下)"}}, {"type": "Feature", "geometry": {"type":"Point","coordinates":[121.5370111,25.0666721]}, "properties": {"ogc_fid": 1650, "restaurant_name": "小亭早餐", "inspection_address": "臺北市中山區民族東路410巷2弄18-20號前(五常市場)", "source_city": "台北市", "lon": 121.5370111, "lat": 25.0666721, "total_inspections": 1, "failed_inspections": 1, "inspection_status": "不合格", "source_years": "113", "sample_names": "荔枝", "noncompliance_reasons": "殺蟲劑Deltamethrin 第滅寧1.4ppm(標準：0.5ppm以下) \\n殺菌劑Pyraclostrobin 百克敏0.6ppm(標準：0.5ppm以下)"}}, {"type": "Feature", "geometry": {"type":"Point","coordinates":[121.522663,25.0662818]}, "properties": {"ogc_fid": 1657, "restaurant_name": "小亭麵食", "inspection_address": "怡樂國際有限公司(EEC GLOBAL TK)/臺北市中山區中山北路3段39號1樓", "source_city": "台北市", "lon": 121.522663, "lat": 25.0662818, "total_inspections": 1, "failed_inspections": 1, "inspection_status": "不合格", "source_years": "112", "sample_names": "天鵝醬油", "noncompliance_reasons": "營養標示未如實標示"}}, {"type": "Feature", "geometry": {"type":"Point","coordinates":[121.555145,25.040862]}, "properties": {"ogc_fid": 1659, "restaurant_name": "小哥午餐", "inspection_address": "川妹子小吃店/臺北市大安區光復南路240巷52號", "source_city": "台北市", "lon": 121.555145, "lat": 25.040862, "total_inspections": 1, "failed_inspections": 1, "inspection_status": "不合格", "source_years": "113", "sample_names": "韭菜花", "noncompliance_reasons": "殺蟲劑3-酮基加保扶（ 3-keto Carbofuran） 0.04ppm、3-羥基加保扶（ 3-OH Carbofuran）0.54ppm、加保扶（Carbofuran）1.06ppm、丁基加保扶（Carbosulfan）0.20ppm（標準：0.5ppm以下）\\n殺蟎劑Spirodiclofen賜派芬0.11ppm（標準：0.01ppm以下）"}}, {"type": "Feature", "geometry": {"type":"Point","coordinates":[121.428913018,25.048767997]}, "properties": {"ogc_fid": 1675, "restaurant_name": "小園熟食", "inspection_address": "新北市泰山區文程路30之2號", "source_city": "新北市", "lon": 121.4289130184, "lat": 25.048767996509, "total_inspections": 1, "failed_inspections": 1, "inspection_status": "不合格", "source_years": "109", "sample_names": "綜合花生糖(全素)", "noncompliance_reasons": "黃麴毒素B13 μg/kg (2 μg/kg)赭麴毒素 A未檢出黃麴毒素(7項)總黃麴毒素 ： 3μg/kg (4 μg/kg)"}}, {"type": "Feature", "geometry": {"type":"Point","coordinates":[121.50998,25.0552712]}, "properties": {"ogc_fid": 1705, "restaurant_name": "小媽合菜", "inspection_address": "湘帝蔘茸有限公司/臺北市大同區迪化街1段58號1樓\\t", "source_city": "台北市", "lon": 121.50998, "lat": 25.0552712, "total_inspections": 1, "failed_inspections": 1, "inspection_status": "不合格", "source_years": "113", "sample_names": "薰衣草", "noncompliance_reasons": "殺蟲劑Acetamiprid\\t亞滅培\\n0.21ppm(標準：0.05ppm以下)\\t"}}, {"type": "Feature", "geometry": {"type":"Point","coordinates":[120.486465,23.174077]}, "properties": {"ogc_fid": 1726, "restaurant_name": "小家食府", "inspection_address": "台南市楠西區密板里57-33號", "source_city": "新北市", "lon": 120.486465, "lat": 23.174077, "total_inspections": 1, "failed_inspections": 1, "inspection_status": "不合格", "source_years": "109", "sample_names": "愛文芒果", "noncompliance_reasons": "二硫代胺基甲酸鹽類未檢出農藥多重殘留分析(380項)檢出細項第滅寧(Deltamethrin)0.07待克利(Difenoconazole)0.07百利普芬(Pyriproxyfen)0.06"}}, {"type": "Feature", "geometry": {"type":"Point","coordinates":[121.510073,25.058137]}, "properties": {"ogc_fid": 1730, "restaurant_name": "小居熟食館", "inspection_address": "迪隆蔘藥行/臺北市大同區歸綏街220號1樓", "source_city": "台北市", "lon": 121.510073, "lat": 25.058137, "total_inspections": 2, "failed_inspections": 2, "inspection_status": "不合格", "source_years": "112、113", "sample_names": "乾白木耳（干白木耳）（有效日期：20261115）、太陽農場生機銀耳(有效日期：20240330)", "noncompliance_reasons": "(1)生長調節劑Chlormequat克美素0.34ppm(標準:不得檢出)\\n(2)產品外包裝標示「通過SGS農藥殘留檢驗符合國家標準」字樣，涉標示不實；生長調節劑Chlormequat\\t克美素0.08ppm(標準：不得檢出)\\t"}}, {"type": "Feature", "geometry": {"type":"Point","coordinates":[121.4984156,25.0185059]}, "properties": {"ogc_fid": 1750, "restaurant_name": "小屋食堂", "inspection_address": "謝O寶/臺北市萬華區萬大路533號中繼蔬菜零批場地號2004", "source_city": "台北市", "lon": 121.4984156, "lat": 25.0185059, "total_inspections": 1, "failed_inspections": 1, "inspection_status": "不合格", "source_years": "112", "sample_names": "格藍芽", "noncompliance_reasons": "殺菌劑Fluopyram氟派瑞0.02 ppm（標準：不得檢出）"}}, {"type": "Feature", "geometry": {"type":"Point","coordinates":[121.5423372,25.0547706]}, "properties": {"ogc_fid": 1752, "restaurant_name": "小屋餐廳", "inspection_address": "國鴻蔬菜號/臺北市中山區長春路299號1樓長春市場37號攤", "source_city": "台北市", "lon": 121.5423372, "lat": 25.0547706, "total_inspections": 1, "failed_inspections": 1, "inspection_status": "不合格", "source_years": "112", "sample_names": "豆干絲(非基因改造)\\n(進貨日期：2023/8/19)", "noncompliance_reasons": "殺菌劑過氧化氫：陽性（不得檢出）"}}, {"type": "Feature", "geometry": {"type":"Point","coordinates":[121.4971597,25.1309108]}, "properties": {"ogc_fid": 1757, "restaurant_name": "小師餐廳館", "inspection_address": "牙口義大利麵館/臺北市北投區大興街9巷45號", "source_city": "台北市", "lon": 121.4971597, "lat": 25.1309108, "total_inspections": 1, "failed_inspections": 1, "inspection_status": "不合格", "source_years": "113", "sample_names": "粉紅玫瑰", "noncompliance_reasons": "殺蟲劑Phosalone裕必松 \\n0.19 pm（標準：不得檢出）"}}, {"type": "Feature", "geometry": {"type":"Point","coordinates":[121.5422432,25.056403]}, "properties": {"ogc_fid": 1764, "restaurant_name": "小廚料理", "inspection_address": "森豪蔬果行/臺北市中山區遼寧街257號", "source_city": "台北市", "lon": 121.5422432, "lat": 25.056403, "total_inspections": 1, "failed_inspections": 1, "inspection_status": "不合格", "source_years": "112", "sample_names": "美濃香瓜", "noncompliance_reasons": "殺菌劑Pencycuron賓克隆0.02 ppm（標準：0.01ppm以下）"}}, {"type": "Feature", "geometry": {"type":"Point","coordinates":[121.5101012,25.0876645]}, "properties": {"ogc_fid": 1767, "restaurant_name": "小廚熱炒", "inspection_address": "民友商行（民友超級商店）/臺北市士林區中正路586巷20號", "source_city": "台北市", "lon": 121.5101012, "lat": 25.0876645, "total_inspections": 1, "failed_inspections": 1, "inspection_status": "不合格", "source_years": "113", "sample_names": "辣椒粉", "noncompliance_reasons": "二‧四地（2,4-D）:0.1ppm\\n（標準:0.05ppm）"}}, {"type": "Feature", "geometry": {"type":"Point","coordinates":[120.4476047,23.944482]}, "properties": {"ogc_fid": 1770, "restaurant_name": "小廚食堂", "inspection_address": "彰化縣二林鎮華崙里光復路35 號", "source_city": "新北市", "lon": 120.4476047, "lat": 23.944482, "total_inspections": 1, "failed_inspections": 1, "inspection_status": "不合格", "source_years": "107", "sample_names": "香菜", "noncompliance_reasons": "農藥殘留陶斯松Chlorpyrifos0.05ppm(標準：0.01ppm)"}}, {"type": "Feature", "geometry": {"type":"Point","coordinates":[121.5233765,25.097265]}, "properties": {"ogc_fid": 1775, "restaurant_name": "小樓午餐", "inspection_address": "翡翠綠水果專賣店/臺北市士林區美崙街14號1樓", "source_city": "台北市", "lon": 121.5233765, "lat": 25.097265, "total_inspections": 2, "failed_inspections": 2, "inspection_status": "不合格", "source_years": "112、113", "sample_names": "百香果、豌豆", "noncompliance_reasons": "殺蟲劑Fluvalinate 福化利0.06ppm(標準：0.01ppm以下)；殺蟲劑Thiamethoxam\\t賽速安0.17ppm(標準：0.02ppm以下)\\t"}}, {"type": "Feature", "geometry": {"type":"Point","coordinates":[121.5370111,25.0666721]}, "properties": {"ogc_fid": 1777, "restaurant_name": "小樓廚坊館", "inspection_address": "粘O福/臺北市中山區民族東路410巷2弄18-20號前(五常市場)", "source_city": "台北市", "lon": 121.5370111, "lat": 25.0666721, "total_inspections": 1, "failed_inspections": 1, "inspection_status": "不合格", "source_years": "112", "sample_names": "荔枝", "noncompliance_reasons": "殺蟲劑Cyhalothrin 賽洛寧0.6ppm(標準：0.5ppm以下)"}}, {"type": "Feature", "geometry": {"type":"Point","coordinates":[121.4920784,25.0288451]}, "properties": {"ogc_fid": 1782, "restaurant_name": "小熱炒", "inspection_address": "聰明素食批發行(聰明食品總匯)/臺北市萬華區西藏路552號", "source_city": "台北市", "lon": 121.4920784, "lat": 25.0288451, "total_inspections": 1, "failed_inspections": 1, "inspection_status": "不合格", "source_years": "112", "sample_names": "特選涼拌干絲", "noncompliance_reasons": "檢出過氧化氫為陽性(不得檢出)"}}, {"type": "Feature", "geometry": {"type":"Point","coordinates":[121.5748964,25.0600645]}, "properties": {"ogc_fid": 1786, "restaurant_name": "小苑料理", "inspection_address": "家福股份有限公司台北內湖分公司(家樂福內湖店)/臺北市內湖區民善街88 號", "source_city": "台北市", "lon": 121.5748964, "lat": 25.0600645, "total_inspections": 1, "failed_inspections": 1, "inspection_status": "不合格", "source_years": "112", "sample_names": "百香果", "noncompliance_reasons": "殺菌劑Metrafenone 滅芬農0.02ppm(標準：不得檢出)"}}, {"type": "Feature", "geometry": {"type":"Point","coordinates":[121.5097277,25.0276214]}, "properties": {"ogc_fid": 1797, "restaurant_name": "小莊餐廳", "inspection_address": "三商家購股份有限公司中正汀州分公司（美廉社中正汀州店）/臺北市中正區汀州路1段220號", "source_city": "台北市", "lon": 121.5097277, "lat": 25.0276214, "total_inspections": 1, "failed_inspections": 1, "inspection_status": "不合格", "source_years": "113", "sample_names": "茼蒿", "noncompliance_reasons": "殺菌劑Flutolanil 福多寧2.7ppm(標準：2.0ppm以下)"}}, {"type": "Feature", "geometry": {"type":"Point","coordinates":[121.5683655,25.0823089]}, "properties": {"ogc_fid": 1803, "restaurant_name": "小記熱炒", "inspection_address": "77潤餅刈包/臺北市內湖區內湖路1段737巷50弄41號", "source_city": "台北市", "lon": 121.5683655, "lat": 25.0823089, "total_inspections": 1, "failed_inspections": 1, "inspection_status": "不合格", "source_years": "111", "sample_names": "花生粉", "noncompliance_reasons": "檢出總黃麴毒素(B1+B2+G1+G2) 6.2 μg/kg(4μg/kg以下)、黃麴毒素B1 5.1μg/kg(2μg/kg以下)"}}, {"type": "Feature", "geometry": {"type":"Point","coordinates":[121.5192471,25.0871324]}, "properties": {"ogc_fid": 1808, "restaurant_name": "小鋪午餐", "inspection_address": "臺北市士林區華齡街175號2樓", "source_city": "新北市", "lon": 121.5192471, "lat": 25.0871324, "total_inspections": 28, "failed_inspections": 1, "inspection_status": "不合格", "source_years": "107、108、109、110", "sample_names": "350CC紙飯碗、PP飯碗、冷藏白刺蝦仁、新康營極-顆粒花生醬、方干、智利櫻桃、有機白米、有機白莧菜、漿塑10吋紙盤、澳洲冷藏牛肋條、澳洲穀飼100天腿心牛排、牛肉片、特惠牌純水(包裝飲用水)、玉米條、白木耳、白色紙杯、百香果、益鮮白蛋、茄子、菜豆、蘋果、豬肉片、進口白蘿蔔、金奇異果、頂好牌竹炭水(包裝飲用水)、香菇肉燥鍋燒麵", "noncompliance_reasons": "3-羥基加保扶(3-OHCarbofuran)0.03愛殺松(Ethion)0.42益達胺(Imidacloprid)0.31二硫代胺基甲酸鹽類未檢出大滅松(Dimethoate)0.02畢芬寧(Bifenthrin)0.03貝芬替(Carbendazim)0.28加保扶(Carbofuran)0.19農藥多重殘留分析(373"}}, {"type": "Feature", "geometry": {"type":"Point","coordinates":[121.499114978,25.006285997]}, "properties": {"ogc_fid": 1812, "restaurant_name": "小鋪料理店", "inspection_address": "新北市中和區福祥路110號", "source_city": "新北市", "lon": 121.499114977894, "lat": 25.006285996645, "total_inspections": 1, "failed_inspections": 1, "inspection_status": "不合格", "source_years": "108", "sample_names": "愛文芒果", "noncompliance_reasons": "第滅寧(Deltamethrin)0.02農藥多重殘留分析(373項)檢出細項益達胺(Imidacloprid)0.10歐滅松(Omethoate)0.02二硫代胺基甲酸鹽類未檢出"}}, {"type": "Feature", "geometry": {"type":"Point","coordinates":[121.5146126,25.0460573]}, "properties": {"ogc_fid": 1813, "restaurant_name": "小鋪食堂", "inspection_address": "梅林水果行/臺北市中正區開封街1段81、83號1樓", "source_city": "台北市", "lon": 121.5146126, "lat": 25.0460573, "total_inspections": 3, "failed_inspections": 3, "inspection_status": "不合格", "source_years": "111、112、113", "sample_names": "日本MOMO草莓、日本櫻桃草莓、草莓", "noncompliance_reasons": "殺蟎劑Acrinathrin 阿納寧0.03ppm(標準：不得檢出)；殺蟲劑Flonicamid\\t氟尼胺0.03ppm(標準：0.01ppm以下)\\t；殺蟲劑Flonicamid 氟尼胺0.16ppm(標準：0.01ppm以下)"}}, {"type": "Feature", "geometry": {"type":"Point","coordinates":[121.5418045,25.0462939]}, "properties": {"ogc_fid": 1819, "restaurant_name": "小閣合菜館", "inspection_address": "俊華豆腐店/臺北市中山區安東街5之6號", "source_city": "台北市", "lon": 121.5418045, "lat": 25.0462939, "total_inspections": 2, "failed_inspections": 2, "inspection_status": "不合格", "source_years": "111、112", "sample_names": "豆乾\\n(進貨日期：2023/8/22)、豆干\\n(進貨日期：2022/8/24)", "noncompliance_reasons": "殺菌劑過氧化氫：陽性（不得檢出）；防腐劑苯甲酸：0.74 g/kg(標準：0.6 g/kg以下)"}}, {"type": "Feature", "geometry": {"type":"Point","coordinates":[121.5169766,25.0496268]}, "properties": {"ogc_fid": 1825, "restaurant_name": "小閣食府", "inspection_address": "新加坡商海底撈事業股份有限公司臺灣第一分公司(海底撈火鍋京站店)/臺北市大同區承德路一段1號4樓", "source_city": "台北市", "lon": 121.5169766, "lat": 25.0496268, "total_inspections": 1, "failed_inspections": 1, "inspection_status": "不合格", "source_years": "111", "sample_names": "白蘿蔔", "noncompliance_reasons": "殺蟲劑芬普尼(Fipronil)：0.001ppm、芬普尼代謝物(Fipronil-sulfone)：0.001ppm(標準：0.001ppm)"}}, {"type": "Feature", "geometry": {"type":"Point","coordinates":[121.5333309,25.0337972]}, "properties": {"ogc_fid": 1826, "restaurant_name": "小閣麵食", "inspection_address": "六廚有限公司(六廚川客料理)/臺北市大安區信義路3段7號2樓", "source_city": "台北市", "lon": 121.5333309, "lat": 25.0337972, "total_inspections": 1, "failed_inspections": 1, "inspection_status": "不合格", "source_years": "112", "sample_names": "黃魚", "noncompliance_reasons": "恩氟喹啉羧酸(enrofloxacin)：0.03ppm\\n (標準：不得檢出)"}}, {"type": "Feature", "geometry": {"type":"Point","coordinates":[121.5279805,25.0624438]}, "properties": {"ogc_fid": 1827, "restaurant_name": "小食堂館", "inspection_address": "鼎皇麻辣火鍋店(天外天麻辣火鍋)/臺北市中山區民權東路2段1號", "source_city": "台北市", "lon": 121.5279805, "lat": 25.0624438, "total_inspections": 1, "failed_inspections": 1, "inspection_status": "不合格", "source_years": "113", "sample_names": "百香果", "noncompliance_reasons": "殺蟲劑Cyromazine\\t賽滅淨0.02ppm(標準：不得檢出)\\t"}}, {"type": "Feature", "geometry": {"type":"Point","coordinates":[121.497064,25.017135]}, "properties": {"ogc_fid": 1830, "restaurant_name": "小館合菜", "inspection_address": "臺北市萬華區萬大路533號第一果菜批發市場地號137", "source_city": "台北市", "lon": 121.497064, "lat": 25.017135, "total_inspections": 1, "failed_inspections": 1, "inspection_status": "不合格", "source_years": "113", "sample_names": "韭菜花", "noncompliance_reasons": "殺蟲劑Acetamiprid\\t亞滅培0.29ppm(標準：0.01ppm以下)\\t\\n殺蟎劑Hexythiazox\\t合賽多0.17ppm(標準：0.01ppm以下)\\t\\n殺蟎劑Spirodiclofen\\t賜派芬0.13ppm(標準：0.01ppm以下)\\t"}}, {"type": "Feature", "geometry": {"type":"Point","coordinates":[121.4985771,25.0366509]}, "properties": {"ogc_fid": 1832, "restaurant_name": "小館晚餐", "inspection_address": "艋舺夜市-男哥現削水果/臺北市萬華區廣州街182號前", "source_city": "台北市", "lon": 121.4985771, "lat": 25.0366509, "total_inspections": 1, "failed_inspections": 1, "inspection_status": "不合格", "source_years": "111", "sample_names": "水梨", "noncompliance_reasons": "甜味劑糖精：0.03 g/kg\\n(標準：不得添加)"}}, {"type": "Feature", "geometry": {"type":"Point","coordinates":[121.52424,25.0947245]}, "properties": {"ogc_fid": 1848, "restaurant_name": "新亭麵食", "inspection_address": "士林素食館(士林健康素食)/臺北市士林區中正路281號", "source_city": "台北市", "lon": 121.52424, "lat": 25.0947245, "total_inspections": 1, "failed_inspections": 1, "inspection_status": "不合格", "source_years": "113", "sample_names": "九層塔(羅勒)", "noncompliance_reasons": "殺菌劑Pyraclostrobin 百克敏0.48ppm(標準：0.01ppm以下)"}}, {"type": "Feature", "geometry": {"type":"Point","coordinates":[121.6032742,25.0581609]}, "properties": {"ogc_fid": 1852, "restaurant_name": "新合菜", "inspection_address": "康鮮食品股份有限公司/臺北市南港區重陽路263巷3號4樓", "source_city": "台北市", "lon": 121.6032742, "lat": 25.0581609, "total_inspections": 1, "failed_inspections": 1, "inspection_status": "不合格", "source_years": "112", "sample_names": "花椒（有效日期： 20260202）（產地：中國大陸）", "noncompliance_reasons": "殺蟲劑Acetamiprid亞滅培0.31 ppm（標準：0.05 ppm以下）\\n殺蟲劑Carbofuran加保扶0.11 ppm（標準：不得檢出）\\n殺蟲劑Imidacloprid益達胺0.10 ppm（標準：0.05ppm以下）\\n殺菌劑Tebuconazole得克利0.20ppm（標準：0.05 ppm以下）\\n產品外包裝標示「嚴選安心產品 合格 敬請民眾安心使用」等字樣，涉易生誤解"}}, {"type": "Feature", "geometry": {"type":"Point","coordinates":[121.4897587,25.0286603]}, "properties": {"ogc_fid": 1853, "restaurant_name": "新哥小吃", "inspection_address": "環南市場調理加工食品類第58號攤/臺北市萬華區環河南路2段245號", "source_city": "台北市", "lon": 121.4897587, "lat": 25.0286603, "total_inspections": 1, "failed_inspections": 1, "inspection_status": "不合格", "source_years": "111", "sample_names": "白干絲\\n(進貨日期：2022/8/26)", "noncompliance_reasons": "殺菌劑過氧化氫：陽性(標準：不得殘留)\\n防腐劑苯甲酸：1.81 g/kg(標準：0.6 g/kg以下)"}}, {"type": "Feature", "geometry": {"type":"Point","coordinates":[121.5221867,25.094282]}, "properties": {"ogc_fid": 1858, "restaurant_name": "新園餐廳館", "inspection_address": "豪光回田實業有限公司(回田蔬苑)/臺北市士林區中正路357號1樓", "source_city": "台北市", "lon": 121.5221867, "lat": 25.094282, "total_inspections": 1, "failed_inspections": 1, "inspection_status": "不合格", "source_years": "113", "sample_names": "九層塔(羅勒)", "noncompliance_reasons": "殺蟲劑Spinetoram 賜諾特0.02ppm(標準：不得檢出)"}}, {"type": "Feature", "geometry": {"type":"Point","coordinates":[121.5373211,25.067861]}, "properties": {"ogc_fid": 1865, "restaurant_name": "新坊鍋物館", "inspection_address": "第二果菜批發市場第23-13號攤(張O淳)/臺北市中山區民族東路336號", "source_city": "台北市", "lon": 121.5373211, "lat": 25.067861, "total_inspections": 1, "failed_inspections": 1, "inspection_status": "不合格", "source_years": "113", "sample_names": "芹菜", "noncompliance_reasons": "除草劑Metolachlor 莫多草0.04ppm(標準：0.01ppm以下) \\n殺草劑Pendimethalin 施得圃0.2ppm(標準：0.1ppm以下) \\n殺菌劑Pyraclostrobin 百克敏2.5ppm(標準：2.0ppm以下) \\n殺蟲劑Terbufos 托福松0.07ppm(標準：0.05ppm以下)"}}, {"type": "Feature", "geometry": {"type":"Point","coordinates":[121.5568023,25.037409]}, "properties": {"ogc_fid": 1873, "restaurant_name": "新姐快炒", "inspection_address": "一級鮮果商行/臺北市大安區仁愛路4段408號", "source_city": "台北市", "lon": 121.5568023, "lat": 25.037409, "total_inspections": 4, "failed_inspections": 4, "inspection_status": "不合格", "source_years": "111、112、113", "sample_names": "大湖草莓、日本草莓、紅莓-佐賀紅盒莓桑7玉(草莓)、鹿兒島金桔", "noncompliance_reasons": "殺蟲劑Cyantraniliprole 賽安勃0.05ppm(標準：不得檢出) \\n殺蟲劑Flonicamid 氟尼胺0.06ppm(標準：0.01ppm以下)；殺蟲劑Flonicamid 氟尼胺0.04ppm(標準：0.01ppm以下)；殺蟲劑Flubendiamide 氟大滅0.02ppm(標準：不得檢出) \\n殺菌劑Iprodione 依普同0.04ppm(標準：0.01ppm以下)；殺蟲劑Methomyl\\t納乃得3.1ppm(標準：2.0ppm以下)\\t\\n殺菌劑Pyraclostrobin\\t百克敏1.4ppm(標準0.5ppm以下)\\t"}}, {"type": "Feature", "geometry": {"type":"Point","coordinates":[121.5445961,25.0520507]}, "properties": {"ogc_fid": 1886, "restaurant_name": "新媽食府", "inspection_address": "兄弟大飯店股份有限公司/臺北市松山區南京東路3段255號", "source_city": "台北市", "lon": 121.5445961, "lat": 25.0520507, "total_inspections": 1, "failed_inspections": 1, "inspection_status": "不合格", "source_years": "111", "sample_names": "青江菜/中", "noncompliance_reasons": "殺蟲劑Fipronil 芬普尼0.004ppm、 芬普尼代謝物Fipronil-sulfone 0.011ppm(標準：0.001ppm以下) \\n殺蟲劑Pyriproxyfen 百利普芬0.36ppm(標準：0.01ppm以下)"}}, {"type": "Feature", "geometry": {"type":"Point","coordinates":[121.5555893,25.0297886]}, "properties": {"ogc_fid": 1898, "restaurant_name": "新嬤餐廳", "inspection_address": "王O鴻/臺北市大安區臨江街70號前", "source_city": "台北市", "lon": 121.5555893, "lat": 25.0297886, "total_inspections": 1, "failed_inspections": 1, "inspection_status": "不合格", "source_years": "113", "sample_names": "香菜(芫荽)", "noncompliance_reasons": "殺草劑Linuron 理有龍0.02ppm(標準：不得檢出)\\n殺菌劑Thifluzamide 賽氟滅0.03ppm(標準：不得檢出)"}}, {"type": "Feature", "geometry": {"type":"Point","coordinates":[121.5573102,25.0364265]}, "properties": {"ogc_fid": 1929, "restaurant_name": "新師午餐", "inspection_address": "喜之坊食品有限公司(光復店)/臺北市大安區光復南路422號", "source_city": "台北市", "lon": 121.5573102, "lat": 25.0364265, "total_inspections": 1, "failed_inspections": 1, "inspection_status": "不合格", "source_years": "113", "sample_names": "永新烘焙沙拉醬", "noncompliance_reasons": "營養標示反式脂肪含量為「每份：0公克/每100公克：0公克」，惟檢出每100公克反式脂肪酸含量0.40公克，依據「包裝食品營養標示應遵行事項」，每100公克固體（半固體）反式脂肪酸含量不超過0.3公克得標示為0，案內產品應依實際數值標示。"}}, {"type": "Feature", "geometry": {"type":"Point","coordinates":[121.5848708,25.045423]}, "properties": {"ogc_fid": 1941, "restaurant_name": "新廚坊館", "inspection_address": "鼎好小吃店/臺北市南港區同德路56號", "source_city": "台北市", "lon": 121.5848708, "lat": 25.045423, "total_inspections": 1, "failed_inspections": 1, "inspection_status": "不合格", "source_years": "112", "sample_names": "麻荸茄", "noncompliance_reasons": "殺蟎劑Spirodiclofen 賜派芬0.17ppm(標準：0.01ppm以下)"}}, {"type": "Feature", "geometry": {"type":"Point","coordinates":[120.2845815,22.6523056]}, "properties": {"ogc_fid": 1945, "restaurant_name": "新廚早餐", "inspection_address": "歐陸食材小舖\\n(https://www.theeupantry.com/)", "source_city": "台北市", "lon": 120.2845815, "lat": 22.6523056, "total_inspections": 1, "failed_inspections": 1, "inspection_status": "不合格", "source_years": "112", "sample_names": "新鮮秋季黑松露", "noncompliance_reasons": "鎘-4mg/kg\\n(標準: 2 mg/kg)"}}, {"type": "Feature", "geometry": {"type":"Point","coordinates":[121.6148813,25.0673647]}, "properties": {"ogc_fid": 1959, "restaurant_name": "新樓早餐", "inspection_address": "萬日蔬果行/臺北市內湖區五分街臨16之10號", "source_city": "台北市", "lon": 121.6148813, "lat": 25.0673647, "total_inspections": 1, "failed_inspections": 1, "inspection_status": "不合格", "source_years": "113", "sample_names": "香菜(芫荽)", "noncompliance_reasons": "殺草劑Ametryn 草殺淨0.01ppm(標準：不得檢出)\\n殺蟲劑 Chlorpyrifos 陶斯松0.02ppm(標準：不得檢出) \\n殺蟲劑Fenitrothion 撲滅松0.02ppm(標準：0.01ppm以下) \\n殺草劑Pendimethalin 施得圃0.2ppm(標準：0.1ppm以下)"}}, {"type": "Feature", "geometry": {"type":"Point","coordinates":[121.537442,25.0576301]}, "properties": {"ogc_fid": 1967, "restaurant_name": "新苑食堂店", "inspection_address": "石家割包(源石石家刈包)/臺北市中山區中吉里民生東路2段138號1樓", "source_city": "台北市", "lon": 121.537442, "lat": 25.0576301, "total_inspections": 1, "failed_inspections": 1, "inspection_status": "不合格", "source_years": "112", "sample_names": "酸菜", "noncompliance_reasons": "二氧化硫 0.19g/kg(標準：0.030g/kg以下)"}}, {"type": "Feature", "geometry": {"type":"Point","coordinates":[121.5315215,25.1118264]}, "properties": {"ogc_fid": 1974, "restaurant_name": "新莊快炒店", "inspection_address": "Mia C'bon超市台北大葉店/臺北市士林區忠誠路2段55號B1", "source_city": "台北市", "lon": 121.5315215, "lat": 25.1118264, "total_inspections": 1, "failed_inspections": 1, "inspection_status": "不合格", "source_years": "112", "sample_names": "進口青花菜", "noncompliance_reasons": "殺線蟲劑Fosthiazate 福賽絕0.02ppm(標準：不得檢出)"}}, {"type": "Feature", "geometry": {"type":"Point","coordinates":[121.5213304,25.0944263]}, "properties": {"ogc_fid": 1978, "restaurant_name": "新莊食府", "inspection_address": "上禾食堂(潮味決湯滷專門店士林中正店)/臺北市士林區中正路358號", "source_city": "台北市", "lon": 121.5213304, "lat": 25.0944263, "total_inspections": 1, "failed_inspections": 1, "inspection_status": "不合格", "source_years": "113", "sample_names": "白蘿蔔", "noncompliance_reasons": "殺蟲劑Thiamethoxam\\t賽速安0.48ppm(標準：0.25ppm以下)\\t\\n殺蟲劑Trichlorfon\\t三氯松0.04ppm(標準：0.01ppm以下)\\t"}}, {"type": "Feature", "geometry": {"type":"Point","coordinates":[121.5784668,25.0512826]}, "properties": {"ogc_fid": 1999, "restaurant_name": "新鋪鍋物店", "inspection_address": "粉紅色的門早午餐坊(品客多Coffee house)/臺北市松山區八德路4段789號1樓", "source_city": "台北市", "lon": 121.5784668, "lat": 25.0512826, "total_inspections": 1, "failed_inspections": 1, "inspection_status": "不合格", "source_years": "111", "sample_names": "西式千島沙拉醬\\n(有效日期：2023/4/6)", "noncompliance_reasons": "營養標示反式脂肪含量為「每份：0公克/每100公克：0公克」，惟檢出每100公克反式脂肪酸含量0.49公克，依據「包裝食品營養標示應遵行事項」，每100公克固體（半固體）反式脂肪酸含量不超過0.3公克得標示為0，案內產品應依實際數值標示。"}}, {"type": "Feature", "geometry": {"type":"Point","coordinates":[121.5660665,25.03531]}, "properties": {"ogc_fid": 2017, "restaurant_name": "新館便當", "inspection_address": "昕殿有限公司(辛殿麻辣鍋)/臺北市信義區松壽路12號1樓", "source_city": "台北市", "lon": 121.5660665, "lat": 25.03531, "total_inspections": 1, "failed_inspections": 1, "inspection_status": "不合格", "source_years": "112", "sample_names": "豆腐", "noncompliance_reasons": "苯甲酸：1.94g/kg(標準：不得檢出)"}}, {"type": "Feature", "geometry": {"type":"Point","coordinates":[121.5568894,25.052439]}, "properties": {"ogc_fid": 2018, "restaurant_name": "新館小吃店", "inspection_address": "厚鋪牛排館(人从众厚切牛排)/臺北市松山區光復北路146號1樓", "source_city": "台北市", "lon": 121.5568894, "lat": 25.052439, "total_inspections": 1, "failed_inspections": 1, "inspection_status": "不合格", "source_years": "113", "sample_names": "麥香紅茶(不含冰塊及配料)", "noncompliance_reasons": "腸桿菌科：5.4x10^3 CFU/mL\\n(標準：10 CFU/mL)"}}, {"type": "Feature", "geometry": {"type":"Point","coordinates":[121.592353,25.080129]}, "properties": {"ogc_fid": 2029, "restaurant_name": "旺亭熟食店", "inspection_address": "無市招攤販-謝愛玉/臺北市內湖區康寧路1段33巷13號", "source_city": "台北市", "lon": 121.592353, "lat": 25.080129, "total_inspections": 1, "failed_inspections": 1, "inspection_status": "不合格", "source_years": "111", "sample_names": "改良種百香果", "noncompliance_reasons": "殺菌劑Procymidone 撲滅寧0.02ppm(標準：0.01ppm以下) \\n殺蟲劑Cyromazine 賽滅淨0.12ppm(標準：不得檢出)"}}, {"type": "Feature", "geometry": {"type":"Point","coordinates":[121.49419,25.020705]}, "properties": {"ogc_fid": 2035, "restaurant_name": "旺哥小吃館", "inspection_address": "捷達農產企業社/臺北市萬華區萬大路424巷151號環南市場甲棟1樓第121號攤", "source_city": "台北市", "lon": 121.49419, "lat": 25.020705, "total_inspections": 1, "failed_inspections": 1, "inspection_status": "不合格", "source_years": "113", "sample_names": "白蘿蔔(SA9)", "noncompliance_reasons": "殺蟲劑Clothianidin可尼丁0.15 ppm（標準：0.02 ppm以下）\\n殺蟲劑Thiamethoxam賽速安0.91 ppm（標準：0.25 ppm\\n以下）\\n殺蟲劑Trichlorfon三氯松0.08 ppm（標準：0.01 ppm以下）\\n殺蟲劑Cyhalothrin賽洛寧0.08 ppm（標準：0.01 ppm以下）"}}, {"type": "Feature", "geometry": {"type":"Point","coordinates":[121.5774477,25.0431291]}, "properties": {"ogc_fid": 2048, "restaurant_name": "旺坊快炒", "inspection_address": "永春市場65號攤-專售花東的雞/臺北市信義區松山路294號", "source_city": "台北市", "lon": 121.5774477, "lat": 25.0431291, "total_inspections": 1, "failed_inspections": 1, "inspection_status": "不合格", "source_years": "113", "sample_names": "雞胗", "noncompliance_reasons": "脫氧羥四環黴素(Doxycycline): 0.8ppm\\n（標準：0.3 ppm）"}}, {"type": "Feature", "geometry": {"type":"Point","coordinates":[121.5574266,25.0518277]}, "properties": {"ogc_fid": 2049, "restaurant_name": "旺坊晚餐館", "inspection_address": "尚揚蔬果行/臺北市松山區南京東路5段291巷30號1樓", "source_city": "台北市", "lon": 121.5574266, "lat": 25.0518277, "total_inspections": 2, "failed_inspections": 2, "inspection_status": "不合格", "source_years": "112、113", "sample_names": "泰山干絲\\n(進貨日期：2023/8/24)、芫荽(香菜)", "noncompliance_reasons": "殺菌劑過氧化氫：陽性（不得檢出）；殺蟲劑Diazinon 大利松0.01ppm(標準：不得檢出)"}}, {"type": "Feature", "geometry": {"type":"Point","coordinates":[121.529675,25.11898]}, "properties": {"ogc_fid": 2053, "restaurant_name": "旺坊食堂館", "inspection_address": "全聯實業股份有限公司天母天玉分公司/臺北市士林區天母西路3號地下", "source_city": "台北市", "lon": 121.529675, "lat": 25.11898, "total_inspections": 1, "failed_inspections": 1, "inspection_status": "不合格", "source_years": "113", "sample_names": "結球白菜", "noncompliance_reasons": "殺蟲劑Pyriproxyfen\\t百利普芬0.08ppm(標準：0.01ppm以下)\\t"}}, {"type": "Feature", "geometry": {"type":"Point","coordinates":[121.5765574,25.0768482]}, "properties": {"ogc_fid": 2074, "restaurant_name": "旺嬤合菜", "inspection_address": "珍煮丹股份有限公司內湖江南分公司/臺北市內湖區江南街108號1樓", "source_city": "台北市", "lon": 121.5765574, "lat": 25.0768482, "total_inspections": 1, "failed_inspections": 1, "inspection_status": "不合格", "source_years": "113", "sample_names": "橙香鮮茶(原汁含冰塊不含配料)", "noncompliance_reasons": "腸桿菌科：18 CFU/mL\\n(標準：10 CFU/mL)"}}, {"type": "Feature", "geometry": {"type":"Point","coordinates":[120.4756519,23.8939642]}, "properties": {"ogc_fid": 2083, "restaurant_name": "旺家小吃", "inspection_address": "彰化縣埤頭鄉輪子村埤頭路765號", "source_city": "新北市", "lon": 120.4756519, "lat": 23.8939642, "total_inspections": 1, "failed_inspections": 1, "inspection_status": "不合格", "source_years": "108", "sample_names": "菜豆", "noncompliance_reasons": "歐殺滅(Oxamyl)0.05待克利(Difenoconazole)0.01滅達樂(Metalaxyl)0.02二硫代胺基甲酸鹽類未檢出農藥多重殘留分析(373項)檢出細項撲滅寧"}}, {"type": "Feature", "geometry": {"type":"Point","coordinates":[121.5652968,25.0406521]}, "properties": {"ogc_fid": 2087, "restaurant_name": "旺家晚餐", "inspection_address": "涮乃葉統一時代市府店/臺北市信義區忠孝東路5段8號3樓", "source_city": "台北市", "lon": 121.5652968, "lat": 25.0406521, "total_inspections": 1, "failed_inspections": 1, "inspection_status": "不合格", "source_years": "111", "sample_names": "青江菜", "noncompliance_reasons": "殺蟲劑Abamectin 阿巴汀0.16ppm(標準：0.05ppm以下)"}}, {"type": "Feature", "geometry": {"type":"Point","coordinates":[121.5000823,25.0399013]}, "properties": {"ogc_fid": 2088, "restaurant_name": "旺家熟食店", "inspection_address": "燒杯咖啡餐坊(燒杯咖啡藝廚)/臺北市萬華區西園路1段240號1樓", "source_city": "台北市", "lon": 121.5000823, "lat": 25.0399013, "total_inspections": 1, "failed_inspections": 1, "inspection_status": "不合格", "source_years": "113", "sample_names": "紫玫瑰花", "noncompliance_reasons": "殺蟲劑Omethoate\\t歐滅松\\n0.07ppm(標準：不得檢出)\\t"}}, {"type": "Feature", "geometry": {"type":"Point","coordinates":[121.5767547,25.0419683]}, "properties": {"ogc_fid": 2100, "restaurant_name": "旺居飲食店", "inspection_address": "無市招菜攤（邵O祥/臺北市信義區虎林街122號）", "source_city": "台北市", "lon": 121.5767547, "lat": 25.0419683, "total_inspections": 1, "failed_inspections": 1, "inspection_status": "不合格", "source_years": "113", "sample_names": "青蔥粉蔥", "noncompliance_reasons": "殺蟎劑Spirodiclofen\\t賜派芬0.08ppm(標準：0.01ppm以下)\\t"}}, {"type": "Feature", "geometry": {"type":"Point","coordinates":[121.5751745,25.0603164]}, "properties": {"ogc_fid": 2107, "restaurant_name": "旺屋食堂館", "inspection_address": "麗庭莊園有限公司88號樂章婚宴會館/臺北市內湖區民善街88號5樓", "source_city": "台北市", "lon": 121.5751745, "lat": 25.0603164, "total_inspections": 1, "failed_inspections": 1, "inspection_status": "不合格", "source_years": "112", "sample_names": "蝦米AAA(有效日期：202506)（產地：中國大陸）", "noncompliance_reasons": "檢出漂白劑二氧化硫0.05g/kg，惟外包裝成份未標示"}}, {"type": "Feature", "geometry": {"type":"Point","coordinates":[121.5778053,25.0715682]}, "properties": {"ogc_fid": 2142, "restaurant_name": "旺樓麵食", "inspection_address": "Journey Kaffe覺旅咖啡-陽光分公司/臺北市內湖區陽光街321巷42號", "source_city": "台北市", "lon": 121.5778053, "lat": 25.0715682, "total_inspections": 1, "failed_inspections": 1, "inspection_status": "不合格", "source_years": "113", "sample_names": "巧克力香蕉冰沙", "noncompliance_reasons": "腸桿菌科：3.2x10^2 CFU/g\\n(標準：10 CFU/g)"}}, {"type": "Feature", "geometry": {"type":"Point","coordinates":[120.4328824,23.8027634]}, "properties": {"ogc_fid": 2146, "restaurant_name": "旺苑廚坊", "inspection_address": "雲林縣西螺鎮安定里157號", "source_city": "新北市", "lon": 120.4328824, "lat": 23.8027634, "total_inspections": 1, "failed_inspections": 1, "inspection_status": "不合格", "source_years": "108", "sample_names": "蚵白", "noncompliance_reasons": "二硫代胺基甲酸鹽類0.69克凡派(Chlorfenapyr)1.67貝芬替(Carbendazim)0.19農藥多重殘留分析(373項)檢出細項達滅芬(Dimethomorph)0.51因得克(Indoxacarb)0.42百克敏(Pyraclostrobin)0.28剋安勃(Chlorantraniliprole)0.28四氯異苯?(Chlorothalonil)0.03"}}, {"type": "Feature", "geometry": {"type":"Point","coordinates":[121.5551067,25.0442194]}, "properties": {"ogc_fid": 2149, "restaurant_name": "旺苑熟食", "inspection_address": "錢都市民大道店/臺北市大安區市民大道4段196號", "source_city": "台北市", "lon": 121.5551067, "lat": 25.0442194, "total_inspections": 1, "failed_inspections": 1, "inspection_status": "不合格", "source_years": "112", "sample_names": "白蘿蔔", "noncompliance_reasons": "殺蟲劑Lufenuron祿芬隆0.02 ppm（標準：0.01 ppm以下）"}}, {"type": "Feature", "geometry": {"type":"Point","coordinates":[121.4918107,25.0285776]}, "properties": {"ogc_fid": 2153, "restaurant_name": "旺苑飲食店館", "inspection_address": "環南素食大批發(環南素食行)/臺北市萬華區西藏路295號1樓", "source_city": "台北市", "lon": 121.4918107, "lat": 25.0285776, "total_inspections": 2, "failed_inspections": 2, "inspection_status": "不合格", "source_years": "112", "sample_names": "泰山五香干絲\\n(進貨日期：2023/8/22)、泰山白干絲\\n(進貨日期：2023/8/22)", "noncompliance_reasons": "殺菌劑過氧化氫：陽性（不得檢出）"}}, {"type": "Feature", "geometry": {"type":"Point","coordinates":[121.5162476,25.1178079]}, "properties": {"ogc_fid": 2166, "restaurant_name": "旺莊食堂館", "inspection_address": "寒順企業社（寒聚精緻鍋物）/臺北市北投區石牌路2段97巷8號1樓", "source_city": "台北市", "lon": 121.5162476, "lat": 25.1178079, "total_inspections": 1, "failed_inspections": 1, "inspection_status": "不合格", "source_years": "113", "sample_names": "花生粉", "noncompliance_reasons": "1.黃麴毒素B1：19.0 μg/kg（標準：2 μg/kg以下）\\n2.總黃麴毒素B1+B2+G1+G2：21.7μg/kg（標準：4 μg/kg以下）"}}, {"type": "Feature", "geometry": {"type":"Point","coordinates":[121.4984156,25.0185059]}, "properties": {"ogc_fid": 2182, "restaurant_name": "旺鋪熟食", "inspection_address": "3576陳O利/臺北市萬華區萬大路533號地號327", "source_city": "台北市", "lon": 121.4984156, "lat": 25.0185059, "total_inspections": 1, "failed_inspections": 1, "inspection_status": "不合格", "source_years": "113", "sample_names": "青蔥", "noncompliance_reasons": "殺草劑Oxadiazon\\t樂滅草0.03ppm(標準：0.01ppm以下)\\t"}}, {"type": "Feature", "geometry": {"type":"Point","coordinates":[121.5044299,25.0274614]}, "properties": {"ogc_fid": 2199, "restaurant_name": "旺館午餐", "inspection_address": "我家蔬果園/臺北市萬華區中華路2段416巷56號", "source_city": "台北市", "lon": 121.5044299, "lat": 25.0274614, "total_inspections": 2, "failed_inspections": 2, "inspection_status": "不合格", "source_years": "112、113", "sample_names": "特選百香果、粉殼K3(龍眼)", "noncompliance_reasons": "殺菌劑Difenoconazole 待克利1.0ppm(標準：0.5ppm以下) \\n殺蟎劑Spirodiclofen 賜派芬0.8ppm(標準：0.5ppm以下)；殺蟲劑Cyromazine賽滅淨0.03ppm(標準：不得檢出)"}}, {"type": "Feature", "geometry": {"type":"Point","coordinates":[121.537286,25.024377]}, "properties": {"ogc_fid": 2200, "restaurant_name": "旺館午餐", "inspection_address": "新鮮屋（https://www.fresco.casa）", "source_city": "台北市", "lon": 121.537286, "lat": 25.024377, "total_inspections": 1, "failed_inspections": 1, "inspection_status": "不合格", "source_years": "113", "sample_names": "日本熊本草莓(2入/箱)", "noncompliance_reasons": "殺蟎劑Acrinathrin 阿納寧0.01 ppm（標準：不得檢出）"}}, {"type": "Feature", "geometry": {"type":"Point","coordinates":[121.509506,25.052128]}, "properties": {"ogc_fid": 2208, "restaurant_name": "樂亭晚餐", "inspection_address": "霸王川菜餐廳股份有限公司/臺北市大同區長安西路287號1-2樓", "source_city": "台北市", "lon": 121.509506, "lat": 25.052128, "total_inspections": 1, "failed_inspections": 1, "inspection_status": "不合格", "source_years": "113", "sample_names": "白蘿蔔", "noncompliance_reasons": "殺蟲劑Clothianidin 可尼丁0.08ppm(標準：0.02ppm以下) \\n殺蟲劑Dichlorvos二氯松0.04ppm(標準：不得檢出)\\n殺蟲劑Trichlorfon 三氯松0.19ppm(標準：0.01ppm以下)"}}, {"type": "Feature", "geometry": {"type":"Point","coordinates":[121.5031587,25.0435509]}, "properties": {"ogc_fid": 2211, "restaurant_name": "樂亭餐廳", "inspection_address": "格萊思美國際餐飲股份有限公司(心心麻辣鍋)/臺北市萬華區成都路141號", "source_city": "台北市", "lon": 121.5031587, "lat": 25.0435509, "total_inspections": 2, "failed_inspections": 2, "inspection_status": "不合格", "source_years": "112、113", "sample_names": "青江菜", "noncompliance_reasons": "1.殺蟲劑芬普尼(Fipronil)：0.372ppm、芬普尼代謝物(Fipronil- sulfone)：0.039ppm，共計0.411 ppm（標準：0.001ppm以下）\\n2.殺蟲劑托福松(Terbufos)：1.42ppm (標準：0.05ppm)；殺菌劑四氯異苯腈(Chlorothalonil)：16.1ppm(標準：5ppm)"}}, {"type": "Feature", "geometry": {"type":"Point","coordinates":[121.5201889,25.1085978]}, "properties": {"ogc_fid": 2244, "restaurant_name": "樂坊食堂店", "inspection_address": "明煬四方有限公司（丰明殿）/臺北市北投區東華街1段362號1樓", "source_city": "台北市", "lon": 121.5201889, "lat": 25.1085978, "total_inspections": 1, "failed_inspections": 1, "inspection_status": "不合格", "source_years": "113", "sample_names": "青蔥", "noncompliance_reasons": "1.殺菌劑賽氟滅(Thifluzamide)：0.14ppm(標準：不得檢出)"}}, {"type": "Feature", "geometry": {"type":"Point","coordinates":[121.5298132,25.0325219]}, "properties": {"ogc_fid": 2253, "restaurant_name": "樂姐米食", "inspection_address": "思慕昔餐飲有限公司/臺北市大安區永康街15號、15號之1", "source_city": "台北市", "lon": 121.5298132, "lat": 25.0325219, "total_inspections": 2, "failed_inspections": 2, "inspection_status": "不合格", "source_years": "112", "sample_names": "芋頭芋圓牛奶雪花冰(不含配料)、香脆花生蜜芋雪花冰(不含配料)", "noncompliance_reasons": "腸桿菌科：3.4x10^4 CFU/g\\n(標準：10 CFU/g)；腸桿菌科：35 CFU/g\\n(標準：10 CFU/g)"}}, {"type": "Feature", "geometry": {"type":"Point","coordinates":[121.5335165,25.0419925]}, "properties": {"ogc_fid": 2257, "restaurant_name": "樂媽合菜", "inspection_address": "兆洋餐飲事業股份有限公司台北忠孝二分公司(築間幸福鍋物)/臺北市大安區忠孝東路4段120號2樓、120號2樓之1", "source_city": "台北市", "lon": 121.5335165, "lat": 25.0419925, "total_inspections": 1, "failed_inspections": 1, "inspection_status": "不合格", "source_years": "111", "sample_names": "苳萵（茼蒿）", "noncompliance_reasons": "殺菌劑Boscalid 白克列14.9ppm(標準：4.0ppm以下) \\n殺菌劑Difenoconazole 待克利3.5ppm(標準：1.0ppm以下) \\n殺菌劑Dimethomorph 達滅芬4.9ppm(標準：2.5ppm以下)"}}, {"type": "Feature", "geometry": {"type":"Point","coordinates":[120.405913,23.618372]}, "properties": {"ogc_fid": 2262, "restaurant_name": "樂媽食堂店", "inspection_address": "嘉義縣溪口鄉游東村游厝庄64-5號", "source_city": "新北市", "lon": 120.405913, "lat": 23.618372, "total_inspections": 1, "failed_inspections": 1, "inspection_status": "不合格", "source_years": "未知", "sample_names": "梅乾菜", "noncompliance_reasons": "對羥苯甲酸丁酯未檢出水楊酸未檢出對羥苯甲酸未檢出去水醋酸未檢出對羥苯甲酸甲酯未檢出對羥苯甲酸乙酯未檢出對羥苯甲酸異丙酯未檢出苯甲酸1.01對羥苯甲酸丙酯未檢出二氧化硫未檢出己二烯酸未檢出對羥苯甲酸異丁酯未檢出對羥苯甲酸第二丁酯未檢出"}}, {"type": "Feature", "geometry": {"type":"Point","coordinates":[121.4897587,25.0286603]}, "properties": {"ogc_fid": 2264, "restaurant_name": "樂嬤便當", "inspection_address": "我是你的菜/臺北市萬華區環河南路2段245號152號攤", "source_city": "台北市", "lon": 121.4897587, "lat": 25.0286603, "total_inspections": 1, "failed_inspections": 1, "inspection_status": "不合格", "source_years": "112", "sample_names": "絲瓜", "noncompliance_reasons": "殺蟲劑Emamectin benzoate 因滅汀0.010ppm(標準：0.007ppm以下)"}}, {"type": "Feature", "geometry": {"type":"Point","coordinates":[121.5231745,25.1017102]}, "properties": {"ogc_fid": 2269, "restaurant_name": "樂嬤料理", "inspection_address": "錢儷小吃店(錢都日式涮涮鍋)/臺北市士林區福國路71號1樓", "source_city": "台北市", "lon": 121.5231745, "lat": 25.1017102, "total_inspections": 1, "failed_inspections": 1, "inspection_status": "不合格", "source_years": "113", "sample_names": "茼蒿", "noncompliance_reasons": "殺菌劑Chlorothalonil四氯異苯腈4.1ppm(標準：2.0ppm以下)\\t"}}, {"type": "Feature", "geometry": {"type":"Point","coordinates":[121.4984156,25.0185059]}, "properties": {"ogc_fid": 2287, "restaurant_name": "樂居熱炒", "inspection_address": "黃O玉/臺北市萬華區萬大路533號地號928", "source_city": "台北市", "lon": 121.4984156, "lat": 25.0185059, "total_inspections": 1, "failed_inspections": 1, "inspection_status": "不合格", "source_years": "113", "sample_names": "香菜(芫荽)", "noncompliance_reasons": "殺蟲劑Chlorpyrifos 陶斯松0.01ppm(標準：不得檢出)\\n殺蟲劑Fenitrothion 撲滅松0.03ppm(標準：0.01ppm以下) \\n殺草劑Oxadiazon 樂滅草0.02ppm(標準：0.01ppm以下) \\n殺草劑Pendimethalin 施得圃0.2ppm(標準：0.1ppm以下)"}}, {"type": "Feature", "geometry": {"type":"Point","coordinates":[121.5375817,25.0667446]}, "properties": {"ogc_fid": 2291, "restaurant_name": "樂居食堂館", "inspection_address": "茂億食品行(天然素食批發商)/臺北市中山區民族東路410巷2弄16號1號", "source_city": "台北市", "lon": 121.5375817, "lat": 25.0667446, "total_inspections": 1, "failed_inspections": 1, "inspection_status": "不合格", "source_years": "111", "sample_names": "豆干絲", "noncompliance_reasons": "檢出過氧化氫為陽性(不得檢出)"}}, {"type": "Feature", "geometry": {"type":"Point","coordinates":[121.5164514,25.0478855]}, "properties": {"ogc_fid": 2330, "restaurant_name": "樂樓飲食店", "inspection_address": "八海國際餐飲股份有限公司(八海食潮當代鍋物)/臺北市中正區北平西路3號2樓", "source_city": "台北市", "lon": 121.5164514, "lat": 25.0478855, "total_inspections": 1, "failed_inspections": 1, "inspection_status": "不合格", "source_years": "112", "sample_names": "手工板豆腐", "noncompliance_reasons": "苯甲酸：0.75g/kg(標準：不得檢出)"}}, {"type": "Feature", "geometry": {"type":"Point","coordinates":[121.5227372,25.0650931]}, "properties": {"ogc_fid": 2335, "restaurant_name": "樂苑廚房店", "inspection_address": "宇林興業有限公司台北分公司/臺北市中山區中山北路3段37號", "source_city": "台北市", "lon": 121.5227372, "lat": 25.0650931, "total_inspections": 1, "failed_inspections": 1, "inspection_status": "不合格", "source_years": "112", "sample_names": "Indomie特色雞肉風味湯麵(有效日期：2023/8/7 )", "noncompliance_reasons": "調味粉包檢出環氧乙烷0.187mg/kg\\n(標準：不得檢出)"}}, {"type": "Feature", "geometry": {"type":"Point","coordinates":[120.6359069,24.1385865]}, "properties": {"ogc_fid": 2336, "restaurant_name": "樂苑食府", "inspection_address": "甜園小舖/臺中市南屯區文昌街222號", "source_city": "台北市", "lon": 120.6359069, "lat": 24.1385865, "total_inspections": 3, "failed_inspections": 3, "inspection_status": "不合格", "source_years": "113", "sample_names": "八仙果(赤小柚)、脫水李、青芒果(情人果)", "noncompliance_reasons": "檢出甜味劑「蔗糖素」惟未於成分內容物標示。；檢出甜味劑「醋磺內酯鉀」及「蔗糖素」，惟未於成分內容物標示。；檢出甜味劑「醋磺內酯鉀」惟未於成分內容物標示。"}}, {"type": "Feature", "geometry": {"type":"Point","coordinates":[121.5530763,25.0475893]}, "properties": {"ogc_fid": 2358, "restaurant_name": "樂鋪小吃館", "inspection_address": "無市招菜攤(陳O宏)/臺北市松山區八德路3段74巷3弄22號", "source_city": "台北市", "lon": 121.5530763, "lat": 25.0475893, "total_inspections": 1, "failed_inspections": 1, "inspection_status": "不合格", "source_years": "113", "sample_names": "芥菜(包心芥菜)", "noncompliance_reasons": "殺蟲劑Cypermethrin\\t賽滅寧1.6ppm(標準：1.0ppm以下)\\t\\n殺蟲劑Dinotefuran\\t達特南4.6ppm(標準：2.0ppm以下)\\t"}}, {"type": "Feature", "geometry": {"type":"Point","coordinates":[121.525552,25.0878609]}, "properties": {"ogc_fid": 2364, "restaurant_name": "樂鋪食堂", "inspection_address": "無市招菜攤(李O立)/臺北市士林區文林路101巷26號前攤販", "source_city": "台北市", "lon": 121.525552, "lat": 25.0878609, "total_inspections": 1, "failed_inspections": 1, "inspection_status": "不合格", "source_years": "113", "sample_names": "青江菜", "noncompliance_reasons": "殺蟲劑Chlorfenapyr 克凡派1.1ppm(標準：1.0ppm以下) \\n殺蟲劑Cyantraniliprole 賽安勃0.13ppm(標準：不得檢出) \\n殺蟲劑Fipronil 芬普尼0.237ppm、Fipronil-sulfone芬普尼代謝物0.070ppm(標準：0.001ppm以下) \\n殺蟲劑Pyriproxyfen 百利普芬0.59ppm(標準：0.01ppm以下)"}}, {"type": "Feature", "geometry": {"type":"Point","coordinates":[121.509283,25.059966]}, "properties": {"ogc_fid": 2365, "restaurant_name": "樂鋪麵食店", "inspection_address": "森昱食品有限公司(夏樹甜品)/臺北市大同區迪化街1段240號", "source_city": "台北市", "lon": 121.509283, "lat": 25.059966, "total_inspections": 1, "failed_inspections": 1, "inspection_status": "不合格", "source_years": "113", "sample_names": "杏仁雪花冰", "noncompliance_reasons": "腸桿菌科：3.2x10^2 CFU/g\\n(標準：10 CFU/g)"}}, {"type": "Feature", "geometry": {"type":"Point","coordinates":[121.5432403,25.0239169]}, "properties": {"ogc_fid": 2375, "restaurant_name": "樂閣鍋物館", "inspection_address": "棋軒實業有限公司/臺北市大安區復興南路2段292號1樓", "source_city": "台北市", "lon": 121.5432403, "lat": 25.0239169, "total_inspections": 1, "failed_inspections": 1, "inspection_status": "不合格", "source_years": "111", "sample_names": "多功能料理紙(捲式)", "noncompliance_reasons": "標示"}}, {"type": "Feature", "geometry": {"type":"Point","coordinates":[121.5335165,25.0419925]}, "properties": {"ogc_fid": 2380, "restaurant_name": "樂館午餐", "inspection_address": "太平洋崇光百貨股份有限公司/臺北市大安區忠孝東路4段45號地下2樓", "source_city": "台北市", "lon": 121.5335165, "lat": 25.0419925, "total_inspections": 1, "failed_inspections": 1, "inspection_status": "不合格", "source_years": "112", "sample_names": "黑芝麻(特級品)", "noncompliance_reasons": "芬化利(Fenvalerate)0.04 ppm (標準:0.1ppm)\\n環氧乙烷(Ethylene Oxide)1.34mg/kg (標準:不得檢出)"}}, {"type": "Feature", "geometry": {"type":"Point","coordinates":[121.5676517,25.0844398]}, "properties": {"ogc_fid": 2386, "restaurant_name": "樂館鍋物館", "inspection_address": "旭日昇雜糧行/臺北市內湖區內湖路1段285巷65弄15號1樓", "source_city": "台北市", "lon": 121.5676517, "lat": 25.0844398, "total_inspections": 1, "failed_inspections": 1, "inspection_status": "不合格", "source_years": "111", "sample_names": "白木耳", "noncompliance_reasons": "殺蟲劑Methomyl納乃得0.08ppm（標準：不得檢出）\\n生長調節劑Chlormequat克美素0.29ppm（標準：不得檢出）"}}, {"type": "Feature", "geometry": {"type":"Point","coordinates":[121.5092662,25.0604034]}, "properties": {"ogc_fid": 2399, "restaurant_name": "滿哥餐廳", "inspection_address": "勝隆南北雜貨行/臺北市大同區迪化街1段258號1樓", "source_city": "台北市", "lon": 121.5092662, "lat": 25.0604034, "total_inspections": 1, "failed_inspections": 1, "inspection_status": "不合格", "source_years": "113", "sample_names": "巴西蘑菇", "noncompliance_reasons": "重金屬鎘9mg/kg（標準：2mg/kg以下）"}}, {"type": "Feature", "geometry": {"type":"Point","coordinates":[121.5383762,25.0651309]}, "properties": {"ogc_fid": 2404, "restaurant_name": "滿園熱炒", "inspection_address": "榮濱市場路邊攤/臺北市中山區民族東路410巷55號門口前", "source_city": "台北市", "lon": 121.5383762, "lat": 25.0651309, "total_inspections": 1, "failed_inspections": 1, "inspection_status": "不合格", "source_years": "112", "sample_names": "茼蒿", "noncompliance_reasons": "殺菌劑Flutriafol 護汰芬0.02ppm(標準：0.01ppm以下)"}}, {"type": "Feature", "geometry": {"type":"Point","coordinates":[121.5574266,25.0518277]}, "properties": {"ogc_fid": 2433, "restaurant_name": "滿媽食府", "inspection_address": "心元蔘藥行/臺北市松山區南京東路5段291巷20弄6號1樓", "source_city": "台北市", "lon": 121.5574266, "lat": 25.0518277, "total_inspections": 1, "failed_inspections": 1, "inspection_status": "不合格", "source_years": "112", "sample_names": "生機龍牙百合（有效日期：20250302）", "noncompliance_reasons": "(1)公告禁用農藥五氯苯胺（Pentachloroaniline）0.04ppm、五氯硝苯（Quintozene（PCNB））0.04ppm\\n(2)產品外包裝標示「嚴選安心產品合格」、「通過多項農殘檢驗合格」等字樣，涉標示不實"}}, {"type": "Feature", "geometry": {"type":"Point","coordinates":[121.497064,25.017135]}, "properties": {"ogc_fid": 2453, "restaurant_name": "滿嬤飲食店館", "inspection_address": "3499林O鴦/臺北市萬華區萬大路533號第一果菜批發市場地號2215", "source_city": "台北市", "lon": 121.497064, "lat": 25.017135, "total_inspections": 1, "failed_inspections": 1, "inspection_status": "不合格", "source_years": "113", "sample_names": "辣椒(FV1小紅)", "noncompliance_reasons": "殺菌劑Cyprodinil賽普洛0.8ppm（標準：0.5ppm以下）"}}, {"type": "Feature", "geometry": {"type":"Point","coordinates":[121.5408107,25.0658871]}, "properties": {"ogc_fid": 2458, "restaurant_name": "滿家合菜", "inspection_address": "幸福美滿生活館有限公司/臺北市中山區龍江路356號10、12號", "source_city": "台北市", "lon": 121.5408107, "lat": 25.0658871, "total_inspections": 2, "failed_inspections": 2, "inspection_status": "不合格", "source_years": "111", "sample_names": "摺疊保鮮盒、萬用調理紙", "noncompliance_reasons": "標示"}}, {"type": "Feature", "geometry": {"type":"Point","coordinates":[121.5865643,25.0810483]}, "properties": {"ogc_fid": 2471, "restaurant_name": "滿居食堂館", "inspection_address": "利民雜糧行/臺北市內湖區內湖路2段300號", "source_city": "台北市", "lon": 121.5865643, "lat": 25.0810483, "total_inspections": 1, "failed_inspections": 1, "inspection_status": "不合格", "source_years": "113", "sample_names": "大毛綠(毛綠豆)", "noncompliance_reasons": "賽果培(Thiacloprid):0.04 ppm\\n(標準:0.02 ppm)"}}, {"type": "Feature", "geometry": {"type":"Point","coordinates":[121.5255257,25.0913796]}, "properties": {"ogc_fid": 2481, "restaurant_name": "滿屋食堂館", "inspection_address": "德展蔘藥行/臺北市士林區大東路113號", "source_city": "台北市", "lon": 121.5255257, "lat": 25.0913796, "total_inspections": 1, "failed_inspections": 1, "inspection_status": "不合格", "source_years": "111", "sample_names": "台灣菊花(有效日期：20250425)", "noncompliance_reasons": "檢出殘留農藥殺蟲劑Chlorpyrifos陶斯松0.05ppm，惟與產品所附加110年11月23日農藥殘留檢驗報告之檢驗結果「未檢出」不符；產品標示「包裝日期：2022.04.25」、「有效期限：3年」，與所附檢驗報告之「採收日期：110/11/20」、「採樣日期：110/11/12」推算明顯不符；另案內產品是否屬具啟封辨識性之包裝食品，如屬包裝食品，該產品標示已涉違反食品安全衛生管理法第22條規定"}}, {"type": "Feature", "geometry": {"type":"Point","coordinates":[121.5626891,25.0281065]}, "properties": {"ogc_fid": 2482, "restaurant_name": "滿屋餐廳店", "inspection_address": "偉順蔘藥行/臺北市信義區吳興街202號1樓", "source_city": "台北市", "lon": 121.5626891, "lat": 25.0281065, "total_inspections": 1, "failed_inspections": 1, "inspection_status": "不合格", "source_years": "111", "sample_names": "白木耳(有效日期：1140905)(原產地:中國)", "noncompliance_reasons": "殺蟎劑Propargite毆蟎多0.07ppm（標準：不得檢出）\\n生長調節劑Chlormequat克美素0.26ppm（標準：不得檢出）\\n外包裝標示外包裝標示「通過SGS檢驗無農藥殘留」、「安心使用」等字樣"}}, {"type": "Feature", "geometry": {"type":"Point","coordinates":[121.5245943,25.105306]}, "properties": {"ogc_fid": 2486, "restaurant_name": "滿師快炒", "inspection_address": "台隆手創館天母店/臺北市士林區中山北路6段77號2樓", "source_city": "台北市", "lon": 121.5245943, "lat": 25.105306, "total_inspections": 2, "failed_inspections": 2, "inspection_status": "不合格", "source_years": "111", "sample_names": "(OMORY)氣炸鍋圓形烘焙紙20cm-50入、涼夏俱樂部矽膠製冰器(大圓球)", "noncompliance_reasons": "標示"}}, {"type": "Feature", "geometry": {"type":"Point","coordinates":[121.5789859,25.0598147]}, "properties": {"ogc_fid": 2523, "restaurant_name": "滿莊食堂館", "inspection_address": "大潤發流通事業股份有限公司南湖分公司(大潤發內湖二店) /臺北市內湖區舊宗路1段188號", "source_city": "台北市", "lon": 121.5789859, "lat": 25.0598147, "total_inspections": 1, "failed_inspections": 1, "inspection_status": "不合格", "source_years": "112", "sample_names": "彰化韭菜花", "noncompliance_reasons": "殺蟎劑Spirodiclofen 賜派芬0.14ppm(標準： 0.01ppm以下)"}}, {"type": "Feature", "geometry": {"type":"Point","coordinates":[121.4551938,25.0226792]}, "properties": {"ogc_fid": 2542, "restaurant_name": "滿鋪食堂", "inspection_address": "新北市板橋區中正路338號", "source_city": "新北市", "lon": 121.4551938, "lat": 25.0226792, "total_inspections": 1, "failed_inspections": 1, "inspection_status": "不合格", "source_years": "108", "sample_names": "黑金剛橄欖", "noncompliance_reasons": "Amaranth 莧菜紅（標準：不得檢出）"}}, {"type": "Feature", "geometry": {"type":"Point","coordinates":[121.517351,25.117864]}, "properties": {"ogc_fid": 2565, "restaurant_name": "滿館料理店", "inspection_address": "鼎茶飲品店(龜記北投石牌店)/臺北市北投區石牌路2段124號1樓", "source_city": "台北市", "lon": 121.517351, "lat": 25.117864, "total_inspections": 2, "failed_inspections": 2, "inspection_status": "不合格", "source_years": "111", "sample_names": "三韻紅萱(含冰塊)、紅水烏龍(含冰塊)", "noncompliance_reasons": "衛生標準"}}, {"type": "Feature", "geometry": {"type":"Point","coordinates":[121.5340035,25.0611171]}, "properties": {"ogc_fid": 2585, "restaurant_name": "特選哥便當館", "inspection_address": "金橞食品股份有限公司/臺北市中山區松江路297巷5號1樓", "source_city": "台北市", "lon": 121.5340035, "lat": 25.0611171, "total_inspections": 3, "failed_inspections": 3, "inspection_status": "不合格", "source_years": "113", "sample_names": "\\n芋火鳳凰酥\\n、豆沙半蛋酥、金Q芋頭酥(葷)", "noncompliance_reasons": "(一)內容物為二種以上混合物未依其含量多寡由高至低分別標示。\\n(二)未標示「淨重、容量或數量」及「原產地（國）」。\\n(三)內容物含有麩質之穀類、蛋、奶、大豆及其製品，未標示食品過敏原資訊等。"}}, {"type": "Feature", "geometry": {"type":"Point","coordinates":[121.5371787,25.06741]}, "properties": {"ogc_fid": 2586, "restaurant_name": "特選哥快炒", "inspection_address": "陳O溪(第二果菜批發市場23-12號攤)/臺北市中山區民族東路336號1樓", "source_city": "台北市", "lon": 121.5371787, "lat": 25.06741, "total_inspections": 1, "failed_inspections": 1, "inspection_status": "不合格", "source_years": "113", "sample_names": "白蘿蔔", "noncompliance_reasons": "殺蟲劑Fipronil芬普尼0.006ppm、Fipronilsulfone芬普尼代謝物0.013ppm（標準：0.001ppm以下）"}}, {"type": "Feature", "geometry": {"type":"Point","coordinates":[121.5371787,25.06741]}, "properties": {"ogc_fid": 2595, "restaurant_name": "特選哥食府店", "inspection_address": "第二果菜批發市場19-09號攤/臺北市中山區民族東路336號1樓", "source_city": "台北市", "lon": 121.5371787, "lat": 25.06741, "total_inspections": 1, "failed_inspections": 1, "inspection_status": "不合格", "source_years": "113", "sample_names": "彩色甜椒", "noncompliance_reasons": "殺蟲劑Profenophos 佈飛松1.8ppm(標準：1.0ppm以下)"}}, {"type": "Feature", "geometry": {"type":"Point","coordinates":[121.5371787,25.06741]}, "properties": {"ogc_fid": 2609, "restaurant_name": "特選姐午餐店", "inspection_address": "協豐水果行/臺北市中山區民族東路336號6-08攤", "source_city": "台北市", "lon": 121.5371787, "lat": 25.06741, "total_inspections": 1, "failed_inspections": 1, "inspection_status": "不合格", "source_years": "113", "sample_names": "加州紅櫻桃", "noncompliance_reasons": "殺菌劑Mefentrifluconazole\\t滅芬座0.12ppm(標準：不得檢出)\\t"}}, {"type": "Feature", "geometry": {"type":"Point","coordinates":[121.525185,25.0213595]}, "properties": {"ogc_fid": 2611, "restaurant_name": "特選姐廚房", "inspection_address": "果粉水果行/臺北市中正區汀州路2段335號", "source_city": "台北市", "lon": 121.525185, "lat": 25.0213595, "total_inspections": 1, "failed_inspections": 1, "inspection_status": "不合格", "source_years": "112", "sample_names": "甜豆(豌豆)", "noncompliance_reasons": "殺菌劑Diniconazole 達克利0.21ppm(標準：不得檢出) \\n殺菌劑Fluopicolide 氟比來0.06ppm(標準：0.01ppm以下) \\n殺菌劑Prochloraz 撲克拉0.08ppm(標準：0.01ppm以下) \\n殺菌劑Propamocarb hydrochloride 普拔克0.42ppm(標準：0.1ppm以下)"}}, {"type": "Feature", "geometry": {"type":"Point","coordinates":[121.520313,25.059675]}, "properties": {"ogc_fid": 2623, "restaurant_name": "特選媽熱炒館", "inspection_address": "董O興蔬菜攤/臺北市大同區錦西街38巷18號", "source_city": "台北市", "lon": 121.520313, "lat": 25.059675, "total_inspections": 1, "failed_inspections": 1, "inspection_status": "不合格", "source_years": "112", "sample_names": "香菜(芫荽)", "noncompliance_reasons": "殺菌劑Hexaconazole菲克利0.03 ppm（標準：0.01 ppm以下）"}}, {"type": "Feature", "geometry": {"type":"Point","coordinates":[121.5243331,25.1049953]}, "properties": {"ogc_fid": 2628, "restaurant_name": "特選嬤早餐", "inspection_address": "遠東都會股份有限公司天母店(市招: City super)/臺北市士林區中山北路6段77號B1", "source_city": "台北市", "lon": 121.5243331, "lat": 25.1049953, "total_inspections": 1, "failed_inspections": 1, "inspection_status": "不合格", "source_years": "112", "sample_names": "JA高知土佐番茶PET500ML", "noncompliance_reasons": "原產地標示不實"}}, {"type": "Feature", "geometry": {"type":"Point","coordinates":[121.4984156,25.0185059]}, "properties": {"ogc_fid": 2641, "restaurant_name": "特選家食堂館", "inspection_address": "呂O越/臺北市萬華區萬大路533號中繼蔬菜零批場地號2002", "source_city": "台北市", "lon": 121.4984156, "lat": 25.0185059, "total_inspections": 1, "failed_inspections": 1, "inspection_status": "不合格", "source_years": "112", "sample_names": "紅辣椒", "noncompliance_reasons": "殺菌劑 Difenoconazole待克利1.2 ppm（標準：0.5 ppm以下） \\n殺蟎劑Fenazaquin芬殺蟎0.4 ppm（標準：0.1ppm以下 ）"}}, {"type": "Feature", "geometry": {"type":"Point","coordinates":[121.586785,25.046125]}, "properties": {"ogc_fid": 2655, "restaurant_name": "特選屋午餐店", "inspection_address": "成德市場-佳家用品/臺北市南港區同德路100號144號攤", "source_city": "台北市", "lon": 121.586785, "lat": 25.046125, "total_inspections": 1, "failed_inspections": 1, "inspection_status": "不合格", "source_years": "112", "sample_names": "白干絲\\n(進貨日期：2023/8/22)", "noncompliance_reasons": "殺菌劑過氧化氫：陽性（不得檢出）"}}, {"type": "Feature", "geometry": {"type":"Point","coordinates":[121.5162476,25.1178079]}, "properties": {"ogc_fid": 2677, "restaurant_name": "特選廚小吃", "inspection_address": "寒順企業社(寒聚精緻鍋物)/臺北市北投區石牌路2段97巷8號1樓", "source_city": "台北市", "lon": 121.5162476, "lat": 25.1178079, "total_inspections": 1, "failed_inspections": 1, "inspection_status": "不合格", "source_years": "112", "sample_names": "蔥", "noncompliance_reasons": "殺菌劑腐絕(Thiabendazole)：\\n0.13ppm (標準：0.01ppm)"}}, {"type": "Feature", "geometry": {"type":"Point","coordinates":[120.619261572,24.346955309]}, "properties": {"ogc_fid": 2705, "restaurant_name": "特選樓食堂", "inspection_address": "台中市大甲區信義路46號", "source_city": "新北市", "lon": 120.619261572426, "lat": 24.346955308852, "total_inspections": 1, "failed_inspections": 1, "inspection_status": "不合格", "source_years": "107", "sample_names": "金針", "noncompliance_reasons": "二氧化硫15.292"}}, {"type": "Feature", "geometry": {"type":"Point","coordinates":[121.497064,25.017135]}, "properties": {"ogc_fid": 2716, "restaurant_name": "特選苑米食", "inspection_address": "第一果菜批發市場零批場地號1610/臺北市萬華區萬大路533號", "source_city": "台北市", "lon": 121.497064, "lat": 25.017135, "total_inspections": 1, "failed_inspections": 1, "inspection_status": "不合格", "source_years": "112", "sample_names": "大刈菜", "noncompliance_reasons": "殺蟲劑Dinotefuran達特南2.8ppm（標準：2.0ppm以下）"}}, {"type": "Feature", "geometry": {"type":"Point","coordinates":[121.5577454,25.083201]}, "properties": {"ogc_fid": 2718, "restaurant_name": "特選苑食府", "inspection_address": "美麗華城市發展股份有限公司(時時香美麗華店)/臺北市中山區敬業三路20號5樓", "source_city": "台北市", "lon": 121.5577454, "lat": 25.083201, "total_inspections": 1, "failed_inspections": 1, "inspection_status": "不合格", "source_years": "111", "sample_names": "大辣椒", "noncompliance_reasons": "殺蟲劑Chlorfenapyr 克凡派0.6ppm(標準：0.5ppm以下)"}}, {"type": "Feature", "geometry": {"type":"Point","coordinates":[121.5216567,25.023817]}, "properties": {"ogc_fid": 2719, "restaurant_name": "特選苑麵食", "inspection_address": "甯臻恩飲料店(黑丸嫩仙草古亭店)/臺北市中正區同安街65號", "source_city": "台北市", "lon": 121.5216567, "lat": 25.023817, "total_inspections": 1, "failed_inspections": 1, "inspection_status": "不合格", "source_years": "113", "sample_names": "四季青茶(含冰塊)", "noncompliance_reasons": "腸桿菌科：1.6x10^3 CFU/mL\\n(標準：10 CFU/mL)"}}, {"type": "Feature", "geometry": {"type":"Point","coordinates":[121.5767547,25.0419683]}, "properties": {"ogc_fid": 2726, "restaurant_name": "特選莊廚房", "inspection_address": "無市招菜攤(邵O祥)/臺北市信義區虎林街122號", "source_city": "台北市", "lon": 121.5767547, "lat": 25.0419683, "total_inspections": 1, "failed_inspections": 1, "inspection_status": "不合格", "source_years": "113", "sample_names": "大芥菜", "noncompliance_reasons": "殺蟲劑Diflubenzuron二福隆2.4 ppm（標準：1.0 ppm以下）"}}, {"type": "Feature", "geometry": {"type":"Point","coordinates":[121.5432417,25.0408932]}, "properties": {"ogc_fid": 2752, "restaurant_name": "特選閣午餐館", "inspection_address": "遠東都會股份有限公司復興店(city super復興SOGO店)/臺北市大安區忠孝東路3段300號B3樓", "source_city": "台北市", "lon": 121.5432417, "lat": 25.0408932, "total_inspections": 1, "failed_inspections": 1, "inspection_status": "不合格", "source_years": "112", "sample_names": "黑鮪魚腹肉排", "noncompliance_reasons": "檢出一氧化碳"}}, {"type": "Feature", "geometry": {"type":"Point","coordinates":[120.3040587,23.5688623]}, "properties": {"ogc_fid": 2755, "restaurant_name": "特選閣食堂", "inspection_address": "雲林縣北港鎮中正路20號", "source_city": "新北市", "lon": 120.3040587, "lat": 23.5688623, "total_inspections": 1, "failed_inspections": 1, "inspection_status": "不合格", "source_years": "108", "sample_names": "菜豆", "noncompliance_reasons": "亞滅培(Acetamiprid)1.11剋安勃(Chlorantraniliprole)0.03達滅芬(Dimethomorph)0.26可尼丁(Clothianidin)0.02百克敏(Pyraclostrobin)0.10二硫代胺基甲酸鹽類未檢出克凡派(Chlorfenapyr)0.19賽速安(Thiamethoxam)0.15農藥多重殘留分析(373"}}, {"type": "Feature", "geometry": {"type":"Point","coordinates":[121.5939019,25.083037]}, "properties": {"ogc_fid": 2759, "restaurant_name": "特選閣餐廳", "inspection_address": "錢都火鍋/臺北市內湖區成功路4段147號", "source_city": "台北市", "lon": 121.5939019, "lat": 25.083037, "total_inspections": 1, "failed_inspections": 1, "inspection_status": "不合格", "source_years": "112", "sample_names": "霜淇淋", "noncompliance_reasons": "腸桿菌科：1.3x10^2 CFU/g\\n(標準：10 CFU/g)"}}, {"type": "Feature", "geometry": {"type":"Point","coordinates":[121.5065687,25.0444936]}, "properties": {"ogc_fid": 2777, "restaurant_name": "玉亭早餐", "inspection_address": "台台灣泛亞零售管理顧問股份有限公司西門分公司（DON DON DONKI) /臺北市萬華區西寧南路123號、123之1號、123號2樓、123號2樓之1、123號3樓、123號3樓之1；武昌街2段50巷2號、2之1號、2之2號、2之3號、2之5號、2之6號、2之7號、2之8號、2之9號、2之10號、2之11號、6號及西寧南路123號2樓、2樓之1、3樓、3樓之1", "source_city": "台北市", "lon": 121.5065687, "lat": 25.0444936, "total_inspections": 1, "failed_inspections": 1, "inspection_status": "不合格", "source_years": "112", "sample_names": "日本福岡 甘王草莓(盒)", "noncompliance_reasons": "殺蟲劑Flonicamid 氟尼胺0.14ppm(標準：0.01ppm以下)"}}, {"type": "Feature", "geometry": {"type":"Point","coordinates":[121.5162219,25.1164799]}, "properties": {"ogc_fid": 2778, "restaurant_name": "玉亭早餐", "inspection_address": "易長泓有限公司石牌營業所（旺佳佳越法新麵包石牌店）/臺北市北投區石牌路2段72號", "source_city": "台北市", "lon": 121.5162219, "lat": 25.1164799, "total_inspections": 1, "failed_inspections": 1, "inspection_status": "不合格", "source_years": "113", "sample_names": "香菜(芫荽)", "noncompliance_reasons": "殺蟲劑3-OH Carbofuran3羥基加保扶0.01ppm、Carbofuran 加保扶0.01ppm(標準：不得檢出) \\n殺蟲劑Chlorpyrifos 陶斯松0.01ppm(標準：不得檢出) \\n殺菌劑Pencycuron 賓克隆0.02ppm(標準：0.01ppm以下)"}}, {"type": "Feature", "geometry": {"type":"Point","coordinates":[121.5134147,25.0468814]}, "properties": {"ogc_fid": 2779, "restaurant_name": "玉亭晚餐", "inspection_address": "樂多多世界股份有限公司肉多多台北重慶南營業所(肉多多)/臺北市中正區重慶南路1段58號3樓", "source_city": "台北市", "lon": 121.5134147, "lat": 25.0468814, "total_inspections": 1, "failed_inspections": 1, "inspection_status": "不合格", "source_years": "112", "sample_names": "北海道牛奶風味(冰淇淋)", "noncompliance_reasons": "腸桿菌科：50 CFU/mL\\n(標準：10 CFU/mL)"}}, {"type": "Feature", "geometry": {"type":"Point","coordinates":[121.5733669,25.0411189]}, "properties": {"ogc_fid": 2789, "restaurant_name": "玉園便當店", "inspection_address": "遠百企業股份有限公司忠孝分公司(愛買忠孝店)/臺北市信義區忠孝東路5段297號地下3樓", "source_city": "台北市", "lon": 121.5733669, "lat": 25.0411189, "total_inspections": 1, "failed_inspections": 1, "inspection_status": "不合格", "source_years": "113", "sample_names": "進口西洋芹", "noncompliance_reasons": "殺蟲劑Cyantraniliprole 賽安勃0.02ppm(標準：不得檢出)"}}, {"type": "Feature", "geometry": {"type":"Point","coordinates":[121.5556082,25.0584343]}, "properties": {"ogc_fid": 2803, "restaurant_name": "玉坊麵食館", "inspection_address": "百特蔬果行/臺北市松山區民生東路5段20號1樓", "source_city": "台北市", "lon": 121.5556082, "lat": 25.0584343, "total_inspections": 1, "failed_inspections": 1, "inspection_status": "不合格", "source_years": "112", "sample_names": "香菜(芫荽)", "noncompliance_reasons": "殺蟲劑Fenitrothion 撲滅松0.02ppm(標準：0.01ppm以下) \\n殺草劑Pendimethalin 施得圃0.6ppm(標準：0.1ppm以下)"}}, {"type": "Feature", "geometry": {"type":"Point","coordinates":[121.5271668,25.1186067]}, "properties": {"ogc_fid": 2807, "restaurant_name": "玉姐早餐", "inspection_address": "好鍋有限公司/臺北市士林區天母西路43號1樓", "source_city": "台北市", "lon": 121.5271668, "lat": 25.1186067, "total_inspections": 1, "failed_inspections": 1, "inspection_status": "不合格", "source_years": "112", "sample_names": "大陸妹", "noncompliance_reasons": "殺菌劑Boscalid白克列5.6 ppm（標準：4.0 ppm以下）\\n殺蟲劑Emamectin benzoate因滅汀0.06 ppm（標準：0.05 ppm以下）\\n殺菌劑Pyraclostrobin百克敏2.2ppm（標準：2.0 ppm以下）"}}, {"type": "Feature", "geometry": {"type":"Point","coordinates":[121.5575157,25.0835013]}, "properties": {"ogc_fid": 2811, "restaurant_name": "玉姐麵食", "inspection_address": "惠康百貨股份有限公司美麗華分公司（Mia C'bon/臺北市中山區敬業三路20號地下1樓之1）", "source_city": "台北市", "lon": 121.5575157, "lat": 25.0835013, "total_inspections": 1, "failed_inspections": 1, "inspection_status": "不合格", "source_years": "112", "sample_names": "中國白蘿蔔600g(M)", "noncompliance_reasons": "殺蟲劑Thiamethoxam 賽速安0.84ppm(標準：0.25ppm以下)"}}, {"type": "Feature", "geometry": {"type":"Point","coordinates":[121.4897587,25.0286603]}, "properties": {"ogc_fid": 2817, "restaurant_name": "玉媽食堂館", "inspection_address": "環南市場蔬菜區青果攤0003號/臺北市萬華區環河南路2段245號", "source_city": "台北市", "lon": 121.4897587, "lat": 25.0286603, "total_inspections": 1, "failed_inspections": 1, "inspection_status": "不合格", "source_years": "112", "sample_names": "釋迦", "noncompliance_reasons": "殺蟲劑Diflubenzuron 二福隆0.02ppm(標準：0.01ppm以下)"}}, {"type": "Feature", "geometry": {"type":"Point","coordinates":[121.5939837,25.0723884]}, "properties": {"ogc_fid": 2820, "restaurant_name": "玉嬤便當館", "inspection_address": "明德素食園/臺北市內湖區成功路2段325號B1", "source_city": "台北市", "lon": 121.5939837, "lat": 25.0723884, "total_inspections": 1, "failed_inspections": 1, "inspection_status": "不合格", "source_years": "112", "sample_names": "白蘿蔔", "noncompliance_reasons": "殺蟎劑Pyridaben畢達本0.01 ppm（標準：不得檢出）"}}, {"type": "Feature", "geometry": {"type":"Point","coordinates":[121.5575876,25.0517827]}, "properties": {"ogc_fid": 2830, "restaurant_name": "玉家合菜館", "inspection_address": "橫濱牛排南京微風店/臺北市松山區南京東路3段337號3樓", "source_city": "台北市", "lon": 121.5575876, "lat": 25.0517827, "total_inspections": 1, "failed_inspections": 1, "inspection_status": "不合格", "source_years": "113", "sample_names": "香草霜淇淋", "noncompliance_reasons": "腸桿菌科：5.4x10^2 CFU/g\\n(標準：10 CFU/g)"}}, {"type": "Feature", "geometry": {"type":"Point","coordinates":[120.3911059,23.6282314]}, "properties": {"ogc_fid": 2835, "restaurant_name": "玉家料理", "inspection_address": "雲林縣大埤鄉興安村1-26號", "source_city": "新北市", "lon": 120.3911059, "lat": 23.6282314, "total_inspections": 1, "failed_inspections": 1, "inspection_status": "不合格", "source_years": "108", "sample_names": "小酸菜", "noncompliance_reasons": "二氧化硫0.838g/kg(標準：0.03g/kg以下)"}}, {"type": "Feature", "geometry": {"type":"Point","coordinates":[121.569349,24.988347]}, "properties": {"ogc_fid": 2844, "restaurant_name": "玉小吃店", "inspection_address": "元忠商店/臺北市文山區集英街30號", "source_city": "台北市", "lon": 121.569349, "lat": 24.988347, "total_inspections": 1, "failed_inspections": 1, "inspection_status": "不合格", "source_years": "111", "sample_names": "竹笙（產地：中國）", "noncompliance_reasons": "重金屬鎘5mg/kg（標準：2mg/kg以下）"}}, {"type": "Feature", "geometry": {"type":"Point","coordinates":[121.5548798,25.0479768]}, "properties": {"ogc_fid": 2851, "restaurant_name": "玉居食堂", "inspection_address": "育仁藥行/臺北市松山區八德路3段152號1樓", "source_city": "台北市", "lon": 121.5548798, "lat": 25.0479768, "total_inspections": 2, "failed_inspections": 2, "inspection_status": "不合格", "source_years": "111、112", "sample_names": "白木耳(有效日期：20240510)、白木耳（有效日期：20250301）", "noncompliance_reasons": "殺蟲劑Methomyl\\t納乃得0.12ppm(標準：不得檢出)\\t\\n殺蟎劑Propargite\\t毆蟎多0.05ppm(標準：不得檢出)\\t；生長調節劑Chlormequat 克美素0.26ppm(標準：不得檢出)"}}, {"type": "Feature", "geometry": {"type":"Point","coordinates":[121.543353,25.030866]}, "properties": {"ogc_fid": 2878, "restaurant_name": "玉廚飲食店", "inspection_address": "天椒小吃店(天辣麻辣火鍋)/臺北市大安區復興南路2段84號", "source_city": "台北市", "lon": 121.543353, "lat": 25.030866, "total_inspections": 1, "failed_inspections": 1, "inspection_status": "不合格", "source_years": "112", "sample_names": "花生粉", "noncompliance_reasons": "黃麴毒素B1：6.5μg/kg(標準：2μg/kg)"}}, {"type": "Feature", "geometry": {"type":"Point","coordinates":[121.497064,25.017135]}, "properties": {"ogc_fid": 2886, "restaurant_name": "玉樓快炒館", "inspection_address": "楊O嵐（臺北農產運銷股份有限公司第一果菜批發市場零批場地號1017/臺北市萬華區萬大路533號）", "source_city": "台北市", "lon": 121.497064, "lat": 25.017135, "total_inspections": 1, "failed_inspections": 1, "inspection_status": "不合格", "source_years": "112", "sample_names": "朝天椒", "noncompliance_reasons": "殺菌劑Difenoconazole待克利0.8 ppm（標準：0.5ppm以下）\\n殺蟲劑Profenophos佈飛松1.1 ppm（標準：1.0 ppm以下）"}}, {"type": "Feature", "geometry": {"type":"Point","coordinates":[121.4897587,25.0286603]}, "properties": {"ogc_fid": 2888, "restaurant_name": "玉樓食堂店", "inspection_address": "昌虹/臺北市萬華區環河南路2段245號環南市場蔬菜區89號攤", "source_city": "台北市", "lon": 121.4897587, "lat": 25.0286603, "total_inspections": 1, "failed_inspections": 1, "inspection_status": "不合格", "source_years": "112", "sample_names": "紅辣椒", "noncompliance_reasons": "殺菌劑Difenoconazole 待克利6.3ppm(標準：0.5ppm以下)"}}, {"type": "Feature", "geometry": {"type":"Point","coordinates":[121.5678884,25.0355732]}, "properties": {"ogc_fid": 2903, "restaurant_name": "玉莊熱炒", "inspection_address": "辣十九國際開發股份有限公司(馬辣)/臺北市信義區松壽路22號3樓", "source_city": "台北市", "lon": 121.5678884, "lat": 25.0355732, "total_inspections": 1, "failed_inspections": 1, "inspection_status": "不合格", "source_years": "112", "sample_names": "綠無籽葡萄", "noncompliance_reasons": "殺蟲劑Fipronil 芬普尼0.002ppm、Fipronil-sulfone芬普尼代謝物0.001ppm(標準：0.001ppm以下)"}}, {"type": "Feature", "geometry": {"type":"Point","coordinates":[121.5555611,25.0550013]}, "properties": {"ogc_fid": 2911, "restaurant_name": "玉記廚坊館", "inspection_address": "惠康百貨股份有限公司松山光復分公司(家樂福)/臺北市松山區光復北路198號", "source_city": "台北市", "lon": 121.5555611, "lat": 25.0550013, "total_inspections": 1, "failed_inspections": 1, "inspection_status": "不合格", "source_years": "112", "sample_names": "進口白蘿蔔", "noncompliance_reasons": "殺蟲劑Clothianidin可尼丁0.11 ppm（標準：0.02 ppm以下）"}}, {"type": "Feature", "geometry": {"type":"Point","coordinates":[121.4951281,25.0291648]}, "properties": {"ogc_fid": 2916, "restaurant_name": "玉記鍋物", "inspection_address": "三商家購股份有限公司(美廉社萬華雙園店)/臺北市萬華區雙園街13號1樓", "source_city": "台北市", "lon": 121.4951281, "lat": 25.0291648, "total_inspections": 1, "failed_inspections": 1, "inspection_status": "不合格", "source_years": "113", "sample_names": "心樸冷藏鮮雞蛋(白蛋)", "noncompliance_reasons": "乃卡巴精(nicarbazin):\\n0.016 ppm\\n(標準:不得檢出)"}}, {"type": "Feature", "geometry": {"type":"Point","coordinates":[120.489258,23.772751]}, "properties": {"ogc_fid": 2922, "restaurant_name": "玉鋪晚餐", "inspection_address": "雲林縣莿桐鄉義和村17鄰和平8之2號", "source_city": "新北市", "lon": 120.489258, "lat": 23.772751, "total_inspections": 1, "failed_inspections": 1, "inspection_status": "不合格", "source_years": "108", "sample_names": "溫室牛蕃茄", "noncompliance_reasons": "Pencycuron賓克隆0.1ppm（標準：0.01ppm 以下）"}}, {"type": "Feature", "geometry": {"type":"Point","coordinates":[121.538631,25.0669762]}, "properties": {"ogc_fid": 2934, "restaurant_name": "玉館便當", "inspection_address": "八方行食品股份有限公司(八方行)/臺北市中山區民族東路410巷23弄1號1樓", "source_city": "台北市", "lon": 121.538631, "lat": 25.0669762, "total_inspections": 1, "failed_inspections": 1, "inspection_status": "不合格", "source_years": "111", "sample_names": "冷凍青花菜（有效日期：20231201）", "noncompliance_reasons": "生長調節劑Chlormequat 克美素0.04ppm(標準：不得檢出)"}}, {"type": "Feature", "geometry": {"type":"Point","coordinates":[120.3752561,23.7777293]}, "properties": {"ogc_fid": 2946, "restaurant_name": "發亭午餐", "inspection_address": "雲林縣二崙鄉復興村龍紹村15-10號", "source_city": "新北市", "lon": 120.3752561, "lat": 23.7777293, "total_inspections": 2, "failed_inspections": 1, "inspection_status": "不合格", "source_years": "108", "sample_names": "芥菜", "noncompliance_reasons": "佈飛松(Profenophos)0.08二硫代胺基甲酸鹽類0.93賓克隆(Pencycuron)0.06農藥多重殘留分析(373項)檢出細項因得克(Indoxacarb)3.78達滅芬(Dimethomorph)0.51納乃得(Methomyl)0.03普拔克(Propamocarbhydrochloride)0.17賽洛寧(λ-Cyhalothrin)0.18亞滅培(Acetamiprid)0.04滅達樂(Metalaxyl)0.10克凡派(Chlorfenapyr)1.20馬拉松(Malathion)0.02"}}, {"type": "Feature", "geometry": {"type":"Point","coordinates":[121.5433783,25.0249441]}, "properties": {"ogc_fid": 2948, "restaurant_name": "發亭小吃館", "inspection_address": "馬東小吃店〈馬辣忠孝店〉/臺北市大安區忠孝東路4段223巷10弄4號", "source_city": "台北市", "lon": 121.5433783, "lat": 25.0249441, "total_inspections": 1, "failed_inspections": 1, "inspection_status": "不合格", "source_years": "111", "sample_names": "粉玫瑰", "noncompliance_reasons": "殺蟲劑Phosalone 裕必松0.07ppm(標準:不得檢出)"}}, {"type": "Feature", "geometry": {"type":"Point","coordinates":[121.5372687,25.0677665]}, "properties": {"ogc_fid": 2963, "restaurant_name": "發合菜", "inspection_address": "吳哲維/濱江果菜市場18-07攤/臺北市中山區民族東路336號", "source_city": "台北市", "lon": 121.5372687, "lat": 25.0677665, "total_inspections": 1, "failed_inspections": 1, "inspection_status": "不合格", "source_years": "111", "sample_names": "青蒜", "noncompliance_reasons": "殺菌劑Boscalid 白克列0.12ppm(標準：0.01ppm以下) \\n殺菌劑Fluxapyroxad 氟克殺0.02ppm(標準：不得檢出)"}}, {"type": "Feature", "geometry": {"type":"Point","coordinates":[121.5124817,25.0421953]}, "properties": {"ogc_fid": 2975, "restaurant_name": "發園熱炒", "inspection_address": "森林森水果行(農林水果)/臺北市中正區衡陽路36號1樓", "source_city": "台北市", "lon": 121.5124817, "lat": 25.0421953, "total_inspections": 1, "failed_inspections": 1, "inspection_status": "不合格", "source_years": "111", "sample_names": "金桔", "noncompliance_reasons": "殺蟎劑Bifenazate 必芬蟎0.13ppm(標準：不得檢出)"}}, {"type": "Feature", "geometry": {"type":"Point","coordinates":[121.5112309,25.0567565]}, "properties": {"ogc_fid": 2984, "restaurant_name": "發坊小吃", "inspection_address": "勝元堂參藥行/臺北市大同區民生西路330號1樓", "source_city": "台北市", "lon": 121.5112309, "lat": 25.0567565, "total_inspections": 1, "failed_inspections": 1, "inspection_status": "不合格", "source_years": "111", "sample_names": "玫瑰花(粉紅)", "noncompliance_reasons": "殺蟲劑Indoxacarb 因得克0.09ppm(標準:0.01ppm)\\t\\n殺菌劑Iprodione 依普同0.16ppm(標準:0.05ppm)\\t"}}, {"type": "Feature", "geometry": {"type":"Point","coordinates":[121.4897587,25.0286603]}, "properties": {"ogc_fid": 2986, "restaurant_name": "發坊廚房", "inspection_address": "臺北市萬華區環河南路2段245號蔬菜攤0068號", "source_city": "台北市", "lon": 121.4897587, "lat": 25.0286603, "total_inspections": 1, "failed_inspections": 1, "inspection_status": "不合格", "source_years": "113", "sample_names": "白蘿蔔", "noncompliance_reasons": "殺蟲劑Clothianidin 可尼丁0.07ppm(標準：0.02ppm以下)"}}, {"type": "Feature", "geometry": {"type":"Point","coordinates":[121.5045361,25.032266]}, "properties": {"ogc_fid": 2987, "restaurant_name": "發坊快炒", "inspection_address": "正祥食品行（黃日香豆干台北總店）/臺北市萬華區中華路2段66號1樓/實際抽驗地址為64號", "source_city": "台北市", "lon": 121.5045361, "lat": 25.032266, "total_inspections": 1, "failed_inspections": 1, "inspection_status": "不合格", "source_years": "113", "sample_names": "休閒片（有效日期：\\n20250213）", "noncompliance_reasons": "防腐劑己二烯酸2.3g/kg（標準：2.0g/kg以下）"}}, {"type": "Feature", "geometry": {"type":"Point","coordinates":[121.5407159,25.055778]}, "properties": {"ogc_fid": 2995, "restaurant_name": "發坊飲食店", "inspection_address": "旺旺水果行(龍江水果行)/臺北市中山區龍江路189號", "source_city": "台北市", "lon": 121.5407159, "lat": 25.055778, "total_inspections": 1, "failed_inspections": 1, "inspection_status": "不合格", "source_years": "113", "sample_names": "金棗", "noncompliance_reasons": "殺蟲劑Chlorpyrifos\\t陶斯松0.03ppm(標準：0.01ppm以下)\\t\\n殺菌劑Famoxadone\\t凡殺同0.68ppm(標準：0.01ppm以下)\\t\\n殺蟲劑Fenvalerate\\t芬化利2.8ppm(標準：2.0ppm以下)\\t\\t"}}, {"type": "Feature", "geometry": {"type":"Point","coordinates":[121.19346804,24.953952914]}, "properties": {"ogc_fid": 3004, "restaurant_name": "發姐米食", "inspection_address": "桃園市平鎮區高雙里民族路三段 159巷 153號", "source_city": "新北市", "lon": 121.193468040411, "lat": 24.953952913617, "total_inspections": 1, "failed_inspections": 1, "inspection_status": "不合格", "source_years": "未知", "sample_names": "山東大白菜(進口)", "noncompliance_reasons": "氟尼胺0.03ppm(標準：0.01ppm 以下)"}}, {"type": "Feature", "geometry": {"type":"Point","coordinates":[121.4984156,25.0185059]}, "properties": {"ogc_fid": 3006, "restaurant_name": "發姐食堂館", "inspection_address": "王黃O彫/臺北市萬華區萬大路533號蔬菜中繼零批場地號410", "source_city": "台北市", "lon": 121.4984156, "lat": 25.0185059, "total_inspections": 1, "failed_inspections": 1, "inspection_status": "不合格", "source_years": "112", "sample_names": "韭菜花", "noncompliance_reasons": "殺蟲劑3-酮基加保扶(3-keto Carbofuran)0.01ppm、3-羥基加保扶(3-OH Carbofuran)0.18ppm、加保扶(Carbofuran)0.38ppm(標準：0.2ppm以下) \\n殺蟲劑Acetamiprid 亞滅培0.08ppm(標準：0.01ppm以下) \\n殺蟲劑Chlorpyrifos 陶斯松0.39ppm(標準：0.01ppm以下)"}}, {"type": "Feature", "geometry": {"type":"Point","coordinates":[121.5747831,25.0612911]}, "properties": {"ogc_fid": 3017, "restaurant_name": "發嬤合菜", "inspection_address": "幸福品味實業股份有限公司(美福食集)/臺北市內湖區民善街128號", "source_city": "台北市", "lon": 121.5747831, "lat": 25.0612911, "total_inspections": 6, "failed_inspections": 6, "inspection_status": "不合格", "source_years": "112、113", "sample_names": "台灣特選九層塔、台灣特選九層塔(羅勒)、台灣特選玉荷包(荔枝)、台灣特選玉荷包800g(荔枝)、台灣特選韭菜花、台灣特選韭黃", "noncompliance_reasons": "殺菌劑Pyraclostrobin\\t百克敏0.03ppm(標準：0.01ppm以下)\\t；殺菌劑Pyraclostrobin 百克敏0.92ppm(標準：0.01ppm以下)；殺菌劑Thifluzamide 賽氟滅0.03ppm(標準：不得檢出)；殺蟎劑Fenbutatin-oxide\\t芬佈賜0.03ppm(標準：不得檢出)\\t；殺蟲劑Chlorpyrifos 陶斯松0.02ppm(標準：0.01ppm以下) \\n殺蟲劑Phosmet 益滅松0.8ppm(標準：0.2ppm以下)；殺蟲劑Phosmet\\t益滅松0.6ppm(標準：0.2ppm以下)\\t"}}, {"type": "Feature", "geometry": {"type":"Point","coordinates":[121.5427093,25.0792018]}, "properties": {"ogc_fid": 3018, "restaurant_name": "發嬤合菜店", "inspection_address": "龍來餐飲有限公司(儂來美食)/臺北市中山區民生東路2段147巷11弄2-1號", "source_city": "台北市", "lon": 121.5427093, "lat": 25.0792018, "total_inspections": 1, "failed_inspections": 1, "inspection_status": "不合格", "source_years": "113", "sample_names": "九層塔(羅勒)", "noncompliance_reasons": "殺菌劑Boscalid\\t白克列21.87ppm(標準：0.01ppm以下)\\t\\n殺菌劑Procymidone\\t撲滅寧10.3ppm(標準：5.0ppm以下)\\t"}}, {"type": "Feature", "geometry": {"type":"Point","coordinates":[121.4984156,25.0185059]}, "properties": {"ogc_fid": 3020, "restaurant_name": "發嬤廚房", "inspection_address": "臺北市萬華區萬大路533號", "source_city": "新北市", "lon": 121.4984156, "lat": 25.0185059, "total_inspections": 11, "failed_inspections": 2, "inspection_status": "不合格", "source_years": "107、108、109、110", "sample_names": "木瓜-台農2號、牛番茄、百香果、芫荽、茄子、草莓、蔥、豌豆、香菜、黃秋葵", "noncompliance_reasons": "二硫代胺基甲酸鹽類未檢出農藥多重殘留分析(380項)檢出細項加保利(Carbaryl)0.30待克利(Difenoconazole)0.04滅達樂(Metalaxyl)0.09；普拔克Propamocarbh ydrochloride 0.17ppm(標準：0.01ppm)"}}, {"type": "Feature", "geometry": {"type":"Point","coordinates":[121.5597737,25.0461301]}, "properties": {"ogc_fid": 3022, "restaurant_name": "發嬤料理店", "inspection_address": "伍五伍商行(泰讚了thai like tea市民店)/臺北市松山區市民大道5段37號", "source_city": "台北市", "lon": 121.5597737, "lat": 25.0461301, "total_inspections": 1, "failed_inspections": 1, "inspection_status": "不合格", "source_years": "113", "sample_names": "蝶豆花", "noncompliance_reasons": "殺蟲劑Cypermethrin\\t賽滅寧0.04ppm(標準：0.03ppm以下)\\t"}}, {"type": "Feature", "geometry": {"type":"Point","coordinates":[121.5373211,25.067861]}, "properties": {"ogc_fid": 3023, "restaurant_name": "發嬤食堂", "inspection_address": "臺北市第二果菜批發市場第18-16攤葉爾旺(蔬菜承銷人2154)/臺北市中山區民族東路336號", "source_city": "台北市", "lon": 121.5373211, "lat": 25.067861, "total_inspections": 2, "failed_inspections": 2, "inspection_status": "不合格", "source_years": "111", "sample_names": "酸菜\\n(2023/9/8 )、酸菜葉\\n(進貨日期2022/10/31)", "noncompliance_reasons": "苯甲酸1.17 g/kg(標準：0.6 g/kg)\\n二氧化硫0.48 g/kg(標準：0.030 g/kg以下) ；苯甲酸1.33g/kg(標準：0.6 g/kg)\\n二氧化硫0.06g/kg(標準：0.030 g/kg以下) "}}, {"type": "Feature", "geometry": {"type":"Point","coordinates":[121.5204962,25.0929719]}, "properties": {"ogc_fid": 3028, "restaurant_name": "發家廚坊店", "inspection_address": "特力屋股份有限公司士林分公司/臺北市士林區基河路258號", "source_city": "台北市", "lon": 121.5204962, "lat": 25.0929719, "total_inspections": 1, "failed_inspections": 1, "inspection_status": "不合格", "source_years": "111", "sample_names": "酵速蔬果清洗劑", "noncompliance_reasons": "\\n甲醇：4.09 mg/mL \\n(標準 : 1 mg/mL)"}}, {"type": "Feature", "geometry": {"type":"Point","coordinates":[121.595822,25.0507014]}, "properties": {"ogc_fid": 3030, "restaurant_name": "發家飲食店店", "inspection_address": "小鍋南港店/臺北市南港區忠孝東路7段369號A棟3樓(A4703櫃)", "source_city": "台北市", "lon": 121.595822, "lat": 25.0507014, "total_inspections": 1, "failed_inspections": 1, "inspection_status": "不合格", "source_years": "111", "sample_names": "青蔥", "noncompliance_reasons": "1.殺蟲劑芬普尼代謝物(Fipronil-sulfone)：0.003ppm(標準：0.001ppm)\\n2.殺菌劑賽氟滅(Thifluzamide)：0.04ppm(標準：不得檢出)"}}, {"type": "Feature", "geometry": {"type":"Point","coordinates":[121.6145553,25.067541]}, "properties": {"ogc_fid": 3038, "restaurant_name": "發居廚房", "inspection_address": "全向雜糧商行/臺北市內湖區五分街51號", "source_city": "台北市", "lon": 121.6145553, "lat": 25.067541, "total_inspections": 1, "failed_inspections": 1, "inspection_status": "不合格", "source_years": "111", "sample_names": "竹笙（有效日期：20231024）（產地：中國）", "noncompliance_reasons": "重金屬鎘5mg/kg（標準：2mg/kg以下）"}}, {"type": "Feature", "geometry": {"type":"Point","coordinates":[121.5431817,25.0234666]}, "properties": {"ogc_fid": 3108, "restaurant_name": "發鋪廚坊", "inspection_address": "全國食養創作全自助餐復興店/臺北市大安區復興南路2段314號", "source_city": "台北市", "lon": 121.5431817, "lat": 25.0234666, "total_inspections": 3, "failed_inspections": 3, "inspection_status": "不合格", "source_years": "112", "sample_names": "白蘿蔔、茄子", "noncompliance_reasons": "殺蟎劑Spirodiclofen 賜派芬0.08ppm(標準：0.01ppm以下)；殺蟲劑Cyazofamid賽座滅0.03 ppm（標準：0.01ppm以下）；殺蟲劑Dinotefuran 達特南0.09ppm(標準：0.05ppm以下) \\n殺蟲劑Fipronil-sulfone芬普尼代謝物0.002ppm(標準：0.001ppm以下)"}}, {"type": "Feature", "geometry": {"type":"Point","coordinates":[121.5294176,25.1119217]}, "properties": {"ogc_fid": 3129, "restaurant_name": "發館合菜館", "inspection_address": "哈林水果專賣店/臺北市士林區士東路100號士東市場80號攤", "source_city": "台北市", "lon": 121.5294176, "lat": 25.1119217, "total_inspections": 1, "failed_inspections": 1, "inspection_status": "不合格", "source_years": "112", "sample_names": "醃漬鳥梨", "noncompliance_reasons": "環己基(代)磺醯胺酸鹽1.18g/kg(標準：不得檢出)\\n糖精0.06g/kg(標準：不得檢出)"}}, {"type": "Feature", "geometry": {"type":"Point","coordinates":[121.5680923,25.0353786]}, "properties": {"ogc_fid": 3138, "restaurant_name": "發館飲食店", "inspection_address": "昕殿有限公司（辛殿麻辣鍋信義店）/臺北市信義區松壽路28號1樓", "source_city": "台北市", "lon": 121.5680923, "lat": 25.0353786, "total_inspections": 1, "failed_inspections": 1, "inspection_status": "不合格", "source_years": "113", "sample_names": "蔥", "noncompliance_reasons": "1.殺蟲劑滅芬諾(Methoxyfenozide)：0.29ppm(標準：0.01ppm) 2.殺菌劑賽氟滅(Thifluzamide)：0.55ppm(標準：不得檢出)"}}, {"type": "Feature", "geometry": {"type":"Point","coordinates":[121.5574752,25.0418291]}, "properties": {"ogc_fid": 3150, "restaurant_name": "真亭晚餐", "inspection_address": "雅苑粵菜海鮮樓股份有限公司(雅苑粵菜港式飲茶)/臺北市大安區光復南路202號2樓", "source_city": "台北市", "lon": 121.5574752, "lat": 25.0418291, "total_inspections": 1, "failed_inspections": 1, "inspection_status": "不合格", "source_years": "112", "sample_names": "竹笙", "noncompliance_reasons": "鎘5mg/kg（標準：2mg/kg以下）\\n殺蟲劑Chlorpyrifos陶斯松0.18ppm（標準：0.03ppm以下）\\n殺蟲劑Clothianidin可尼丁0.19pm（標準：0.05ppm以下）"}}, {"type": "Feature", "geometry": {"type":"Point","coordinates":[121.5625397,25.0285459]}, "properties": {"ogc_fid": 3160, "restaurant_name": "真哥熟食店", "inspection_address": "阿弘潤餅/臺北市信義區吳興街189號", "source_city": "台北市", "lon": 121.5625397, "lat": 25.0285459, "total_inspections": 1, "failed_inspections": 1, "inspection_status": "不合格", "source_years": "112", "sample_names": "豆干絲", "noncompliance_reasons": "檢出苯甲酸0.71 g/kg(標準：0.6 g/kg以下)"}}, {"type": "Feature", "geometry": {"type":"Point","coordinates":[121.566819,25.0405415]}, "properties": {"ogc_fid": 3169, "restaurant_name": "真園餐廳", "inspection_address": "為福樓餐廳有限公司/臺北市南港區忠孝東路5段996號1樓", "source_city": "台北市", "lon": 121.566819, "lat": 25.0405415, "total_inspections": 2, "failed_inspections": 2, "inspection_status": "不合格", "source_years": "113", "sample_names": "大紅辣(辣椒)、芥蘭菜", "noncompliance_reasons": "殺蟲劑Chlorfenapyr 克凡派2.4ppm(標準：1.0ppm以下) \\n殺蟲劑Indoxacarb 因得克2.4ppm(標準：2.0ppm以下) \\n殺菌劑Pyraclostrobin 百克敏2.7ppm(標準：2.0ppm以下)；殺蟲劑Flonicamid 氟尼胺0.02ppm(標準：0.01ppm以下)"}}, {"type": "Feature", "geometry": {"type":"Point","coordinates":[121.501166,25.129368]}, "properties": {"ogc_fid": 3171, "restaurant_name": "真坊合菜", "inspection_address": "鴻璂雜糧行/臺北市北投區中央南路1段163號1樓", "source_city": "台北市", "lon": 121.501166, "lat": 25.129368, "total_inspections": 1, "failed_inspections": 1, "inspection_status": "不合格", "source_years": "113", "sample_names": "精選毛綠豆-紅線", "noncompliance_reasons": "賽速安(Thiamethoxam):0.09 ppm\\n(標準:0.02 ppm)\\n磷化氫(Phosphine):0.02 ppm\\n(標準:0.01 ppm)"}}, {"type": "Feature", "geometry": {"type":"Point","coordinates":[121.5661332,25.0514246]}, "properties": {"ogc_fid": 3175, "restaurant_name": "真姐便當", "inspection_address": "安星水果行/臺北市松山區南京東路291巷32之3號", "source_city": "台北市", "lon": 121.5661332, "lat": 25.0514246, "total_inspections": 1, "failed_inspections": 1, "inspection_status": "不合格", "source_years": "112", "sample_names": "紅龍果-履歷紅龍果", "noncompliance_reasons": "殺蟎劑Spirodiclofen 賜派芬0.02ppm(標準：0.01ppm以下)"}}, {"type": "Feature", "geometry": {"type":"Point","coordinates":[121.5158403,25.1157032]}, "properties": {"ogc_fid": 3207, "restaurant_name": "真家飲食店", "inspection_address": "福餐聯餐飲股份有限公司吉龍糖石牌裕民門市/臺北市北投區石牌路2段42號1樓", "source_city": "台北市", "lon": 121.5158403, "lat": 25.1157032, "total_inspections": 1, "failed_inspections": 1, "inspection_status": "不合格", "source_years": "112", "sample_names": "阿里山青茶(含冰塊)", "noncompliance_reasons": "腸桿菌科：1.6x10^5 CFU/mL\\n(標準：10 CFU/mL)"}}, {"type": "Feature", "geometry": {"type":"Point","coordinates":[120.2226555,23.6377404]}, "properties": {"ogc_fid": 3214, "restaurant_name": "真居食府館", "inspection_address": "雲林縣四湖鄉中山西路94號", "source_city": "新北市", "lon": 120.2226555, "lat": 23.6377404, "total_inspections": 2, "failed_inspections": 1, "inspection_status": "不合格", "source_years": "107、108", "sample_names": "溫室花瓜、特選白蘿蔔SA3", "noncompliance_reasons": "達滅芬(Dimethomorph)0.02大滅松(Dimethoate)0.03二硫代胺基甲酸鹽類0.36農藥多重殘留分析(373項)檢出細項歐殺滅(Oxamyl)0.05"}}, {"type": "Feature", "geometry": {"type":"Point","coordinates":[121.5067749,25.1189713]}, "properties": {"ogc_fid": 3215, "restaurant_name": "真屋午餐", "inspection_address": "全聯實業股份有限公司北投吉利分公司/臺北市北投區吉利街125號1樓", "source_city": "台北市", "lon": 121.5067749, "lat": 25.1189713, "total_inspections": 3, "failed_inspections": 3, "inspection_status": "不合格", "source_years": "112、113", "sample_names": "紅寶蜜露百香果、進口蘿蔔600公克", "noncompliance_reasons": "殺蟲劑Chlorfenapyr克凡派0.07 ppm（標準：0.05 ppm以下）；殺蟲劑Cyromazine賽滅淨0.15 ppm（標準：不得檢出）；殺蟲劑Lufenuron 祿芬隆0.02ppm(標準：0.01ppm以下)"}}, {"type": "Feature", "geometry": {"type":"Point","coordinates":[121.5292944,25.1185981]}, "properties": {"ogc_fid": 3217, "restaurant_name": "真屋廚房", "inspection_address": "惠康百貨股份有限公司天母分公司(Mia C'bon)/臺北市士林區天母西路3號2樓", "source_city": "台北市", "lon": 121.5292944, "lat": 25.1185981, "total_inspections": 1, "failed_inspections": 1, "inspection_status": "不合格", "source_years": "112", "sample_names": "大湖草莓（中）（180g/盒）", "noncompliance_reasons": "殺蟲劑Abamectin 阿巴汀0.07ppm(標準：0.02ppm以下) \\n殺蟲劑Deltamethrin 第滅寧0.6ppm(標準：0.2ppm以下) \\n殺菌劑Fludioxonil 護汰寧3.2ppm(標準：2.0ppm以下) \\n殺菌劑Propamocarb hydrochloride 普拔克14.8ppm(標準：9.0ppm以下)\\n殺蟲劑Spiromesifen 賜滅芬2.9ppm(標準：1.0ppm以下)"}}, {"type": "Feature", "geometry": {"type":"Point","coordinates":[121.5645275,24.9824552]}, "properties": {"ogc_fid": 3223, "restaurant_name": "真屋晚餐館", "inspection_address": "馬祖奶茶(文山木新店)/臺北市文山區木新路3段33號", "source_city": "台北市", "lon": 121.5645275, "lat": 24.9824552, "total_inspections": 1, "failed_inspections": 1, "inspection_status": "不合格", "source_years": "113", "sample_names": "馬祖奶茶(不含冰塊不含配料)", "noncompliance_reasons": "腸桿菌科：1.7x10^4 CFU/mL\\n(標準：10 CFU/mL)"}}, {"type": "Feature", "geometry": {"type":"Point","coordinates":[121.5526422,25.0477374]}, "properties": {"ogc_fid": 3229, "restaurant_name": "真師快炒店", "inspection_address": "中崙市場-元味素食/臺北市松山區八德路3段76號1號攤", "source_city": "台北市", "lon": 121.5526422, "lat": 25.0477374, "total_inspections": 2, "failed_inspections": 2, "inspection_status": "不合格", "source_years": "112", "sample_names": "干絲\\n(進貨日期：2023/8/24)、豆干\\n(進貨日期：2023/8/24)", "noncompliance_reasons": "殺菌劑過氧化氫：陽性（不得檢出）"}}, {"type": "Feature", "geometry": {"type":"Point","coordinates":[121.5182931,25.0321522]}, "properties": {"ogc_fid": 3236, "restaurant_name": "真師食府", "inspection_address": "李碧綺號(南門鮮魚號)/臺北市中正區羅斯福路1路8號(南門市場B1-47)", "source_city": "台北市", "lon": 121.5182931, "lat": 25.0321522, "total_inspections": 1, "failed_inspections": 1, "inspection_status": "不合格", "source_years": "113", "sample_names": "黃魚", "noncompliance_reasons": "還原型結晶紫（leucocrystal violet, LCV） 0.6 ppb（標準\\n：不得檢出）"}}, {"type": "Feature", "geometry": {"type":"Point","coordinates":[121.5097974,25.0564363]}, "properties": {"ogc_fid": 3255, "restaurant_name": "真樓飲食店", "inspection_address": "永利食品有限公司/臺北市大同區迪化街1段143號", "source_city": "台北市", "lon": 121.5097974, "lat": 25.0564363, "total_inspections": 1, "failed_inspections": 1, "inspection_status": "不合格", "source_years": "113", "sample_names": "綠豆", "noncompliance_reasons": "芬普尼(Fipronil):0.001 ppm、芬普尼代謝物(Fipronil-sulfone)0.001 ppm=0.002 ppm\\n(標準:0.001 ppm)\\n賽速安(Thiamethoxam):0.16 ppm\\n(標準:0.02 ppm)"}}, {"type": "Feature", "geometry": {"type":"Point","coordinates":[121.539393,25.0628576]}, "properties": {"ogc_fid": 3259, "restaurant_name": "真苑便當", "inspection_address": "閤家生活開發有限公司民權店(8% ice CAFÉ)/臺北市中山區民權東路1段79號1樓", "source_city": "台北市", "lon": 121.539393, "lat": 25.0628576, "total_inspections": 1, "failed_inspections": 1, "inspection_status": "不合格", "source_years": "113", "sample_names": "蝶豆花", "noncompliance_reasons": "殺菌劑Carbendazim\\t貝芬替\\n0.21ppm(標準：0.05ppm以下)\\t\\n殺蟲劑Cypermethrin\\t賽滅寧\\n0.21ppm(標準：0.03ppm以下)\\t\\n殺蟲劑Fipronil\\t芬普尼\\n0.006ppm(標準：0.002ppm以下)\\t\\n殺蟲劑Imidacloprid\\t益達胺\\n0.29ppm(標準：0.05ppm以下)\\t\\n殺菌劑Isoprothiolane\\t亞賜圃\\n0.18ppm(標準：0.05ppm以下)\\t"}}, {"type": "Feature", "geometry": {"type":"Point","coordinates":[121.524157,25.0878373]}, "properties": {"ogc_fid": 3265, "restaurant_name": "真苑米食", "inspection_address": "士林市場-菜攤(曹O良)/臺北市士林區基河路101號(豪大大雞排正對面)", "source_city": "台北市", "lon": 121.524157, "lat": 25.0878373, "total_inspections": 1, "failed_inspections": 1, "inspection_status": "不合格", "source_years": "112", "sample_names": "菠菜", "noncompliance_reasons": "殺菌劑Flutriafol 護汰芬0.02ppm(標準：0.01ppm以下)"}}, {"type": "Feature", "geometry": {"type":"Point","coordinates":[121.4713744,25.0085783]}, "properties": {"ogc_fid": 3268, "restaurant_name": "真苑麵食館", "inspection_address": "新北市板橋區漢生東路312號", "source_city": "新北市", "lon": 121.4713744, "lat": 25.0085783, "total_inspections": 1, "failed_inspections": 1, "inspection_status": "不合格", "source_years": "107", "sample_names": "抹茶紅豆雪花冰", "noncompliance_reasons": "大腸桿菌28大腸桿菌群460生菌數73000"}}, {"type": "Feature", "geometry": {"type":"Point","coordinates":[121.537744,25.0667309]}, "properties": {"ogc_fid": 3286, "restaurant_name": "真記熟食", "inspection_address": "吳O玲/承銷號：2601/榮濱市場路邊攤/臺北市中山區民族東路410巷2弄10號前", "source_city": "台北市", "lon": 121.537744, "lat": 25.0667309, "total_inspections": 1, "failed_inspections": 1, "inspection_status": "不合格", "source_years": "112", "sample_names": "刈菜(包心芥菜)", "noncompliance_reasons": "殺蟲劑Dimethoate 大滅松0.07ppm(標準：0.02ppm以下) \\n殺蟲劑Omethoate 歐滅松0.10ppm(標準：不得檢出)"}}, {"type": "Feature", "geometry": {"type":"Point","coordinates":[121.515574,25.1119212]}, "properties": {"ogc_fid": 3306, "restaurant_name": "真閣餐廳店", "inspection_address": "世界城水果店/臺北市北投區石牌路1段166巷117號1樓", "source_city": "台北市", "lon": 121.515574, "lat": 25.1119212, "total_inspections": 1, "failed_inspections": 1, "inspection_status": "不合格", "source_years": "112", "sample_names": "木瓜", "noncompliance_reasons": "殺蟲劑Methomyl納乃得0.01 ppm（標準：不得檢出）"}}, {"type": "Feature", "geometry": {"type":"Point","coordinates":[121.5294756,25.0636574]}, "properties": {"ogc_fid": 3315, "restaurant_name": "真館食府", "inspection_address": "有利蛋行/臺北市中山區新生北路3段11巷49號", "source_city": "台北市", "lon": 121.5294756, "lat": 25.0636574, "total_inspections": 1, "failed_inspections": 1, "inspection_status": "不合格", "source_years": "113", "sample_names": "紅蛋", "noncompliance_reasons": "甲磺氯黴素(Thiamphenicol):\\n0.005 ppm(標準:不得檢出)\\n氟滅菌(flumequine):\\n0.07 ppm(標準:不得檢出)"}}, {"type": "Feature", "geometry": {"type":"Point","coordinates":[121.4897587,25.0286603]}, "properties": {"ogc_fid": 3316, "restaurant_name": "眷村亭小吃店", "inspection_address": "全興蔬菜行/臺北市萬華區環河南路2段245號環南市場33號攤", "source_city": "台北市", "lon": 121.4897587, "lat": 25.0286603, "total_inspections": 1, "failed_inspections": 1, "inspection_status": "不合格", "source_years": "113", "sample_names": "香菜(芫荽)", "noncompliance_reasons": "殺菌劑Dimethomorph 達滅芬0.03ppm(標準：0.01ppm以下) \\n殺菌劑Diniconazole 達克利0.05ppm(標準：不得檢出)\\n殺菌劑Fluopicolide 氟比來0.05ppm(標準：0.01ppm以下) \\n殺菌劑Flusilazole 護矽得0.05ppm(標準：不得檢出) \\n殺菌劑Prochloraz 撲克拉0.27ppm(標準：0.01ppm以下) \\n殺草劑Prometryn 佈滅淨0.04ppm(標準：不得檢出) \\n殺菌劑Propiconazole 普克利4.54ppm(標準：0.01ppm以下) \\n殺菌劑Pydiflumetofen 派滅芬0.12ppm(標準：不得檢出) \\n殺蟲劑Thiamethoxam 賽速安0.36ppm(標準：0.01ppm以下)"}}, {"type": "Feature", "geometry": {"type":"Point","coordinates":[121.500915,25.129596]}, "properties": {"ogc_fid": 3324, "restaurant_name": "眷村亭米食店", "inspection_address": "一加一五金行/臺北市北投區中央南路1段154號", "source_city": "台北市", "lon": 121.500915, "lat": 25.129596, "total_inspections": 1, "failed_inspections": 1, "inspection_status": "不合格", "source_years": "113", "sample_names": "101-1（2031）敦煌豆油池", "noncompliance_reasons": "本體未以印刷、打印或壓印方式標示耐熱溫度。"}}, {"type": "Feature", "geometry": {"type":"Point","coordinates":[121.5001916,25.026412]}, "properties": {"ogc_fid": 3332, "restaurant_name": "眷村合菜", "inspection_address": "民祥餐飲店(巨林美而美民和店)/臺北市萬華區民和街2號1樓", "source_city": "台北市", "lon": 121.5001916, "lat": 25.026412, "total_inspections": 1, "failed_inspections": 1, "inspection_status": "不合格", "source_years": "111", "sample_names": "日久奶精(非乳為主)\\n(有效日期：2022/10/27)", "noncompliance_reasons": "未標示原產地（國）及「有效日期」字樣"}}, {"type": "Feature", "geometry": {"type":"Point","coordinates":[121.5371787,25.06741]}, "properties": {"ogc_fid": 3337, "restaurant_name": "眷村哥食堂", "inspection_address": "陳O溪(蔬菜承銷號2031)/臺北市第二果菜批發市場/臺北市中山區民族東路336號1樓 18-02號攤", "source_city": "台北市", "lon": 121.5371787, "lat": 25.06741, "total_inspections": 1, "failed_inspections": 1, "inspection_status": "不合格", "source_years": "112", "sample_names": "皇宮菜(落葵)", "noncompliance_reasons": "殺菌劑Dimethomorph達滅芬\\n0.21 ppm（標準：0.01 ppm以下）"}}, {"type": "Feature", "geometry": {"type":"Point","coordinates":[121.5371787,25.06741]}, "properties": {"ogc_fid": 3341, "restaurant_name": "眷村園廚坊館", "inspection_address": "臺北市第二果菜批發市場蔬菜零批場21-08號攤/臺北市中山區民族東路336號", "source_city": "台北市", "lon": 121.5371787, "lat": 25.06741, "total_inspections": 1, "failed_inspections": 1, "inspection_status": "不合格", "source_years": "113", "sample_names": "芹菜", "noncompliance_reasons": "殺草劑Thiobencarb 殺丹0.08ppm(標準：0.01ppm以下)"}}, {"type": "Feature", "geometry": {"type":"Point","coordinates":[121.5553928,25.0302069]}, "properties": {"ogc_fid": 3342, "restaurant_name": "眷村園熟食館", "inspection_address": "通化水果行/臺北市大安區通化街39巷50弄33號", "source_city": "台北市", "lon": 121.5553928, "lat": 25.0302069, "total_inspections": 1, "failed_inspections": 1, "inspection_status": "不合格", "source_years": "111", "sample_names": "龍眼", "noncompliance_reasons": "殺蟲劑Carbaryl 加保利0.9ppm(標準：0.5ppm以下) \\n殺菌劑Carbendazim 貝芬替4.9ppm(標準：2.0ppm以下) \\n殺蟲劑Chlorpyrifos 陶斯松0.12ppm(標準：0.01ppm以下)"}}, {"type": "Feature", "geometry": {"type":"Point","coordinates":[121.5361042,25.067097]}, "properties": {"ogc_fid": 3348, "restaurant_name": "眷村坊早餐", "inspection_address": "長鑫水果行/承銷號1165/臺北市中山區\\n民族東路336號（6-13）", "source_city": "台北市", "lon": 121.5361042, "lat": 25.067097, "total_inspections": 1, "failed_inspections": 1, "inspection_status": "不合格", "source_years": "111", "sample_names": "蘋果", "noncompliance_reasons": "生長調節劑2,6-DIPN 0.05ppm(標準：不得檢出)"}}, {"type": "Feature", "geometry": {"type":"Point","coordinates":[120.605489,23.9466392]}, "properties": {"ogc_fid": 3355, "restaurant_name": "眷村姐便當", "inspection_address": "新百果山蜜餞專賣店/彰化縣員林市出水巷15-30號", "source_city": "台北市", "lon": 120.605489, "lat": 23.9466392, "total_inspections": 2, "failed_inspections": 2, "inspection_status": "不合格", "source_years": "113", "sample_names": "情人果、油切菓", "noncompliance_reasons": "檢出甜味劑「紐甜」及「蔗糖素」，惟未於成分內容物標示。；檢出甜味劑「醋磺內酯鉀」及「蔗糖素」，惟未於成分內容物標示。"}}, {"type": "Feature", "geometry": {"type":"Point","coordinates":[121.501159,25.129451]}, "properties": {"ogc_fid": 3357, "restaurant_name": "眷村姐早餐", "inspection_address": "古意人水果專賣店/臺北市北投區中央南路1段159、161號", "source_city": "台北市", "lon": 121.501159, "lat": 25.129451, "total_inspections": 1, "failed_inspections": 1, "inspection_status": "不合格", "source_years": "111", "sample_names": "包心白菜", "noncompliance_reasons": "殺蟲劑Abamectin 阿巴汀0.07ppm(標準：0.05ppm以下) \\n殺蟲劑Emamectin benzoate 因滅汀1.76ppm(標準：0.05ppm以下)"}}, {"type": "Feature", "geometry": {"type":"Point","coordinates":[121.5335165,25.0419925]}, "properties": {"ogc_fid": 3361, "restaurant_name": "眷村姐餐廳", "inspection_address": "果然匯明曜店/臺北市大安區忠孝東路4段200號12樓", "source_city": "台北市", "lon": 121.5335165, "lat": 25.0419925, "total_inspections": 1, "failed_inspections": 1, "inspection_status": "不合格", "source_years": "112", "sample_names": "香菜(芫荽)", "noncompliance_reasons": "殺草劑Atrazine草脫淨0.01 ppm（標準：不得檢出）"}}, {"type": "Feature", "geometry": {"type":"Point","coordinates":[121.5441208,25.0414095]}, "properties": {"ogc_fid": 3379, "restaurant_name": "眷村家早餐", "inspection_address": "全聯實業股份有限公司敦南分公司(全聯福利中心敦南分公司)/臺北市大安區忠孝東路4段126之1號房屋地下1層", "source_city": "台北市", "lon": 121.5441208, "lat": 25.0414095, "total_inspections": 1, "failed_inspections": 1, "inspection_status": "不合格", "source_years": "112", "sample_names": "高海拔套袋葡萄", "noncompliance_reasons": "生長調節劑Chlormequat 克美素0.04ppm(標準：不得檢出) \\n殺菌劑Boscalid 白克列1.4ppm(標準：1.0ppm以下)"}}, {"type": "Feature", "geometry": {"type":"Point","coordinates":[121.5304049,25.0563881]}, "properties": {"ogc_fid": 3384, "restaurant_name": "眷村居午餐店", "inspection_address": "鵝城餐飲有限公司/臺北市中山區吉林路105號", "source_city": "台北市", "lon": 121.5304049, "lat": 25.0563881, "total_inspections": 1, "failed_inspections": 1, "inspection_status": "不合格", "source_years": "111", "sample_names": "全鵝", "noncompliance_reasons": "Doxycycline 1.0 ppm(標準:0.1 ppm)"}}, {"type": "Feature", "geometry": {"type":"Point","coordinates":[121.545384,25.0785869]}, "properties": {"ogc_fid": 3385, "restaurant_name": "眷村居小吃", "inspection_address": "小農市集/臺北市中山區北安路458巷41弄3號/大直市場F03號攤", "source_city": "台北市", "lon": 121.545384, "lat": 25.0785869, "total_inspections": 2, "failed_inspections": 2, "inspection_status": "不合格", "source_years": "111", "sample_names": "芥藍、茼蒿", "noncompliance_reasons": "殺菌劑Carbendazim 貝芬替1.3ppm(標準：1.0ppm以下)；殺菌劑Difenoconazole 待克利1.2ppm(標準：1.0ppm以下)"}}, {"type": "Feature", "geometry": {"type":"Point","coordinates":[121.5751745,25.0603164]}, "properties": {"ogc_fid": 3404, "restaurant_name": "眷村屋飲食店", "inspection_address": "麗庭莊園有限公司(88號樂章婚宴會館)/臺北市內湖區民善街88號5樓", "source_city": "台北市", "lon": 121.5751745, "lat": 25.0603164, "total_inspections": 1, "failed_inspections": 1, "inspection_status": "不合格", "source_years": "111", "sample_names": "竹笙", "noncompliance_reasons": "殺蟲劑Fipronil 芬普尼0.042ppm(標準：0.002ppm以下)"}}, {"type": "Feature", "geometry": {"type":"Point","coordinates":[121.523076,25.04991]}, "properties": {"ogc_fid": 3408, "restaurant_name": "眷村師熟食館", "inspection_address": "品安甜品店(清原芋圓台北天津店)/臺北市中山區天津街41號1樓", "source_city": "台北市", "lon": 121.523076, "lat": 25.04991, "total_inspections": 1, "failed_inspections": 1, "inspection_status": "不合格", "source_years": "112", "sample_names": "茉香綠茶(不含冰塊)", "noncompliance_reasons": "腸桿菌科：8.6x10^2 CFU/mL\\n(標準：10 CFU/mL)"}}, {"type": "Feature", "geometry": {"type":"Point","coordinates":[121.5575367,25.0517504]}, "properties": {"ogc_fid": 3413, "restaurant_name": "眷村師食府館", "inspection_address": "微風超市股份有限公司(Breeze Super)/臺北市松山區南京東路3段337號2樓", "source_city": "台北市", "lon": 121.5575367, "lat": 25.0517504, "total_inspections": 2, "failed_inspections": 2, "inspection_status": "不合格", "source_years": "112、113", "sample_names": "日本熊本草莓600g、日本福岡草莓", "noncompliance_reasons": "殺蟎劑亞醌蟎代謝物(Acequinocyl-hydroxyl)0.06ppm(標準：不得檢出)；殺蟲劑Flonicamid\\t氟尼胺0.22ppm(標準：0.01ppm以下)\\t"}}, {"type": "Feature", "geometry": {"type":"Point","coordinates":[121.4984156,25.0185059]}, "properties": {"ogc_fid": 3416, "restaurant_name": "眷村廚小吃", "inspection_address": "3232林O梅/臺北市萬華區萬大路533號地號216", "source_city": "台北市", "lon": 121.4984156, "lat": 25.0185059, "total_inspections": 1, "failed_inspections": 1, "inspection_status": "不合格", "source_years": "113", "sample_names": "白花椰菜", "noncompliance_reasons": "殺蟲劑Emamectin benzoate\\t因滅汀0.34ppm(標準：0.05ppm以下)\\t"}}, {"type": "Feature", "geometry": {"type":"Point","coordinates":[121.5666758,25.0380379]}, "properties": {"ogc_fid": 3417, "restaurant_name": "眷村廚廚房", "inspection_address": "海堂國際股份有限公司(珊瑚橘)/臺北市信義區松高路12號B2", "source_city": "台北市", "lon": 121.5666758, "lat": 25.0380379, "total_inspections": 1, "failed_inspections": 1, "inspection_status": "不合格", "source_years": "112", "sample_names": "原山青茶(含冰塊)", "noncompliance_reasons": "腸桿菌科：2.2x10^3 CFU/mL\\n(標準：10 CFU/mL)"}}, {"type": "Feature", "geometry": {"type":"Point","coordinates":[121.5838787,25.0577302]}, "properties": {"ogc_fid": 3421, "restaurant_name": "眷村廚熟食", "inspection_address": "純香食品行/臺北市內湖區南京東路6段330巷18弄15號2樓", "source_city": "台北市", "lon": 121.5838787, "lat": 25.0577302, "total_inspections": 1, "failed_inspections": 1, "inspection_status": "不合格", "source_years": "113", "sample_names": "白蘿蔔", "noncompliance_reasons": "殺蟲劑Chlorfenapyr克凡派0.08 ppm（標準：0.05 ppm以下）\\n殺蟲劑Chlorpyrifos陶斯松0.01 ppm（標準：不得檢出）殺蟲劑Fipronil-sulfone芬普尼代謝物0.004 ppm（標準： 0.001ppm以下）"}}, {"type": "Feature", "geometry": {"type":"Point","coordinates":[121.5571642,25.1433002]}, "properties": {"ogc_fid": 3428, "restaurant_name": "眷村樓午餐", "inspection_address": "崔志光/臺北市士林區菁山路101巷8號", "source_city": "台北市", "lon": 121.5571642, "lat": 25.1433002, "total_inspections": 1, "failed_inspections": 1, "inspection_status": "不合格", "source_years": "111", "sample_names": "薄荷葉", "noncompliance_reasons": "殺蟲劑Indoxacarb 因得克0.42ppm(標準:其他蔬果*0.01ppm)\\n殺菌劑Metalaxyl 滅達樂0.03ppm(標準:不得檢出)"}}, {"type": "Feature", "geometry": {"type":"Point","coordinates":[121.5244173,25.12282]}, "properties": {"ogc_fid": 3436, "restaurant_name": "眷村樓餐廳", "inspection_address": "百世佳興業有限公司石牌分公司/臺北市北投區石牌路2段335號", "source_city": "台北市", "lon": 121.5244173, "lat": 25.12282, "total_inspections": 1, "failed_inspections": 1, "inspection_status": "不合格", "source_years": "112", "sample_names": "花生粉", "noncompliance_reasons": "黃麴毒素B1：5.0μg/kg(標準：2μg/kg)"}}, {"type": "Feature", "geometry": {"type":"Point","coordinates":[121.5101649,25.0474822]}, "properties": {"ogc_fid": 3438, "restaurant_name": "眷村熟食", "inspection_address": "鼎王國際餐飲股份有限公司無老台北中華分公司(無老鍋西門町店)/臺北市中正區中華路1段55號2樓", "source_city": "台北市", "lon": 121.5101649, "lat": 25.0474822, "total_inspections": 1, "failed_inspections": 1, "inspection_status": "不合格", "source_years": "113", "sample_names": "青江菜", "noncompliance_reasons": "殺蟲劑Tolfenpyrad\\t脫芬瑞0.9ppm(標準：0.5ppm以下)\\t"}}, {"type": "Feature", "geometry": {"type":"Point","coordinates":[120.463033961,23.796536012]}, "properties": {"ogc_fid": 3439, "restaurant_name": "眷村米食館", "inspection_address": "雲林縣西螺鎮正興里公正路86巷2之3號", "source_city": "新北市", "lon": 120.463033961348, "lat": 23.796536011527, "total_inspections": 2, "failed_inspections": 2, "inspection_status": "不合格", "source_years": "109、110", "sample_names": "小芥菜、油菜", "noncompliance_reasons": "二硫代胺基甲酸鹽類0.75農藥多重殘留分析(380項)檢出細項亞滅培(Acetamiprid)0.08普拔克(Propamocarbhydrochloride)0.41芬普尼代謝物(Fipronil-sulfone)0.002克凡派(Chlorfenapyr)0.04賽滅寧(Cypermethrin)0.64百利普芬(Pyriproxyfen)0.10達滅芬(Dimethomorph)0.39因滅汀(Emamectinbenzoate B1a)0.02氟比來(Fluopicolide)0.08；賽安勃 0.07ppm(標準: 不得檢出)"}}, {"type": "Feature", "geometry": {"type":"Point","coordinates":[121.5372687,25.0677665]}, "properties": {"ogc_fid": 3446, "restaurant_name": "眷村莊廚坊店", "inspection_address": "王邱月紅（臺北市中山區民族東路336號/第二果菜批發市場蔬菜零批場/濱江市場19-08攤）", "source_city": "台北市", "lon": 121.5372687, "lat": 25.0677665, "total_inspections": 1, "failed_inspections": 1, "inspection_status": "不合格", "source_years": "112", "sample_names": "芥蘭花", "noncompliance_reasons": "殺蟲劑Deltamethrin 第滅寧0.3ppm(標準：0.2ppm以下)"}}, {"type": "Feature", "geometry": {"type":"Point","coordinates":[121.5010365,25.0188622]}, "properties": {"ogc_fid": 3473, "restaurant_name": "眷村閣飲食店館", "inspection_address": "無市招業者/臺北市萬華區富民路145巷44號", "source_city": "台北市", "lon": 121.5010365, "lat": 25.0188622, "total_inspections": 1, "failed_inspections": 1, "inspection_status": "不合格", "source_years": "111", "sample_names": "白木耳（產地：中國）", "noncompliance_reasons": "生長調節劑Chlormequat 克美素0.18ppm(標準：不得檢出)"}}, {"type": "Feature", "geometry": {"type":"Point","coordinates":[121.5234635,25.0819994]}, "properties": {"ogc_fid": 3479, "restaurant_name": "眷村館廚房", "inspection_address": "富樂台式有限公司(富樂台式涮涮鍋)/臺北市士林區承德路4段 75-1號", "source_city": "台北市", "lon": 121.5234635, "lat": 25.0819994, "total_inspections": 2, "failed_inspections": 2, "inspection_status": "不合格", "source_years": "113", "sample_names": "三星青蔥 SE1、豆腐", "noncompliance_reasons": "1.殺蟲劑克凡派(Chlorfenapyr)：2.2ppm(標準：1.0ppm)；1.苯甲酸：0.5 g/kg(標準：不得檢出)"}}, {"type": "Feature", "geometry": {"type":"Point","coordinates":[121.5663037,25.0792719]}, "properties": {"ogc_fid": 3500, "restaurant_name": "福便當", "inspection_address": "運立國際有限公司/臺北市內湖區基湖路35巷16號4樓", "source_city": "台北市", "lon": 121.5663037, "lat": 25.0792719, "total_inspections": 1, "failed_inspections": 1, "inspection_status": "不合格", "source_years": "113", "sample_names": "大馬士革玫瑰花茶", "noncompliance_reasons": "殺蟲劑Cypermethrin\\t賽滅寧\\n0.04ppm(標準：0.03ppm以下)\\t\\n殺蟲劑Deltamethrin\\t第滅寧\\n0.04ppm(標準：0.03ppm以下)\\n殺菌劑Tebuconazole\\t得克利\\n0.72ppm(標準：0.05ppm以下)\\t"}}, {"type": "Feature", "geometry": {"type":"Point","coordinates":[121.5383762,25.0651309]}, "properties": {"ogc_fid": 3521, "restaurant_name": "福園食府店", "inspection_address": "陳O明（臺北市中山區民族東路410巷55號門口前/榮濱市場路邊攤）", "source_city": "台北市", "lon": 121.5383762, "lat": 25.0651309, "total_inspections": 1, "failed_inspections": 1, "inspection_status": "不合格", "source_years": "113", "sample_names": "香菜(芫荽)", "noncompliance_reasons": "殺菌劑Dimethomorph\\t達滅芬0.02ppm(標準：0.01ppm以下)\\t\\n殺菌劑Propamocarb hydrochloride\\t普拔克0.21ppm(標準：0.01ppm以下)\\t\\n殺蟲劑Terbufos\\t托福松0.05ppm(標準：不得檢出)"}}, {"type": "Feature", "geometry": {"type":"Point","coordinates":[121.5271668,25.1186067]}, "properties": {"ogc_fid": 3543, "restaurant_name": "福媽快炒", "inspection_address": "好鍋有限公司/臺北市士林區天母西路43號1樓/28743731", "source_city": "台北市", "lon": 121.5271668, "lat": 25.1186067, "total_inspections": 1, "failed_inspections": 1, "inspection_status": "不合格", "source_years": "111", "sample_names": "大陸妹", "noncompliance_reasons": "殺菌劑Propiconazole 普克利0.08ppm(標準：0.01ppm以下)"}}, {"type": "Feature", "geometry": {"type":"Point","coordinates":[121.470782972,25.028487018]}, "properties": {"ogc_fid": 3570, "restaurant_name": "福家麵食店", "inspection_address": "新北市板橋區文化路2段227號", "source_city": "新北市", "lon": 121.470782971695, "lat": 25.028487017857, "total_inspections": 2, "failed_inspections": 1, "inspection_status": "不合格", "source_years": "108", "sample_names": "豬排飯、雞腿飯", "noncompliance_reasons": "大腸桿菌群>1100大腸桿菌6.1"}}, {"type": "Feature", "geometry": {"type":"Point","coordinates":[121.5032256,25.0404668]}, "properties": {"ogc_fid": 3580, "restaurant_name": "福屋合菜", "inspection_address": "全聯實業股份有限公司西門町分公司(萬華長沙店)/臺北市萬華區長沙街2段110.112號1樓", "source_city": "台北市", "lon": 121.5032256, "lat": 25.0404668, "total_inspections": 1, "failed_inspections": 1, "inspection_status": "不合格", "source_years": "111", "sample_names": "甜椒-履歷彩色甜椒", "noncompliance_reasons": "扶吉胺Fluazinam 0.07ppm(標準：不得檢出)"}}, {"type": "Feature", "geometry": {"type":"Point","coordinates":[121.5621519,25.0286654]}, "properties": {"ogc_fid": 3593, "restaurant_name": "福師午餐", "inspection_address": "靚青蔬果行/臺北市信義區吳興街174號1樓", "source_city": "台北市", "lon": 121.5621519, "lat": 25.0286654, "total_inspections": 1, "failed_inspections": 1, "inspection_status": "不合格", "source_years": "112", "sample_names": "水蜜桃", "noncompliance_reasons": "殺蟲劑Fenvalerate 芬化利1.8ppm(標準：1.0ppm以下)"}}, {"type": "Feature", "geometry": {"type":"Point","coordinates":[121.5327883,25.1074578]}, "properties": {"ogc_fid": 3599, "restaurant_name": "福廚便當", "inspection_address": "大王軍糰早午餐店(Jans Arabian Bistro 中東人的私房菜)/臺北市士林區忠義街117-3號1樓", "source_city": "台北市", "lon": 121.5327883, "lat": 25.1074578, "total_inspections": 1, "failed_inspections": 1, "inspection_status": "不合格", "source_years": "111", "sample_names": "法式肩羊排\\n(進貨日期2022/11/12)", "noncompliance_reasons": "未有中文標示"}}, {"type": "Feature", "geometry": {"type":"Point","coordinates":[121.5191843,25.0579379]}, "properties": {"ogc_fid": 3606, "restaurant_name": "福廚餐廳店", "inspection_address": "冰讚飲食店/臺北市大同區雙連街2號1樓", "source_city": "台北市", "lon": 121.5191843, "lat": 25.0579379, "total_inspections": 1, "failed_inspections": 1, "inspection_status": "不合格", "source_years": "113", "sample_names": "紅豆牛奶雪花冰(不含配料)", "noncompliance_reasons": "腸桿菌科：2.0x10^3 CFU/g\\n(標準：10 CFU/g)"}}, {"type": "Feature", "geometry": {"type":"Point","coordinates":[121.5661991,25.0345019]}, "properties": {"ogc_fid": 3608, "restaurant_name": "福早餐", "inspection_address": "微風超市股份有限公司(Breeze Super)/臺北市信義區松智路17號B1F", "source_city": "台北市", "lon": 121.5661991, "lat": 25.0345019, "total_inspections": 1, "failed_inspections": 1, "inspection_status": "不合格", "source_years": "113", "sample_names": "日清葡萄籽油", "noncompliance_reasons": "檢出反式脂肪酸甲基酯(15項) 0.88 g/100 mL，惟案內產品外包裝營養標示每份(10毫升)反式脂肪含量為「0」，標示不實。"}}, {"type": "Feature", "geometry": {"type":"Point","coordinates":[121.5045361,25.032266]}, "properties": {"ogc_fid": 3609, "restaurant_name": "福早餐", "inspection_address": "正祥食品行(黃日香股份有限公司)/臺北市萬華區中華路2段66號1樓/實際抽驗地為64號）", "source_city": "台北市", "lon": 121.5045361, "lat": 25.032266, "total_inspections": 2, "failed_inspections": 2, "inspection_status": "不合格", "source_years": "111", "sample_names": "黃日香休閒片（有效日期：20230216）、黃日香沙茶豆乾（有效日期：20230209）", "noncompliance_reasons": "防腐劑己二烯酸2.1g/kg（標準：2.0g/kg以下）；防腐劑己二烯酸2.4g/kg（標準：2.0g/kg以下）"}}, {"type": "Feature", "geometry": {"type":"Point","coordinates":[121.53502,25.0601132]}, "properties": {"ogc_fid": 3612, "restaurant_name": "福樓料理", "inspection_address": "家福股份有限公司台北錦州分公司/臺北市中山區錦州街276號", "source_city": "台北市", "lon": 121.53502, "lat": 25.0601132, "total_inspections": 1, "failed_inspections": 1, "inspection_status": "不合格", "source_years": "112", "sample_names": "廣大利松花溏心皮蛋", "noncompliance_reasons": "銅6mg/kg (標準:5mg/kg)"}}, {"type": "Feature", "geometry": {"type":"Point","coordinates":[121.5370059,25.0667079]}, "properties": {"ogc_fid": 3626, "restaurant_name": "福苑餐廳", "inspection_address": "魚金貿易有限公司民族營業所(上引水產)/臺北市中山區民族東路410巷2弄18號", "source_city": "台北市", "lon": 121.5370059, "lat": 25.0667079, "total_inspections": 1, "failed_inspections": 1, "inspection_status": "不合格", "source_years": "111", "sample_names": "朝天椒(超市用)(辣椒)", "noncompliance_reasons": "殺菌劑Pyraclostrobin 百克敏1.0ppm(標準：0.5ppm以下)"}}, {"type": "Feature", "geometry": {"type":"Point","coordinates":[121.4897587,25.0286603]}, "properties": {"ogc_fid": 3628, "restaurant_name": "福莊快炒館", "inspection_address": "田心蔬果(田進和)/臺北市萬華區環河南路2段245號環南綜合市場蔬菜攤250號攤", "source_city": "台北市", "lon": 121.4897587, "lat": 25.0286603, "total_inspections": 1, "failed_inspections": 1, "inspection_status": "不合格", "source_years": "113", "sample_names": "韭菜花", "noncompliance_reasons": "殺菌劑Cyprodinil\\t賽普洛0.04ppm(標準：0.01ppm以下)\\t"}}, {"type": "Feature", "geometry": {"type":"Point","coordinates":[121.5055397,25.0457947]}, "properties": {"ogc_fid": 3630, "restaurant_name": "福莊食堂店", "inspection_address": "辣之王麻辣火鍋店(夯麻辣火鍋燒肉)/臺北市萬華區昆明街76號2樓", "source_city": "台北市", "lon": 121.5055397, "lat": 25.0457947, "total_inspections": 1, "failed_inspections": 1, "inspection_status": "不合格", "source_years": "113", "sample_names": "白蘿蔔", "noncompliance_reasons": "1.殺蟲劑賽洛寧(λ-Cyhalothrin)：0.02ppm (標準：0.01ppm)"}}, {"type": "Feature", "geometry": {"type":"Point","coordinates":[120.4819521,22.8870017]}, "properties": {"ogc_fid": 3641, "restaurant_name": "福記食堂", "inspection_address": "高雄市旗山區湄州里中山路67號", "source_city": "新北市", "lon": 120.4819521, "lat": 22.8870017, "total_inspections": 1, "failed_inspections": 1, "inspection_status": "不合格", "source_years": "108", "sample_names": "苦瓜", "noncompliance_reasons": "三泰隆(Triadimenol)0.01二硫代胺基甲酸鹽類未檢出農藥多重殘留分析(373項)檢出細項亞滅培(Acetamiprid)0.35"}}, {"type": "Feature", "geometry": {"type":"Point","coordinates":[121.4709584,25.1287896]}, "properties": {"ogc_fid": 3649, "restaurant_name": "福鋪午餐", "inspection_address": "臺北市北投區立德路 121巷 18號", "source_city": "新北市", "lon": 121.4709584, "lat": 25.1287896, "total_inspections": 1, "failed_inspections": 1, "inspection_status": "不合格", "source_years": "110", "sample_names": "花椒粒", "noncompliance_reasons": "亞滅培0.13ppm(標準：0.05ppm以下)"}}, {"type": "Feature", "geometry": {"type":"Point","coordinates":[121.5304435,25.0605003]}, "properties": {"ogc_fid": 3656, "restaurant_name": "福鍋物", "inspection_address": "全聯實業股份有限公司中山吉林分公司/臺北市中山區吉林路213、215、217、219號1樓", "source_city": "台北市", "lon": 121.5304435, "lat": 25.0605003, "total_inspections": 1, "failed_inspections": 1, "inspection_status": "不合格", "source_years": "113", "sample_names": "青蔥", "noncompliance_reasons": "殺蟲劑Fipronil-sulfone芬普尼代謝物0.003ppm(標準：0.001ppm以下)"}}, {"type": "Feature", "geometry": {"type":"Point","coordinates":[121.490862743,25.025818639]}, "properties": {"ogc_fid": 3660, "restaurant_name": "福閣小吃", "inspection_address": "臺北市萬華區興義街89號1樓", "source_city": "新北市", "lon": 121.490862742761, "lat": 25.025818638981, "total_inspections": 1, "failed_inspections": 1, "inspection_status": "不合格", "source_years": "108", "sample_names": "春捲皮", "noncompliance_reasons": "己二烯酸0.36 g/kg(標準：不得檢出)"}}, {"type": "Feature", "geometry": {"type":"Point","coordinates":[120.543666,23.588377]}, "properties": {"ogc_fid": 3668, "restaurant_name": "福閣鍋物", "inspection_address": "澤鋐實業有限公司/嘉義縣梅山鄉梅北村三美庄17號附6", "source_city": "台北市", "lon": 120.543666, "lat": 23.588377, "total_inspections": 1, "failed_inspections": 1, "inspection_status": "不合格", "source_years": "113", "sample_names": "酸菜絲", "noncompliance_reasons": "檢出防腐劑「苯甲酸」惟未於成分內容物標示。"}}, {"type": "Feature", "geometry": {"type":"Point","coordinates":[121.314477996,25.010770985]}, "properties": {"ogc_fid": 3695, "restaurant_name": "秘製合菜館", "inspection_address": "桃園市桃園區民富十一街106 號8樓", "source_city": "新北市", "lon": 121.31447799565, "lat": 25.010770985396, "total_inspections": 1, "failed_inspections": 1, "inspection_status": "不合格", "source_years": "未知", "sample_names": "芹菜", "noncompliance_reasons": "芬普尼0.005ppm(標準：0.001 ppm 以下)"}}, {"type": "Feature", "geometry": {"type":"Point","coordinates":[121.5533474,25.0199751]}, "properties": {"ogc_fid": 3699, "restaurant_name": "秘製哥快炒", "inspection_address": "三商家購股份有限公司大安樂業門市(美廉社)/臺北市大安區樂業街141號", "source_city": "台北市", "lon": 121.5533474, "lat": 25.0199751, "total_inspections": 1, "failed_inspections": 1, "inspection_status": "不合格", "source_years": "113", "sample_names": "茼蒿", "noncompliance_reasons": "殺菌劑Chlorothalonil\\t四氯異苯腈3.9ppm(標準：2.0ppm以下)\\t"}}, {"type": "Feature", "geometry": {"type":"Point","coordinates":[120.43633,23.797763]}, "properties": {"ogc_fid": 3704, "restaurant_name": "秘製園便當館", "inspection_address": "雲林縣西螺鎮埔心路210-11號", "source_city": "新北市", "lon": 120.43633, "lat": 23.797763, "total_inspections": 1, "failed_inspections": 1, "inspection_status": "不合格", "source_years": "109", "sample_names": "刈菜", "noncompliance_reasons": "二硫代胺基甲酸鹽類未檢出農藥多重殘留分析(380項)檢出細項草殺淨(Ametryn)0.02芬普尼(Fipronil)0.100芬普尼代謝物(Fipronil-sulfone)0.192克凡派(Chlorfenapyr)1.08待克利(Difenoconazole)0.02氟克殺(Fluxapyroxad)0.67施得圃(Pendimethalin)0.02百利普芬(Pyriproxyfen)1.82因滅汀(Emamectin benzoateB1a)0.05"}}, {"type": "Feature", "geometry": {"type":"Point","coordinates":[121.503357,24.9793325]}, "properties": {"ogc_fid": 3720, "restaurant_name": "秘製姐快炒", "inspection_address": "新北市中和區興南路2段261巷6號之25", "source_city": "新北市", "lon": 121.503357, "lat": 24.9793325, "total_inspections": 1, "failed_inspections": 1, "inspection_status": "不合格", "source_years": "107", "sample_names": "進口柑桔", "noncompliance_reasons": "達特南(Dinotefuran)0.09克凡派(Chlorfenapyr)0.04二硫代胺基甲酸鹽類未檢出農藥多重殘留分析(373項)檢出細項貝芬替(Carbendazim)0.16得克利(Tebuconazole)0.03布芬淨(Buprofezin)0.02滅大松(Methidathion)0.24"}}, {"type": "Feature", "geometry": {"type":"Point","coordinates":[121.5095347,25.0582753]}, "properties": {"ogc_fid": 3721, "restaurant_name": "秘製姐快炒", "inspection_address": "龍源中藥行/臺北市大同區迪化街1段172號1樓", "source_city": "台北市", "lon": 121.5095347, "lat": 25.0582753, "total_inspections": 2, "failed_inspections": 2, "inspection_status": "不合格", "source_years": "111、112", "sample_names": "生機烏棗（馬牙棗）（有效日期：20260202）、馬牙棗（有效日期：20240430）", "noncompliance_reasons": "(1)殺菌劑2-Phenylphenol 0.07 ppm（標準：不得檢出）\\n(2)產品外包裝標示「合格 安心使用」字樣，涉標示不實；殺菌劑2-Phenylphenol 0.06ppm（標準：不得檢出）\\n產品外包裝標示「通過農藥殘留檢驗合格」、「合格養生食品合格安心」、「符合國家檢測標準敬請安心使用」等字樣"}}, {"type": "Feature", "geometry": {"type":"Point","coordinates":[121.5201889,25.1085978]}, "properties": {"ogc_fid": 3724, "restaurant_name": "秘製姐晚餐", "inspection_address": "明煬四方有限公司(丰明殿)/臺北市北投區東華街1段362號1樓", "source_city": "台北市", "lon": 121.5201889, "lat": 25.1085978, "total_inspections": 1, "failed_inspections": 1, "inspection_status": "不合格", "source_years": "112", "sample_names": "青蔥", "noncompliance_reasons": "殺蟲劑賽安勃(Cyantraniliprole)：0.07ppm(標準：不得檢出)"}}, {"type": "Feature", "geometry": {"type":"Point","coordinates":[121.5153661,25.0660564]}, "properties": {"ogc_fid": 3737, "restaurant_name": "秘製媽熱炒館", "inspection_address": "臺北市大同區環河北路 1段 271號1樓", "source_city": "新北市", "lon": 121.5153661, "lat": 25.0660564, "total_inspections": 1, "failed_inspections": 1, "inspection_status": "不合格", "source_years": "未知", "sample_names": "竹笙", "noncompliance_reasons": "鎘5.0 ppm(標準：2 ppm 以下)"}}, {"type": "Feature", "geometry": {"type":"Point","coordinates":[121.5371787,25.06741]}, "properties": {"ogc_fid": 3754, "restaurant_name": "秘製嬤早餐店", "inspection_address": "臺北市第二果菜批發市場20-14攤/臺北市中山區民族東路336號1樓", "source_city": "台北市", "lon": 121.5371787, "lat": 25.06741, "total_inspections": 1, "failed_inspections": 1, "inspection_status": "不合格", "source_years": "113", "sample_names": "香菜(芫荽)", "noncompliance_reasons": "殺蟲劑Fenitrothion 撲滅松0.02ppm(標準：0.01ppｍ以下)"}}, {"type": "Feature", "geometry": {"type":"Point","coordinates":[121.5327622,25.0159626]}, "properties": {"ogc_fid": 3763, "restaurant_name": "秘製家合菜館", "inspection_address": "錫安商行(波囍)/臺北市中正區羅斯福路3段316巷2號1樓", "source_city": "台北市", "lon": 121.5327622, "lat": 25.0159626, "total_inspections": 1, "failed_inspections": 1, "inspection_status": "不合格", "source_years": "111", "sample_names": "經典紅韻(含冰塊)", "noncompliance_reasons": "衛生標準"}}, {"type": "Feature", "geometry": {"type":"Point","coordinates":[121.5526422,25.0477374]}, "properties": {"ogc_fid": 3767, "restaurant_name": "秘製家晚餐店", "inspection_address": "天香/臺北市松山區八德路3段76號中崙市場第24號攤", "source_city": "台北市", "lon": 121.5526422, "lat": 25.0477374, "total_inspections": 1, "failed_inspections": 1, "inspection_status": "不合格", "source_years": "113", "sample_names": "芥蘭花", "noncompliance_reasons": "殺蟲劑Emamectin benzoate\\t因滅汀0.12ppm(標準：0.05ppm以下)\\t"}}, {"type": "Feature", "geometry": {"type":"Point","coordinates":[121.5080868,25.0246863]}, "properties": {"ogc_fid": 3776, "restaurant_name": "秘製居小吃", "inspection_address": "上奕商行(INDEX)/臺北市萬華區國興路32號", "source_city": "台北市", "lon": 121.5080868, "lat": 25.0246863, "total_inspections": 2, "failed_inspections": 2, "inspection_status": "不合格", "source_years": "112、113", "sample_names": "波蘿蜜", "noncompliance_reasons": "生長調節劑Gibberellic acid 勃激素A3 0.05ppm(標準：不得檢出)；生長調節劑Gibberellic acid 勃激素A3 0.07ppm(標準：不得檢出)"}}, {"type": "Feature", "geometry": {"type":"Point","coordinates":[121.5372687,25.0677665]}, "properties": {"ogc_fid": 3782, "restaurant_name": "秘製居晚餐", "inspection_address": "阿郎蔬菜產通門市部(濱江果菜市場第20-03攤)/臺北市中山區民族東路336號", "source_city": "台北市", "lon": 121.5372687, "lat": 25.0677665, "total_inspections": 1, "failed_inspections": 1, "inspection_status": "不合格", "source_years": "112", "sample_names": "白蘿蔔", "noncompliance_reasons": "殺蟲劑Trichlorfon三氯松0.03ppm（標準：0.01ppm以下）"}}, {"type": "Feature", "geometry": {"type":"Point","coordinates":[121.5607093,25.0532731]}, "properties": {"ogc_fid": 3798, "restaurant_name": "秘製師便當", "inspection_address": "弘如小吃店（弘爺漢堡如意店）/臺北市松山區南京東路5段123巷41號", "source_city": "台北市", "lon": 121.5607093, "lat": 25.0532731, "total_inspections": 1, "failed_inspections": 1, "inspection_status": "不合格", "source_years": "112", "sample_names": "厚奶精(非乳為主)", "noncompliance_reasons": "產品包裝標示宣稱「本產品不含反式脂肪酸」，惟檢驗結果檢出每100毫升之飽和脂肪酸含量11.82公克及反式脂肪酸含量0.05公克，每100毫升之液體所含飽和脂肪及反式脂肪合計超過0.75公克，依據「包裝食品營養宣稱應遵行事項」該產品不得宣稱不含反式脂肪。"}}, {"type": "Feature", "geometry": {"type":"Point","coordinates":[121.5321816,25.0601175]}, "properties": {"ogc_fid": 3805, "restaurant_name": "秘製師餐廳", "inspection_address": "吉晟蔬果行/臺北市中山區錦州街222號松江市場69", "source_city": "台北市", "lon": 121.5321816, "lat": 25.0601175, "total_inspections": 1, "failed_inspections": 1, "inspection_status": "不合格", "source_years": "113", "sample_names": "香菜(芫荽)", "noncompliance_reasons": "殺蟲劑Fenitrothion 撲滅松0.03ppm(標準：0.01ppm以下) \\n殺菌劑Procymidone 撲滅寧0.02ppm(標準：0.01ppm以下)"}}, {"type": "Feature", "geometry": {"type":"Point","coordinates":[121.5198616,25.110664]}, "properties": {"ogc_fid": 3807, "restaurant_name": "秘製廚快炒", "inspection_address": "慶峰參藥行/臺北市北投區懷德街6-6號", "source_city": "台北市", "lon": 121.5198616, "lat": 25.110664, "total_inspections": 1, "failed_inspections": 1, "inspection_status": "不合格", "source_years": "113", "sample_names": "台灣菊花（有效日期：20261123）", "noncompliance_reasons": "1.殺蟲劑Acetamiprid亞滅培3.9ppm（標準：2.0ppm以下）\\n2.產品外包裝標示「天然生機」字樣及產品內附有未檢出農藥殘留之檢驗報告，標示不實且易生誤解"}}, {"type": "Feature", "geometry": {"type":"Point","coordinates":[121.5294377,25.1114324]}, "properties": {"ogc_fid": 3809, "restaurant_name": "秘製廚熟食", "inspection_address": "士東企業社(士東免洗餐具總匯)/臺北市士林區士東路120巷20弄7號", "source_city": "台北市", "lon": 121.5294377, "lat": 25.1114324, "total_inspections": 1, "failed_inspections": 1, "inspection_status": "不合格", "source_years": "112", "sample_names": "401L左右四格", "noncompliance_reasons": "未標示製造日期"}}, {"type": "Feature", "geometry": {"type":"Point","coordinates":[120.5233259,22.48122]}, "properties": {"ogc_fid": 3810, "restaurant_name": "秘製廚熱炒", "inspection_address": "屏東縣南州鄉米崙村光華路6號", "source_city": "新北市", "lon": 120.5233259, "lat": 22.48122, "total_inspections": 1, "failed_inspections": 1, "inspection_status": "不合格", "source_years": "110", "sample_names": "金煌芒果", "noncompliance_reasons": "陶斯松0.04ppm(標準：不得檢出)"}}, {"type": "Feature", "geometry": {"type":"Point","coordinates":[120.5186775,23.8810552]}, "properties": {"ogc_fid": 3828, "restaurant_name": "秘製熟食館", "inspection_address": "彰化縣北斗鎮復興路616號", "source_city": "新北市", "lon": 120.5186775, "lat": 23.8810552, "total_inspections": 1, "failed_inspections": 1, "inspection_status": "不合格", "source_years": "107", "sample_names": "香菜", "noncompliance_reasons": "農藥殘留理有龍Linuron 1.09ppm(標準：不得檢出)"}}, {"type": "Feature", "geometry": {"type":"Point","coordinates":[121.4990412,24.9957453]}, "properties": {"ogc_fid": 3835, "restaurant_name": "秘製苑食堂店", "inspection_address": "新北市中和區圓通路137號4樓-3", "source_city": "新北市", "lon": 121.4990412, "lat": 24.9957453, "total_inspections": 1, "failed_inspections": 1, "inspection_status": "不合格", "source_years": "107", "sample_names": "白蘿蔔", "noncompliance_reasons": "二硫代胺基甲酸鹽類未檢出農藥多重殘留分析(373項)檢出細項亞滅培(Acetamiprid)0.03賽速安(Thiamethoxam)0.09農藥多重殘留分析(373項)0.03賽洛寧(λ-Cyhalothrin)0.03"}}, {"type": "Feature", "geometry": {"type":"Point","coordinates":[121.4897587,25.0286603]}, "properties": {"ogc_fid": 3836, "restaurant_name": "秘製苑餐廳館", "inspection_address": "景O文/臺北市萬華區環河南路2段245號115號攤", "source_city": "台北市", "lon": 121.4897587, "lat": 25.0286603, "total_inspections": 2, "failed_inspections": 2, "inspection_status": "不合格", "source_years": "113", "sample_names": "白蘿蔔、菠菜", "noncompliance_reasons": "殺草劑Oxadiazon 樂滅草0.04ppm(標準：0.01ppm以下)；殺蟲劑Fipronil芬普尼0.001ppm、Fipronil-sulfone芬普尼代謝物0.003ppm，合計共0.004ppm（標準：0.001ppm以下）"}}, {"type": "Feature", "geometry": {"type":"Point","coordinates":[121.5229719,25.0267596]}, "properties": {"ogc_fid": 3838, "restaurant_name": "秘製莊小吃", "inspection_address": "叁拾捌號朝食所/臺北市大安區和平東路2段311巷38號", "source_city": "台北市", "lon": 121.5229719, "lat": 25.0267596, "total_inspections": 1, "failed_inspections": 1, "inspection_status": "不合格", "source_years": "112", "sample_names": "白沙拉", "noncompliance_reasons": "營養標示反式脂肪含量為「0.11公克/每100公克」，惟檢出每100公克反式脂肪酸含量0.44公克，依據「包裝食品營養標示應遵行事項」，反式脂肪含量標示值誤差允許範圍為「小於或等於標示值之120%」（經換算為0.132公克/每100公克），案內產品應依實際數值標示。"}}, {"type": "Feature", "geometry": {"type":"Point","coordinates":[121.4949462,25.0250224]}, "properties": {"ogc_fid": 3840, "restaurant_name": "秘製莊廚房", "inspection_address": "杏玥冰坊/臺北市萬華區寶興街129號1樓", "source_city": "台北市", "lon": 121.4949462, "lat": 25.0250224, "total_inspections": 1, "failed_inspections": 1, "inspection_status": "不合格", "source_years": "113", "sample_names": "紅豆牛奶冰(不含配料)", "noncompliance_reasons": "腸桿菌科：2.6x10^3 CFU/g\\n(標準：10 CFU/g)"}}, {"type": "Feature", "geometry": {"type":"Point","coordinates":[121.5575157,25.0835013]}, "properties": {"ogc_fid": 3849, "restaurant_name": "秘製記料理店", "inspection_address": "統康生活事業股份有限公司美麗華分公司(Mia C'bon MARKET)/臺北市中山區敬業三路20號地下1樓之1", "source_city": "台北市", "lon": 121.5575157, "lat": 25.0835013, "total_inspections": 1, "failed_inspections": 1, "inspection_status": "不合格", "source_years": "113", "sample_names": "日本北海道大根(白蘿蔔)", "noncompliance_reasons": "殺線蟲劑Fosthiazate 福賽絕0.02ppm(標準：不得檢出)"}}, {"type": "Feature", "geometry": {"type":"Point","coordinates":[121.5575367,25.0517504]}, "properties": {"ogc_fid": 3853, "restaurant_name": "秘製記米食", "inspection_address": "GODIVA巧克力微風南京/臺北市松山區南京東路3段337號1樓", "source_city": "台北市", "lon": 121.5575367, "lat": 25.0517504, "total_inspections": 1, "failed_inspections": 1, "inspection_status": "不合格", "source_years": "112", "sample_names": "黑巧克力霜淇淋", "noncompliance_reasons": "腸桿菌科：1.8x10^3 CFU/g\\n(標準：10 CFU/g)"}}, {"type": "Feature", "geometry": {"type":"Point","coordinates":[121.5192071,25.0626318]}, "properties": {"ogc_fid": 3858, "restaurant_name": "秘製鋪小吃", "inspection_address": "欣鍋園小吃店(欣鍋園涮涮鍋)/臺北市中正區和平西路1段34號1樓", "source_city": "台北市", "lon": 121.5192071, "lat": 25.0626318, "total_inspections": 1, "failed_inspections": 1, "inspection_status": "不合格", "source_years": "112", "sample_names": "青江菜", "noncompliance_reasons": "1.殺蟲劑賽滅寧(Cypermethrin)：2.9ppm(標準：2ppm)\\n2.殺蟲劑芬普尼(Fipronil)：0.013ppm(標準：0.001ppm)\\n3.殺蟲劑芬普尼代謝物(Fipronil-sulfone)：0.049ppm(標準：0.001ppm)"}}, {"type": "Feature", "geometry": {"type":"Point","coordinates":[121.575196,25.0800142]}, "properties": {"ogc_fid": 3859, "restaurant_name": "秘製鋪早餐", "inspection_address": "豪棧小吃店/臺北市內湖區內湖路1段285巷59弄1號", "source_city": "台北市", "lon": 121.575196, "lat": 25.0800142, "total_inspections": 1, "failed_inspections": 1, "inspection_status": "不合格", "source_years": "113", "sample_names": "花生粉", "noncompliance_reasons": "總黃麴毒素30.8ug/kg(標準：4ug/kg以下)、黃麴毒素B1 25.2ug/kg (標準：2ug/kg以下)"}}, {"type": "Feature", "geometry": {"type":"Point","coordinates":[121.501283,25.0186398]}, "properties": {"ogc_fid": 3863, "restaurant_name": "秘製鋪食堂", "inspection_address": "宜新蔬果行/臺北市萬華區富民路155巷49之3號1樓", "source_city": "台北市", "lon": 121.501283, "lat": 25.0186398, "total_inspections": 1, "failed_inspections": 1, "inspection_status": "不合格", "source_years": "113", "sample_names": "油菜", "noncompliance_reasons": "殺蟲劑Abamectin 阿巴汀0.06ppm(標準：0.05ppm以下) \\n殺蟲劑Chlorfenapyr 克凡派1.4ppm(標準：1.0ppm以下) \\n殺蟲劑Cyantraniliprole 賽安勃0.05ppm(標準：不得檢出) \\n殺蟲劑Fipronil 芬普尼0.210ppm、Fipronil-sulfone芬普尼代謝物0.048ppm(標準：0.001ppm以下) \\n殺蟲劑Pyriproxyfen 百利普芬1.54ppm(標準：0.01ppm以下) \\n殺蟲劑Tolfenpyrad 脫芬瑞0.7ppm(標準：0.5ppm以下)"}}, {"type": "Feature", "geometry": {"type":"Point","coordinates":[121.529967,25.0572189]}, "properties": {"ogc_fid": 3883, "restaurant_name": "秘製閣麵食店", "inspection_address": "果鮮一品商行/臺北市中山區吉林路176號", "source_city": "台北市", "lon": 121.529967, "lat": 25.0572189, "total_inspections": 1, "failed_inspections": 1, "inspection_status": "不合格", "source_years": "112", "sample_names": "鳥梨\\n", "noncompliance_reasons": "環己基(代)磺醯胺酸鹽 0.90g/kg(標準：不得檢出)\\n糖精 0.10  g/kg(標準：不得檢出)"}}, {"type": "Feature", "geometry": {"type":"Point","coordinates":[121.4331213,25.0482219]}, "properties": {"ogc_fid": 3887, "restaurant_name": "秘製館小吃店", "inspection_address": "新北市泰山區文程路178-2號", "source_city": "新北市", "lon": 121.4331213, "lat": 25.0482219, "total_inspections": 1, "failed_inspections": 1, "inspection_status": "不合格", "source_years": "108", "sample_names": "日風美耐皿筷(5雙入)", "noncompliance_reasons": "溶出試驗-甲醛(水；95℃，30分鐘)未檢出溶出試驗-蒸發殘渣(4%醋酸；95℃，30分鐘)6.050溶出試驗-塑化劑鄰苯二甲酸丁基苯甲酯(BBP)(正庚烷；25℃，1小時)未檢出溶出試驗-塑化劑鄰苯二甲酸二異壬酯(DINP)(正庚烷；25℃，1小時)未檢出溶出試驗-高錳酸鉀消耗量(水；95℃，30分鐘)20.980溶出試驗-重金屬(比色法)(95℃，30分鐘)<1溶出試驗-塑化劑鄰苯二甲酸二異癸酯(DIDP)(正庚烷；25℃，1小時)未檢出溶出試驗-塑化劑己二酸二(2-乙基己基)酯(DEHA)(正庚烷；25℃，1小時)未檢出溶出試驗-塑化劑鄰苯二甲酸二丁酯(DBP)(正庚烷；25℃，1小時)未檢出材質試驗-鉛含量(ppm)未檢出材質試驗-鎘含量(ppm)未檢出溶出試驗-著色劑(4%醋酸；95℃，30分鐘)未檢出溶出試驗-酚(水；95℃，30分鐘)未檢出溶出試驗-三聚氰胺(4%醋酸；95℃，30分鐘)0.840溶出試驗-塑化劑鄰苯二甲酸二(2-乙基己基)酯(DEHP)(正庚烷；25℃，1小時)未檢出"}}, {"type": "Feature", "geometry": {"type":"Point","coordinates":[121.2259653,24.9159974]}, "properties": {"ogc_fid": 3896, "restaurant_name": "美亭合菜", "inspection_address": "桃園市平鎮區快速路二段616巷6號", "source_city": "新北市", "lon": 121.2259653, "lat": 24.9159974, "total_inspections": 1, "failed_inspections": 1, "inspection_status": "不合格", "source_years": "107", "sample_names": "玫瑰花朵", "noncompliance_reasons": "三泰芬(Triadimefon)0.26亞素靈(Monocrotophos)0.18二硫代胺基甲酸鹽類未檢出農藥多重殘留分析(373項)檢出細項三泰隆(Triadimenol)0.88"}}, {"type": "Feature", "geometry": {"type":"Point","coordinates":[121.5335264,25.0420393]}, "properties": {"ogc_fid": 3931, "restaurant_name": "美姐米食", "inspection_address": "太平洋崇光百貨股份有限公司(Fresh Mart)/臺北市大安區忠孝東路4段45號B2樓", "source_city": "台北市", "lon": 121.5335264, "lat": 25.0420393, "total_inspections": 1, "failed_inspections": 1, "inspection_status": "不合格", "source_years": "111", "sample_names": "一口小章魚", "noncompliance_reasons": "鎘：3 mg/kg\\n(標準：1 mg/kg)"}}, {"type": "Feature", "geometry": {"type":"Point","coordinates":[121.5098777,25.0559168]}, "properties": {"ogc_fid": 3932, "restaurant_name": "美姐鍋物", "inspection_address": "萬安堂蔘藥行/臺北市大同區迪化街1段84號", "source_city": "台北市", "lon": 121.5098777, "lat": 25.0559168, "total_inspections": 1, "failed_inspections": 1, "inspection_status": "不合格", "source_years": "112", "sample_names": "白木耳（有效日期：20260218）", "noncompliance_reasons": "(1)生長調節劑Chlormequat克美素0.58 ppm（標準：不得檢出）\\n(2)產品外包裝標示「多項農藥殘留檢驗合格」、「國家多項農殘檢驗合格」等字樣，涉標示不實"}}, {"type": "Feature", "geometry": {"type":"Point","coordinates":[121.5445961,25.0520507]}, "properties": {"ogc_fid": 3943, "restaurant_name": "美媽米食店", "inspection_address": "兄弟大飯店股份有限公司(兄弟大飯店)/臺北市松山區南京東路3段255號", "source_city": "台北市", "lon": 121.5445961, "lat": 25.0520507, "total_inspections": 2, "failed_inspections": 2, "inspection_status": "不合格", "source_years": "112、113", "sample_names": "青江菜", "noncompliance_reasons": "殺蟲劑Chlorfenapyr\\t克凡派1.3ppm(標準：1.0ppm以下)\\t；殺蟲劑Cyantraniliprole 賽安勃0.34ppm(標準：不得檢出)"}}, {"type": "Feature", "geometry": {"type":"Point","coordinates":[121.5287849,25.1112554]}, "properties": {"ogc_fid": 3969, "restaurant_name": "美屋合菜館", "inspection_address": "六六製麵/臺北市士林區德行東路109巷107號(士東市場旁)", "source_city": "台北市", "lon": 121.5287849, "lat": 25.1112554, "total_inspections": 1, "failed_inspections": 1, "inspection_status": "不合格", "source_years": "111", "sample_names": "港式蘿蔔糕", "noncompliance_reasons": "苯甲酸 0.57 g/kg(標準：1.0 /g/kg)"}}, {"type": "Feature", "geometry": {"type":"Point","coordinates":[121.5838787,25.0577302]}, "properties": {"ogc_fid": 3983, "restaurant_name": "美廚午餐", "inspection_address": "純香食品行/臺北市內湖區南京東路6段330巷18弄15號", "source_city": "台北市", "lon": 121.5838787, "lat": 25.0577302, "total_inspections": 1, "failed_inspections": 1, "inspection_status": "不合格", "source_years": "112", "sample_names": "白蘿蔔", "noncompliance_reasons": "殺蟲劑芬普尼(Fipronil)0.012ppm、芬普尼代謝物(Fipronil-sulfone)0.008ppm(標準:0.001ppm以下)"}}, {"type": "Feature", "geometry": {"type":"Point","coordinates":[121.5433687,25.0367328]}, "properties": {"ogc_fid": 3999, "restaurant_name": "美晚餐館", "inspection_address": "沐鑫國際餐飲有限公司(烈奶茶忠孝復興店)/臺北市大安區復興南路1段133號", "source_city": "台北市", "lon": 121.5433687, "lat": 25.0367328, "total_inspections": 1, "failed_inspections": 1, "inspection_status": "不合格", "source_years": "113", "sample_names": "金麥文火烏龍(含冰)", "noncompliance_reasons": "腸桿菌科：4.6x10^4 CFU/mL\\n(標準：10 CFU/mL)"}}, {"type": "Feature", "geometry": {"type":"Point","coordinates":[121.501729,25.1314076]}, "properties": {"ogc_fid": 4000, "restaurant_name": "美樓便當店", "inspection_address": "順豐蔬果行/臺北市北投區清江路22號", "source_city": "台北市", "lon": 121.501729, "lat": 25.1314076, "total_inspections": 1, "failed_inspections": 1, "inspection_status": "不合格", "source_years": "113", "sample_names": "白蘿蔔", "noncompliance_reasons": "殺蟲劑Thiamethoxam 賽速安0.38ppm(標準：0.25ppm以下)"}}, {"type": "Feature", "geometry": {"type":"Point","coordinates":[121.5354244,25.0609508]}, "properties": {"ogc_fid": 4018, "restaurant_name": "美苑餐廳店", "inspection_address": "慧上癮/臺北市中山區建國北路2段226巷42號", "source_city": "台北市", "lon": 121.5354244, "lat": 25.0609508, "total_inspections": 2, "failed_inspections": 2, "inspection_status": "不合格", "source_years": "113", "sample_names": "夏豆堅果塔(蛋奶素)、慧上癮鳳梨酥", "noncompliance_reasons": "未標示原產地（國）、有效日期標示單獨黏貼未依規定印刷於外包裝上。；未標示有效日期。"}}, {"type": "Feature", "geometry": {"type":"Point","coordinates":[121.529031,25.0957715]}, "properties": {"ogc_fid": 4023, "restaurant_name": "美莊熟食", "inspection_address": "全聯實業股份有限公司士林中正分公司(全聯福利中心)/臺北市士林區中正路115號1樓", "source_city": "台北市", "lon": 121.529031, "lat": 25.0957715, "total_inspections": 2, "failed_inspections": 2, "inspection_status": "不合格", "source_years": "111", "sample_names": "白木耳(有效日期：20231011)（產地：中國）、白木耳(調理用)(有效日期：20230821)(原產地:中國)", "noncompliance_reasons": "生長調節劑Chlormequat 克美素0.26ppm(標準：不得檢出)；生長調節劑Chlormequat 克美素0.37ppm(標準：不得檢出)"}}, {"type": "Feature", "geometry": {"type":"Point","coordinates":[121.5094088,25.0614998]}, "properties": {"ogc_fid": 4042, "restaurant_name": "美鋪晚餐", "inspection_address": "振農食品行/臺北市大同區迪化街1段283號", "source_city": "台北市", "lon": 121.5094088, "lat": 25.0614998, "total_inspections": 1, "failed_inspections": 1, "inspection_status": "不合格", "source_years": "112", "sample_names": "B.B.漢源花椒（有效日期：20250415）（產地：中國大陸）", "noncompliance_reasons": "殺菌劑Tebuconazole得克利0.06 ppm（標準：0.05ppm以下）"}}, {"type": "Feature", "geometry": {"type":"Point","coordinates":[121.538469,25.067731]}, "properties": {"ogc_fid": 4048, "restaurant_name": "美鋪熱炒店", "inspection_address": "莊綉華攤/臺北市中山區龍江路412巷61號", "source_city": "台北市", "lon": 121.538469, "lat": 25.067731, "total_inspections": 1, "failed_inspections": 1, "inspection_status": "不合格", "source_years": "112", "sample_names": "泰山干絲\\n(進貨日期：2023/8/25)", "noncompliance_reasons": "殺菌劑過氧化氫：陽性（不得檢出）"}}, {"type": "Feature", "geometry": {"type":"Point","coordinates":[121.5222569,24.9967203]}, "properties": {"ogc_fid": 4055, "restaurant_name": "美閣廚房", "inspection_address": "新北市永和區民生路46巷56號B1樓", "source_city": "新北市", "lon": 121.5222569, "lat": 24.9967203, "total_inspections": 2, "failed_inspections": 2, "inspection_status": "不合格", "source_years": "108", "sample_names": "去骨鳳爪、萬巒豬耳絲", "noncompliance_reasons": "大腸桿菌9.2大腸桿菌群93；大腸桿菌群75大腸桿菌3.6"}}, {"type": "Feature", "geometry": {"type":"Point","coordinates":[121.4984156,25.0185059]}, "properties": {"ogc_fid": 4069, "restaurant_name": "美館早餐館", "inspection_address": "3446何O獅/臺北市萬華區萬大路533號地號930", "source_city": "台北市", "lon": 121.4984156, "lat": 25.0185059, "total_inspections": 1, "failed_inspections": 1, "inspection_status": "不合格", "source_years": "113", "sample_names": "義大利芹菜(歐芹)(巴西利)", "noncompliance_reasons": "殺蟲劑Acetamiprid\\t亞滅培0.37ppm(標準：0.01ppm以下)\\t\\n殺菌劑Dimethomorph\\t達滅芬0.62ppm(標準：0.01ppm以下)\\t\\n殺蟲劑Dinotefuran\\t達特南0.03ppm(標準：不得檢出)\\t\\n殺蟲劑Methomyl\\t納乃得2.28ppm(標準：不得檢出)\\t\\n殺菌劑Pyraclostrobin\\t百克敏0.12ppm(標準：0.01ppm以下)\\t\\n殺蟲劑Thiodicarb\\t硫敵克0.03ppm(標準：0.01ppm以下)\\t"}}, {"type": "Feature", "geometry": {"type":"Point","coordinates":[121.5789859,25.0598147]}, "properties": {"ogc_fid": 4084, "restaurant_name": "老亭米食店", "inspection_address": "大潤發流通事業股份有限公司南湖分公司(大潤發內湖二店)/臺北市內湖區舊宗路1段188號", "source_city": "台北市", "lon": 121.5789859, "lat": 25.0598147, "total_inspections": 1, "failed_inspections": 1, "inspection_status": "不合格", "source_years": "111", "sample_names": "百香果", "noncompliance_reasons": "殺菌劑Carbendazim 貝芬替1.2ppm(標準：1.0ppm以下)"}}, {"type": "Feature", "geometry": {"type":"Point","coordinates":[121.5223373,25.1148453]}, "properties": {"ogc_fid": 4085, "restaurant_name": "老亭食府店", "inspection_address": "亨奇食品器具行/臺北市北投區明德路277號", "source_city": "台北市", "lon": 121.5223373, "lat": 25.1148453, "total_inspections": 2, "failed_inspections": 2, "inspection_status": "不合格", "source_years": "111", "sample_names": "毅典易樂捲食物調理紙、焙蒂絲聖誕節12連矽膠模1組", "noncompliance_reasons": "標示"}}, {"type": "Feature", "geometry": {"type":"Point","coordinates":[121.4920767,24.9977225]}, "properties": {"ogc_fid": 4089, "restaurant_name": "老亭餐廳館", "inspection_address": "新北市中和區連城路194巷4號", "source_city": "新北市", "lon": 121.4920767, "lat": 24.9977225, "total_inspections": 10, "failed_inspections": 1, "inspection_status": "不合格", "source_years": "107、108、109", "sample_names": "家樂福嚴選屏東愛文、愛文芒果、有機蘋果、澳洲茂谷柑、紐西蘭陽光圓頭奇異果、美濃瓜、金煌芒果、香蕉超值包(2入/袋)、香蕉超值包(2入/袋)(驗收用)、高接梨", "noncompliance_reasons": "益達胺(Imidacloprid)0.12依滅列(Imazalil)0.74芬普尼(Fipronil)0.002依普同(Iprodione)0.07二硫代胺基甲酸鹽類未檢出農藥多重殘留分析(373項)檢出細項"}}, {"type": "Feature", "geometry": {"type":"Point","coordinates":[121.542935,25.0550935]}, "properties": {"ogc_fid": 4099, "restaurant_name": "老哥熟食店", "inspection_address": "黎凡特國際企業行/臺北市中山區遼寧街209巷25號", "source_city": "台北市", "lon": 121.542935, "lat": 25.0550935, "total_inspections": 2, "failed_inspections": 2, "inspection_status": "不合格", "source_years": "111", "sample_names": "帶筋牛肉丸\\n(未標示有效日期)、雞肉水餃\\n(未標示有效日期)", "noncompliance_reasons": "1.產品無完整中文標示\\n2.動物性成分檢出牛雞成分，惟僅標示牛成分；產品無完整中文標示"}}, {"type": "Feature", "geometry": {"type":"Point","coordinates":[121.5292865,25.1122911]}, "properties": {"ogc_fid": 4118, "restaurant_name": "老坊鍋物", "inspection_address": "農果水果行/臺北市士林區士東路95號1樓", "source_city": "台北市", "lon": 121.5292865, "lat": 25.1122911, "total_inspections": 2, "failed_inspections": 2, "inspection_status": "不合格", "source_years": "111", "sample_names": "日本排站金桔、日本熊本草莓", "noncompliance_reasons": "殺菌劑Fluopyram 氟派瑞2.5ppm(標準：1.5ppm以下)；殺蟎劑Bifenazate 必芬蟎0.08ppm(標準：不得檢出)"}}, {"type": "Feature", "geometry": {"type":"Point","coordinates":[121.5436669,25.0250716]}, "properties": {"ogc_fid": 4127, "restaurant_name": "老姐食堂店", "inspection_address": "勝立生活百貨/臺北市大安區復興南路2段291號", "source_city": "台北市", "lon": 121.5436669, "lat": 25.0250716, "total_inspections": 1, "failed_inspections": 1, "inspection_status": "不合格", "source_years": "111", "sample_names": "美味關係/氣炸鍋用紙/7吋/50枚", "noncompliance_reasons": "標示"}}, {"type": "Feature", "geometry": {"type":"Point","coordinates":[121.4984156,25.0185059]}, "properties": {"ogc_fid": 4128, "restaurant_name": "老媽小吃", "inspection_address": "謝O枚/臺北市萬華區萬大路533號地號812", "source_city": "台北市", "lon": 121.4984156, "lat": 25.0185059, "total_inspections": 1, "failed_inspections": 1, "inspection_status": "不合格", "source_years": "112", "sample_names": "刈菜", "noncompliance_reasons": "殺蟲劑Tetraniliprole 特安勃0.59ppm(標準：不得檢出)"}}, {"type": "Feature", "geometry": {"type":"Point","coordinates":[121.5026515,25.1348914]}, "properties": {"ogc_fid": 4143, "restaurant_name": "老嬤食府館", "inspection_address": "米泉食品行(米哥烘焙坊)/臺北市北投區光明路158號1樓", "source_city": "台北市", "lon": 121.5026515, "lat": 25.1348914, "total_inspections": 1, "failed_inspections": 1, "inspection_status": "不合格", "source_years": "113", "sample_names": "豪紀芋頭餡", "noncompliance_reasons": "己二烯酸 1.0g/kg (標準:不得檢出)"}}, {"type": "Feature", "geometry": {"type":"Point","coordinates":[121.5658739,25.0397197]}, "properties": {"ogc_fid": 4150, "restaurant_name": "老家合菜", "inspection_address": "東京牛角股份有限公司(溫野菜日本涮涮鍋誠品信義店)/臺北市信義區松高路11號4樓", "source_city": "台北市", "lon": 121.5658739, "lat": 25.0397197, "total_inspections": 1, "failed_inspections": 1, "inspection_status": "不合格", "source_years": "111", "sample_names": "青江菜", "noncompliance_reasons": "殺蟲劑Chlorfenapyr 克凡派1.6ppm(標準：1.0ppm以下)"}}, {"type": "Feature", "geometry": {"type":"Point","coordinates":[121.5755806,25.0498562]}, "properties": {"ogc_fid": 4151, "restaurant_name": "老家小吃", "inspection_address": "新東南海鮮餐廳松山館/臺北市松山區八德路4段656號1樓、2樓", "source_city": "台北市", "lon": 121.5755806, "lat": 25.0498562, "total_inspections": 1, "failed_inspections": 1, "inspection_status": "不合格", "source_years": "113", "sample_names": "烏骨雞", "noncompliance_reasons": "三甲氧芐氨嘧啶(trimethoprim): 0.1ppm\\n（標準：0.05ppm）"}}, {"type": "Feature", "geometry": {"type":"Point","coordinates":[120.3302445,23.2073184]}, "properties": {"ogc_fid": 4155, "restaurant_name": "老家餐廳館", "inspection_address": "宏宇農產生技企業有限公司/臺南市官田區建業路3號", "source_city": "台北市", "lon": 120.3302445, "lat": 23.2073184, "total_inspections": 1, "failed_inspections": 1, "inspection_status": "不合格", "source_years": "113", "sample_names": "自然優烏梅八仙果", "noncompliance_reasons": "檢出甜味劑「甘草素」惟未於成分內容物標示。"}}, {"type": "Feature", "geometry": {"type":"Point","coordinates":[121.592353,25.080129]}, "properties": {"ogc_fid": 4158, "restaurant_name": "老居午餐", "inspection_address": "葉O雲/臺北市內湖區康寧路1段26巷1號旁(湖光市場無市招蔬菜攤)", "source_city": "台北市", "lon": 121.592353, "lat": 25.080129, "total_inspections": 1, "failed_inspections": 1, "inspection_status": "不合格", "source_years": "112", "sample_names": "大芥菜", "noncompliance_reasons": "殺蟎劑Fenpyroximate芬普蟎0.26ppm（標準：0.01ppm 以下）\\n殺蟲劑Methoxyfenozide滅芬諾2.06ppm（標準：0.01ppm以下 ）"}}, {"type": "Feature", "geometry": {"type":"Point","coordinates":[121.1432647,25.044111]}, "properties": {"ogc_fid": 4164, "restaurant_name": "老居料理", "inspection_address": "桃園市觀音區草漯249-22號", "source_city": "新北市", "lon": 121.1432647, "lat": 25.044111, "total_inspections": 1, "failed_inspections": 1, "inspection_status": "不合格", "source_years": "108", "sample_names": "淡榨菜絲", "noncompliance_reasons": "己二烯酸0.98g/kg苯甲酸0.35g/kg(標準：總和1g/kg以下)"}}, {"type": "Feature", "geometry": {"type":"Point","coordinates":[121.5415461,25.0598917]}, "properties": {"ogc_fid": 4169, "restaurant_name": "老居食堂", "inspection_address": "菜攤/臺北市北投區西安街1段281巷11號前/自強市場外", "source_city": "台北市", "lon": 121.5415461, "lat": 25.0598917, "total_inspections": 1, "failed_inspections": 1, "inspection_status": "不合格", "source_years": "112", "sample_names": "紅鳳菜", "noncompliance_reasons": "殺蟲劑Chlorfenapyr克凡派2.8 ppm（標準：1.0 ppm以下）"}}, {"type": "Feature", "geometry": {"type":"Point","coordinates":[121.5458601,25.0284576]}, "properties": {"ogc_fid": 4176, "restaurant_name": "老屋料理", "inspection_address": "裕民便當店(老師傅精緻餐盒)/臺北市大安區復興南路2段151巷53號1樓", "source_city": "台北市", "lon": 121.5458601, "lat": 25.0284576, "total_inspections": 1, "failed_inspections": 1, "inspection_status": "不合格", "source_years": "112", "sample_names": "豆干絲\\n(進貨日期：2023/8/23)", "noncompliance_reasons": "殺菌劑過氧化氫：陽性（不得檢出）"}}, {"type": "Feature", "geometry": {"type":"Point","coordinates":[121.498809,25.130532]}, "properties": {"ogc_fid": 4182, "restaurant_name": "老屋鍋物", "inspection_address": "全聯實業股份有限公司台北北投分公司(全聯福利中心)/臺北市北投區北投路2段11號", "source_city": "台北市", "lon": 121.498809, "lat": 25.130532, "total_inspections": 2, "failed_inspections": 2, "inspection_status": "不合格", "source_years": "111", "sample_names": "百香果-產銷履歷百香果、進口蘿蔔(白蘿蔔)", "noncompliance_reasons": "殺蟲劑Cyromazine 賽滅淨0.25ppm(標準：不得檢出)；殺蟲劑Thiamethoxam 賽速安0.37ppm(標準：0.25ppm以下)"}}, {"type": "Feature", "geometry": {"type":"Point","coordinates":[121.4897587,25.0286603]}, "properties": {"ogc_fid": 4196, "restaurant_name": "老師晚餐", "inspection_address": "環南市場家禽區-健業生鮮肉品(13號攤)/臺北市萬華區環河南路二段245號 - 家禽區13號攤", "source_city": "台北市", "lon": 121.4897587, "lat": 25.0286603, "total_inspections": 1, "failed_inspections": 1, "inspection_status": "不合格", "source_years": "113", "sample_names": "烏骨雞", "noncompliance_reasons": "三甲氧芐氨嘧啶(trimethoprim): 0.09ppm\\n（標準：0.05ppm）"}}, {"type": "Feature", "geometry": {"type":"Point","coordinates":[121.5371787,25.06741]}, "properties": {"ogc_fid": 4218, "restaurant_name": "老樓晚餐店", "inspection_address": "陳O宏(第二果菜批發市場23-11號攤/臺北市中山區民族東路336號）", "source_city": "台北市", "lon": 121.5371787, "lat": 25.06741, "total_inspections": 1, "failed_inspections": 1, "inspection_status": "不合格", "source_years": "113", "sample_names": "韭菜花", "noncompliance_reasons": "殺蟲劑3-keto Carbofuran3-酮基加保扶0.02ppm、3-O H C arbofuran3-羥基加保扶0.22ppm 、Carbofuran加保扶0.51ppm、Carbosulfan丁基加保扶0.05ppm（標準：0.5ppm以下）"}}, {"type": "Feature", "geometry": {"type":"Point","coordinates":[121.5020531,25.1311754]}, "properties": {"ogc_fid": 4225, "restaurant_name": "老苑合菜", "inspection_address": "丁O江蔬果行/臺北市北投區清江路35號", "source_city": "台北市", "lon": 121.5020531, "lat": 25.1311754, "total_inspections": 1, "failed_inspections": 1, "inspection_status": "不合格", "source_years": "113", "sample_names": "青蒜", "noncompliance_reasons": "殺菌劑Fluxapyroxad\\t氟克殺0.03ppm(標準：不得檢出)\\t"}}, {"type": "Feature", "geometry": {"type":"Point","coordinates":[121.5585386,25.033316]}, "properties": {"ogc_fid": 4226, "restaurant_name": "老苑合菜", "inspection_address": "丰明殿涮涮鍋殿堂信義店(丰明殿)/臺北市信義區信義路4段393號", "source_city": "台北市", "lon": 121.5585386, "lat": 25.033316, "total_inspections": 1, "failed_inspections": 1, "inspection_status": "不合格", "source_years": "113", "sample_names": "油菜", "noncompliance_reasons": "殺蟲劑Acetamiprid 亞滅培9.1ppm(標準：2.0ppm以下) \\n殺菌劑Carbendazim 貝芬替1.3ppm(標準：1.0ppm以下) \\n殺蟲劑Chlorfenapyr 克凡派3.8ppm(標準：1.0ppm以下) \\n殺蟲劑Cyantraniliprole 賽安勃0.34ppm(標準：不得檢出) \\n殺蟲劑Fipronil 芬普尼0.002ppm及芬普尼代謝物Fipronil-sulfone0.002ppm，合計共0.004ppm(標準0.001ppm以下) \\n殺菌劑Propamocarb hydrochloride 普拔克10.9ppm(標準：10.0ppm以下)"}}, {"type": "Feature", "geometry": {"type":"Point","coordinates":[121.5574266,25.0518277]}, "properties": {"ogc_fid": 4236, "restaurant_name": "老苑熱炒", "inspection_address": "明欣鮮果專賣店/臺北市松山區南京東路5段123巷27號1樓", "source_city": "台北市", "lon": 121.5574266, "lat": 25.0518277, "total_inspections": 1, "failed_inspections": 1, "inspection_status": "不合格", "source_years": "113", "sample_names": "荔枝", "noncompliance_reasons": "殺蟲劑Cyhalothrin 賽洛寧1.0ppm(標準：0.5ppm以下)"}}, {"type": "Feature", "geometry": {"type":"Point","coordinates":[121.5432417,25.0408932]}, "properties": {"ogc_fid": 4242, "restaurant_name": "老莊早餐店", "inspection_address": "遠東都會股份有限公司復興店（city super復興店）/臺北市大安區忠孝東路3段300號B3樓", "source_city": "台北市", "lon": 121.5432417, "lat": 25.0408932, "total_inspections": 2, "failed_inspections": 2, "inspection_status": "不合格", "source_years": "113", "sample_names": "大黃瓜(胡瓜)、芫荽(香菜)", "noncompliance_reasons": "殺菌劑Dimethomorph 達滅芬0.07ppm(標準：0.01ppm以下) \\n殺菌劑Diniconazole 達克利0.02ppm(標準：不得檢出) \\n殺菌劑Fluopicolide 氟比來0.02ppm(標準：0.01ppm以下) \\n殺菌劑Flusilazole 護矽得0.09ppm(標準：不得檢出)\\n殺菌劑Prochloraz 撲克拉0.10ppm(標準：0.01ppm以下) \\n殺菌劑Procymidone 撲滅寧0.02ppm(標準：0.01ppm以下) \\n殺菌劑Propiconazole 普克利1.98ppm(標準：0.01ppm以下) \\n殺菌劑Pydiflumetofen 派滅芬0.03ppm(標準：不得檢出) \\n殺蟲劑Thiamethoxam 賽速安0.11ppm(標準：0.01ppm以下)；殺蟲劑Trichlorfon 三氯松0.02ppm(標準：0.01ppm以下)"}}, {"type": "Feature", "geometry": {"type":"Point","coordinates":[120.494616973,22.776396998]}, "properties": {"ogc_fid": 4257, "restaurant_name": "老記廚房館", "inspection_address": "屏東縣里港鄉中山路24號", "source_city": "新北市", "lon": 120.494616972513, "lat": 22.776396997635, "total_inspections": 2, "failed_inspections": 1, "inspection_status": "不合格", "source_years": "108", "sample_names": "檸檬", "noncompliance_reasons": "滅賜克(Methiocarb)0.14愛殺松(Ethion)0.07二硫代胺基甲酸鹽類未檢出陶斯松(Chlorpyrifos)0.02農藥多重殘留分析(373項)檢出細項"}}, {"type": "Feature", "geometry": {"type":"Point","coordinates":[121.5373211,25.067861]}, "properties": {"ogc_fid": 4276, "restaurant_name": "老閣廚房", "inspection_address": "臺北市第二果菜批發市場第18-16攤葉爾旺(蔬菜承銷人2154)/臺北市中山區民族東路336號/v18-16", "source_city": "台北市", "lon": 121.5373211, "lat": 25.067861, "total_inspections": 1, "failed_inspections": 1, "inspection_status": "不合格", "source_years": "112", "sample_names": "酸菜\\n(2024/10/14)", "noncompliance_reasons": "苯甲酸 1.2g/kg(標準：0.6 g/kg以下)\\n二氧化硫 0.35g/kg(標準：0.030g/kg以下)"}}, {"type": "Feature", "geometry": {"type":"Point","coordinates":[121.5113064,25.0627243]}, "properties": {"ogc_fid": 4292, "restaurant_name": "老館飲食店", "inspection_address": "利隆貿易有限公司(利隆行)/臺北市大同區迪化街1段46巷18弄6號", "source_city": "台北市", "lon": 121.5113064, "lat": 25.0627243, "total_inspections": 1, "failed_inspections": 1, "inspection_status": "不合格", "source_years": "113", "sample_names": "台灣菊花（有效日期：1160722）", "noncompliance_reasons": "1.殺蟲劑Chlorfenapyr\\t克凡派11.0ppm(標準：2.0ppm以下)、Methomyl\\t納乃得1.5ppm(標準：1.0ppm以下)\\t\\n2.產品內附有未檢出農藥殘留之檢驗報告與外包裝標示「安心使用」字樣，標示不實且易生誤解"}}, {"type": "Feature", "geometry": {"type":"Point","coordinates":[121.5373211,25.067861]}, "properties": {"ogc_fid": 4334, "restaurant_name": "金姐食府店", "inspection_address": "臺北市松山區民族東路336號", "source_city": "新北市", "lon": 121.5373211, "lat": 25.067861, "total_inspections": 2, "failed_inspections": 1, "inspection_status": "不合格", "source_years": "107、108", "sample_names": "日本蜜柑、釋迦", "noncompliance_reasons": "農藥多重殘留分析(373項)檢出細項二硫代胺基甲酸鹽類未檢出芬佈賜(Fenbutatin-oxide)0.03"}}, {"type": "Feature", "geometry": {"type":"Point","coordinates":[121.586785,25.046125]}, "properties": {"ogc_fid": 4344, "restaurant_name": "金媽食府", "inspection_address": "佳家用品(成德市場第144攤)/臺北市南港區同德路100號", "source_city": "台北市", "lon": 121.586785, "lat": 25.046125, "total_inspections": 1, "failed_inspections": 1, "inspection_status": "不合格", "source_years": "111", "sample_names": "泰山干絲(白)\\n(進貨日期：2022/8/24)", "noncompliance_reasons": "殺菌劑過氧化氫：陽性(標準：不得殘留)"}}, {"type": "Feature", "geometry": {"type":"Point","coordinates":[121.4984156,25.0185059]}, "properties": {"ogc_fid": 4347, "restaurant_name": "金媽麵食店", "inspection_address": "第一果菜批發市場王黃O彫/臺北市萬華區萬大路533號地號410", "source_city": "台北市", "lon": 121.4984156, "lat": 25.0185059, "total_inspections": 1, "failed_inspections": 1, "inspection_status": "不合格", "source_years": "113", "sample_names": "韭菜花", "noncompliance_reasons": "殺蟲劑3-羥基加保扶(3-OH Carbofuran)0.11ppm、加保扶(Carbofuran)0.41ppm、丁基加保扶(Carbosulfan)0.08ppm(標準：0.5ppm以下)\\n殺蟎劑Spirodiclofen\\t賜派芬0.02ppm(標準：0.01ppm以下)\\t\\n殺蟲劑\\tTolfenpyrad\\t脫芬瑞0.20ppm(標準：0.01ppm以下)\\t"}}, {"type": "Feature", "geometry": {"type":"Point","coordinates":[121.4913596,25.057089]}, "properties": {"ogc_fid": 4359, "restaurant_name": "金家廚房", "inspection_address": "新北市三重區重安街70-4號", "source_city": "新北市", "lon": 121.4913596, "lat": 25.057089, "total_inspections": 2, "failed_inspections": 1, "inspection_status": "不合格", "source_years": "109", "sample_names": "水蓮、羅勒", "noncompliance_reasons": "二硫代胺基甲酸鹽類未檢出農藥多重殘留分析(380項)檢出細項草脫淨(Atrazine)0.02撲滅寧(Procymidone)0.72托福松(Terbufos)0.02達滅芬(Dimethomorph)0.19益達胺(Imidacloprid)0.28賓克隆(Pencycuron)0.02"}}, {"type": "Feature", "geometry": {"type":"Point","coordinates":[121.5639589,24.990564]}, "properties": {"ogc_fid": 4361, "restaurant_name": "金家快炒", "inspection_address": "文山聯股份有限公司/臺北市文山區木柵路2段57號", "source_city": "台北市", "lon": 121.5639589, "lat": 24.990564, "total_inspections": 1, "failed_inspections": 1, "inspection_status": "不合格", "source_years": "111", "sample_names": "米諾諾氣炸專用紙圓形專用紙圓形8吋有洞50入", "noncompliance_reasons": "標示"}}, {"type": "Feature", "geometry": {"type":"Point","coordinates":[121.5373211,25.067861]}, "properties": {"ogc_fid": 4368, "restaurant_name": "金家飲食店", "inspection_address": "濱江果菜市場第21-06號攤（承銷號：2030/臺北市中山區民族東路336號）", "source_city": "台北市", "lon": 121.5373211, "lat": 25.067861, "total_inspections": 1, "failed_inspections": 1, "inspection_status": "不合格", "source_years": "112", "sample_names": "芥藍芽", "noncompliance_reasons": "殺線蟲劑Oxamyl毆殺滅1.1 ppm（標準：0.5 ppm以下）"}}, {"type": "Feature", "geometry": {"type":"Point","coordinates":[121.5432403,25.0239169]}, "properties": {"ogc_fid": 4370, "restaurant_name": "金小吃店", "inspection_address": "棋軒實業有限公司(棋美點心屋)/臺北市大安區復興南路2段292號", "source_city": "台北市", "lon": 121.5432403, "lat": 25.0239169, "total_inspections": 1, "failed_inspections": 1, "inspection_status": "不合格", "source_years": "113", "sample_names": "乾燥蝶豆花20G", "noncompliance_reasons": "殺蟲劑Cypermethrin\\t賽滅寧\\n0.11ppm(標準：0.03ppm以下)"}}, {"type": "Feature", "geometry": {"type":"Point","coordinates":[121.5493225,25.0809832]}, "properties": {"ogc_fid": 4371, "restaurant_name": "金居午餐館", "inspection_address": "全聯實業股份有限公司大直北安分公司(全聯)/臺北市中山區北安路588巷8、10號1樓", "source_city": "台北市", "lon": 121.5493225, "lat": 25.0809832, "total_inspections": 1, "failed_inspections": 1, "inspection_status": "不合格", "source_years": "111", "sample_names": "青龍椒", "noncompliance_reasons": "殺蟎劑Spirodiclofen 賜派芬0.52(標準：0.01ppm以下)"}}, {"type": "Feature", "geometry": {"type":"Point","coordinates":[121.5692133,24.9885632]}, "properties": {"ogc_fid": 4379, "restaurant_name": "金屋午餐", "inspection_address": "木柵市場-阿貞豆腐店/臺北市文山區保儀路13巷3號1樓54號攤", "source_city": "台北市", "lon": 121.5692133, "lat": 24.9885632, "total_inspections": 1, "failed_inspections": 1, "inspection_status": "不合格", "source_years": "112", "sample_names": "豆干\\n(進貨日期：2023/8/20)", "noncompliance_reasons": "殺菌劑過氧化氫：陽性（不得檢出）"}}, {"type": "Feature", "geometry": {"type":"Point","coordinates":[121.4827185,25.0706345]}, "properties": {"ogc_fid": 4381, "restaurant_name": "金屋廚坊", "inspection_address": "新北市三重區力行路市場丙區100號", "source_city": "新北市", "lon": 121.4827185, "lat": 25.0706345, "total_inspections": 2, "failed_inspections": 1, "inspection_status": "不合格", "source_years": "109、110", "sample_names": "凍豆腐、豆干", "noncompliance_reasons": "己二烯酸未檢出苯甲酸0.65去水醋酸未檢出過氧化氫未檢出水楊酸未檢出對羥苯甲酸未檢出"}}, {"type": "Feature", "geometry": {"type":"Point","coordinates":[121.5335264,25.0420393]}, "properties": {"ogc_fid": 4382, "restaurant_name": "金屋晚餐", "inspection_address": "太平洋崇光百貨股份有限公司(Fresh Mart忠孝店)/臺北市大安區忠孝東路4段45號B2", "source_city": "台北市", "lon": 121.5335264, "lat": 25.0420393, "total_inspections": 2, "failed_inspections": 2, "inspection_status": "不合格", "source_years": "113", "sample_names": "玉荷包荔枝、韭菜花", "noncompliance_reasons": "殺菌劑Difenoconazole\\t待克利1.4ppm(標準：0.5ppm以下)\\t；殺蟲劑3-OH Carbofuran 3-羥基加保扶0.13ppm、Carbofuran加保扶0.18ppm(標準：0.2ppm以下)\\t\\n殺蟲劑Etofenprox\\t依芬寧0.05ppm(標準：不得檢出)\\t"}}, {"type": "Feature", "geometry": {"type":"Point","coordinates":[121.5432417,25.0408932]}, "properties": {"ogc_fid": 4404, "restaurant_name": "金晚餐", "inspection_address": "遠東都會股份有限公司復興店(city’super復興店)/臺北市大安區忠孝東路3段300號B3", "source_city": "台北市", "lon": 121.5432417, "lat": 25.0408932, "total_inspections": 1, "failed_inspections": 1, "inspection_status": "不合格", "source_years": "111", "sample_names": "芫荽(香菜)", "noncompliance_reasons": "殺菌劑Flutolanil福多寧1.12ppm（標準：0.01ppm以下）"}}, {"type": "Feature", "geometry": {"type":"Point","coordinates":[121.5271927,25.0546833]}, "properties": {"ogc_fid": 4408, "restaurant_name": "金樓廚房店", "inspection_address": "唐龍國際餐飲股份有限公司(龍軒傳承)/臺北市中山區長春路90號2樓", "source_city": "台北市", "lon": 121.5271927, "lat": 25.0546833, "total_inspections": 1, "failed_inspections": 1, "inspection_status": "不合格", "source_years": "113", "sample_names": "辣椒條", "noncompliance_reasons": "殺菌劑Difenoconazole 待克利2.7ppm(標準：0.5ppm以下) \\n殺蟎劑Pyridaben 畢達本0.8ppm(標準：0.5ppm以下)"}}, {"type": "Feature", "geometry": {"type":"Point","coordinates":[120.4519757,23.7979575]}, "properties": {"ogc_fid": 4413, "restaurant_name": "金樓料理", "inspection_address": "雲林縣西螺鎮新興路 72號 1樓", "source_city": "新北市", "lon": 120.4519757, "lat": 23.7979575, "total_inspections": 1, "failed_inspections": 1, "inspection_status": "不合格", "source_years": "110", "sample_names": "有機苦瓜", "noncompliance_reasons": "氟尼胺0.03ppm 合格(標準：0.4ppm以下)惟標榜有機"}}, {"type": "Feature", "geometry": {"type":"Point","coordinates":[121.5526422,25.0477374]}, "properties": {"ogc_fid": 4424, "restaurant_name": "金熱炒館", "inspection_address": "天香/臺北市松山區八德路3段76號/中崙市場24號攤", "source_city": "台北市", "lon": 121.5526422, "lat": 25.0477374, "total_inspections": 1, "failed_inspections": 1, "inspection_status": "不合格", "source_years": "112", "sample_names": "長年菜", "noncompliance_reasons": "殺蟲劑Tetraniliprole 特安勃0.04ppm(標準：不得檢出)"}}, {"type": "Feature", "geometry": {"type":"Point","coordinates":[121.51761,25.114555]}, "properties": {"ogc_fid": 4428, "restaurant_name": "金苑食堂館", "inspection_address": "百世佳興業有限公司石牌分公司（火鍋世家）/臺北市北投區石牌路2段335號", "source_city": "台北市", "lon": 121.51761, "lat": 25.114555, "total_inspections": 1, "failed_inspections": 1, "inspection_status": "不合格", "source_years": "113", "sample_names": "青蔥", "noncompliance_reasons": "1.殺菌劑四克利(Tetraconazole)：0.09ppm(標準：0.01ppm)"}}, {"type": "Feature", "geometry": {"type":"Point","coordinates":[121.5098855,25.0571419]}, "properties": {"ogc_fid": 4431, "restaurant_name": "金莊合菜", "inspection_address": "懷結堂藥行有限公司/臺北市大同區迪化街1段107號", "source_city": "台北市", "lon": 121.5098855, "lat": 25.0571419, "total_inspections": 1, "failed_inspections": 1, "inspection_status": "不合格", "source_years": "111", "sample_names": "粉紅玫瑰", "noncompliance_reasons": "殺菌劑Penconazole 平克座0.14ppm(標準:0.05ppm以下)"}}, {"type": "Feature", "geometry": {"type":"Point","coordinates":[121.5303598,25.0601262]}, "properties": {"ogc_fid": 4432, "restaurant_name": "金莊快炒", "inspection_address": "饗樂餐飲實業股份有限公司中山錦州分公司/臺北市中山區吉林路205號1樓", "source_city": "台北市", "lon": 121.5303598, "lat": 25.0601262, "total_inspections": 1, "failed_inspections": 1, "inspection_status": "不合格", "source_years": "111", "sample_names": "沙拉醬\\n(有效日期：2022/12/8)", "noncompliance_reasons": "營養標示反式脂肪含量為「每份：0公克/每100公克：0公克」，惟檢出每100公克反式脂肪酸含量0.40公克，依據「包裝食品營養標示應遵行事項」，每100公克固體（半固體）反式脂肪酸含量不超過0.3公克得標示為0，案內產品應依實際數值標示。"}}, {"type": "Feature", "geometry": {"type":"Point","coordinates":[121.5305131,25.0990811]}, "properties": {"ogc_fid": 4433, "restaurant_name": "金莊晚餐店", "inspection_address": "有限責任台灣主婦聯盟生活消費合作社/臺北市士林區福志路50號", "source_city": "台北市", "lon": 121.5305131, "lat": 25.0990811, "total_inspections": 1, "failed_inspections": 1, "inspection_status": "不合格", "source_years": "111", "sample_names": "有機乾姬松茸（有效日期：20230810）", "noncompliance_reasons": "檢出重金屬鉛及鎘分別為0.3mg/kg，惟外包裝標示「無重金屬殘留」字樣"}}, {"type": "Feature", "geometry": {"type":"Point","coordinates":[120.3911059,23.6282314]}, "properties": {"ogc_fid": 4434, "restaurant_name": "金莊熱炒", "inspection_address": "雲林縣大埤鄉興安村 72號", "source_city": "新北市", "lon": 120.3911059, "lat": 23.6282314, "total_inspections": 1, "failed_inspections": 1, "inspection_status": "不合格", "source_years": "110", "sample_names": "酸菜心", "noncompliance_reasons": "二氧化硫0.724g/kg(標準：0.03g/kg以下)"}}, {"type": "Feature", "geometry": {"type":"Point","coordinates":[120.9346108,24.0026862]}, "properties": {"ogc_fid": 4435, "restaurant_name": "金莊熱炒店", "inspection_address": "南投縣埔里鎮一新里永豐路79號之1", "source_city": "新北市", "lon": 120.9346108, "lat": 24.0026862, "total_inspections": 1, "failed_inspections": 1, "inspection_status": "不合格", "source_years": "109", "sample_names": "絲瓜", "noncompliance_reasons": "二硫代胺基甲酸鹽類未檢出農藥多重殘留分析(380項)檢出細項加保利(Carbaryl)0.55達滅芬(Dimethomorph)0.14益達胺(Imidacloprid)0.10"}}, {"type": "Feature", "geometry": {"type":"Point","coordinates":[121.5852785,25.0456971]}, "properties": {"ogc_fid": 4439, "restaurant_name": "金記廚房", "inspection_address": "嘉年華小吃店/臺北市南港區同德路72號1樓", "source_city": "台北市", "lon": 121.5852785, "lat": 25.0456971, "total_inspections": 2, "failed_inspections": 2, "inspection_status": "不合格", "source_years": "112、113", "sample_names": "紅鳳菜、麻荸茄茄子", "noncompliance_reasons": "殺菌劑Fenoxanil\\t芬諾尼0.01ppm(標準：不得檢出)；殺蟲劑Imidacloprid 益達胺0.6ppm(標準：0.5ppm以下) \\n殺蟎劑Spirodiclofen 賜派芬0.20ppm(標準：0.01ppm以下)"}}, {"type": "Feature", "geometry": {"type":"Point","coordinates":[121.5692133,24.9885632]}, "properties": {"ogc_fid": 4450, "restaurant_name": "金鋪熱炒館", "inspection_address": "木柵市場-素食專賣/臺北市文山區保儀路13巷3號1樓59號攤", "source_city": "台北市", "lon": 121.5692133, "lat": 24.9885632, "total_inspections": 1, "failed_inspections": 1, "inspection_status": "不合格", "source_years": "112", "sample_names": "泰山干絲(白絲)\\n(進貨日期：2023/8/20)", "noncompliance_reasons": "殺菌劑過氧化氫：陽性（不得檢出）"}}, {"type": "Feature", "geometry": {"type":"Point","coordinates":[121.5788477,25.0784832]}, "properties": {"ogc_fid": 4455, "restaurant_name": "金閣便當館", "inspection_address": "美味達人股份有限公司內湖文德分公司(85°C BAKERY CAFÉ)/臺北市內湖區文德路2號", "source_city": "台北市", "lon": 121.5788477, "lat": 25.0784832, "total_inspections": 1, "failed_inspections": 1, "inspection_status": "不合格", "source_years": "112", "sample_names": "台灣新鮮草莓2號", "noncompliance_reasons": "殺蟎劑Bifenazate 必芬蟎7.6ppm(標準：2.0ppm以下) \\n殺蟲劑Deltamethrin 第滅寧0.4ppm(標準：0.2ppm以下) \\n殺蟲劑Spiromesifen 賜滅芬2.1ppm(標準：1.0ppm以下)"}}, {"type": "Feature", "geometry": {"type":"Point","coordinates":[121.5031875,25.0271016]}, "properties": {"ogc_fid": 4469, "restaurant_name": "金閣食堂店", "inspection_address": "22號蔬果園/臺北市萬華區西藏路125巷22號1樓", "source_city": "台北市", "lon": 121.5031875, "lat": 25.0271016, "total_inspections": 2, "failed_inspections": 2, "inspection_status": "不合格", "source_years": "112、113", "sample_names": "青蔥", "noncompliance_reasons": "殺蟲劑Fipronil-sulfone芬普尼代謝物0.007ppm(標準：0.001ppm以下) \\n殺菌劑Fluxapyroxad 氟克殺0.7ppm(標準：0.6ppm以下)；殺蟲劑Fipronil-sulfone芬普尼代謝物0.016 ppm（標準：0.001 ppm以下）"}}, {"type": "Feature", "geometry": {"type":"Point","coordinates":[121.5002054,25.1413187]}, "properties": {"ogc_fid": 4483, "restaurant_name": "金麵食", "inspection_address": "復興市場菜攤/臺北市北投區中和街320巷14號對面", "source_city": "台北市", "lon": 121.5002054, "lat": 25.1413187, "total_inspections": 1, "failed_inspections": 1, "inspection_status": "不合格", "source_years": "111", "sample_names": "格藍芽(芥藍)", "noncompliance_reasons": "殺線蟲劑Oxamyl 毆殺滅1.3ppm(標準：0.5ppm以下)"}}, {"type": "Feature", "geometry": {"type":"Point","coordinates":[121.563396,25.0576483]}, "properties": {"ogc_fid": 4489, "restaurant_name": "阿亭熟食", "inspection_address": "四季甜工作坊/臺北市松山區三民路101巷2之1號(新東市場外）", "source_city": "台北市", "lon": 121.563396, "lat": 25.0576483, "total_inspections": 1, "failed_inspections": 1, "inspection_status": "不合格", "source_years": "112", "sample_names": "百香果", "noncompliance_reasons": "殺蟲劑Cyromazine 賽滅淨0.01ppm(標準：不得檢出) \\n殺蟲劑Pyrimidifen 畢汰芬0.02ppm(標準：不得檢出) \\n殺蟲劑Pyriproxyfen 百利普芬0.4ppm(標準：0.2ppm以下)"}}, {"type": "Feature", "geometry": {"type":"Point","coordinates":[121.5540173,25.0472686]}, "properties": {"ogc_fid": 4493, "restaurant_name": "阿合菜", "inspection_address": "無市招豆干攤(曹O麗)/臺北市松山區八德路3段106巷17號旁", "source_city": "台北市", "lon": 121.5540173, "lat": 25.0472686, "total_inspections": 1, "failed_inspections": 1, "inspection_status": "不合格", "source_years": "111", "sample_names": "泰山干絲(白)\\n(進貨日期：2022/8/24)", "noncompliance_reasons": "殺菌劑過氧化氫：陽性(標準：不得殘留)"}}, {"type": "Feature", "geometry": {"type":"Point","coordinates":[121.5209664,25.0501018]}, "properties": {"ogc_fid": 4497, "restaurant_name": "阿哥早餐館", "inspection_address": "中山手工麻糬（紅豆湯）(中山市場第28號攤)/臺北市中山區長安西路3號", "source_city": "台北市", "lon": 121.5209664, "lat": 25.0501018, "total_inspections": 1, "failed_inspections": 1, "inspection_status": "不合格", "source_years": "112", "sample_names": "草仔粿", "noncompliance_reasons": "防腐劑己二烯酸：1.3 g/kg(1.0 g/kg)"}}, {"type": "Feature", "geometry": {"type":"Point","coordinates":[121.5528008,25.0391883]}, "properties": {"ogc_fid": 4499, "restaurant_name": "阿哥熟食", "inspection_address": "達旺商行/臺北市大安區忠孝東路4段216巷40弄3號", "source_city": "台北市", "lon": 121.5528008, "lat": 25.0391883, "total_inspections": 1, "failed_inspections": 1, "inspection_status": "不合格", "source_years": "112", "sample_names": "日本NAKAYA輕便方形保鮮盒380ml三入\\n（2022/11/6）", "noncompliance_reasons": "未依規定以印刷、打印或壓印方式標示材質於主要本體"}}, {"type": "Feature", "geometry": {"type":"Point","coordinates":[121.5625397,25.0285459]}, "properties": {"ogc_fid": 4500, "restaurant_name": "阿哥餐廳", "inspection_address": "阿泓潤餅/臺北市信義區吳興街189號", "source_city": "台北市", "lon": 121.5625397, "lat": 25.0285459, "total_inspections": 1, "failed_inspections": 1, "inspection_status": "不合格", "source_years": "113", "sample_names": "豆干碎丁", "noncompliance_reasons": "苯甲酸1.25g/kg(標準：0.6g/kg以下)"}}, {"type": "Feature", "geometry": {"type":"Point","coordinates":[121.5034198,25.13236]}, "properties": {"ogc_fid": 4501, "restaurant_name": "阿哥餐廳", "inspection_address": "阿玉素食(北投中繼市場133號攤)/臺北市北投區磺港路33號", "source_city": "台北市", "lon": 121.5034198, "lat": 25.13236, "total_inspections": 1, "failed_inspections": 1, "inspection_status": "不合格", "source_years": "113", "sample_names": "小麥藥膳丸", "noncompliance_reasons": "1.動物性成分陽性、動物性成分陽性(豬、雞)陽性。\\n2.植物性成分陽性、五辛(洋蔥)陽性。"}}, {"type": "Feature", "geometry": {"type":"Point","coordinates":[121.5164514,25.0478855]}, "properties": {"ogc_fid": 4516, "restaurant_name": "阿坊快炒", "inspection_address": "八海國際餐飲股份有限公司(八海食潮當代鍋物)/臺北市中正區北平西路3號3樓", "source_city": "台北市", "lon": 121.5164514, "lat": 25.0478855, "total_inspections": 1, "failed_inspections": 1, "inspection_status": "不合格", "source_years": "111", "sample_names": "豆腐(素)", "noncompliance_reasons": "苯甲酸：1.39g/kg(標準：不得檢出)"}}, {"type": "Feature", "geometry": {"type":"Point","coordinates":[121.5481485,25.0557416]}, "properties": {"ogc_fid": 4520, "restaurant_name": "阿坊食府", "inspection_address": "開泰豐國際股份有限公司(台北文華東方酒店)/臺北市松山區敦化北路158號", "source_city": "台北市", "lon": 121.5481485, "lat": 25.0557416, "total_inspections": 1, "failed_inspections": 1, "inspection_status": "不合格", "source_years": "111", "sample_names": "芥藍菜(中)", "noncompliance_reasons": "殺菌劑Dimethomorph 達滅芬3.9ppm(標準：2.5ppm以下) \\n殺蟲劑Profenophos 佈飛松3.8ppm(標準：1.0ppm以下)"}}, {"type": "Feature", "geometry": {"type":"Point","coordinates":[121.458653017,25.082143017]}, "properties": {"ogc_fid": 4526, "restaurant_name": "阿姐早餐", "inspection_address": "新北市蘆洲區中原路66號", "source_city": "新北市", "lon": 121.458653016695, "lat": 25.082143016663, "total_inspections": 1, "failed_inspections": 1, "inspection_status": "不合格", "source_years": "108", "sample_names": "招牌便當", "noncompliance_reasons": "大腸桿菌陰性大腸桿菌群>1100"}}, {"type": "Feature", "geometry": {"type":"Point","coordinates":[121.5079528,25.0350338]}, "properties": {"ogc_fid": 4551, "restaurant_name": "阿家快炒店", "inspection_address": "163冷飲店(163 Lane)/臺北市中正區延平南路163巷4號", "source_city": "台北市", "lon": 121.5079528, "lat": 25.0350338, "total_inspections": 1, "failed_inspections": 1, "inspection_status": "不合格", "source_years": "112", "sample_names": "CRISTORY魔力水晶-咖啡風味", "noncompliance_reasons": "己二烯酸：0.70g/kg\\n(標準：不得檢出)"}}, {"type": "Feature", "geometry": {"type":"Point","coordinates":[121.489336,25.0322164]}, "properties": {"ogc_fid": 4562, "restaurant_name": "阿居熟食", "inspection_address": "臺北市萬華區長順街111號", "source_city": "新北市", "lon": 121.489336, "lat": 25.0322164, "total_inspections": 2, "failed_inspections": 1, "inspection_status": "不合格", "source_years": "107、108", "sample_names": "鱉(甲魚)", "noncompliance_reasons": "硝基?喃代謝物(4項)硝基?喃代?物 未檢出四環黴素類(7項)四環黴素類 未檢出孔雀綠(2項)孔雀綠及其代謝物 未檢出動物用藥多重殘留(48項)磺胺劑等類Trimethoprim 0.04(標準不得檢出), Quinolone類"}}, {"type": "Feature", "geometry": {"type":"Point","coordinates":[121.5288302,25.1028261]}, "properties": {"ogc_fid": 4563, "restaurant_name": "阿居食堂", "inspection_address": "惠康百貨股份有限公司雨聲分公司(家樂福)/臺北市士林區雨聲街52號、52之1號、50巷1號", "source_city": "台北市", "lon": 121.5288302, "lat": 25.1028261, "total_inspections": 1, "failed_inspections": 1, "inspection_status": "不合格", "source_years": "111", "sample_names": "乳瑪琳440人造奶油\\n(有效日期：2023/8/25)", "noncompliance_reasons": "營養標示反式脂肪含量為「每份：0.06公克/每10公克（經換算為0.6公克/每100公克）」，惟檢出每100公克反式脂肪酸含量0.87公克，依據「包裝食品營養標示應遵行事項」，反式脂肪含量標示值誤差允許範圍為「小於或等於標示值之120%」（經換算為0.72公克/每100公克），案內產品應依實際數值標示。"}}, {"type": "Feature", "geometry": {"type":"Point","coordinates":[121.5180034,25.0324803]}, "properties": {"ogc_fid": 4570, "restaurant_name": "阿屋麵食", "inspection_address": "南門市場-光揚家禽畜產(7.8號攤)/臺北市中正區羅斯福路一段8號B103-06", "source_city": "台北市", "lon": 121.5180034, "lat": 25.0324803, "total_inspections": 1, "failed_inspections": 1, "inspection_status": "不合格", "source_years": "113", "sample_names": "雞胗", "noncompliance_reasons": "脫氧羥四環黴素(Doxycycline): 0.4ppm\\n（標準：0.3 ppm）"}}, {"type": "Feature", "geometry": {"type":"Point","coordinates":[121.5270137,25.0334641]}, "properties": {"ogc_fid": 4573, "restaurant_name": "阿師熱炒", "inspection_address": "全聯實業股份有限公司台北東門分公司/臺北市大安區金山南路2段12號地下", "source_city": "台北市", "lon": 121.5270137, "lat": 25.0334641, "total_inspections": 1, "failed_inspections": 1, "inspection_status": "不合格", "source_years": "112", "sample_names": "福壽100%純芥花油(有效日期：2024/10/31 )", "noncompliance_reasons": "營養標示反式脂肪含量為「每份：0公克」，惟檢出每100公克反式脂肪酸含量0.56公克，依據「包裝食品營養標示應遵行事項」，每100公克固體（半固體）反式脂肪酸含量不超過0.3公克得標示為0，案內產品應依實際數值標示。"}}, {"type": "Feature", "geometry": {"type":"Point","coordinates":[121.5075519,25.0438968]}, "properties": {"ogc_fid": 4583, "restaurant_name": "阿廚房店", "inspection_address": "喜客冰品店(冰封仙果)/臺北市萬華區中華路1段114巷18號1樓", "source_city": "台北市", "lon": 121.5075519, "lat": 25.0438968, "total_inspections": 1, "failed_inspections": 1, "inspection_status": "不合格", "source_years": "113", "sample_names": "圓圓圓(雪花冰)(不含冰塊不含配料)", "noncompliance_reasons": "腸桿菌科：30 CFU/g\\n(標準：10 CFU/g)"}}, {"type": "Feature", "geometry": {"type":"Point","coordinates":[120.4124805,23.7730692]}, "properties": {"ogc_fid": 4596, "restaurant_name": "阿樓晚餐館", "inspection_address": "雲林縣二崙鄉中興路118號", "source_city": "新北市", "lon": 120.4124805, "lat": 23.7730692, "total_inspections": 1, "failed_inspections": 1, "inspection_status": "不合格", "source_years": "107", "sample_names": "青江菜", "noncompliance_reasons": "達特南(Dinotefuran)0.46待克利(Difenoconazole)0.28二硫代胺基甲酸鹽類0.46農藥多重殘留分析(373項)檢出細項阿巴汀(Abamectin)0.02亞滅培(Acetamiprid)0.72因滅汀(Emamectin benzoateB1b)0.04因滅汀(Emamectin benzoateB1a)0.10佈飛松(Profenophos)1.34"}}, {"type": "Feature", "geometry": {"type":"Point","coordinates":[121.4897587,25.0286603]}, "properties": {"ogc_fid": 4604, "restaurant_name": "阿米食館", "inspection_address": "青果攤/臺北市萬華區環河南路2段245號蔬菜攤0005號", "source_city": "台北市", "lon": 121.4897587, "lat": 25.0286603, "total_inspections": 2, "failed_inspections": 2, "inspection_status": "不合格", "source_years": "112", "sample_names": "特選百香果、糯米荔枝", "noncompliance_reasons": "殺蟲劑Chlorpyrifos陶斯松0.24ppm(標準：0.01ppm以下)；殺蟲劑Cyromazine賽滅淨0.11ppm(標準：不得檢出)"}}, {"type": "Feature", "geometry": {"type":"Point","coordinates":[121.5259532,25.0648072]}, "properties": {"ogc_fid": 4607, "restaurant_name": "阿苑熱炒", "inspection_address": "統康生活事業股份有限公司農安二分公司(家樂福超市)/臺北市中山區農安街26號、 26-1號", "source_city": "台北市", "lon": 121.5259532, "lat": 25.0648072, "total_inspections": 1, "failed_inspections": 1, "inspection_status": "不合格", "source_years": "112", "sample_names": "台灣水洗白蘿蔔", "noncompliance_reasons": "殺蟲劑Dinotefuran 達特南0.21 ppm（標準：0.05 ppm以下）"}}, {"type": "Feature", "geometry": {"type":"Point","coordinates":[121.5090412,25.0416016]}, "properties": {"ogc_fid": 4615, "restaurant_name": "阿莊米食館", "inspection_address": "惠康百貨股份有限公司(Mia C'bon 臺北寶慶店)/臺北市中正區寶慶路32號B1", "source_city": "台北市", "lon": 121.5090412, "lat": 25.0416016, "total_inspections": 1, "failed_inspections": 1, "inspection_status": "不合格", "source_years": "111", "sample_names": "苦茶油", "noncompliance_reasons": "DEHP:6ppm\\n(指標值:3ppm)"}}, {"type": "Feature", "geometry": {"type":"Point","coordinates":[121.5434442,25.0363527]}, "properties": {"ogc_fid": 4617, "restaurant_name": "阿莊食堂", "inspection_address": "台北市農會蔬果舖子/臺北市大安區復興南路1段340巷旁空地", "source_city": "台北市", "lon": 121.5434442, "lat": 25.0363527, "total_inspections": 3, "failed_inspections": 3, "inspection_status": "不合格", "source_years": "111、112、113", "sample_names": "牧草酵素蛋、農產白蘿蔔", "noncompliance_reasons": "殺蟲劑Cyhalothrin賽洛寧 0.02 ppm（標準：0.01 ppm以下）；殺蟲劑Thiamethoxam賽速安0.52ppm（標準：0.25ppm以下）；磺胺喹啉(sulfaquinoxaline) 0.3ppm (標準:0.1ppm)"}}, {"type": "Feature", "geometry": {"type":"Point","coordinates":[121.5823042,25.0454968]}, "properties": {"ogc_fid": 4621, "restaurant_name": "阿莊飲食店", "inspection_address": "巧群企業有限公司/臺北市南港區永吉路601號", "source_city": "台北市", "lon": 121.5823042, "lat": 25.0454968, "total_inspections": 1, "failed_inspections": 1, "inspection_status": "不合格", "source_years": "111", "sample_names": "碳燻清甘化應子\\n(2023/8/2)", "noncompliance_reasons": "1.檢出蔗糖素0.58 g/kg，內容\\n   物未標示。\\n2.內容物標示「糖精鈉鹽」及\\n  「環己基(代)磺醯胺酸鈉」\\n   ，檢驗結果未檢出。"}}, {"type": "Feature", "geometry": {"type":"Point","coordinates":[121.4618415,25.0114095]}, "properties": {"ogc_fid": 4622, "restaurant_name": "阿莊飲食店館", "inspection_address": "新北市板橋區文化路1段421巷27號", "source_city": "新北市", "lon": 121.4618415, "lat": 25.0114095, "total_inspections": 1, "failed_inspections": 1, "inspection_status": "不合格", "source_years": "108", "sample_names": "豆腐", "noncompliance_reasons": "去水醋酸未檢出過氧化氫未檢出己二烯酸未檢出苯甲酸1.26"}}, {"type": "Feature", "geometry": {"type":"Point","coordinates":[121.5532471,25.0409786]}, "properties": {"ogc_fid": 4623, "restaurant_name": "阿莊餐廳店", "inspection_address": "築間幸福鍋物/臺北市大安區忠孝東路4段120號2樓", "source_city": "台北市", "lon": 121.5532471, "lat": 25.0409786, "total_inspections": 3, "failed_inspections": 3, "inspection_status": "不合格", "source_years": "112", "sample_names": "茼蒿、青江菜、青蔥", "noncompliance_reasons": "殺線蟲劑Oxamyl 毆殺滅1.4ppm(標準：0.5ppm以下) \\n殺蟲劑Profenophos 佈飛松1.8ppm(標準：1.0ppm以下)；殺菌劑Chlorothalonil 四氯異苯腈13.7ppm(標準：2.0ppm以下) \\n殺菌劑Difenoconazole 待克利1.4ppm(標準：1.0ppm以下) \\n殺菌劑Propiconazole 普克利0.02ppm(標準：0.01ppm以下)；殺蟲劑Metaflumizone 美氟綜0.02ppm(標準：0.01ppm以下)"}}, {"type": "Feature", "geometry": {"type":"Point","coordinates":[121.5154747,25.1108918]}, "properties": {"ogc_fid": 4639, "restaurant_name": "阿鋪料理店", "inspection_address": "果菜俗賣/臺北市北投區自強街119號", "source_city": "台北市", "lon": 121.5154747, "lat": 25.1108918, "total_inspections": 1, "failed_inspections": 1, "inspection_status": "不合格", "source_years": "113", "sample_names": "芫荽(香菜)", "noncompliance_reasons": "殺菌劑Dimethomorph 達滅芬0.02ppm(標準：0.01ppm以下) \\n殺菌劑Procymidone 撲滅寧0.09ppm(標準：0.01ppm以下)"}}, {"type": "Feature", "geometry": {"type":"Point","coordinates":[121.5209069,25.0584514]}, "properties": {"ogc_fid": 4651, "restaurant_name": "阿閣食府", "inspection_address": "雙連市場來于蔬菜35號攤/臺北市中山區民生西路45巷", "source_city": "台北市", "lon": 121.5209069, "lat": 25.0584514, "total_inspections": 1, "failed_inspections": 1, "inspection_status": "不合格", "source_years": "113", "sample_names": "四季豆", "noncompliance_reasons": "Indoxacarb因得克 0.02ppm\\n(標準:0.01ppm以下)\\n"}}, {"type": "Feature", "geometry": {"type":"Point","coordinates":[121.5404867,25.0476293]}, "properties": {"ogc_fid": 4681, "restaurant_name": "隆亭飲食店", "inspection_address": "全聯實業股份有限公司朱崙分公司/臺北市中山區龍江路15號1-2樓", "source_city": "台北市", "lon": 121.5404867, "lat": 25.0476293, "total_inspections": 1, "failed_inspections": 1, "inspection_status": "不合格", "source_years": "112", "sample_names": "青蔥", "noncompliance_reasons": "殺蟲劑芬普尼代謝物（ Fipronil-sulfone） 0.002ppm（標準：0.001 ppm以下）"}}, {"type": "Feature", "geometry": {"type":"Point","coordinates":[121.590768,25.086434]}, "properties": {"ogc_fid": 4683, "restaurant_name": "隆哥午餐館", "inspection_address": "萬年興商行/臺北市內湖區內湖路3段107號1樓", "source_city": "台北市", "lon": 121.590768, "lat": 25.086434, "total_inspections": 3, "failed_inspections": 3, "inspection_status": "不合格", "source_years": "112、113", "sample_names": "猴頭菇（產地：中國大陸）、白木耳（產地：中國大陸）、竹笙(有效日期：\\n20260616)", "noncompliance_reasons": "生長調節劑Chlormequat 克美素0.08ppm（標準：不得檢出）；生長調節劑Chlormequat 克美素0.33ppm（標準：不得檢出）；產品屬包裝食品惟未依規定以中文標示"}}, {"type": "Feature", "geometry": {"type":"Point","coordinates":[121.5530693,25.0405097]}, "properties": {"ogc_fid": 4701, "restaurant_name": "隆坊便當店", "inspection_address": "當季平價快餐店/臺北市大安區忠孝東路4段216巷19弄10號1樓", "source_city": "台北市", "lon": 121.5530693, "lat": 25.0405097, "total_inspections": 2, "failed_inspections": 2, "inspection_status": "不合格", "source_years": "112", "sample_names": "辣椒、香菜(芫荽)", "noncompliance_reasons": "殺菌劑Difenoconazole 待克利1.5ppm(標準：0.5ppm以下) \\n殺菌劑Pydiflumetofen 派滅芬0.05ppm(標準：不得檢出)；殺蟲劑Chlorpyrifos 陶斯松0.14ppm(標準：0.01ppm以下)"}}, {"type": "Feature", "geometry": {"type":"Point","coordinates":[121.5239853,25.0531016]}, "properties": {"ogc_fid": 4710, "restaurant_name": "隆坊米食館", "inspection_address": "宜日和餐飲股份有限公司(糀日和Kouji Cafe)/臺北市中山區中山北路2段27巷14號1樓", "source_city": "台北市", "lon": 121.5239853, "lat": 25.0531016, "total_inspections": 1, "failed_inspections": 1, "inspection_status": "不合格", "source_years": "111", "sample_names": "檸檬水\\n(註：為盛裝飲用水加檸檬片及葡萄柚片)", "noncompliance_reasons": "大腸桿菌群：陽性\\n(標準：陰性)"}}, {"type": "Feature", "geometry": {"type":"Point","coordinates":[121.509901,25.0557025]}, "properties": {"ogc_fid": 4718, "restaurant_name": "隆姐食堂館", "inspection_address": "蝦皮購物-啟陞食品行\\n(https://shopee.tw/an0919566338an)", "source_city": "台北市", "lon": 121.509901, "lat": 25.0557025, "total_inspections": 1, "failed_inspections": 1, "inspection_status": "不合格", "source_years": "112", "sample_names": "野生黑松露\\n(有效日期：2024/08/13)", "noncompliance_reasons": "未向中央主管機關申請查驗並申報其產品有關資訊。"}}, {"type": "Feature", "geometry": {"type":"Point","coordinates":[121.5592925,25.0364253]}, "properties": {"ogc_fid": 4742, "restaurant_name": "隆嬤飲食店館", "inspection_address": "鼎昌雜糧行(易順興雜糧行)/臺北市信義區仁愛路4段452巷21號", "source_city": "台北市", "lon": 121.5592925, "lat": 25.0364253, "total_inspections": 1, "failed_inspections": 1, "inspection_status": "不合格", "source_years": "113", "sample_names": "竹笙", "noncompliance_reasons": "重金屬鎘5mg/kg(標準：2mg/kg以下)"}}, {"type": "Feature", "geometry": {"type":"Point","coordinates":[121.5262775,25.0944015]}, "properties": {"ogc_fid": 4761, "restaurant_name": "隆居晚餐館", "inspection_address": "樂恩仕國際有限公司士林門市部/臺北市士林區中正路235巷33號、35號", "source_city": "台北市", "lon": 121.5262775, "lat": 25.0944015, "total_inspections": 1, "failed_inspections": 1, "inspection_status": "不合格", "source_years": "111", "sample_names": "櫻桃小丸子美耐皿水杯-學校‧藍", "noncompliance_reasons": "三聚氰胺:4.6ppm\\n(標準:2.5ppm以下)"}}, {"type": "Feature", "geometry": {"type":"Point","coordinates":[121.4970443,25.03519]}, "properties": {"ogc_fid": 4763, "restaurant_name": "隆居鍋物", "inspection_address": "合泰雜糧行/臺北市萬華區和平西路3段202號1樓", "source_city": "台北市", "lon": 121.4970443, "lat": 25.03519, "total_inspections": 1, "failed_inspections": 1, "inspection_status": "不合格", "source_years": "111", "sample_names": "白大花級合格乾銀耳（DRIED JELLY FUNGI）（雪耳）（產地：中國）", "noncompliance_reasons": "生長調節劑Chlormequat克美素0.31ppm（標準：不得檢出），另外箱標示「合格」字樣"}}, {"type": "Feature", "geometry": {"type":"Point","coordinates":[121.5683655,25.0823089]}, "properties": {"ogc_fid": 4771, "restaurant_name": "隆屋早餐店", "inspection_address": "豪棧小吃店(潤餅、刈包)/臺北市內湖區內湖路1段285巷59弄1號", "source_city": "台北市", "lon": 121.5683655, "lat": 25.0823089, "total_inspections": 1, "failed_inspections": 1, "inspection_status": "不合格", "source_years": "112", "sample_names": "豆干", "noncompliance_reasons": "檢出過氧化氫為陽性(不得檢出)"}}, {"type": "Feature", "geometry": {"type":"Point","coordinates":[121.5198716,25.0421407]}, "properties": {"ogc_fid": 4791, "restaurant_name": "隆廚廚坊", "inspection_address": "水龍堂(大苑子)/臺北市中正區南昌路1段80號", "source_city": "台北市", "lon": 121.5198716, "lat": 25.0421407, "total_inspections": 1, "failed_inspections": 1, "inspection_status": "不合格", "source_years": "113", "sample_names": "芭樂梅", "noncompliance_reasons": "腸桿菌科：70 CFU/mL\\n(標準：10 CFU/mL)"}}, {"type": "Feature", "geometry": {"type":"Point","coordinates":[121.5372687,25.0677665]}, "properties": {"ogc_fid": 4794, "restaurant_name": "隆樓晚餐店", "inspection_address": "陳O訓(承銷號：2159)/臺北市中山區民族東路336號(濱江果菜市場第21-09攤)", "source_city": "台北市", "lon": 121.5372687, "lat": 25.0677665, "total_inspections": 1, "failed_inspections": 1, "inspection_status": "不合格", "source_years": "112", "sample_names": "香菜(芫荽)", "noncompliance_reasons": "殺草劑Atrazine草脫淨0.01 ppm（標準：不得檢出）\\n殺草劑Linuron理有龍0.01 ppm（標準：不得檢出）"}}, {"type": "Feature", "geometry": {"type":"Point","coordinates":[121.5464547,25.0531679]}, "properties": {"ogc_fid": 4807, "restaurant_name": "隆莊早餐", "inspection_address": "百富通股份有限公司慶城店(莫凡彼)/臺北市松山區慶城街12號1樓", "source_city": "台北市", "lon": 121.5464547, "lat": 25.0531679, "total_inspections": 1, "failed_inspections": 1, "inspection_status": "不合格", "source_years": "112", "sample_names": "歐利歐巧克力冰酷樂", "noncompliance_reasons": "腸桿菌科：1.4x10^2 CFU/g\\n(標準：10 CFU/g)"}}, {"type": "Feature", "geometry": {"type":"Point","coordinates":[121.5941665,25.0842145]}, "properties": {"ogc_fid": 4821, "restaurant_name": "隆鋪午餐", "inspection_address": "京老滿餐飲股份有限公司(餡老滿)/臺北市內湖區成功路4段188號2樓", "source_city": "台北市", "lon": 121.5941665, "lat": 25.0842145, "total_inspections": 2, "failed_inspections": 2, "inspection_status": "不合格", "source_years": "111、112", "sample_names": "特級竹笙(有效日期：20230720)（產地：中國）、竹笙一級(有效日期：20240427)(產地：中國大陸)", "noncompliance_reasons": "殺蟲劑Fipronil芬普尼0.012ppm（標準：0.002ppm以下）\\n殺蟲劑Propoxur安丹2.56ppm（標準：0.05ppm以下）；殺蟲劑Fipronil芬普尼0.015ppm(標準:0.002ppm以下)\\n殺蟲劑Propoxur安丹2.70ppm(標準:0.05ppm以下)"}}, {"type": "Feature", "geometry": {"type":"Point","coordinates":[121.5231183,25.1053222]}, "properties": {"ogc_fid": 4829, "restaurant_name": "隆閣午餐", "inspection_address": "享美學國際股份有限公司(享當下)/臺北市士林區德行西路36號", "source_city": "台北市", "lon": 121.5231183, "lat": 25.1053222, "total_inspections": 2, "failed_inspections": 2, "inspection_status": "不合格", "source_years": "112", "sample_names": "玫瑰花瓣、蝶豆花", "noncompliance_reasons": "殺蟲劑Chlorpyrifos 陶斯松0.18ppm(其他(茶類)*:0.05ppm)\\n殺菌劑Metalaxyl 滅達樂0.06ppm(其他(茶類)*:0.05ppm)；殺蟲劑Permethrin 百滅寧0.29ppm(其他(茶類)*:0.05ppm)"}}, {"type": "Feature", "geometry": {"type":"Point","coordinates":[121.5013112,25.0383185]}, "properties": {"ogc_fid": 4832, "restaurant_name": "隆閣料理", "inspection_address": "吟興商行(吟興雜糧行)/臺北市萬華區桂林路74號1樓", "source_city": "台北市", "lon": 121.5013112, "lat": 25.0383185, "total_inspections": 1, "failed_inspections": 1, "inspection_status": "不合格", "source_years": "112", "sample_names": "酸菜\\n(2024/3/10)", "noncompliance_reasons": "檢出二氧化硫0.15g/kg (標準：0.030 g/kg以下)"}}, {"type": "Feature", "geometry": {"type":"Point","coordinates":[121.5568894,25.052439]}, "properties": {"ogc_fid": 4846, "restaurant_name": "隆館熟食店", "inspection_address": "厚舖牛排館(人从众厚切牛排)/臺北市松山區光復北路146號1樓", "source_city": "台北市", "lon": 121.5568894, "lat": 25.052439, "total_inspections": 1, "failed_inspections": 1, "inspection_status": "不合格", "source_years": "112", "sample_names": "麥香紅茶", "noncompliance_reasons": "腸桿菌科：1.0x10^3 CFU/mL\\n(標準：10 CFU/mL)"}}, {"type": "Feature", "geometry": {"type":"Point","coordinates":[121.5660665,25.03531]}, "properties": {"ogc_fid": 4850, "restaurant_name": "隆館餐廳", "inspection_address": "英屬開曼群島商撈王餐飲國際股份有限公司臺灣分公司信義營業處/臺北市信義區松壽路12號9樓", "source_city": "台北市", "lon": 121.5660665, "lat": 25.03531, "total_inspections": 1, "failed_inspections": 1, "inspection_status": "不合格", "source_years": "111", "sample_names": "青江菜", "noncompliance_reasons": "1.殺蟲劑芬普尼(Fipronil)：0.046ppm、芬普尼代謝物(Fipronil-sulfone)：0.011ppm(標準：0.001ppm)\\n2.殺蟲劑百利普芬(Pyriproxyfen)：0.73ppm(標準：0.01ppm)"}}, {"type": "Feature", "geometry": {"type":"Point","coordinates":[121.497064,25.017135]}, "properties": {"ogc_fid": 4857, "restaurant_name": "順亭快炒", "inspection_address": "第一果菜批發市場地號433/臺北市萬華區萬大路533號", "source_city": "台北市", "lon": 121.497064, "lat": 25.017135, "total_inspections": 1, "failed_inspections": 1, "inspection_status": "不合格", "source_years": "113", "sample_names": "羅勒(九層塔)", "noncompliance_reasons": "殺草劑Ametryn\\t草殺淨0.01ppm(標準：不得檢出)\\t\\n殺菌劑Dimethomorph\\t達滅芬2.6ppm(標準：2.5ppm以下)\\t"}}, {"type": "Feature", "geometry": {"type":"Point","coordinates":[121.5683655,25.0823089]}, "properties": {"ogc_fid": 4868, "restaurant_name": "順哥早餐", "inspection_address": "麗山市場第70攤/臺北市內湖區內湖路1段737巷50弄6號\\t", "source_city": "台北市", "lon": 121.5683655, "lat": 25.0823089, "total_inspections": 1, "failed_inspections": 1, "inspection_status": "不合格", "source_years": "113", "sample_names": "豆干絲", "noncompliance_reasons": "苯甲酸1.3g/kg(標準：0.6g/kg以下)"}}, {"type": "Feature", "geometry": {"type":"Point","coordinates":[121.5026592,25.1328136]}, "properties": {"ogc_fid": 4890, "restaurant_name": "順姐午餐館", "inspection_address": "高發豆腐店/臺北市北投區新市街30號(200攤號)", "source_city": "台北市", "lon": 121.5026592, "lat": 25.1328136, "total_inspections": 1, "failed_inspections": 1, "inspection_status": "不合格", "source_years": "111", "sample_names": "豆干絲(基因改造)", "noncompliance_reasons": "檢出過氧化氫為陽性(不得檢出)"}}, {"type": "Feature", "geometry": {"type":"Point","coordinates":[121.5281004,25.0523164]}, "properties": {"ogc_fid": 4907, "restaurant_name": "順媽食堂", "inspection_address": "信泰股份有限公司(麵屋一燈)/臺北市中山區南京東路1段29號", "source_city": "台北市", "lon": 121.5281004, "lat": 25.0523164, "total_inspections": 1, "failed_inspections": 1, "inspection_status": "不合格", "source_years": "112", "sample_names": "飲用水", "noncompliance_reasons": "大腸桿菌群：57CFU/100mL\\n(標準：陰性)"}}, {"type": "Feature", "geometry": {"type":"Point","coordinates":[121.6055174,25.0547902]}, "properties": {"ogc_fid": 4911, "restaurant_name": "順媽麵食館", "inspection_address": "全聯實業股份有限公司南港旗艦分公司(全聯福利中心南港旗艦店)/臺北市南港區南港路2段20巷5號B1", "source_city": "台北市", "lon": 121.6055174, "lat": 25.0547902, "total_inspections": 1, "failed_inspections": 1, "inspection_status": "不合格", "source_years": "111", "sample_names": "青蔥", "noncompliance_reasons": "殺蟲劑Fipronil-sulfone芬普尼代謝物0.003ppm(標準：0.001ppm以下)"}}, {"type": "Feature", "geometry": {"type":"Point","coordinates":[121.5574266,25.0518277]}, "properties": {"ogc_fid": 4914, "restaurant_name": "順嬤廚房", "inspection_address": "水果行/臺北市松山區南京東路5段291巷3之2號前", "source_city": "台北市", "lon": 121.5574266, "lat": 25.0518277, "total_inspections": 1, "failed_inspections": 1, "inspection_status": "不合格", "source_years": "113", "sample_names": "芒果", "noncompliance_reasons": "殺菌劑Dimethomorph\\t達滅芬0.04ppm(標準：0.01ppm以下)\\t"}}, {"type": "Feature", "geometry": {"type":"Point","coordinates":[121.5829816,25.0453509]}, "properties": {"ogc_fid": 4934, "restaurant_name": "順居鍋物", "inspection_address": "阿一蔬果有限公司(阿一蔬果)/臺北市南港區忠孝東路6段85號1樓", "source_city": "台北市", "lon": 121.5829816, "lat": 25.0453509, "total_inspections": 1, "failed_inspections": 1, "inspection_status": "不合格", "source_years": "113", "sample_names": "油菜", "noncompliance_reasons": "殺草劑Oxadiazon 樂滅草0.03ppm(標準：0.01ppm以下)"}}, {"type": "Feature", "geometry": {"type":"Point","coordinates":[121.501226,25.040286]}, "properties": {"ogc_fid": 4935, "restaurant_name": "順居飲食店店", "inspection_address": "日鮮蔬果專賣店/臺北市萬華區貴陽街2段137號", "source_city": "台北市", "lon": 121.501226, "lat": 25.040286, "total_inspections": 4, "failed_inspections": 4, "inspection_status": "不合格", "source_years": "111、112、113", "sample_names": "敏豆(菜豆)、甜豆豌豆、紅鳳菜、網室栽培特選台農二號紅肉木瓜", "noncompliance_reasons": "殺草劑Oxadiazon 樂滅草0.05ppm(標準：0.01ppm以下)；殺菌劑Bupirimate 布瑞莫0.03ppm(標準：0.01ppm以下) \\n殺蟲劑Chlorpyrifos 陶斯松0.04ppm(標準：0.01ppm以下) \\n殺菌劑Diniconazole 達克利0.30ppm(標準：不得檢出) \\n殺線蟲劑Fosthiazate 福賽絕0.01ppm(標準：不得檢出)\\n殺菌劑Prochloraz 撲克拉0.10ppm(標準：0.01ppm以下) \\n殺蟲劑Thiamethoxam 賽速安0.09ppm(標準：0.02ppm以下)；殺蟎劑Fenbutatin-oxide 芬佈賜0.02ppm(標準：不得檢出)；殺蟲劑Metaflumizone 美氟綜0.13ppm(標準：0.01ppm以下)"}}, {"type": "Feature", "geometry": {"type":"Point","coordinates":[121.5671425,25.0361873]}, "properties": {"ogc_fid": 4945, "restaurant_name": "順師午餐館", "inspection_address": "唯椿企業股份有限公司(miacucina信義店)/臺北市信義區松壽路11號2樓(新光三越)", "source_city": "台北市", "lon": 121.5671425, "lat": 25.0361873, "total_inspections": 1, "failed_inspections": 1, "inspection_status": "不合格", "source_years": "112", "sample_names": "四季豆(菜豆)", "noncompliance_reasons": "殺蟲劑Fenvalerate芬化利0.2 ppm（標準：0.1 ppm 以下）"}}, {"type": "Feature", "geometry": {"type":"Point","coordinates":[121.5371787,25.06741]}, "properties": {"ogc_fid": 4950, "restaurant_name": "順師鍋物館", "inspection_address": "高O松/臺北市中山區民族東路336號1樓第二果菜批發市場11-08號攤", "source_city": "台北市", "lon": 121.5371787, "lat": 25.06741, "total_inspections": 1, "failed_inspections": 1, "inspection_status": "不合格", "source_years": "113", "sample_names": "青蔥", "noncompliance_reasons": "殺蟎劑\\tSpirodiclofen\\t賜派芬0.02ppm(標準：0.01ppm以下)\\t"}}, {"type": "Feature", "geometry": {"type":"Point","coordinates":[121.5661836,25.0341997]}, "properties": {"ogc_fid": 4956, "restaurant_name": "順廚合菜", "inspection_address": "微風超市股份有限公司(微風超市南山店/Breeze Super)/臺北市信義區松智路17號B1", "source_city": "台北市", "lon": 121.5661836, "lat": 25.0341997, "total_inspections": 1, "failed_inspections": 1, "inspection_status": "不合格", "source_years": "113", "sample_names": "白蘿蔔", "noncompliance_reasons": "殺蟲劑Dinotefuran\\t達特南0.15ppm(標準：0.05ppm以下)\\t"}}, {"type": "Feature", "geometry": {"type":"Point","coordinates":[121.5335165,25.0419925]}, "properties": {"ogc_fid": 4961, "restaurant_name": "順廚熱炒館", "inspection_address": "頂呱呱股份有限公司忠孝東路店/臺北市大安區忠孝東路4段175之1號", "source_city": "台北市", "lon": 121.5335165, "lat": 25.0419925, "total_inspections": 1, "failed_inspections": 1, "inspection_status": "不合格", "source_years": "112", "sample_names": "紅茶雪泥", "noncompliance_reasons": "腸桿菌科：7.0x10^2 CFU/mL\\n(標準：10 CFU/mL)"}}, {"type": "Feature", "geometry": {"type":"Point","coordinates":[121.5045361,25.032266]}, "properties": {"ogc_fid": 4966, "restaurant_name": "順晚餐", "inspection_address": "正祥食品行(黃日香豆干台北總店)/臺北市萬華區中華路2段66號1樓/實際抽驗地為64號", "source_city": "台北市", "lon": 121.5045361, "lat": 25.032266, "total_inspections": 1, "failed_inspections": 1, "inspection_status": "不合格", "source_years": "112", "sample_names": "黃日香休閒片(有效日期：20240229)", "noncompliance_reasons": "防腐劑己二烯酸2.2 g/kg（標準：2.0g/kg以下）"}}, {"type": "Feature", "geometry": {"type":"Point","coordinates":[121.522813971,24.993651996]}, "properties": {"ogc_fid": 4975, "restaurant_name": "順苑熱炒", "inspection_address": "新北市中和區自立路141巷9號", "source_city": "新北市", "lon": 121.522813970932, "lat": 24.993651995898, "total_inspections": 1, "failed_inspections": 1, "inspection_status": "不合格", "source_years": "108", "sample_names": "囡仔酥(酥心糖)", "noncompliance_reasons": "赭麴毒素 A10 ug/kg (3ug/kg)黃麴毒素(7項)總黃麴毒素 0.4 ug/kg (4 ug/kg)黃麴毒素B10.4 ug/kg(2ug/kg)"}}, {"type": "Feature", "geometry": {"type":"Point","coordinates":[121.5232868,25.0973427]}, "properties": {"ogc_fid": 4976, "restaurant_name": "順苑熱炒店", "inspection_address": "詠鑽蔬果專賣店(新天地蔬果量販店)/臺北市士林區美崙街18號1樓", "source_city": "台北市", "lon": 121.5232868, "lat": 25.0973427, "total_inspections": 3, "failed_inspections": 3, "inspection_status": "不合格", "source_years": "112、113", "sample_names": "百香果、豌豆", "noncompliance_reasons": "殺菌劑Diniconazole\\t達克利0.05ppm(標準：不得檢出)\\t\\n殺線蟲劑Fosthiazate\\t福賽絕0.01ppm(標準：不得檢出)\\t\\n殺蟲劑Thiamethoxam\\t賽速安0.06ppm(標準：0.02ppm以下)\\t；殺蟲劑Clothianidin 可尼丁0.23ppm(標準：0.02ppm以下) \\n殺菌劑Dimethomorph 達滅芬2.4ppm(標準：2.0ppm以下) \\n殺菌劑Tebuconazole 得克利1.8ppm(標準：1.0ppm以下) \\n殺蟲劑Tolfenpyrad 脫芬瑞0.62ppm(標準：0.01ppm以下)；殺蟲劑Cyromazine 賽滅淨0.03ppm(標準：不得檢出)"}}, {"type": "Feature", "geometry": {"type":"Point","coordinates":[121.5752173,25.045718]}, "properties": {"ogc_fid": 4980, "restaurant_name": "順苑鍋物", "inspection_address": "三良品茶/臺北市信義區永吉路263號", "source_city": "台北市", "lon": 121.5752173, "lat": 25.045718, "total_inspections": 1, "failed_inspections": 1, "inspection_status": "不合格", "source_years": "112", "sample_names": "100%綠豆沙沙(不含配料)", "noncompliance_reasons": "腸桿菌科：58 CFU/mL\\n(標準：10 CFU/mL)"}}, {"type": "Feature", "geometry": {"type":"Point","coordinates":[121.4453581,25.0863893]}, "properties": {"ogc_fid": 4993, "restaurant_name": "順記熱炒", "inspection_address": "新北市五股區芳洲五路88號4樓", "source_city": "新北市", "lon": 121.4453581, "lat": 25.0863893, "total_inspections": 1, "failed_inspections": 1, "inspection_status": "不合格", "source_years": "108", "sample_names": "芹菜", "noncompliance_reasons": "達滅芬(Dimethomorph)0.04二硫代胺基甲酸鹽類未檢出農藥多重殘留分析(373項)檢出細項亞滅培(Acetamiprid)0.16陶斯松(Chlorpyrifos)3.30"}}, {"type": "Feature", "geometry": {"type":"Point","coordinates":[121.529675,25.11898]}, "properties": {"ogc_fid": 5012, "restaurant_name": "順鋪麵食", "inspection_address": "全聯實業股份有限公司天母天玉分公司(全聯福利中心)/臺北市士林區天母西路3號地下", "source_city": "台北市", "lon": 121.529675, "lat": 25.11898, "total_inspections": 1, "failed_inspections": 1, "inspection_status": "不合格", "source_years": "113", "sample_names": "特選香菜(芫荽)", "noncompliance_reasons": "殺草劑Linuron理有龍0.02ppm（標準：不得檢出）"}}, {"type": "Feature", "geometry": {"type":"Point","coordinates":[121.5373211,25.067861]}, "properties": {"ogc_fid": 5019, "restaurant_name": "順餐廳", "inspection_address": "第二果菜批發市場第19-13號攤(胡O傑)/臺北市中山區民族東路336號", "source_city": "台北市", "lon": 121.5373211, "lat": 25.067861, "total_inspections": 1, "failed_inspections": 1, "inspection_status": "不合格", "source_years": "113", "sample_names": "青蔥", "noncompliance_reasons": "殺蟎劑Ethion 愛殺松0.04ppm(標準：不得檢出)"}}, {"type": "Feature", "geometry": {"type":"Point","coordinates":[120.961323521,23.944593321]}, "properties": {"ogc_fid": 5021, "restaurant_name": "順館合菜", "inspection_address": "南投縣埔里鎮珠格里珠生路63號", "source_city": "新北市", "lon": 120.961323520616, "lat": 23.944593320575, "total_inspections": 2, "failed_inspections": 1, "inspection_status": "不合格", "source_years": "108、110", "sample_names": "筊白筍、茭白筍-家樂福嚴選", "noncompliance_reasons": "農藥多重殘留分析(380項)-亞賜圃 0.02ppm(標準：不得檢出)"}}, {"type": "Feature", "geometry": {"type":"Point","coordinates":[121.497064,25.017135]}, "properties": {"ogc_fid": 5034, "restaurant_name": "香哥小吃", "inspection_address": "林O鴦3499/臺北市萬華區萬大路533號(第一果菜批發市場零批場地號2215)", "source_city": "台北市", "lon": 121.497064, "lat": 25.017135, "total_inspections": 1, "failed_inspections": 1, "inspection_status": "不合格", "source_years": "112", "sample_names": "大辣椒（FV）", "noncompliance_reasons": "殺菌劑Pencycuron賓克隆0.15 ppm（標準：0.05 ppm以下）"}}, {"type": "Feature", "geometry": {"type":"Point","coordinates":[120.9223323,24.0264721]}, "properties": {"ogc_fid": 5040, "restaurant_name": "香園午餐", "inspection_address": "南投縣埔里鎮合成里西安路3段167巷31號", "source_city": "新北市", "lon": 120.9223323, "lat": 24.0264721, "total_inspections": 1, "failed_inspections": 1, "inspection_status": "不合格", "source_years": "108", "sample_names": "特選百香果", "noncompliance_reasons": "凡殺同(Famoxadone)0.28普拔克(Propamocarbhydrochloride)0.05二硫代胺基甲酸鹽類未檢出納乃得(Methomyl)0.06賜派芬(Spirodiclofen)0.16貝芬替(Carbendazim)0.02賽普洛(Cyprodinil)0.03農藥多重殘留分析(373項)檢出細項芬普?(Fenpyroximate)0.08克凡派(Chlorfenapyr)0.12二福隆(Diflubenzuron)0.37新"}}, {"type": "Feature", "geometry": {"type":"Point","coordinates":[121.5017933,25.0200973]}, "properties": {"ogc_fid": 5041, "restaurant_name": "香園午餐店", "inspection_address": "臺北市萬華區青年路 168巷30號", "source_city": "新北市", "lon": 121.5017933, "lat": 25.0200973, "total_inspections": 1, "failed_inspections": 1, "inspection_status": "不合格", "source_years": "109", "sample_names": "春捲皮", "noncompliance_reasons": "己二烯酸 1.05 g/kg(標準：不得檢出)"}}, {"type": "Feature", "geometry": {"type":"Point","coordinates":[121.5924282,25.0716466]}, "properties": {"ogc_fid": 5050, "restaurant_name": "香園食堂", "inspection_address": "三軍總醫院營養部/臺北市內湖區成功路2段325號B1", "source_city": "台北市", "lon": 121.5924282, "lat": 25.0716466, "total_inspections": 2, "failed_inspections": 2, "inspection_status": "不合格", "source_years": "112、113", "sample_names": "油菜、菠菜", "noncompliance_reasons": "殺蟲劑Chlorfenapyr 克凡派2.2ppm(標準：1.0ppm以下) \\n殺蟲劑Fipronil 芬普尼0.435ppm及芬普尼代謝物Fipronil-sulfone0.083ppm，合計共0.518ppm(標準：0.001ppm以下) \\n殺蟲劑Indoxacarb 因得克3.7ppm(標準：2.0ppm以下) \\n殺蟲劑Pyriproxyfen 百利普芬1.53ppm(標準：0.01ppm以下)；殺蟲劑Indoxacarb因得克0.11 ppm（標準：0.01ppm以下）"}}, {"type": "Feature", "geometry": {"type":"Point","coordinates":[121.510719,25.057816]}, "properties": {"ogc_fid": 5055, "restaurant_name": "香坊米食店", "inspection_address": "燈燦食品有限公司/臺北市大同區民樂街125號1樓", "source_city": "台北市", "lon": 121.510719, "lat": 25.057816, "total_inspections": 1, "failed_inspections": 1, "inspection_status": "不合格", "source_years": "113", "sample_names": "動物性鮮奶油", "noncompliance_reasons": "營養標示反式脂肪含量為「每份：0公克/每100公克：0公克」，惟檢出每100公克反式脂肪酸含量0.41公克，依據「包裝食品營養標示應遵行事項」，每100公克固體（半固體）反式脂肪酸含量不超過0.3公克得標示為0，案內產品應依實際數值標示。"}}, {"type": "Feature", "geometry": {"type":"Point","coordinates":[121.497064,25.017135]}, "properties": {"ogc_fid": 5056, "restaurant_name": "香坊食府", "inspection_address": "第一果菜批發市場/臺北市萬華區萬大路533號地號1209", "source_city": "台北市", "lon": 121.497064, "lat": 25.017135, "total_inspections": 1, "failed_inspections": 1, "inspection_status": "不合格", "source_years": "113", "sample_names": "大刈菜", "noncompliance_reasons": "殺菌劑Propamocarb hydrochloride普拔克6.6ppm（標準： 5.0ppm以下）\\n殺菌劑Tebuconazole得克利0.23ppm（標準：0.05 ppm以下）"}}, {"type": "Feature", "geometry": {"type":"Point","coordinates":[121.4984156,25.0185059]}, "properties": {"ogc_fid": 5073, "restaurant_name": "香嬤便當店", "inspection_address": "3291洪黃熟(實際營業者：洪嘉茂)/第一果菜批發市場零批場攤號3291/臺北市萬華區萬大路533號地號：1413", "source_city": "台北市", "lon": 121.4984156, "lat": 25.0185059, "total_inspections": 1, "failed_inspections": 1, "inspection_status": "不合格", "source_years": "111", "sample_names": "LD1(青江菜)", "noncompliance_reasons": "殺蟲劑Cyhalothrin 賽洛寧2.3ppm(標準：1.0ppm以下)"}}, {"type": "Feature", "geometry": {"type":"Point","coordinates":[121.5303426,25.0582455]}, "properties": {"ogc_fid": 5079, "restaurant_name": "香嬤食府", "inspection_address": "勝越企業社/臺北市中山區吉林路133號1樓", "source_city": "台北市", "lon": 121.5303426, "lat": 25.0582455, "total_inspections": 1, "failed_inspections": 1, "inspection_status": "不合格", "source_years": "112", "sample_names": "日風美耐筷", "noncompliance_reasons": "甲醛：24.0ppm\\n(標準:不得檢出)"}}, {"type": "Feature", "geometry": {"type":"Point","coordinates":[120.2772164,22.6531307]}, "properties": {"ogc_fid": 5097, "restaurant_name": "香居麵食", "inspection_address": "高雄市鼓山區伊犁街 29號", "source_city": "新北市", "lon": 120.2772164, "lat": 22.6531307, "total_inspections": 1, "failed_inspections": 1, "inspection_status": "不合格", "source_years": "110", "sample_names": "花椒粒", "noncompliance_reasons": "亞滅培0.09ppm(標準：0.05ppm以下)"}}, {"type": "Feature", "geometry": {"type":"Point","coordinates":[121.5100102,25.0880898]}, "properties": {"ogc_fid": 5102, "restaurant_name": "香屋食堂", "inspection_address": "東杰商行/臺北市士林區社中街33巷4號", "source_city": "台北市", "lon": 121.5100102, "lat": 25.0880898, "total_inspections": 1, "failed_inspections": 1, "inspection_status": "不合格", "source_years": "112", "sample_names": "茶樹菇", "noncompliance_reasons": "殺蟲劑Chlorpyrifos\\t陶斯松0.14ppm(標準：0.03ppm以下)\\t\\n殺蟲劑Fipronil\\t芬普尼0.068ppm、Fipronil-sulfone芬普尼代謝物0.020ppm(標準：0.002ppm以下)\\t"}}, {"type": "Feature", "geometry": {"type":"Point","coordinates":[121.5370111,25.0666721]}, "properties": {"ogc_fid": 5107, "restaurant_name": "香師合菜", "inspection_address": "五常市場第17攤/臺北市中山區民族東路410巷2弄18-20號前", "source_city": "台北市", "lon": 121.5370111, "lat": 25.0666721, "total_inspections": 1, "failed_inspections": 1, "inspection_status": "不合格", "source_years": "112", "sample_names": "九層塔(羅勒)", "noncompliance_reasons": "殺菌劑Pyraclostrobin 百克敏0.70ppm(標準：0.01ppm以下)"}}, {"type": "Feature", "geometry": {"type":"Point","coordinates":[121.5432417,25.0408932]}, "properties": {"ogc_fid": 5115, "restaurant_name": "香師快炒店", "inspection_address": "遠東都會股份有限公司復興店(city super復興店)/臺北市大安區忠孝東路3段300號B3", "source_city": "台北市", "lon": 121.5432417, "lat": 25.0408932, "total_inspections": 1, "failed_inspections": 1, "inspection_status": "不合格", "source_years": "111", "sample_names": "青江白菜", "noncompliance_reasons": "殺蟲劑Chlorfenapyr 克凡派1.2ppm(標準：1.0ppm以下)"}}, {"type": "Feature", "geometry": {"type":"Point","coordinates":[121.5661087,25.0541291]}, "properties": {"ogc_fid": 5129, "restaurant_name": "香廚鍋物館", "inspection_address": "無市招攤販-施O樺(承銷號：0615)/臺北市松山區南京東路5段291巷跟健康路400號之巷口", "source_city": "台北市", "lon": 121.5661087, "lat": 25.0541291, "total_inspections": 1, "failed_inspections": 1, "inspection_status": "不合格", "source_years": "111", "sample_names": "茼蒿", "noncompliance_reasons": "殺蟲劑Chlorpyrifos 陶斯松0.08ppm(標準：0.01ppm以下)"}}, {"type": "Feature", "geometry": {"type":"Point","coordinates":[121.5520752,25.018356]}, "properties": {"ogc_fid": 5150, "restaurant_name": "香熟食店", "inspection_address": "宏德雜糧行/臺北市大安區安居街117號1樓", "source_city": "台北市", "lon": 121.5520752, "lat": 25.018356, "total_inspections": 1, "failed_inspections": 1, "inspection_status": "不合格", "source_years": "111", "sample_names": "白木耳", "noncompliance_reasons": "生長調節劑Chlormequat 克美素0.29ppm(標準：不得檢出)"}}, {"type": "Feature", "geometry": {"type":"Point","coordinates":[121.5789859,25.0598147]}, "properties": {"ogc_fid": 5153, "restaurant_name": "香米食", "inspection_address": "大潤發流通事業股份有限公司南湖分公司(大潤發)/臺北市內湖區舊宗路1段188號1至4樓", "source_city": "台北市", "lon": 121.5789859, "lat": 25.0598147, "total_inspections": 1, "failed_inspections": 1, "inspection_status": "不合格", "source_years": "112", "sample_names": "越南甜豌豆", "noncompliance_reasons": "殺菌劑Diniconazole達克利0.03ppm（標準：不得檢出）"}}, {"type": "Feature", "geometry": {"type":"Point","coordinates":[121.5058635,25.03789]}, "properties": {"ogc_fid": 5177, "restaurant_name": "香莊熱炒館", "inspection_address": "家福股份有限公司台北桂林分公司(家樂福桂林店)/臺北市萬華區桂林路1號1-4樓", "source_city": "台北市", "lon": 121.5058635, "lat": 25.03789, "total_inspections": 2, "failed_inspections": 2, "inspection_status": "不合格", "source_years": "111", "sample_names": "水洗白蘿蔔、良農綠豆(有效日期：20230801)", "noncompliance_reasons": "殺草劑Glyphosate嘉磷塞2.1ppm（標準：2.0ppm以下）；殺蟲劑Fipronil 芬普尼0.001ppm、Fipronil-sulfone芬普尼代謝物0.004ppm(標準：0.001ppm以下)"}}, {"type": "Feature", "geometry": {"type":"Point","coordinates":[121.5281706,25.01241]}, "properties": {"ogc_fid": 5198, "restaurant_name": "香閣快炒", "inspection_address": "萬泰醬園/台北市中正區永春街292、294號", "source_city": "台北市", "lon": 121.5281706, "lat": 25.01241, "total_inspections": 1, "failed_inspections": 1, "inspection_status": "不合格", "source_years": "111", "sample_names": "亞洲甲等醬油", "noncompliance_reasons": "總氮量1.26g/100ml(CNS423：甲等醬油總氮量需1.4g/100ml以上)"}}, {"type": "Feature", "geometry": {"type":"Point","coordinates":[120.4124805,23.7730692]}, "properties": {"ogc_fid": 5203, "restaurant_name": "香閣熟食", "inspection_address": "新北市雲林縣二崙鄉崙東村中興路118號", "source_city": "新北市", "lon": 120.4124805, "lat": 23.7730692, "total_inspections": 1, "failed_inspections": 1, "inspection_status": "不合格", "source_years": "109", "sample_names": "芥菜", "noncompliance_reasons": "百滅寧(Permethrin)0.02脫芬瑞(Tolfenpyrad)0.17克凡派(Chlorfenapyr)0.40第滅寧(Deltamethrin)1.10待克利(Difenoconazole)3.98馬拉松(Malathion)0.84益斯普(Ethiprole)0.16二硫代胺基甲酸鹽類0.71賽洛寧(λ-Cyhalothrin)0.15益達胺(Imidacloprid)0.12因滅汀(Emamectinbenzoate B1a)0.08氟比來(Fluopicolide)0.04護賽寧(Flucythrinate)0.05達特南(Dinotefuran)3.98農藥多重殘留分析(380"}}, {"type": "Feature", "geometry": {"type":"Point","coordinates":[121.584972,25.045464]}, "properties": {"ogc_fid": 5204, "restaurant_name": "香閣熱炒", "inspection_address": "菓之鄉水果專賣店/臺北市南港區同德路60號", "source_city": "台北市", "lon": 121.584972, "lat": 25.045464, "total_inspections": 4, "failed_inspections": 4, "inspection_status": "不合格", "source_years": "111、113", "sample_names": "木瓜、特選百香果、網室木瓜台農2號、醃漬烏梨\\n(進貨日期2022/11/3)", "noncompliance_reasons": "己二烯酸0.76 g/kg(標準：不得檢出)\\n醋磺內酯鉀0.09 g/kg(標準：不得檢出)\\n環己基(代)磺醯胺酸鹽0.58 g/kg(標準：不得檢出)\\n糖精0.08g/kg(標準：不得檢出)；殺蟎劑Bifenazate\\t必芬蟎0.07ppm(標準：不得檢出)\\t；殺蟲劑Cyromazine 賽滅淨0.48ppm(標準：不得檢出) \\n殺蟎劑Pyridaben 畢達本0.04ppm(標準：不得檢出)；殺蟲劑Pyriproxyfen 百利普芬0.04ppm(標準：0.01ppm以下)"}}, {"type": "Feature", "geometry": {"type":"Point","coordinates":[121.5397549,25.0656422]}, "properties": {"ogc_fid": 5209, "restaurant_name": "香館小吃", "inspection_address": "崑成商行(酷加飲品)/臺北市中山區龍江路342巷23號", "source_city": "台北市", "lon": 121.5397549, "lat": 25.0656422, "total_inspections": 1, "failed_inspections": 1, "inspection_status": "不合格", "source_years": "113", "sample_names": "魔法水晶", "noncompliance_reasons": "己二烯酸：0.33g/kg\\n(標準：不得檢出)"}}]}
