檢體名稱,餐廳名稱,抽驗地點,檢驗結果,不符合規定原因,來源年份,來源縣市,經度,緯度
桂圓核桃蛋糕,新北市新店區店家,新北市新店區復興路111號,合格,己二烯酸未檢出苯甲酸未檢出丙酸及其鹽類未檢出去水醋酸未檢出,107,新北市,121.534172036468,24.987778000062
丹麥蜂蜜年輪,新北市新店區店家,新北市新店區復興路111號,合格,去水醋酸未檢出丙酸及其鹽類未檢出己二烯酸未檢出苯甲酸未檢出,107,新北市,121.534172036468,24.987778000062
思念Q餅,新北市新店區店家,新北市新店區中正路501之8號1樓,合格,己二烯酸未檢出苯甲酸未檢出去水醋酸未檢出丙酸及其鹽類未檢出,107,新北市,121.533580106466,24.983617181416
奶油酥餅,奶油,新北市新莊區中正路721巷3號1、2樓,合格,去水醋酸未檢出丙酸及其鹽類未檢出己二烯酸未檢出苯甲酸未檢出,107,新北市,121.423785975866,25.02871701728
太陽餅,新北市新莊區店家,新北市新莊區中正路721巷3號1、2樓,合格,去水醋酸未檢出丙酸及其鹽類未檢出己二烯酸未檢出苯甲酸未檢出,107,新北市,121.423785975866,25.02871701728
鳳梨酥,鳳梨酥,新北市五股區成泰路1段87號,合格,去水醋酸未檢出丙酸及其鹽類未檢出己二烯酸未檢出苯甲酸未檢出,107,新北市,121.435018480492,25.06879190219
牛奶太陽餅,牛奶,新北市五股區成泰路1段87號,合格,己二烯酸未檢出苯甲酸未檢出去水醋酸未檢出丙酸及其鹽類未檢出,107,新北市,121.435018480492,25.06879190219
起司土司,起司,新北市板橋區中正路332號地下室之7,合格,去水醋酸未檢出丙酸及其鹽類未檢出己二烯酸未檢出苯甲酸未檢出,107,新北市,121.454358213327,25.022153819456
葡萄餐包,葡萄,新北市板橋區中正路332號地下室之7,合格,己二烯酸未檢出苯甲酸未檢出去水醋酸未檢出丙酸及其鹽類未檢出,107,新北市,121.454358213327,25.022153819456
帕里尼,桃園市桃園區店家,桃園市桃園區龍壽街206-1號,合格,去水醋酸未檢出丙酸及其鹽類未檢出己二烯酸未檢出苯甲酸未檢出,107,新北市,121.268269988367,24.986559983802
原味貝果,桃園市桃園區店家,桃園市桃園區龍壽街206-1號,合格,去水醋酸未檢出丙酸及其鹽類未檢出己二烯酸未檢出苯甲酸未檢出,107,新北市,121.268269988367,24.986559983802
蜜梅鬆糕(奶素),臺北市士林區店家,臺北市士林區文林路546號,合格,去水醋酸未檢出己二烯酸未檢出苯甲酸未檢出丙酸及其鹽類未檢出,107,新北市,121.52409363609,25.09741911902
烏沙核桃碎蛋切片(葷),臺北市士林區店家,臺北市士林區文林路546號,合格,去水醋酸未檢出丙酸及其鹽類未檢出己二烯酸未檢出苯甲酸未檢出,107,新北市,121.52409363609,25.09741911902
義式香草醬起司麵包,新北市汐止區店家,新北市汐止區康寧街161號4樓,合格,去水醋酸未檢出丙酸及其鹽類未檢出己二烯酸未檢出苯甲酸未檢出,107,新北市,121.622344964008,25.067125998934
咖啡煉乳核桃,咖啡,新北市汐止區康寧街161號4樓,合格,去水醋酸未檢出丙酸及其鹽類未檢出己二烯酸未檢出苯甲酸未檢出,107,新北市,121.622344964008,25.067125998934
塔塔醬德式燻腸堡,新北市汐止區店家,新北市汐止區康寧街161號4樓,合格,去水醋酸未檢出丙酸及其鹽類未檢出己二烯酸未檢出苯甲酸未檢出,107,新北市,121.622344964008,25.067125998934
酥菠蘿,新北市中和區店家,新北市中和區員山路261號,合格,己二烯酸未檢出苯甲酸未檢出去水醋酸未檢出丙酸及其鹽類未檢出,107,新北市,121.481160019283,24.999066998716
菠蘿麵包,新北市中和區店家,新北市中和區員山路261號,合格,去水醋酸未檢出丙酸及其鹽類未檢出己二烯酸未檢出苯甲酸未檢出,107,新北市,121.481160019283,24.999066998716
椰子麵包,新北市中和區店家,新北市中和區中板路18巷1弄36號,合格,去水醋酸未檢出丙酸及其鹽類未檢出己二烯酸未檢出苯甲酸未檢出,107,新北市,121.483194558641,25.012781301054
螺旋卷麵包,新北市中和區店家,新北市中和區中板路18巷1弄36號,合格,苯甲酸未檢出去水醋酸未檢出丙酸及其鹽類未檢出己二烯酸未檢出,107,新北市,121.483194558641,25.012781301054
綜合堅果麵包,綜合,新北市淡水區民族路8號,合格,己二烯酸未檢出苯甲酸未檢出去水醋酸未檢出丙酸及其鹽類未檢出,107,新北市,121.46039603346,25.136787996225
丹尼麵包,新北市淡水區店家,新北市淡水區民族路8號,合格,己二烯酸未檢出苯甲酸未檢出去水醋酸未檢出丙酸及其鹽類未檢出,107,新北市,121.46039603346,25.136787996225
拜拜蛋糕,新北市淡水區店家,新北市淡水區民生路48號,合格,己二烯酸未檢出苯甲酸未檢出去水醋酸未檢出丙酸及其鹽類未檢出,107,新北市,121.461733030836,25.137735989475
義美綠豆潤(6入),義美,桃園市蘆竹區南工路1段11號,合格,去水醋酸未檢出丙酸及其鹽類未檢出己二烯酸未檢出苯甲酸未檢出,107,新北市,121.278934367597,25.060315283509
元首鳳梨酥禮盒6入(蛋奶素),臺北市中正區店家,臺北市中正區博愛路99號,合格,去水醋酸未檢出丙酸及其鹽類未檢出己二烯酸未檢出苯甲酸未檢出,107,新北市,121.511605690006,25.043004138881
新東陽精緻鳳梨酥(蛋奶素),桃園市大園區店家,桃園市大園區大工路11號,合格,丙酸及其鹽類未檢出去水醋酸未檢出己二烯酸未檢出苯甲酸未檢出,107,新北市,121.180315996139,25.065559002136
白豆沙餅,新北市板橋區店家,新北市板橋區南門街58號,合格,去水醋酸未檢出丙酸及其鹽類未檢出苯甲酸未檢出己二烯酸未檢出,107,新北市,121.456830539488,25.008086303718
白吐司(薄),新北市蘆洲區店家,新北市蘆洲區長安街31號,合格,去水醋酸未檢出丙酸及其鹽類未檢出己二烯酸未檢出苯甲酸未檢出,107,新北市,121.463694982912,25.079281979743
白吐司,新北市樹林區店家,新北市樹林區新興街37巷9號2-3樓,合格,去水醋酸未檢出丙酸及其鹽類未檢出己二烯酸未檢出苯甲酸未檢出,107,新北市,121.4020180895,24.972569120569
原味牛角,新北市樹林區店家,新北市樹林區新興街37巷9號2-3樓,合格,己二烯酸未檢出苯甲酸未檢出去水醋酸未檢出丙酸及其鹽類未檢出,107,新北市,121.4020180895,24.972569120569
筊白筍,南投縣埔里鎮店家,南投縣埔里鎮珠格里珠生路63號,不合格,農藥多重殘留分析(380項)-亞賜圃 0.02ppm(標準：不得檢出),110,新北市,120.961323520616,23.944593320575
金針菇,彰化縣芳苑鄉店家,彰化縣芳苑鄉新復路 2段489 號,合格,農藥多重殘留分析(380項),110,新北市,120.331381146126,23.894414137741
蘑菇大師金針菇,臺北市松山區店家,臺北市松山區敦化北路 102號7F,合格,,110,新北市,121.548440801701,25.053343551724
特選柚香檸檬,屏東縣里港鄉店家,屏東縣里港鄉載興村1之25號,合格,二硫代胺基甲酸鹽類農藥多重殘留分析(380項),110,新北市,120.533644,22.783142
芭樂,芭樂,新北市中和區連城路 194巷49號,合格,,110,新北市,121.498506032628,25.001882396174
低甜韓式錶花專用白豆沙,新北市淡水區店家,新北市淡水區下圭柔山119-12號,合格,己二烯酸苯甲酸去水醋酸,110,新北市,121.45367,25.20547
紅油豆沙(進口紅油),台中市神岡區店家,台中市神岡區堤南路 28號,合格,,110,新北市,120.702984212294,24.278981217313
奶油烏豆沙,奶油,桃園市蘆竹區南山路2段394巷4-1號,合格,,110,新北市,121.286297366622,25.070407514028
紅豆粒餡,紅豆,桃園市平鎮區快速路2段616巷6 號,合格,,110,新北市,121.226359965214,24.917530195531
棗泥餡,桃園市蘆竹區店家,桃園市蘆竹區南山路2段394巷4-1號,合格,,110,新北市,121.286297366622,25.070407514028
鴛鴦餅,新北市中和區店家,新北市中和區永和路458巷1弄19 號,合格,己二烯酸苯甲酸去水醋酸蘇丹色素一號蘇丹色素二號蘇丹色素三號蘇丹色素四號,110,新北市,121.497704515512,25.005132541254
烏豆沙蛋黃酥,新北市板橋區店家,新北市板橋區南門街 58號,合格,己二烯酸苯甲酸去水醋酸蘇丹色素一號蘇丹色素二號蘇丹色素三號蘇丹色素四號,110,新北市,121.456830539488,25.008086303718
鹹蛋黃,鹹蛋,新北市新店區安民街251巷1號1F,合格,,110,新北市,121.516672142895,24.973058380394
蛋黃酥,蛋黃,新北市新店區民族路 65號,合格,,110,新北市,121.539751031222,24.978304982641
鹹蛋黃,鹹蛋,新北市新店區中正路 501-11號,合格,,110,新北市,121.533283973827,24.983669987406
烏豆沙蛋黃酥,新北市中和區店家,新北市中和區興南路 1段91之2 號,合格,,110,新北市,121.5008581,24.998512
鹹蛋黃20入,鹹蛋,桃園市平鎮區快速路2段616巷6 號,合格,己二烯酸苯甲酸去水醋酸蘇丹色素一號蘇丹色素二號蘇丹色素三號蘇丹色素四號,110,新北市,121.226359965214,24.917530195531
鹹蛋黃,鹹蛋,臺北市北投區芝行路2巷8號,合格,,110,新北市,121.5026806,25.1323027
鹹蛋仁,鹹蛋,新北市新莊區中正路 513號,合格,,110,新北市,121.440198999569,25.033310006854
烏豆沙蛋黃酥,新北市土城區店家,新北市土城區中央路1段166號,合格,,110,新北市,121.44572627798,24.986845597153
萬家香醃烤肉醬,萬家香,屏東縣內埔鄉中林村大同路5段88 號,合格,己二烯酸苯甲酸去水醋酸糖精(Saccharin)環己基(代)磺醯胺酸(cyclamate)甘精(dulcin)醋磺內酯鉀(Acesulfamepotassium),110,新北市,120.596013962057,22.661839561429
愛之味東大門名家燒烤醬(KOREAN BBQSAUCE),嘉義縣民雄鄉店家,嘉義縣民雄鄉興南村工業二路11 號,合格,,110,新北市,120.43105791595,23.521853055553
日式照燒烤肉醬,臺北市信義區店家,臺北市信義區忠孝東路4段560 號12號,合格,,110,新北市,121.563890996186,25.040984016397
金龍完熟甘口烤肉醬,臺北市北投區店家,臺北市北投區大東路136號5樓,合格,,110,新北市,121.525512608479,25.091872101227
金蘭烤肉醬,金蘭,桃園市大溪區介壽路 236號,合格,,110,新北市,121.308108322526,24.982546449642
味全烤肉醬.辣味,台中市霧峰區店家,台中市霧峰區萬豐里中正路266 號,合格,己二烯酸苯甲酸去水醋酸糖精(Saccharin)環己基(代)磺醯胺酸(cyclamate)甘精(dulcin)醋磺內酯鉀(Acesulfamepotassium),110,新北市,120.693627548235,24.03663734298
壽喜燒,嘉義縣民雄鄉店家,嘉義縣民雄鄉民雄工業區中正路 36號,合格,,110,新北市,120.455606589306,23.519799305834
香檬壽喜燒醬,臺北市松山區店家,臺北市松山區忠孝東路 3段10巷 1號,合格,,110,新北市,121.5768018,25.0497252
健康廚房蒜香風味烤肉醬,健康,台中市霧峰區中正路 266號,合格,,110,新北市,120.694130994703,24.035179984772
義美BBQ燒烤醬,義美,臺北市松山區信義路二段 88號10 樓,合格,,110,新北市,121.526880618896,25.033967860525
甜不辣-長條,甜不,新北市蘆洲區復興路 410巷11號,合格,己二烯酸苯甲酸去水醋酸順丁烯二酸與順丁烯二酸酐總量,110,新北市,121.487691030599,25.092231014321
甜不辣-圓,甜不,新北市蘆洲區復興路 410巷11號,合格,,110,新北市,121.487691030599,25.092231014321
日式天婦羅條,桃園市大園區店家,桃園市大園區田心里 4鄰玖腳4-1號,合格,,110,新北市,121.1954452,25.063879
甜不辣,甜不,台南市南區新孝路 186號,合格,,110,新北市,120.183484414678,22.978594905221
基隆手工天婦羅條,基隆,新北市五股區五工六路 35號,合格,,110,新北市,121.447377932001,25.063950389188
甜不辣,甜不,臺北市萬華區台北環南市場攤商,合格,,110,新北市,121.4998912,25.0348867
魚漿煉製品(燒一番),基隆市七堵區店家,基隆市七堵區自強路 102號,合格,己二烯酸苯甲酸去水醋酸順丁烯二酸與順丁烯二酸酐總量,110,新北市,121.712973034807,25.110189996245
甜不辣,甜不,基隆市暖暖區興隆路,合格,,110,新北市,121.7358398,25.1001018
日式甜不辣,新北市五股區店家,新北市五股區民義路 1段247-9號,合格,,110,新北市,121.4693072,25.0817761
基隆天婦羅,基隆,新北市瑞芳區下埔路有勝二村21 號,合格,,110,新北市,121.8098925,25.1088197
黑輪,雲林縣虎尾鎮店家,雲林縣虎尾鎮廉便里 1701號,合格,,110,新北市,120.4448541,23.708355
小紅莓,雲林縣斗南鎮店家,雲林縣斗南鎮德業路 14號,合格,己二烯酸苯甲酸去水醋酸硼酸及其鹽類,110,新北市,120.477100387438,23.694584911547
花枝丸,花枝,彰化縣伸港鄉全興工業區工業一路 39號,合格,,110,新北市,120.4862745,24.1600121
喜琵鷥嚴選虱目魚丸,臺北市大同區店家,臺北市大同區承德路 1段44號6F,合格,,110,新北市,121.5153661,25.0660564
虱目魚丸,臺北市萬華區店家,臺北市萬華區台北環南市場攤商,合格,,110,新北市,121.4998912,25.0348867
松本成形魚板,基隆市七堵區店家,基隆市七堵區自強路 102號,合格,,110,新北市,121.712973034807,25.110189996245
原味香腸,台中市南區店家,台中市南區大墩六街 410號,合格,亞硝酸鹽,110,新北市,120.643914677503,24.143054701455
蒜味香腸(台式),蒜味,台南市柳營區人和里義士路五段 690號,合格,,110,新北市,120.314418124181,23.292018279104
香腸,新北市板橋區店家,新北市板橋區福德街2巷4號,合格,,110,新北市,121.455978016116,25.009317018562
香腸,新北市金山區店家,新北市金山區中山路 188號,合格,,110,新北市,121.63812004106,25.221469986821
DHA原味香腸,桃園市大園區店家,桃園市大園區大工路 11號,合格,,110,新北市,121.180315996139,25.065559002136
極鮮特選鳳尾蝦仁,台南市永康區店家,台南市永康區中正二街 380號,合格,硝基呋喃代謝物(4項)孔雀綠(2項)氯黴素類抗生素(4項)四環黴素類(7項)動物用藥多重殘留(48項)抗生素及其代謝物多重殘留分析-畜禽水產品(16項),110,新北市,120.237614661566,23.031620417271
CP 鮮凍大白蝦30/40,臺北市中山區店家,臺北市中山區松江路87號17樓,合格,,110,新北市,121.533203591375,25.050448945281
雲林口湖鮮採文蛤(大),雲林縣口湖鄉店家,雲林縣口湖鄉民主 39-6號,合格,,110,新北市,120.1853428,23.582889
南美特大白蝦30/40,嘉義縣布袋鎮店家,嘉義縣布袋鎮上海路 171號,合格,,110,新北市,120.162519263179,23.379116185652
冷凍草蝦,嘉義縣民雄鄉店家,嘉義縣民雄鄉工業區中正路28號,合格,,110,新北市,120.430129962242,23.558945014867
文蛤,臺北市萬華區店家,臺北市萬華區長順街44號1F,合格,,110,新北市,121.489387443983,25.031981978115
喜琵鷥/無膨發白蝦仁,臺北市大同區店家,臺北市大同區承德路 1段44號6F,合格,硝基呋喃代謝物(4項)孔雀綠(2項)氯黴素類抗生素(4項)四環黴素類(7項)動物用藥多重殘留(48項)抗生素及其代謝物多重殘留分析-畜禽水產品(16項),110,新北市,121.5153661,25.0660564
大文蛤8分,新北市中和區店家,新北市中和區連城路 114號,合格,,110,新北市,121.496151136931,24.999672507401
大文蛤,新北市中和區店家,新北市中和區連城路 114號,合格,,110,新北市,121.496151136931,24.999672507401
東寶黑豬腰內肉,屏東縣內埔鄉店家,屏東縣內埔鄉和興村和興路194 號,合格,硝基呋喃代謝物(4項)氯黴素類抗生素(4項)動物用藥多重殘留(48項)乙型受體素類(β-agonist)(21項),110,新北市,120.567710478624,22.603105900188
牛肉,牛肉,臺北市萬華區環河南路 2段環南市場獸肉區138 號,合格,,110,新北市,121.4998912,25.0348867
里肌肉,新北市樹林區店家,新北市樹林區俊安街 43號,合格,,110,新北市,121.420258116638,25.012775685178
五花肉片,新北市板橋區店家,新北市板橋區干城路 142號,合格,,110,新北市,121.459600339392,24.993385996201
美國牛梅花火鍋片,新北市板橋區店家,新北市板橋區干城路 142號,合格,氯黴素類抗生素(4項)動物用藥多重殘留(48項)乙型受體素類(β-agonist)(21項),110,新北市,121.459600339392,24.993385996201
澳洲穀飼牛五花火鍋片,新北市汐止區店家,新北市汐止區湖前街 110巷97弄24號B1-6,合格,,110,新北市,121.630137141495,25.077815183417
美板腱,台中市西屯區店家,台中市西屯區工業二路 3號,合格,,110,新北市,120.716842012814,24.096205017574
美國嫩肩骰子牛肉,基隆市七堵區店家,基隆市七堵區工建南路 23號,合格,,110,新北市,121.703376426223,25.083415515294
舒康雞-雞胸絞肉,舒康雞,台南市永康區中正一街 26號,合格,氯黴素類抗生素(4項)四環黴素類(7項)動物用藥多重殘留(48項)乙型受體素類(β-agonist)(21項,110,新北市,120.246107038225,23.033996980187
去皮清肉(雞肉),臺北市南港區店家,臺北市南港區忠孝東路 7段587 號1F,合格,氯黴素類抗生素(4項)四環黴素類(7項)動物用藥多重殘留(48項)乙型受體素類(β-agonist)(21項),110,新北市,121.6068286,25.0546698
冷藏肉綠野雞中翅,桃園市桃園區店家,桃園市桃園區永安路 1063號,合格,,110,新北市,121.282874784098,25.0095942081
冷藏皇金土雞切塊,台南市柳營區店家,台南市柳營區長榮路6段513號,合格,,110,新北市,120.310952291037,23.269431816074
豬肉火鍋片,豬肉,新北市泰山區楓江路 46巷81-2號,合格,,110,新北市,121.437170031218,25.059044000255
豬腿肉,基隆市七堵區店家,基隆市七堵區工建南路 23號,合格,,110,新北市,121.703376426223,25.083415515294
台灣去皮雞胸清肉,新北市三重區店家,新北市三重區中正北路 530巷18 號,合格,,110,新北市,121.471876661428,25.070858793952
6 吋植織圓盤8入,臺北市士林區店家,臺北市士林區通河西路 2段108巷2弄9號1樓,合格,材質試驗-螢光增白劑耐熱溫度標示符合性溶出試驗-蒸發殘渣,110,新北市,121.5198273,25.0928568
750湯杯組,高雄市田寮區店家,高雄市田寮區西德里(路)44-1號,合格,,110,新北市,120.361335,22.88251
漿塑 10吋紙盤,新北市新莊區店家,新北市新莊區福營路 125巷35號,合格,,110,新北市,121.434060596597,25.030379400137
植物纖維圓盤,臺北市大同區店家,臺北市大同區西寧北路 116號1 樓,合格,,110,新北市,121.508910999698,25.056259288066
Dixie 高級免洗碗,高雄市前鎮店家,高雄市前鎮區中華路 656號,合格,,110,新北市,120.484749772688,22.882477876046
小龍鳳盤,彰化縣芳苑鄉店家,彰化縣芳苑鄉工業路 11號,合格,耐熱溫度標示符合性溶出試驗-蒸發殘渣,110,新北市,120.351118035778,23.9142170101
原味液(醬油),臺北市大同區店家,臺北市大同區哈密街 50之3號,合格,3-單氯丙二醇己二烯酸苯甲酸去水醋酸糖精(Saccharin)環己基(代)磺醯胺酸(cyclamate)甘精(dulcin)醋磺內酯鉀(Acesulfamepotassium),110,新北市,121.518429620848,25.073635957707
屏大薄鹽醬油,屏東縣內埔鄉店家,屏東縣內埔鄉中正路 456號,合格,,110,新北市,120.540607972322,22.635644014289
婦友純釀造醬油,雲林縣大埤鄉店家,雲林縣大埤鄉豐田路 14號,合格,,110,新北市,120.466590486684,23.633588712492
大同釀造醬油,雲林縣斗六市店家,雲林縣斗六市工二路 39號,合格,,110,新北市,120.5275761,23.6974698
龜甲萬甘醇醬油(釀造),龜甲萬,台南市永康區中正路 301號,合格,,110,新北市,120.244271988163,23.033431998004
錫蘭紅茶(茶包),新北市土城區店家,新北市土城區工業區復興街5號,合格,二硫代胺基甲酸鹽類未檢出農藥多重殘留分析(373項)未檢出,107,新北市,121.426483775222,24.967947297249
鳳梨風味椰條,鳳梨,新北市土城區工業區復興街5號,合格,大腸桿菌陰性大腸桿菌群陰性,107,新北市,121.426483775222,24.967947297249
食用冰塊,新北市淡水區店家,新北市淡水區北新路182巷28號,合格,大腸桿菌群陰性生菌數<10大腸桿菌陰性,107,新北市,121.448683497239,25.177893310402
食用冰塊,新北市新店區店家,新北市新店區二十張路40之1號1樓,合格,大腸桿菌陰性大腸桿菌群陰性生菌數<10,107,新北市,121.537923021958,24.981455991502
食用冰塊,新北市樹林區店家,新北市樹林區博愛一街19號,合格,大腸桿菌陰性生菌數<10大腸桿菌群陰性,107,新北市,121.42551700651,24.991101005576
芋頭紅豆冰,芋頭,新北市土城區學府路1段262號,合格,生菌數95大腸桿菌陰性大腸桿菌群陰性,107,新北市,121.451149034058,24.984424987335
食用冰塊,新北市三重區店家,新北市三重區正義北路251號,合格,生菌數<10大腸桿菌陰性大腸桿菌群陰性,107,新北市,121.495722989317,25.069618986486
食用冰塊,新北市汐止區店家,新北市汐止區中興路179之1號,合格,生菌數<10大腸桿菌陰性大腸桿菌群陰性,107,新北市,121.630629412528,25.066601713797
黑咖啡,新北市板橋區店家,新北市板橋區三民路2段67號,合格,咖啡因52.0 ( mg/100ml ),107,新北市,121.479486991409,25.017044001733
食用冰塊,新北市板橋區店家,新北市板橋區中山路2段114號,合格,生菌數<10大腸桿菌陰性大腸桿菌群陰性,107,新北市,121.476048986184,25.016623020646
愛戀巧克力,新北市中和區店家,新北市中和區中山路3段122號B2樓,合格,生菌數380大腸桿菌群3.6大腸桿菌陰性,107,新北市,121.475688899623,25.006077203437
青草茶,新北市土城區店家,新北市土城區中華路1段142號之2,合格,生菌數15大腸桿菌陰性大腸桿菌群陰性,107,新北市,121.443191003726,24.985792997752
菊花茶,新竹市東區店家,新竹市東區中隘75-10號,合格,二硫代胺基甲酸鹽類未檢出農藥多重殘留分析(373項)未檢出,107,新北市,120.9735169,24.8051258
TOGO春之茶(烏龍茶),新竹市東區店家,新竹市東區中隘75-10號,合格,克凡派(Chlorfenapyr)0.11二硫代胺基甲酸鹽類未檢出脫芬瑞(Tolfenpyrad)0.17農藥多重殘留分析(373項)檢出細項陶斯松(Chlorpyrifos)0.06,107,新北市,120.9735169,24.8051258
青草茶,新北市蘆洲區店家,新北市蘆洲區中央路6號,合格,生菌數400大腸桿菌陰性大腸桿菌群陰性,107,新北市,121.473450009466,25.082404993047
青草原料,雲林縣斗六市店家,雲林縣斗六市石榴路351號,合格,二硫代胺基甲酸鹽類未檢出農藥多重殘留分析(373項)未檢出,107,新北市,120.590752959526,23.72921700763
食用冰塊,新北市中和區店家,新北市中和區興南路1段99號,合格,生菌數<10大腸桿菌群陰性大腸桿菌陰性,107,新北市,121.50957098301,24.988391010551
黑咖啡,新北市中和區店家,新北市中和區景平路598號,合格,咖啡因30.4 ( mg/100ml ),107,新北市,121.500955979107,24.996420999522
格蘭紅茶,新北市新莊區店家,新北市新莊區建國一路24號,合格,二硫代胺基甲酸鹽類未檢出農藥多重殘留分析(373項)未檢出,107,新北市,121.433771169481,25.031722516302
美式咖啡,新北市三重區店家,新北市三重區三信路4段388之2號,合格,咖啡因53.7 ( mg/100ml ),107,新北市,121.489044021437,25.087078827621
鐵觀音,台中市西屯區店家,台中市西屯區協和里工業區35路60號,合格,二硫代胺基甲酸鹽類未檢出百滅寧(Permethrin)0.40芬普寧(Fenpropathrin)0.07農藥多重殘留分析(373項)檢出細項,107,新北市,120.590340066976,24.167390300039
薄荷,雲林縣斗六市店家,雲林縣斗六市引善鹿241號,合格,農藥多重殘留分析(373項)檢出細項陶斯松(Chlorpyrifos)0.07二硫代胺基甲酸鹽類未檢出益達胺(Imidacloprid)0.08,107,新北市,120.5275761,23.6974698
冷藏澳洲榖飼牛腱,新北市汐止區店家,新北市汐止區福德一路310巷7弄1號,合格,氯黴素類抗生素(4項)未檢出乙型受體素類(β-agonist)(21項)未檢出,109,新北市,121.630828539669,25.06366800287
澳洲穀飼牛梅花火鍋片,新北市汐止區店家,新北市汐止區湖前街110巷97弄24號B1-6,合格,氯黴素類抗生素(4項)未檢出乙型受體素類(β-agonist)(21項)未檢出,109,新北市,121.630137141495,25.077815183417
沙朗牛排,新北市汐止區店家,新北市汐止區湖前街110巷97弄24號地下1層之6,合格,氯黴素類抗生素(4項)未檢出乙型受體素類(β-agonist)(21項)未檢出,109,新北市,121.6305159785,25.077116012143
美國肋眼厚牛排,新北市三重區店家,新北市三重區中正北路530巷18號,合格,氯黴素類抗生素(4項)未檢出乙型受體素類(β-agonist)(21項)檢出細項Ractopamine0.003,109,新北市,121.472033886924,25.069475614032
火腿風味三明治,火腿,新北市新莊區幸福路773號,合格,大腸桿菌群陰性大腸桿菌陰性,107,新北市,121.446915083307,25.049022303451
火腿義式磚壓三明治,火腿,新北市新莊區幸福路773號,合格,大腸桿菌陰性大腸桿菌群陰性,107,新北市,121.446915083307,25.049022303451
蘋果卡士達吐司,蘋果,新北市三重區重新路5段654號,合格,大腸桿菌陰性大腸桿菌群陰性,107,新北市,121.467123097492,25.043069685364
鮪魚蛋雙拼三明治,新北市土城區店家,新北市土城區中興路16號,合格,大腸桿菌陰性大腸桿菌群陰性,107,新北市,121.425248965436,24.966089659481
石安牧場蛋沙拉三明治,新北市土城區店家,新北市土城區中興路16號,合格,大腸桿菌陰性大腸桿菌群陰性,107,新北市,121.425248965436,24.966089659481
香雞三明治,新北市汐止區店家,新北市汐止區仁愛路166號1樓,合格,大腸桿菌陰性大腸桿菌群150,107,新北市,121.664283984184,25.065114006896
起司火腿三明治,起司,基隆市中正區武訓街43號,合格,大腸桿菌陰性大腸桿菌群陰性,107,新北市,121.700054175081,25.14587900841
厚切豬排蛋三明治,新竹縣新豐鄉店家,新竹縣新豐鄉中崙村十鄰中崙289-3號,合格,大腸桿菌群陰性大腸桿菌陰性,107,新北市,121.0036465,24.9038636
照燒雞肉三明治,新北市淡水區店家,新北市淡水區中山北路2段183號1樓,合格,大腸桿菌陰性大腸桿菌群陰性,107,新北市,121.444039168509,25.18505438938
經典總匯三明治,經典,新北市淡水區中山北路2段183號1樓,合格,大腸桿菌陰性大腸桿菌群陰性,107,新北市,121.444039168509,25.18505438938
洋芋沙拉(三明治),新北市土城區店家,新北市土城區中興路1段6號,合格,大腸桿菌陰性大腸桿菌群陰性,107,新北市,121.423816737451,24.964576095792
鮪魚蛋雙拼(三明治),新北市土城區店家,新北市土城區中興路1段6號,合格,大腸桿菌陰性大腸桿菌群陰性,107,新北市,121.423816737451,24.964576095792
經典德式香腸三明治,經典,新北市中和區中安街210號,合格,大腸桿菌陰性大腸桿菌群陰性,107,新北市,121.511798976693,24.998875011224
招牌百匯三明治,新北市土城區店家,新北市土城區中興路16號,合格,大腸桿菌群陰性大腸桿菌陰性,107,新北市,121.425248965436,24.966089659481
夏威夷風起司三重奏,新北市土城區店家,新北市土城區中興路16號,合格,大腸桿菌陰性大腸桿菌群陰性,107,新北市,121.425248965436,24.966089659481
熱烤牛肉三明治,新北市蘆洲區店家,新北市蘆洲區信義路165號,合格,大腸桿菌群23大腸桿菌陰性,107,新北市,121.479181387219,25.081884393041
招牌百匯三明治,桃園市中壢區店家,桃園市中壢區自強一路111號,合格,大腸桿菌陰性大腸桿菌群陰性,107,新北市,121.244236138297,24.976757012762
鮪魚蛋雙拼三明治,桃園市中壢區店家,桃園市中壢區自強一路111號,合格,大腸桿菌陰性大腸桿菌群陰性,107,新北市,121.244236138297,24.976757012762
夏威夷風起司三重奏,桃園市中壢區店家,桃園市中壢區自強一路111號,合格,大腸桿菌陰性大腸桿菌群陰性,107,新北市,121.244236138297,24.976757012762
烤黑胡椒三明治,新北市中和區店家,新北市中和區中山路2段381號,合格,大腸桿菌陰性大腸桿菌群陰性,107,新北市,121.487161964871,25.004693015946
烤滿意三明治,新北市中和區店家,新北市中和區中山路2段381號,合格,大腸桿菌群陰性大腸桿菌陰性,107,新北市,121.487161964871,25.004693015946
總匯三明治,新北市新店區店家,新北市新店區安康路3段269號,合格,大腸桿菌陰性大腸桿菌群陰性,107,新北市,121.48640197771,24.951644998487
烤總匯三明治,新北市新店區店家,新北市新店區安康路3段277號,合格,大腸桿菌群陰性大腸桿菌陰性,107,新北市,121.486125039629,24.95154600821
草莓土司,草莓,新北市中和區圓通路290號,合格,大腸桿菌陰性大腸桿菌群240,107,新北市,121.490627714196,24.989472611337
烤煎蛋三明治,新北市板橋區店家,新北市板橋區貴興路104號1樓,合格,大腸桿菌群陰性大腸桿菌陰性,107,新北市,121.455435958437,25.002572017257
起司蛋三明治,起司,新北市板橋區貴興路104號1樓,合格,大腸桿菌群陰性大腸桿菌陰性,107,新北市,121.455435958437,25.002572017257
蛋三明治,新北市新店區店家,新北市新店區安民街126號,合格,大腸桿菌群陰性大腸桿菌陰性,107,新北市,121.516495608499,24.969064604942
招牌火腿三明治,新北市板橋區店家,新北市板橋區海山路3號1樓,合格,大腸桿菌群陰性大腸桿菌陰性,107,新北市,121.469423007904,25.009367016614
草莓起司三明治,草莓,新北市板橋區海山路3號1樓,合格,大腸桿菌群陰性大腸桿菌陰性,107,新北市,121.469423007904,25.009367016614
手工鹹湯圓,新北市樹林區店家,新北市樹林區保安街 1段16巷17 號1樓,合格,己二烯酸苯甲酸去水醋酸順丁烯二酸與順丁烯二酸酐,110,新北市,121.375534585728,24.936785793216
彩色湯圓,彩色,新北市樹林區保安街 1段16巷17 號1樓,合格,,110,新北市,121.375534585728,24.936785793216
小湯圓,新北市三重區店家,新北市三重區中興北街 170巷11 號,合格,,110,新北市,121.468395408465,25.057269205853
花生湯圓,花生,新北市新店區中興路3段1號3樓,合格,,110,新北市,121.545420131434,24.977687194467
豬肉湯圓,豬肉,新北市新店區中興路3段1號3樓,合格,,110,新北市,121.545420131434,24.977687194467
湯圓,新北市新莊區店家,新北市新莊區昌平街82巷13弄10 號1樓,合格,己二烯酸苯甲酸去水醋酸順丁烯二酸與順丁烯二酸酐,110,新北市,121.455424978144,25.053331984698
紅白湯圓,新北市瑞芳區店家,新北市瑞芳區中正路 90號1樓,合格,,110,新北市,121.805312103501,25.107762513267
鹹湯圓,新北市瑞芳區店家,新北市瑞芳區中正路 90號1樓,合格,,110,新北市,121.805312103501,25.107762513267
紅麴湯圓,紅麴,新北市淡水區英專路 69號,合格,,110,新北市,121.445591999891,25.171243988523
湯圓,新北市淡水區店家,新北市淡水區仁愛街 18巷6號,合格,,110,新北市,121.44684299894,25.170295995274
湯圓,桃園市平鎮店家,桃園市平鎮區平東路 659巷16號,合格,己二烯酸苯甲酸去水醋酸順丁烯二酸與順丁烯二酸酐總量,110,新北市,121.240279209446,24.911584320903
湯圓,雲林縣斗南鎮店家,雲林縣斗南鎮信義路 143號,合格,,110,新北市,120.480822958276,23.670031006294
芝麻湯圓,芝麻,新北市中和區立德街 200巷48號 4F,合格,,110,新北市,121.485593146281,25.009393345155
紅白湯圓,新北市中和區店家,新北市中和區立德街 200巷48號 4F,合格,,110,新北市,121.485593146281,25.009393345155
湯圓,新北市三重區店家,新北市三重區力行路 38巷2號,合格,,110,新北市,121.539053992154,24.965040998051
湯圓,新北市三重區店家,新北市三重區力行路 1段38巷2 號,合格,,110,新北市,121.539053992154,24.965040998051
大紅棗(調理用),新北市樹林區店家,新北市樹林區八德街282巷3號,合格,二硫代胺基甲酸鹽類未檢出芬普尼(Fipronil)0.002農藥多重殘留分析(373項)檢出細項,107,新北市,121.410367470891,24.970314598163
省產紅肉火龍果,桃園市大園區店家,桃園市大園區大觀路269-5號,合格,農藥多重殘留分析(373項)檢出細項二硫代胺基甲酸鹽類未檢出亞托敏(Azoxystrobin)0.05,107,新北市,121.18666126448,25.063686904061
九層塔(產地:台灣),嘉義縣新港鄉店家,嘉義縣新港鄉中庄94-6號,合格,依普同(Iprodione)0.14農藥多重殘留分析(373項)檢出細項達滅芬(Dimethomorph)0.14滅達樂(Metalaxyl)0.06亞托敏(Azoxystrobin)0.05二硫代胺基甲酸鹽類未檢出亞滅培(Acetamiprid)0.10氟比來(Fluopicolide)0.03,107,新北市,120.346368,23.570482
蘋果,蘋果,臺北市中山區民族東路336號,合格,二硫代胺基甲酸鹽類未檢出農藥多重殘留分析(373項)未檢出,107,新北市,121.537341234059,25.067923369383
菜豆,新北市林口區店家,新北市林口區文化三路2段175號1樓,合格,農藥多重殘留分析(373項)未檢出二硫代胺基甲酸鹽類未檢出,107,新北市,121.375631187752,25.08228098279
蘋果,蘋果,臺北市士林區後港街116號4樓,合格,二硫代胺基甲酸鹽類未檢出農藥多重殘留分析(373項)未檢出,107,新北市,121.521523576938,25.086339081212
小黃瓜-有機,臺北市松山區店家,臺北市松山區南京東路4段75號4樓-1,合格,農藥多重殘留分析(373項)未檢出二硫代胺基甲酸鹽類未檢出,107,新北市,121.553449407943,25.05184369397
長豆-有機,臺北市松山區店家,臺北市松山區南京東路4段75號4樓-1,合格,二硫代胺基甲酸鹽類未檢出農藥多重殘留分析(373項)未檢出,107,新北市,121.553449407943,25.05184369397
紐西蘭奇異果,紐西,新北市新店區寶中路95號之12,合格,農藥多重殘留分析(373項)未檢出二硫代胺基甲酸鹽類未檢出,107,新北市,121.548716063401,24.980756395953
小黃瓜,彰化縣埤頭鄉店家,彰化縣埤頭鄉和豐村王厝巷48-2號,合格,撲滅寧(Procymidone)0.17二硫代胺基甲酸鹽類未檢出農藥多重殘留分析(373項)檢出細項達特南(Dinotefuran)0.02亞滅培(Acetamiprid)0.06,107,新北市,120.484980968984,23.88981699659
菜豆-履歷敏豆,南投縣鹿谷鄉店家,南投縣鹿谷鄉中正路1段355號,合格,農藥多重殘留分析(373項)未檢出二硫代胺基甲酸鹽類未檢出,107,新北市,120.754530988985,23.74423830013
?型白米,臺東縣池上鄉店家,臺東縣池上鄉中山路143號,合格,三賽唑(Tricyclazole)0.06農藥多重殘留分析(373項)檢出細項二硫代胺基甲酸鹽類未檢出亞賜圃(Isoprothiolane)0.03,107,新北市,121.216398999661,23.123133994231
秈白米(泰國香米),桃園市蘆竹區店家,桃園市蘆竹區大竹里仁和街11號1樓,合格,二硫代胺基甲酸鹽類未檢出芬普尼(Fipronil)0.002農藥多重殘留分析(373項)檢出細項,107,新北市,121.259825975289,25.027236982727
九層塔,臺北市萬華區店家,臺北市萬華區長泰街297巷10號,合格,氟比來(Fluopicolide)0.03農藥多重殘留分析(373項)檢出細項普拔克(Propamocarbhydrochloride)0.17依普同(Iprodione)0.34撲滅寧(Procymidone)0.03二硫代胺基甲酸鹽類未檢出克福隆(Chlorfluazuron)0.03達滅芬(Dimethomorph)0.36,107,新北市,121.493039187739,25.020819839565
蘋果,蘋果,新北市新店區民權路96號,合格,二硫代胺基甲酸鹽類未檢出農藥多重殘留分析(373項)未檢出,107,新北市,121.536623994604,24.983152991619
陽光金圓頭,桃園市大園區店家,桃園市大園區大觀路269-5號,合格,農藥多重殘留分析(373項)未檢出二硫代胺基甲酸鹽類未檢出,107,新北市,121.18666126448,25.063686904061
紐西蘭富士蘋果,紐西,新北市土城區永安街25號,合格,滅芬諾(Methoxyfenozide)0.02剋安勃(Chlorantraniliprole)0.02二硫代胺基甲酸鹽類未檢出農藥多重殘留分析(373項)檢出細項,107,新北市,121.433359930802,24.964461439228
長糯白米,彰化縣福興鄉店家,彰化縣福興鄉外中街426號,合格,芬普尼(Fipronil)0.002二硫代胺基甲酸鹽類未檢出農藥多重殘留分析(373項)檢出細項,107,新北市,120.471659023534,24.02278101259
菜豆,臺北市士林區店家,臺北市士林區華齡街175號2樓,合格,亞托敏(Azoxystrobin)0.02農藥多重殘留分析(373項)檢出細項二硫代胺基甲酸鹽類未檢出,107,新北市,121.519387951828,25.087059170514
紐西蘭爵士蘋果,紐西,臺北市士林區華齡街175號2樓,合格,二硫代胺基甲酸鹽類未檢出農藥多重殘留分析(373項)未檢出,107,新北市,121.519387951828,25.087059170514
有機菜豆,桃園市大溪區店家,桃園市大溪區康莊路5段246號,合格,二硫代胺基甲酸鹽類未檢出農藥多重殘留分析(373項)未檢出,107,新北市,121.258004524931,24.822310861387
原味去骨雞腿排(美國),新北市三重區店家,新北市三重區中正北路530巷18號,合格,禽畜產品中殘留農藥(123項)未檢出動物用藥多重殘留(48項)未檢出四環黴素類(7項)未檢出,108,新北市,121.472033886924,25.069475614032
喜琵鷥午仔魚,臺北市大同區店家,臺北市大同區承德路1段44號6樓,合格,孔雀綠(2項)未檢出氯黴素類抗生素(4項)未檢出,108,新北市,121.516950242928,25.051353981277
野生午仔魚,新北市中和區店家,新北市中和區中山路2段390號,合格,孔雀綠(2項)未檢出氯黴素類抗生素(4項)未檢出,108,新北市,121.4904542088,25.003705292476
美國棒棒腿-解凍肉,桃園市大園區店家,桃園市大園區田心里4鄰崁腳4-1號,合格,四環黴素類(7項)未檢出動物用藥多重殘留(48項)未檢出禽畜產品中殘留農藥(123項)未檢出,108,新北市,121.197167,25.056149
特級熟花生粉,特級,新北市新莊區新樹路 67巷8 號,合格,黃麴毒素B1未檢出黃麴毒素B2未檢出黃麴毒素G1未檢出黃麴毒素G2未檢出,110,新北市,121.439240083907,25.030117435701
花生粉,花生,新竹市北區吉羊路 43巷1弄4號,合格,,110,新北市,120.956189018188,24.824557995808
炒熟花生粉(調合粉),臺北市文山區店家,臺北市文山區萬芳路 19號,合格,,110,新北市,121.565821432306,24.998724514152
花生粉,花生,新北市泰山區泰林路2段292 巷3號,合格,,110,新北市,121.431142076086,25.06262662713
花生粉,花生,新北市樹林區水源街 64號,合格,黃麴毒素B1未檢出黃麴毒素B2未檢出黃麴毒素G1未檢出黃麴毒素G2未檢出,110,新北市,121.425524969318,24.980818002941
花生粉,花生,新北市新莊區瓊林南路18之 21號,合格,黃麴毒素B10.8黃麴毒素B20.1黃麴毒素G1未檢出黃麴毒素G2未檢出,110,新北市,121.436960678663,25.019582929493
花生粉,花生,新北市新莊區新樹路 67巷8 號,合格,黃麴毒素B1未檢出黃麴毒素B2未檢出黃麴毒素G1未檢出黃麴毒素G2未檢出,110,新北市,121.439240083907,25.030117435701
花生粉(粗),花生,桃園市桃園區林森路 66巷20 弄11號,合格,,110,新北市,121.321244496536,24.987753001036
腐竹(非基因改造),雲林縣西螺鎮店家,雲林縣西螺鎮新安里新社40-2 號,合格,己二烯酸未檢出苯甲酸未檢出去水醋酸未檢出過氧化氫未檢出水楊酸未檢出對羥苯甲酸未檢出皂黃(Metanil Yellow)未檢出二甲基黃(dimethylyellow)未檢出二乙基黃(diethylyellow)未檢出芥黃(Auramine)未檢出,110,新北市,120.4526385,23.7878024
中華黃金豆腐,屏東縣潮州鎮店家,屏東縣潮州鎮介壽路 486號,合格,,110,新北市,120.5364010113,22.544950983741
大漢非基改涼拌豆腐,大漢,桃園市大園區大觀路 548號,合格,,110,新北市,121.180793932258,25.064508288663
國產非基改黃豆使用-白玉豆干,台南市西港區店家,台南市西港區劉厝里63-9 號,合格,,110,新北市,120.180787,23.126582
素鹹魚,台南市東區店家,台南市東區崇明路 529號,合格,,110,新北市,120.22587999712,22.971710009953
燻鵝,台南市東區店家,台南市東區崇明路 529號,合格,己二烯酸未檢出苯甲酸未檢出去水醋酸未檢出過氧化氫未檢出水楊酸未檢出對羥苯甲酸未檢出皂黃(Metanil Yellow)未檢出二甲基黃(dimethylyellow)未檢出二乙基黃(diethylyellow)未檢出芥黃(Auramine)未檢出,110,新北市,120.22587999712,22.971710009953
素油雞,台南市東區店家,台南市東區崇明路 529號,合格,,110,新北市,120.22587999712,22.971710009953
香菇火腿,香菇,彰化縣大村鄉黃厝村山腳路47-10號,合格,,110,新北市,120.591025036104,23.988704008045
有機草本臭豆腐,南投縣南投市店家,南投縣南投市東山里東山路13-8號,合格,,110,新北市,120.715479031538,23.922626992652
有機手工豆腐,桃園市大溪區店家,桃園市大溪區興和里中央路123 號,合格,,110,新北市,121.28753671743,24.882116186051
板豆腐,新北市新莊區店家,新北市新莊區復興路 3段50號,合格,己二烯酸未檢出苯甲酸未檢出去水醋酸未檢出過氧化氫未檢出水楊酸未檢出對羥苯甲酸未檢出皂黃(Metanil Yellow)未檢出二甲基黃(dimethylyellow)未檢出二乙基黃(diethylyellow)未檢出芥黃(Auramine)未檢出,110,新北市,121.422092366223,24.993950571837
大漢優質油豆腐,大漢,桃園市大園區大觀路 548號,合格,,110,新北市,121.180793932258,25.064508288663
大漢雞蛋豆腐,大漢,桃園市大園區大觀路 548號,合格,,110,新北市,121.180793932258,25.064508288663
中華有機豆腐,屏東縣潮州鎮店家,屏東縣潮州鎮介壽路 468號,合格,,110,新北市,120.528687091503,22.528851419441
大溪名產串燒豆干,大溪,桃園市大溪區中華路 52巷47 號,合格,,110,新北市,121.293467338976,24.883212685431
大溪傳統板豆腐,大溪,桃園市大園區大觀路 548號,合格,己二烯酸未檢出苯甲酸未檢出去水醋酸未檢出過氧化氫未檢出水楊酸未檢出對羥苯甲酸未檢出皂黃(Metanil Yellow)未檢出二甲基黃(dimethylyellow)未檢出二乙基黃(diethylyellow)未檢出芥黃(Auramine)未檢出,110,新北市,121.180793932258,25.064508288663
豆皮捲,豆皮,雲林縣莿桐鄉甘西中村 3之2 號,合格,,110,新北市,120.483068,23.759798
原味豆干,新北市新莊區店家,新北市新莊區復興路三段50號,合格,,110,新北市,121.461764965887,25.044438994976
中華雞蛋豆腐,高雄市大樹區店家,高雄市大樹區龍目路110-6號,合格,,110,新北市,120.416563013762,22.684951020724
中華超嫩豆腐,高雄市大樹區店家,高雄市大樹區龍目路110-6號,合格,,110,新北市,120.416563013762,22.684951020724
春豐大黑干,雲林縣元長鄉店家,雲林縣元長鄉西莊村西庄109之86號,合格,己二烯酸未檢出苯甲酸未檢出去水醋酸未檢出過氧化氫未檢出水楊酸未檢出對羥苯甲酸未檢出皂黃(Metanil Yellow)未檢出二甲基黃(dimethylyellow)未檢出二乙基黃(diethylyellow)未檢出芥黃(Auramine)未檢出,110,新北市,120.32823372185,23.687870229458
豆包,雲林縣西螺鎮店家,雲林縣西螺鎮福田里新厝4-10 號,合格,,110,新北市,120.438883,23.750317
玫瑰油雞(蛋奶素),新北市新莊區店家,新北市新莊區復興路 3段54號,合格,,110,新北市,121.422064535478,24.993910302995
春豐五香豆干,雲林縣元長鄉店家,雲林縣元長鄉西莊村西庄109之86號,合格,,110,新北市,120.32823372185,23.687870229458
春豐豆干,雲林縣元長鄉店家,雲林縣元長鄉西莊村西庄109之86號,合格,,110,新北市,120.32823372185,23.687870229458
義美家常豆腐,義美,桃園市蘆竹區南工路 1段11號,合格,己二烯酸未檢出苯甲酸未檢出去水醋酸未檢出過氧化氫未檢出水楊酸未檢出對羥苯甲酸未檢出皂黃(Metanil Yellow)未檢出二甲基黃(dimethylyellow)未檢出二乙基黃(diethylyellow)未檢出芥黃(Auramine)未檢出,110,新北市,121.268963004122,25.054802002876
中華滷味百頁豆腐,高雄市大樹區店家,高雄市大樹區龍目路110-6號,合格,,110,新北市,120.416563013762,22.684951020724
中華板豆腐,屏東縣潮州鎮店家,屏東縣潮州鎮介壽路 468號,合格,,110,新北市,120.528687091503,22.528851419441
古味滷香豆干,彰化縣田尾鄉店家,彰化縣田尾鄉饒平村光復路2 段698號,合格,,110,新北市,120.465563665898,23.923773596401
板豆腐,新北市樹林區店家,新北市樹林區後英街 100巷之 3號,合格,,110,新北市,121.424658,24.989851
潤餅皮(薄米紙),潤餅皮,桃園市桃園區龍鳳三街65巷 37號,合格,己二烯酸未檢出苯甲酸未檢出去水醋酸未檢出二氧化硫未檢出,110,新北市,121.280012028888,24.986249979113
潤餅皮(春捲皮),潤餅皮,臺北市大安區四維路 198巷47 號,合格,,110,新北市,121.545541417573,25.027413463698
黃薄餅,臺北市松山區店家,臺北市松山區重慶北路 3段338 號7樓,合格,,110,新北市,121.5768018,25.0497252
薄餅,薄餅,臺北市大安區和平東路 3段63 號8樓,合格,,110,新北市,121.5345625,25.0264562
DUY ANHVDD021 薄餅皮(紅包裝),桃園市八德區店家,桃園市八德區建國路 366號,合格,,110,新北市,121.288359985355,24.93953298076
DUY ANHVDD022 薄餅皮(藍包裝),桃園市八德區店家,桃園市八德區建國路 366號,合格,己二烯酸未檢出苯甲酸未檢出去水醋酸未檢出二氧化硫未檢出,110,新北市,121.288359985355,24.93953298076
春捲皮,臺北市萬華區店家,臺北市萬華區西園路 2段302巷36弄35號,合格,,110,新北市,121.4998912,25.0348867
潤餅皮,潤餅皮,臺北市萬華區信義街 89號,合格,,110,新北市,121.4998912,25.0348867
薄餅,薄餅,臺北市松山區重慶北路 3段338 號,合格,,110,新北市,121.5768018,25.0497252
潤餅皮,潤餅皮,新北市三重區大智街 73號,合格,,110,新北市,121.492335024053,25.068501008241
潤餅皮,潤餅皮,新北市中和區景平路 159巷54 號,合格,己二烯酸未檢出苯甲酸未檢出去水醋酸未檢出二氧化硫未檢出,110,新北市,121.512856263353,24.991180627985
春捲皮,新北市泰山區店家,新北市泰山區明志路 2段255巷3弄5號1 樓,合格,,110,新北市,121.431372,25.0593538
潤餅皮,潤餅皮,新北市蘆洲區光華路 169號,合格,,110,新北市,121.465012031358,25.081906018351
潤餅皮,潤餅皮,新北市汐止區水源路 190巷7 號,合格,,110,新北市,121.6587593,25.0637969
薄餅,薄餅,臺北市大安區和平東路 3段63 號8樓,合格,,110,新北市,121.5345625,25.0264562
薄餅,薄餅,臺北市大同區重慶北路 3段338 號7樓,合格,己二烯酸未檢出苯甲酸未檢出去水醋酸未檢出二氧化硫未檢出,110,新北市,121.5153661,25.0660564
春捲皮,新北市新莊區店家,新北市新莊區五權一路 5號3 樓之7,合格,,110,新北市,121.457654312932,25.066275780586
春捲皮,新北市板橋區店家,新北市板橋區中興路 99號,合格,,110,新北市,121.455161702565,25.006862713493
潤餅皮,潤餅皮,基隆市七堵區百五街 14號5 樓,合格,,110,新北市,121.695687622622,25.083610394543
潤餅皮,潤餅皮,新北市新莊區四維路 153號,合格,,110,新北市,121.422701022319,25.021989995158
沙茶腱花,彰化縣大村鄉店家,彰化縣大村鄉黃厝村山腳路47-10號,合格,動物性成分(動物類)陰性動物性成分(哺乳類及家禽類)陰性動物性成分(魚類)陰性,110,新北市,120.591025036104,23.988704008045
素嫩肉片,新北市蘆洲區店家,新北市蘆洲區民族路 422巷82 弄23號之 1,合格,,110,新北市,121.473499901047,25.093858705787
香菇素肉,香菇,台中市東區振興路 375巷4 號,合格,,110,新北市,120.702670433326,24.131704971791
鮮味筍湯,彰化縣花壇鄉店家,彰化縣花壇鄉花橋街 180號,合格,,110,新北市,120.546446973712,24.024552988831
豆皮素香捲(純素),豆皮,高雄市大寮區大寮路 686巷28 弄11號,合格,,110,新北市,120.41471125122,22.591495233684
青苑洋芹,彰化縣芳苑鄉店家,彰化縣芳苑鄉三成村上城路3-6號,合格,二硫代胺基甲酸鹽類農藥多重殘留分析(380項),110,新北市,120.336166983627,23.88934698137
溫室小黃瓜,雲林縣西螺鎮店家,雲林縣西螺鎮興農路 316號,合格,,110,新北市,120.520694034847,23.72317751743
胡蘿蔔,雲林縣東勢鄉店家,雲林縣東勢鄉東勢西路392 巷77號,合格,,110,新北市,120.251113968087,23.684529016579
履歷紅蘿蔔,履歷,雲林縣西螺鎮安定里 202之5 號,合格,,110,新北市,120.465427,23.79766
茂谷柑,台中市石岡區店家,台中市石岡區明德路68-10號,合格,,110,新北市,120.778913023313,24.27423500655
珍愛棗子,高雄市阿蓮區店家,高雄市阿蓮區忠孝路 201巷124 號,合格,二硫代胺基甲酸鹽類農藥多重殘留分析(380項),110,新北市,120.328433811106,22.87621489444
甘藍(高麗菜),臺北市中山區店家,臺北市中山區民族東路336 號,合格,,110,新北市,121.537341234059,25.067923369383
方便煮-綠豆芽,雲林縣西螺鎮店家,雲林縣西螺鎮新安里振安路 98號,合格,,110,新北市,120.458685262342,23.78791178753
番茄-履歷玉女番茄,高雄市六龜區店家,高雄市六龜區新威呈新威126 之1號,合格,,110,新北市,120.628953,22.900539
鳳梨,鳳梨,屏東縣萬巒鄉萬全村褒忠路 2號,合格,,110,新北市,120.585461966966,22.571283989852
有機小黃瓜,新竹縣新埔鎮店家,新竹縣新埔鎮鹿鳴里 5鄰黃梨園40-1號,合格,二硫代胺基甲酸鹽類農藥多重殘留分析(380項),110,新北市,121.139983,24.851195
蒜頭,南投縣埔里鎮店家,南投縣埔里鎮民族路 75號,合格,,110,新北市,120.976070976339,23.968049992792
有機胡蘿蔔,臺北市大同區店家,臺北市大同區承德路 1段44號6F,合格,,110,新北市,121.5153661,25.0660564
有機高麗菜,桃園市大溪區店家,桃園市大溪區康莊路 5段 246號,合格,,110,新北市,121.289165905346,24.884400300162
番茄-籃地帥哥番茄,台南市後壁區店家,台南市後壁區嘉苳里124 之10號,合格,,110,新北市,120.3619708,23.3659975
芭樂,芭樂,新北市泰山區全興路235-1號,合格,,110,新北市,121.435443359164,25.053906019336
名水美人豆芽菜,臺北市南港區店家,臺北市南港區忠孝東路 6段269 巷1弄9 號4樓,合格,,110,新北市,121.6068286,25.0546698
有機香菜,桃園市八德區店家,桃園市八德區茄苳里 27鄰泰豐街35號,合格,,110,新北市,121.276611993684,24.970607000855
香菜,新北市三重區店家,新北市三重區中正北路111 號,合格,,110,新北市,121.486867534792,25.064516123441
手工年糕-原味,桃園市楊梅區店家,桃園市楊梅區環東路432號2樓,合格,己二烯酸苯甲酸去水醋酸硼酸及其鹽類食品中著色劑(8項),110,新北市,121.157458965274,24.909506991929
綠豆灣糕 3入(全素),綠豆,新北市淡水區奎柔山路256 號,合格,,110,新北市,121.456399961122,25.20508801807
檸檬糕,檸檬,新北市新莊區碧江街 98號,合格,,110,新北市,121.450469429349,25.032642304447
綠豆口味綠豆糕,綠豆,新北市三重區中正北路331 巷10弄 1號,合格,,110,新北市,121.473446568467,25.07160651466
發粿,新北市蘆洲區店家,新北市蘆洲區盛興路410 巷11號 651攤位,合格,,110,新北市,121.4737323,25.0846694
發糕,新北市樹林區店家,新北市樹林區博愛街141號1樓,合格,己二烯酸苯甲酸去水醋酸硼酸及其鹽類食品中著色劑(8項),110,新北市,121.425808026188,24.990356985941
蘿蔔糕,蘿蔔,新北市樹林區佳園路 3段 7號,合格,,110,新北市,121.424658,24.989851
綠豆糕,綠豆,新北市中和區捷運路120 號,合格,,110,新北市,121.505139779388,24.991265670619
港式蘿蔔糕(17 片),港式,新北市汐止區福德二路359巷5號,合格,,110,新北市,121.624040036287,25.063490013156
達人上菜港式蘿蔔糕,新北市三重區店家,新北市三重區光復路 1段 109-2號,合格,,110,新北市,121.462139972235,25.084200815803
晶晶果凍條(綜合口味),晶晶,台中市南屯區工業區18路8號,合格,去水醋酸未檢出己二烯酸未檢出苯甲酸未檢出環己基(代)磺醯胺酸(cyclamate)未檢出糖精(Saccharin)未檢出甘精(dulcin)未檢出醋磺內酯鉀(Acesulfamepotassium)未檢出,108,新北市,120.610568113909,24.159565080963
義美椰果蒟蒻果凍(荔枝),義美,桃園市蘆竹區南工路1段8號,合格,環己基(代)磺醯胺酸(cyclamate)未檢出醋磺內酯鉀(Acesulfamepotassium)未檢出甘精(dulcin)未檢出去水醋酸未檢出糖精(Saccharin)未檢出己二烯酸未檢出苯甲酸未檢出,108,新北市,121.278294996022,25.058459907332
乖壯QQ水果軟糖經濟包,桃園市中壢區店家,桃園市中壢區東園路48號,合格,苯甲酸未檢出環己基(代)磺醯胺酸(cyclamate)未檢出甘精(dulcin)未檢出己二烯酸未檢出醋磺內酯鉀(Acesulfamepotassium)未檢出去水醋酸未檢出糖精(Saccharin)未檢出,108,新北市,121.24033000378,24.981492997604
大滿足果凍蜜柑,大滿足,臺北市信義區忠孝東路4段560號7樓,合格,去水醋酸未檢出糖精(Saccharin)未檢出己二烯酸未檢出苯甲酸未檢出醋磺內酯鉀(Acesulfamepotassium)未檢出環己基(代)磺醯胺酸(cyclamate)未檢出甘精(dulcin)未檢出,108,新北市,121.563890996186,25.040984016397
道地的偉特焦糖夾心鮮奶油糖,臺北市中山區店家,臺北市中山區南京東路3段70號4樓,合格,環己基(代)磺醯胺酸(cyclamate)未檢出甘精(dulcin)未檢出己二烯酸未檢出苯甲酸未檢出醋磺內酯鉀(Acesulfamepotassium)未檢出去水醋酸未檢出糖精(Saccharin)未檢出,108,新北市,121.538889958309,25.051752415044
哆啦A夢果味果凍(綜合口味),台中市梧棲區店家,台中市梧棲區自立一街178號,合格,環己基(代)磺醯胺酸(cyclamate)未檢出醋磺內酯鉀(Acesulfamepotassium)未檢出甘精(dulcin)未檢出己二烯酸未檢出苯甲酸未檢出去水醋酸未檢出糖精(Saccharin)未檢出,108,新北市,120.529647041359,24.23820799414
晶晶纖維水果風味凍,晶晶,台中市南屯區工業區18路8號,合格,環己基(代)磺醯胺酸(cyclamate)未檢出醋磺內酯鉀(Acesulfamepotassium)未檢出甘精(dulcin)未檢出己二烯酸未檢出苯甲酸未檢出去水醋酸未檢出糖精(Saccharin)未檢出,108,新北市,120.610568113909,24.159565080963
迷你曼陀珠袋裝什錦水果口味,臺北市大安區店家,臺北市大安區仁愛路3段136號5樓,合格,苯甲酸未檢出環己基(代)磺醯胺酸(cyclamate)未檢出甘精(dulcin)未檢出醋磺內酯鉀(Acesulfamepotassium)未檢出去水醋酸未檢出糖精(Saccharin)未檢出己二烯酸未檢出,108,新北市,121.541419868144,25.037512106373
特濃牛乳片,臺北市松山區店家,臺北市松山區八德路4段245巷13弄10號1樓,合格,環己基(代)磺醯胺酸(cyclamate)未檢出甘精(dulcin)未檢出己二烯酸未檢出苯甲酸未檢出去水醋酸未檢出糖精(Saccharin)未檢出醋磺內酯鉀(Acesulfamepotassium)未檢出,108,新北市,121.565108048527,25.049299786356
龜苓膏風味軟糖,新北市板橋區店家,新北市板橋區中正路338-1號,合格,己二烯酸未檢出苯甲酸未檢出去水醋酸未檢出糖精(Saccharin)未檢出醋磺內酯鉀(Acesulfamepotassium)未檢出環己基(代)磺醯胺酸(cyclamate)未檢出甘精(dulcin)未檢出,108,新北市,121.455149967901,25.022752999804
水果熊軟糖,水果,嘉義縣大林鎮明和里2鄰甘蔗崙路88之10號1樓,合格,環己基(代)磺醯胺酸(cyclamate)未檢出甘精(dulcin)未檢出去水醋酸未檢出糖精(Saccharin)未檢出己二烯酸未檢出苯甲酸未檢出醋磺內酯鉀(Acesulfamepotassium)未檢出,108,新北市,120.4711998,23.6038602
嗶嗶果凍(水果風味),彰化縣埔心鄉店家,彰化縣埔心鄉經口村經口路61號,合格,苯甲酸未檢出己二烯酸未檢出去水醋酸未檢出糖精(Saccharin)未檢出環己基(代)磺醯胺酸(cyclamate)未檢出甘精(dulcin)未檢出醋磺內酯鉀(Acesulfamepotassium)未檢出,108,新北市,120.555769996976,23.946255996798
蒟蒻椰果(綜合口味),台中市梧棲區店家,台中市梧棲區自立一街178號,合格,己二烯酸未檢出苯甲酸未檢出去水醋酸未檢出糖精(Saccharin)未檢出醋磺內酯鉀(Acesulfamepotassium)未檢出環己基(代)磺醯胺酸(cyclamate)未檢出甘精(dulcin)未檢出,108,新北市,120.529647041359,24.23820799414
綜合蒟蒻果凍,綜合,高雄市湖內區民生路249號,合格,去水醋酸未檢出糖精(Saccharin)未檢出醋磺內酯鉀(Acesulfamepotassium)未檢出苯甲酸未檢出環己基(代)磺醯胺酸(cyclamate)未檢出甘精(dulcin)未檢出己二烯酸未檢出,108,新北市,120.391252625413,22.657791303472
Dr. Q荔枝蒟蒻,台中市梧棲區店家,台中市梧棲區強一街178號,合格,去水醋酸未檢出苯甲酸未檢出醋磺內酯鉀(Acesulfamepotassium)未檢出環己基(代)磺醯胺酸(cyclamate)未檢出甘精(dulcin)未檢出糖精(Saccharin)未檢出己二烯酸未檢出,108,新北市,120.5316194,24.2550067
義美古早味傳統豆奶(無加糖),義美,臺北市大安區信義路2段88號10樓,合格,醋磺內酯鉀(Acesulfamepotassium)未檢出環己基(代)磺醯胺酸(cyclamate)未檢出甘精(dulcin)未檢出去水醋酸未檢出己二烯酸未檢出苯甲酸未檢出糖精(Saccharin)未檢出,108,新北市,121.526880618896,25.033967860525
正康純豆奶,桃園市新屋區店家,桃園市新屋區清華里8鄰12號,合格,己二烯酸未檢出苯甲酸未檢出去水醋酸未檢出糖精(Saccharin)未檢出醋磺內酯鉀(Acesulfamepotassium)未檢出環己基(代)磺醯胺酸(cyclamate)未檢出甘精(dulcin)未檢出,108,新北市,121.1054648,24.9724852
光泉低糖鮮豆漿,光泉,桃園市大園區大觀路1249號,合格,去水醋酸未檢出甘精(dulcin)未檢出醋磺內酯鉀(Acesulfamepotassium)未檢出糖精(Saccharin)未檢出己二烯酸未檢出苯甲酸未檢出環己基(代)磺醯胺酸(cyclamate)未檢出,108,新北市,121.160402019117,25.05525097952
大醇豆豆漿,雲林縣斗六市店家,雲林縣斗六市長林路11號,合格,環己基(代)磺醯胺酸(cyclamate)未檢出甘精(dulcin)未檢出糖精(Saccharin)未檢出己二烯酸未檢出苯甲酸未檢出醋磺內酯鉀(Acesulfamepotassium)未檢出去水醋酸未檢出,108,新北市,120.507179103543,23.695167829034
金蜜蜂醇濃豆漿,彰化縣北斗鎮店家,彰化縣北斗鎮四海路1段60號,合格,醋磺內酯鉀(Acesulfamepotassium)未檢出環己基(代)磺醯胺酸(cyclamate)未檢出甘精(dulcin)未檢出去水醋酸未檢出糖精(Saccharin)未檢出苯甲酸未檢出己二烯酸未檢出,108,新北市,120.552150020633,23.866581983802
金蜜蜂黑豆漿,彰化縣北斗鎮店家,彰化縣北斗鎮四海路1段60號,合格,甘精(dulcin)未檢出己二烯酸未檢出苯甲酸未檢出去水醋酸未檢出糖精(Saccharin)未檢出醋磺內酯鉀(Acesulfamepotassium)未檢出環己基(代)磺醯胺酸(cyclamate)未檢出,108,新北市,120.552150020633,23.866581983802
統一陽光黃金豆豆漿,統一,台南市永康區中正路301號,合格,己二烯酸未檢出苯甲酸未檢出環己基(代)磺醯胺酸(cyclamate)未檢出甘精(dulcin)未檢出醋磺內酯鉀(Acesulfamepotassium)未檢出糖精(Saccharin)未檢出去水醋酸未檢出,108,新北市,120.244271988163,23.033431998004
大醇豆無加糖豆漿,雲林縣斗六市店家,雲林縣斗六市長林路11號,合格,己二烯酸未檢出苯甲酸未檢出糖精(Saccharin)未檢出環己基(代)磺醯胺酸(cyclamate)未檢出去水醋酸未檢出甘精(dulcin)未檢出醋磺內酯鉀(Acesulfamepotassium)未檢出,108,新北市,120.507179103543,23.695167829034
無加糖濃豆漿,嘉義縣民雄鄉店家,嘉義縣民雄鄉工業區成功街1號,合格,甘精(dulcin)未檢出環己基(代)磺醯胺酸(cyclamate)未檢出醋磺內酯鉀(Acesulfamepotassium)未檢出己二烯酸未檢出苯甲酸未檢出去水醋酸未檢出糖精(Saccharin)未檢出,108,新北市,120.452282577964,23.520387296342
光泉鮮豆漿,光泉,嘉義縣民雄鄉工業區成功街1號,合格,環己基(代)磺醯胺酸(cyclamate)未檢出甘精(dulcin)未檢出醋磺內酯鉀(Acesulfamepotassium)未檢出糖精(Saccharin)未檢出去水醋酸未檢出己二烯酸未檢出苯甲酸未檢出,108,新北市,120.452282577964,23.520387296342
Philips Avent矽膠安撫奶嘴-粉彩系列,臺北市南港區店家,臺北市南港區園區街3-1號14樓,合格,溶出試驗-塑化劑鄰苯二甲酸丁基苯甲酯(BBP)(正庚烷；25℃，1小時)未檢出溶出試驗-塑化劑鄰苯二甲酸二異壬酯(DINP)(正庚烷；25℃，1小時)未檢出溶出試驗-重金屬(比色法)(95℃，30分鐘)未檢出溶出試驗-塑化劑鄰苯二甲酸二(2-乙基己基)酯(DEHP)(正庚烷；25℃，1小時)未檢出溶出試驗-塑化劑鄰苯二甲酸二異癸酯(DIDP)(正庚烷；25℃，1小時)未檢出溶出試驗-塑化劑己二酸二(2-乙基己基)酯(DEHA)(正庚烷；25℃，1小時)未檢出溶出試驗-塑化劑鄰苯二甲酸二丁酯(DBP)(正庚烷；25℃，1小時)未檢出,108,新北市,121.61183891893,25.057764838011
超柔防脹氣寬口十字奶嘴L,台中市沙鹿區店家,台中市沙鹿區六路里六路14街64號1樓,合格,溶出試驗-塑化劑鄰苯二甲酸二丁酯(DBP)(正庚烷；25℃，1小時)未檢出溶出試驗-塑化劑鄰苯二甲酸二異癸酯(DIDP)(正庚烷；25℃，1小時)未檢出溶出試驗-塑化劑己二酸二(2-乙基己基)酯(DEHA)(正庚烷；25℃，1小時)未檢出溶出試驗-塑化劑鄰苯二甲酸二(2-乙基己基)酯(DEHP)(正庚烷；25℃，1小時)未檢出溶出試驗-塑化劑鄰苯二甲酸丁基苯甲酯(BBP)(正庚烷；25℃，1小時)未檢出溶出試驗-重金屬(比色法)(95℃，30分鐘)未檢出溶出試驗-塑化劑鄰苯二甲酸二異壬酯(DINP)(正庚烷；25℃，1小時)未檢出,108,新北市,120.574852070108,24.214197110484
經典型標準口徑奶嘴-1入,經典,新北市中和區建康路172號9樓,合格,溶出試驗-塑化劑鄰苯二甲酸二丁酯(DBP)(正庚烷；25℃，1小時)未檢出溶出試驗-塑化劑鄰苯二甲酸丁基苯甲酯(BBP)(正庚烷；25℃，1小時)未檢出溶出試驗-重金屬(比色法)(95℃，30分鐘)未檢出溶出試驗-塑化劑鄰苯二甲酸二(2-乙基己基)酯(DEHP)(正庚烷；25℃，1小時)未檢出溶出試驗-塑化劑鄰苯二甲酸二異癸酯(DIDP)(正庚烷；25℃，1小時)未檢出溶出試驗-塑化劑己二酸二(2-乙基己基)酯(DEHA)(正庚烷；25℃，1小時)未檢出溶出試驗-塑化劑鄰苯二甲酸二異壬酯(DINP)(正庚烷；25℃，1小時)未檢出,108,新北市,121.49080826039,25.000000994187
經典標準口徑PPSU奶瓶-150,經典,新北市中和區建康路172號9樓,合格,溶出試驗-塑化劑鄰苯二甲酸丁基苯甲酯(BBP)(正庚烷；25℃，1小時)未檢出溶出試驗-塑化劑鄰苯二甲酸二異壬酯(DINP)(正庚烷；25℃，1小時)未檢出溶出試驗-塑化劑鄰苯二甲酸二丁酯(DBP)(正庚烷；25℃，1小時)未檢出溶出試驗-塑化劑鄰苯二甲酸二(2-乙基己基)酯(DEHP)(正庚烷；25℃，1小時)未檢出雙酚A未檢出溶出試驗-塑化劑鄰苯二甲酸二異癸酯(DIDP)(正庚烷；25℃，1小時)未檢出溶出試驗-塑化劑己二酸二(2-乙基己基)酯(DEHA)(正庚烷；25℃，1小時)未檢出溶出試驗-重金屬(比色法)(60℃，30分鐘)未檢出,108,新北市,121.49080826039,25.000000994187
6M+仿乳型安撫奶嘴,臺北市內湖區店家,臺北市內湖區陽光街321巷60號,合格,溶出試驗-塑化劑鄰苯二甲酸二丁酯(DBP)(正庚烷；25℃，1小時)未檢出溶出試驗-塑化劑鄰苯二甲酸丁基苯甲酯(BBP)(正庚烷；25℃，1小時)未檢出溶出試驗-塑化劑鄰苯二甲酸二異壬酯(DINP)(正庚烷；25℃，1小時)未檢出溶出試驗-塑化劑鄰苯二甲酸二異癸酯(DIDP)(正庚烷；25℃，1小時)未檢出溶出試驗-塑化劑己二酸二(2-乙基己基)酯(DEHA)(正庚烷；25℃，1小時)未檢出溶出試驗-塑化劑鄰苯二甲酸二(2-乙基己基)酯(DEHP)(正庚烷；25℃，1小時)未檢出溶出試驗-重金屬(比色法)(95℃，30分鐘)未檢出,108,新北市,121.57710783257,25.071703440077
優生真母感PPSU奶瓶寬口徑160ml,新北市五股區店家,新北市五股區五權路30號,合格,溶出試驗-塑化劑鄰苯二甲酸二異癸酯(DIDP)(正庚烷；25℃，1小時)未檢出溶出試驗-塑化劑己二酸二(2-乙基己基)酯(DEHA)(正庚烷；25℃，1小時)未檢出溶出試驗-塑化劑鄰苯二甲酸二(2-乙基己基)酯(DEHP)(正庚烷；25℃，1小時)未檢出溶出試驗-塑化劑鄰苯二甲酸二異壬酯(DINP)(正庚烷；25℃，1小時)未檢出溶出試驗-重金屬(比色法)(60℃，30分鐘)未檢出雙酚A未檢出溶出試驗-塑化劑鄰苯二甲酸二丁酯(DBP)(正庚烷；25℃，1小時)未檢出溶出試驗-塑化劑鄰苯二甲酸丁基苯甲酯(BBP)(正庚烷；25℃，1小時)未檢出,108,新北市,121.450777967205,25.066912008946
美國布朗防脹氣寬口兩用PESU奶瓶,新北市蘆洲區店家,新北市蘆洲區中山二路176號,合格,雙酚A未檢出溶出試驗-塑化劑鄰苯二甲酸二丁酯(DBP)(正庚烷；25℃，1小時)未檢出溶出試驗-塑化劑鄰苯二甲酸丁基苯甲酯(BBP)(正庚烷；25℃，1小時)未檢出溶出試驗-塑化劑鄰苯二甲酸二異壬酯(DINP)(正庚烷；25℃，1小時)未檢出溶出試驗-塑化劑鄰苯二甲酸二(2-乙基己基)酯(DEHP)(正庚烷；25℃，1小時)未檢出溶出試驗-塑化劑鄰苯二甲酸二異癸酯(DIDP)(正庚烷；25℃，1小時)未檢出溶出試驗-重金屬-4%醋酸(60℃，30分鐘)未檢出溶出試驗-塑化劑己二酸二(2-乙基己基)酯(DEHA)(正庚烷；25℃，1小時)未檢出,108,新北市,121.470625978648,25.080741017629
(去舌苔專用)防脹氣奶嘴,高雄市三民區店家,高雄市三民區大昌二路87號,合格,溶出試驗-塑化劑鄰苯二甲酸二丁酯(DBP)(正庚烷；25℃，1小時)未檢出溶出試驗-塑化劑鄰苯二甲酸丁基苯甲酯(BBP)(正庚烷；25℃，1小時)未檢出溶出試驗-重金屬(比色法)(95℃，30分鐘)未檢出溶出試驗-塑化劑鄰苯二甲酸二(2-乙基己基)酯(DEHP)(正庚烷；25℃，1小時)未檢出溶出試驗-塑化劑鄰苯二甲酸二異癸酯(DIDP)(正庚烷；25℃，1小時)未檢出溶出試驗-塑化劑己二酸二(2-乙基己基)酯(DEHA)(正庚烷；25℃，1小時)未檢出溶出試驗-塑化劑鄰苯二甲酸二異壬酯(DINP)(正庚烷；25℃，1小時)未檢出,108,新北市,120.331963040089,22.640520982743
桃樂絲心願PPSU標準大奶瓶,台中市沙鹿區店家,台中市沙鹿區六路里六路十四街64號1樓,合格,溶出試驗-塑化劑己二酸二(2-乙基己基)酯(DEHA)(正庚烷；25℃，1小時)未檢出溶出試驗-塑化劑鄰苯二甲酸二(2-乙基己基)酯(DEHP)(正庚烷；25℃，1小時)未檢出雙酚A未檢出溶出試驗-塑化劑鄰苯二甲酸二異癸酯(DIDP)(正庚烷；25℃，1小時)未檢出溶出試驗-塑化劑鄰苯二甲酸二丁酯(DBP)(正庚烷；25℃，1小時)未檢出溶出試驗-重金屬(比色法)(60℃，30分鐘)未檢出溶出試驗-塑化劑鄰苯二甲酸丁基苯甲酯(BBP)(正庚烷；25℃，1小時)未檢出溶出試驗-塑化劑鄰苯二甲酸二異壬酯(DINP)(正庚烷；25℃，1小時)未檢出,108,新北市,120.574852070108,24.214197110484
植英房PPSU防脹葫蘆奶瓶,高雄市三民區店家,高雄市三民區大昌二路87號,合格,溶出試驗-塑化劑鄰苯二甲酸二丁酯(DBP)(正庚烷；25℃，1小時)未檢出溶出試驗-重金屬(比色法)(60℃，30分鐘)未檢出溶出試驗-塑化劑鄰苯二甲酸丁基苯甲酯(BBP)(正庚烷；25℃，1小時)未檢出溶出試驗-塑化劑鄰苯二甲酸二異壬酯(DINP)(正庚烷；25℃，1小時)未檢出溶出試驗-塑化劑鄰苯二甲酸二(2-乙基己基)酯(DEHP)(正庚烷；25℃，1小時)未檢出雙酚A未檢出溶出試驗-塑化劑鄰苯二甲酸二異癸酯(DIDP)(正庚烷；25℃，1小時)未檢出溶出試驗-塑化劑己二酸二(2-乙基己基)酯(DEHA)(正庚烷；25℃，1小時)未檢出,108,新北市,120.331963040089,22.640520982743
高級拉麵,高級,新北市樹林區東順街80-2號,合格,過氧化氫陰性二氧化硫未檢出苯甲酸未檢出己二烯酸未檢出去水醋酸未檢出,108,新北市,121.409879895584,24.977447220579
陽春麵,新北市板橋區店家,新北市板橋區金門街375號,合格,去水醋酸未檢出二氧化硫未檢出己二烯酸未檢出苯甲酸未檢出過氧化氫陰性,108,新北市,121.428302983487,24.984480014529
擔仔麵,新北市板橋區店家,新北市板橋區金門街375號,合格,苯甲酸未檢出己二烯酸未檢出過氧化氫陰性去水醋酸未檢出二氧化硫未檢出,108,新北市,121.428302983487,24.984480014529
刀削麵,高雄市鳳山區店家,高雄市鳳山區鎮北北巷21-30號,合格,己二烯酸未檢出過氧化氫陰性苯甲酸未檢出二氧化硫未檢出去水醋酸未檢出,108,新北市,120.370873175734,22.6446712821
鍋燒麵,臺北市士林區店家,臺北市士林區華齡街175號2樓,合格,去水醋酸未檢出過氧化氫陰性己二烯酸未檢出苯甲酸未檢出二氧化硫未檢出,108,新北市,121.519387951828,25.087059170514
黃金小麥急凍麵,黃金,桃園市中壢區中壢工業區吉林路16號1、2樓,合格,己二烯酸未檢出過氧化氫陰性苯甲酸未檢出二氧化硫未檢出去水醋酸未檢出,108,新北市,121.237056390969,24.981051226534
拉麵,新北市汐止區店家,新北市汐止區中正路41號,合格,去水醋酸未檢出己二烯酸未檢出苯甲酸未檢出過氧化氫陰性二氧化硫未檢出,108,新北市,121.662113993271,25.070083008646
南僑讚岐烏龍麵,桃園市中壢區店家,桃園市中壢區中壢工業區吉林路16號1.2樓,合格,二氧化硫未檢出己二烯酸未檢出苯甲酸未檢出過氧化氫陰性去水醋酸未檢出,108,新北市,121.237056390969,24.981051226534
手打風烏龍麵,手打,新北市樹林區東順街80-2號,合格,苯甲酸未檢出己二烯酸未檢出過氧化氫陰性去水醋酸未檢出二氧化硫未檢出,108,新北市,121.409879895584,24.977447220579
油麵,新北市樹林區店家,新北市樹林區東順街80-2號,合格,二氧化硫未檢出去水醋酸未檢出己二烯酸未檢出苯甲酸未檢出過氧化氫陰性,108,新北市,121.409879895584,24.977447220579
火鍋麵,高雄市鳳山區店家,高雄市鳳山區鎮北北巷21之30號,合格,二氧化硫未檢出去水醋酸未檢出己二烯酸未檢出苯甲酸未檢出過氧化氫陰性,108,新北市,120.372391244778,22.642326353448
白細麵球,新北市淡水區店家,新北市淡水區中正東路2段27號18樓,合格,去水醋酸未檢出己二烯酸未檢出苯甲酸未檢出過氧化氫陰性二氧化硫未檢出,108,新北市,121.459452566439,25.156786420921
愛麵族日式拉麵,愛麵族,屏東縣內埔鄉北寧路2段88號,合格,己二烯酸未檢出苯甲酸未檢出過氧化氫陰性去水醋酸未檢出二氧化硫未檢出,108,新北市,120.568103967499,22.630019002887
生麵,新北市三重區店家,新北市三重區自強路4段10號1樓,合格,去水醋酸未檢出己二烯酸未檢出苯甲酸未檢出過氧化氫陰性二氧化硫未檢出,108,新北市,121.489982978203,25.078405987042
油麵,新北市三重區店家,新北市三重區自強路4段10號1樓,合格,去水醋酸未檢出二氧化硫未檢出己二烯酸未檢出苯甲酸未檢出過氧化氫陰性,108,新北市,121.489982978203,25.078405987042
甘泉麵,桃園市八德區店家,桃園市八德區福德一路237號,合格,二氧化硫未檢出己二烯酸未檢出苯甲酸未檢出過氧化氫陰性去水醋酸未檢出,108,新北市,121.327189990006,24.963909985946
拉麵,新北市中和區店家,新北市中和區民享街37號,合格,苯甲酸未檢出過氧化氫陰性去水醋酸未檢出二氧化硫未檢出己二烯酸未檢出,108,新北市,121.474073036329,25.003591005226
陽春麵,新北市中和區店家,新北市中和區民享街37號,合格,去水醋酸未檢出己二烯酸未檢出苯甲酸未檢出過氧化氫陰性二氧化硫未檢出,108,新北市,121.474073036329,25.003591005226
油麵,新北市淡水區店家,新北市淡水區中山路95巷11號,合格,己二烯酸未檢出苯甲酸未檢出過氧化氫陰性去水醋酸未檢出二氧化硫未檢出,108,新北市,121.442219960244,25.170329983891
手打宇龍麵,手打,新北市樹林區東順街80-2號,合格,己二烯酸未檢出去水醋酸未檢出苯甲酸未檢出過氧化氫陰性二氧化硫未檢出,108,新北市,121.409879895584,24.977447220579
烏龍麵/義大利麵,烏龍,新北市汐止區大安街52巷13號,合格,去水醋酸未檢出二氧化硫未檢出己二烯酸未檢出苯甲酸未檢出過氧化氫陰性,108,新北市,121.678350997008,25.073251996689
蔬菜麵,台南市新化區店家,台南市新化區全興里竹子腳200號,合格,去水醋酸未檢出己二烯酸未檢出苯甲酸未檢出過氧化氫陰性二氧化硫未檢出,108,新北市,120.292724,23.031553
白麵條(細),台南市新化區店家,台南市新化區全興里竹子腳200號,合格,己二烯酸未檢出過氧化氫陰性苯甲酸未檢出去水醋酸未檢出二氧化硫未檢出,108,新北市,120.292724,23.031553
油麵,新北市汐止區店家,新北市汐止區康寧街169巷23之1號1樓,合格,己二烯酸未檢出苯甲酸未檢出過氧化氫陰性去水醋酸未檢出二氧化硫未檢出,108,新北市,121.622717120509,25.068212293586
鐵板麵,鐵板麵,新北市新店區民權路108之3號B1樓,合格,去水醋酸未檢出二氧化硫未檢出己二烯酸未檢出苯甲酸未檢出過氧化氫陰性,108,新北市,121.535673905879,24.982978312756
油麵,新北市新店區店家,新北市新店區自立街60號,合格,己二烯酸未檢出苯甲酸未檢出過氧化氫陰性去水醋酸未檢出二氧化硫未檢出,108,新北市,121.537810033903,24.979390020007
白麵,新北市新店區店家,新北市新店區自立街60號,合格,己二烯酸未檢出苯甲酸未檢出過氧化氫陰性二氧化硫未檢出去水醋酸未檢出,108,新北市,121.537810033903,24.979390020007
黃油麵,新北市蘆洲區店家,新北市蘆洲區中央路30之2號,合格,去水醋酸未檢出二氧化硫未檢出苯甲酸未檢出己二烯酸未檢出過氧化氫陰性,108,新北市,121.473559980036,25.083026008253
白油麵,新北市蘆洲區店家,新北市蘆洲區中央路30之2號,合格,去水醋酸未檢出己二烯酸未檢出苯甲酸未檢出過氧化氫陰性二氧化硫未檢出,108,新北市,121.473559980036,25.083026008253
生中華麵,新北市新莊區店家,新北市新莊區五權一路3之6號1樓,合格,己二烯酸未檢出苯甲酸未檢出過氧化氫陰性去水醋酸未檢出二氧化硫未檢出,108,新北市,121.457392127,25.065592320201
營養鮮麵,新北市樹林區店家,新北市樹林區東順街80之2號,合格,去水醋酸未檢出二氧化硫未檢出己二烯酸未檢出苯甲酸未檢出過氧化氫陰性,108,新北市,121.409879895584,24.977447220579
沖繩意麵(生),新北市樹林區店家,新北市樹林區東順街80之2號,合格,二氧化硫未檢出去水醋酸未檢出苯甲酸未檢出己二烯酸未檢出過氧化氫陰性,108,新北市,121.409879895584,24.977447220579
陽春麵(粗),新北市中和區店家,新北市中和區錦和路37號,合格,去水醋酸未檢出己二烯酸未檢出過氧化氫陰性苯甲酸未檢出二氧化硫未檢出,108,新北市,121.486843033455,25.001767019276
熟烏龍麵,新北市中和區店家,新北市中和區錦和路37號,合格,己二烯酸未檢出苯甲酸未檢出過氧化氫陰性二氧化硫未檢出去水醋酸未檢出,108,新北市,121.486843033455,25.001767019276
油麵,臺北市萬華區店家,臺北市萬華區富民路145巷35弄1號,合格,己二烯酸未檢出苯甲酸未檢出過氧化氫陰性二氧化硫未檢出去水醋酸未檢出,108,新北市,121.501123281895,25.019066848335
白麵,新北市淡水區店家,新北市淡水區學府路51巷3弄15號,合格,二氧化硫未檢出去水醋酸未檢出苯甲酸未檢出己二烯酸未檢出過氧化氫陰性,108,新北市,121.447106023062,25.169238995374
巧福細麵,桃園市大園區店家,桃園市大園區工一路9號,合格,過氧化氫陰性去水醋酸未檢出二氧化硫未檢出苯甲酸未檢出己二烯酸未檢出,108,新北市,121.178006027442,25.065094016057
鐵板麵(油麵),鐵板麵,新北市中和區建六路67巷3號,合格,二氧化硫未檢出己二烯酸未檢出苯甲酸未檢出過氧化氫陰性去水醋酸未檢出,108,新北市,121.486669025145,25.002628008371
鐵板麵(義大利麵),鐵板麵,新北市中和區建六路67巷3號,合格,己二烯酸未檢出苯甲酸未檢出過氧化氫陰性去水醋酸未檢出二氧化硫未檢出,108,新北市,121.486669025145,25.002628008371
油麵,新北市淡水區店家,新北市淡水區中正路206號,合格,二氧化硫未檢出去水醋酸未檢出己二烯酸未檢出苯甲酸未檢出過氧化氫陰性,108,新北市,121.439716034308,25.17031099888
油麵,臺北市萬華區店家,臺北市萬華區環南綜合市場乙棟2樓,合格,去水醋酸未檢出二氧化硫未檢出己二烯酸未檢出苯甲酸未檢出過氧化氫陰性,108,新北市,121.4998912,25.0348867
陽春麵(烏),新北市林口區店家,新北市林口區中山路71之2號,合格,二氧化硫未檢出己二烯酸未檢出苯甲酸未檢出過氧化氫陰性去水醋酸未檢出,108,新北市,121.39238454222,25.078503685239
拉麵,新北市新店區店家,新北市新店區中華路47巷2弄7號,合格,去水醋酸未檢出二氧化硫未檢出己二烯酸未檢出苯甲酸未檢出過氧化氫陰性,108,新北市,121.539412989067,24.967805014443
拉麵,新北市泰山區店家,新北市泰山區全興路212號2樓,合格,過氧化氫陰性去水醋酸未檢出己二烯酸未檢出苯甲酸未檢出二氧化硫未檢出,108,新北市,121.433653403741,25.056130618349
拉麵,新北市板橋區店家,新北市板橋區中興路47號1樓,合格,去水醋酸未檢出過氧化氫陰性二氧化硫未檢出己二烯酸未檢出苯甲酸未檢出,108,新北市,121.455477532677,25.007204485595
陽春麵,新北市板橋區店家,新北市板橋區中興路47號1樓,合格,二氧化硫未檢出去水醋酸未檢出己二烯酸未檢出苯甲酸未檢出過氧化氫陰性,108,新北市,121.455477532677,25.007204485595
超麵,新北市樹林區店家,新北市樹林區東順街80芝2號,合格,苯甲酸未檢出過氧化氫陰性去水醋酸未檢出己二烯酸未檢出二氧化硫未檢出,108,新北市,121.409879895584,24.977447220579
白油麵,臺北市萬華區店家,臺北市萬華區富民路155巷25號1樓,合格,去水醋酸未檢出二氧化硫未檢出己二烯酸未檢出苯甲酸未檢出過氧化氫陰性,108,新北市,121.500731260283,25.018277734061
烏龍麵,烏龍,臺北市萬華區富民路155巷25號1樓,合格,去水醋酸未檢出二氧化硫未檢出己二烯酸未檢出苯甲酸未檢出過氧化氫陰性,108,新北市,121.500731260283,25.018277734061
細滑花生醬,臺北市松山區店家,臺北市松山區一壽街20巷7號1樓,合格,黃麴毒素B12.2黃麴毒素B20.3黃麴毒素G1未檢出黃麴毒素G2未檢出,107,新北市,121.555832299197,24.979698935049
亞麻米香(花生糖),台中市沙鹿區店家,台中市沙鹿區鎮南路1段319號,合格,黃麴毒素G1未檢出黃麴毒素G2未檢出黃麴毒素B1未檢出黃麴毒素B2未檢出,107,新北市,120.571660828112,24.213197107526
梨山顆粒花生醬,桃園縣龍潭鄉店家,桃園縣龍潭鄉中豐路268.268-2號,合格,黃麴毒素G1未檢出黃麴毒素G2未檢出黃麴毒素B1未檢出黃麴毒素B2未檢出,107,新北市,121.216270046574,24.940831593663
花生醬,花生,桃園縣桃園市龍潭區烏樹林里中豐路268、268-2號,合格,黃麴毒素G1未檢出黃麴毒素G2未檢出黃麴毒素B1未檢出黃麴毒素B2未檢出,107,新北市,121.213009022741,24.877465993575
手工花生糖,新北市三重區店家,新北市三重區光復路2段16號,合格,黃麴毒素B20.1黃麴毒素B10.7黃麴毒素G1未檢出黃麴毒素G2未檢出,107,新北市,121.471943697646,25.053966117582
花生粉,花生,臺北市萬華區和平西路3段77號,合格,黃麴毒素B1未檢出黃麴毒素B2未檢出黃麴毒素G1未檢出黃麴毒素G2未檢出,107,新北市,121.501925837206,25.03531507558
大仁(花生),桃園縣龜山鄉店家,桃園縣龜山鄉萬壽路642巷99號,合格,黃麴毒素B1未檢出黃麴毒素B2未檢出黃麴毒素G2未檢出黃麴毒素G1未檢出,107,新北市,141.36772054,38.92855784
油炸花生,新北市新莊區店家,新北市新莊區化城路403巷47號,合格,黃麴毒素G1未檢出黃麴毒素G2未檢出黃麴毒素B1未檢出黃麴毒素B2未檢出,107,新北市,121.450502,25.0358987
梨山細滑花生醬,桃園縣龍潭鄉店家,桃園縣龍潭鄉烏樹里中豐路268.268-2號,合格,黃麴毒素B1未檢出黃麴毒素B2未檢出黃麴毒素G2未檢出黃麴毒素G1未檢出,107,新北市,121.216270046574,24.940831593663
Skippy吉比顆粒花生醬,臺北市內湖區店家,臺北市內湖區堤頂大道2段407巷22號10F,合格,黃麴毒素G1未檢出黃麴毒素G2未檢出黃麴毒素B1未檢出黃麴毒素B2未檢出,107,新北市,121.563619841618,25.081015776415
蒜味花生,蒜味,新北市土城區永豐路195巷23號,合格,黃麴毒素B1未檢出黃麴毒素B2未檢出黃麴毒素G1未檢出黃麴毒素G2未檢出,107,新北市,121.474121986643,24.979582007499
花生粉,花生,宜蘭縣礁溪鄉玉石路44-2號,合格,黃麴毒素G1未檢出黃麴毒素G2未檢出黃麴毒素B1未檢出黃麴毒素B2未檢出,107,新北市,121.783476994272,24.827554987198
清境竹炭水,高雄市仁武區店家,高雄市仁武區竹後里竹工三巷33-7號,合格,銅未檢出鎘未檢出砷未檢出鉛未檢出汞未檢出鋅未檢出,107,新北市,120.331305982699,22.713706983586
湧泉竹炭水,苗栗縣銅鑼鄉店家,苗栗縣銅鑼鄉民享路3號,合格,砷未檢出銅未檢出鎘未檢出鉛未檢出鋅未檢出汞未檢出,107,新北市,120.791743034866,24.472970014658
統一H2O純水,統一,南投縣埔里鎮榮光路63號,合格,鎘未檢出砷未檢出鉛未檢出鋅未檢出銅未檢出汞未檢出,107,新北市,121.007073121614,23.970429615104
統一PH9.0鹼性離子水,統一,新北市瑞芳區濱二路27-3號,合格,汞未檢出鋅未檢出鉛未檢出砷0.004銅未檢出鎘未檢出,107,新北市,121.838146281353,25.113687219617
味丹多喝水,味丹多喝,南投縣埔里鎮牛眠里內埔路1-1號,合格,汞未檢出鋅未檢出銅未檢出鎘未檢出砷未檢出鉛未檢出,107,新北市,121.006186064801,23.983490380451
台?海洋鹼性離子水,苗栗縣通霄鎮店家,苗栗縣通霄鎮122號,合格,銅未檢出汞未檢出鉛未檢出鋅未檢出鎘未檢出砷未檢出,107,新北市,120.6841444,24.4913141
超值純水(包裝飲用水),高雄市仁武區店家,高雄市仁武區竹後里竹工三巷33-7號,合格,銅未檢出鋅未檢出鎘未檢出砷未檢出汞未檢出鉛未檢出,107,新北市,120.331305982699,22.713706983586
泰山純水,泰山,彰化縣田中鎮興工路6號,合格,汞未檢出鋅未檢出銅未檢出鎘未檢出砷未檢出鉛未檢出,107,新北市,120.592756988757,23.848935982142
海洋深層水,臺北市內湖區店家,臺北市內湖區瑞光路502號3F,合格,銅未檢出鎘未檢出砷未檢出汞未檢出鋅未檢出鉛未檢出,107,新北市,121.56814891918,25.079246524293
舒跑鹼性離子水,宜蘭縣頭城鎮店家,宜蘭縣頭城鎮復興路37巷29-1號,合格,銅未檢出鎘未檢出鉛未檢出鋅未檢出汞未檢出砷未檢出,107,新北市,121.814730009909,24.863727006532
意麵,新北市永和區店家,新北市永和區得和路376號,合格,二氧化硫未檢出己二烯酸未檢出過氧化氫陰性苯甲酸未檢出去水醋酸未檢出,107,新北市,121.524644997681,24.999243982602
陽春麵,新北市永和區店家,新北市永和區得和路376號,合格,去水醋酸未檢出二氧化硫未檢出己二烯酸未檢出苯甲酸未檢出過氧化氫陰性,107,新北市,121.524644997681,24.999243982602
油麵,新北市新莊區店家,新北市新莊區新樹路234巷3弄9號1樓,合格,二氧化硫未檢出苯甲酸未檢出己二烯酸未檢出過氧化氫陰性去水醋酸未檢出,107,新北市,121.431611739766,25.019643397545
拉麵,新北市新莊區店家,新北市新莊區新樹路234巷3弄9號1樓,合格,去水醋酸未檢出二氧化硫未檢出己二烯酸未檢出苯甲酸未檢出過氧化氫陰性,107,新北市,121.431611739766,25.019643397545
油麵,新北市板橋區店家,新北市板橋區民享街142巷8號1樓,合格,己二烯酸未檢出苯甲酸未檢出過氧化氫陰性去水醋酸未檢出二氧化硫未檢出,107,新北市,121.478115963507,25.01660101815
陽春麵,新北市板橋區店家,新北市板橋區民享街142巷8號1樓,合格,二氧化硫未檢出己二烯酸未檢出苯甲酸未檢出過氧化氫陰性去水醋酸未檢出,107,新北市,121.478115963507,25.01660101815
冷藏殺菌液全蛋,新北市新莊區店家,新北市新莊區後港一路202號,合格,沙門氏桿菌陰性,109,新北市,121.433258867559,25.028289288761
殺菌蛋黃液-業務用,殺菌蛋,嘉義市西區新民路37號,合格,沙門氏桿菌陰性,109,新北市,120.431309966571,23.452029984189
未殺菌液蛋黃,未殺,新北市林口區林口工二工業區工四路12號,合格,生菌數4400,109,新北市,121.401523221937,25.078114003445
蛋黃液(罐裝未殺菌),蛋黃,台中市大甲區慈善路128號,合格,生菌數92000,109,新北市,120.694608092631,24.093128020919
殺菌蛋白液-業務用,殺菌蛋,嘉義市東區新民路37號,合格,沙門氏桿菌陰性,109,新北市,120.431309966571,23.452029984189
未殺菌液蛋白,未殺,新北市林口區工業區工四路12號,合格,生菌數460,109,新北市,121.401523221937,25.078114003445
冷藏未殺菌液蛋白,新北市新莊區店家,新北市新莊區後港一路202號1樓,合格,生菌數<10,109,新北市,121.433258867559,25.028289288761
冷藏殺菌液蛋白,新北市新莊區店家,新北市新莊區後港一路202號1樓,合格,沙門氏桿菌陰性,109,新北市,121.433258867559,25.028289288761
冷藏未殺菌蛋白液,雲林縣二崙鄉店家,雲林縣二崙鄉湳仔村1鄰4-1號,合格,生菌數340,109,新北市,120.416425,23.750863
未殺菌均質蛋白液,未殺,嘉義市西區新民路37號,合格,生菌數240000,109,新北市,120.431309966571,23.452029984189
冷藏殺菌液全蛋,新北市新莊區店家,新北市新莊區後港一路202號1樓,合格,沙門氏桿菌陰性,109,新北市,121.433258867559,25.028289288761
蛋白液(未殺菌),桃園市龍潭區店家,桃園市龍潭區工五路90巷16號,合格,生菌數250,109,新北市,121.20972901639,24.889408990224
衛生冰塊,新北市三重區店家,新北市三重區興德路141巷8號,合格,大腸桿菌群陰性生菌數<10,108,新北市,121.469555022879,25.053174991651
食用衛生冰塊,新北市中和區店家,新北市中和區立德街72巷10號,合格,大腸桿菌群陰性生菌數<10,108,新北市,121.487915581785,25.008047285959
食用冰塊,新北市鶯歌區店家,新北市鶯歌區文化路327號,合格,生菌數<10大腸桿菌群陰性,108,新北市,121.352199828882,24.952110780846
澳洲穀飼牛梅花火鍋片,新北市汐止區店家,新北市汐止區湖前街160巷97弄24琥B1-6,合格,硝基呋喃代謝物(4項)未檢出氯黴素類抗生素(4項)未檢出動物用藥多重殘留(48項)未檢出β-內醯胺類抗生素(8項)未檢出胺基醣苷類抗生素(7項)未檢出泰拉黴素未檢出乙醯異戊醯泰樂黴素及其代謝物未檢出乙型受體素類(β-agonist)(21項)未檢出,109,新北市,121.630548493273,25.073648830707
火山烏骨雞切-解凍肉,雲林縣斗六市店家,雲林縣斗六市八德里引善路196號,合格,"硝基呋喃代謝物(4項)未檢出抗原蟲(7項)未檢出氯黴素類抗生素(4項)Florfenicol amine0.019 (0.1, 以Florfenicol計)四環黴素類(7項)Doxycycline 0.025(標準0.1ppm)動物用藥多重殘留(48項)Trimethoprim 0.04(標準0.05ppm)β-內醯胺類抗生素(8項)未檢出乙型受體素類(β-agonist)(21項)未檢出",109,新北市,120.566314179714,23.7088942871
澳洲和牛火鍋肉片,台中市烏日區店家,台中市烏日區光明路333號B2,合格,硝基呋喃代謝物(4項)未檢出氯黴素類抗生素(4項)未檢出動物用藥多重殘留(48項)未檢出β-內醯胺類抗生素(8項)未檢出胺基醣苷類抗生素(7項)未檢出泰拉黴素(1項)未檢出乙醯異戊醯泰樂黴素及其代謝物(1項)未檢出乙型受體素類(β-agonist)(21項)未檢出,109,新北市,120.650189034944,24.108293985067
鱉,臺北市萬華區店家,臺北市萬華區富民路37號,合格,硝基呋喃代謝物(4項)未檢出孔雀綠(2項)未檢出四環黴素類(7項)未檢出動物用藥多重殘留(48項)未檢出β-內醯胺類抗生素(8項)未檢出,109,新北市,121.498176372376,25.019089060379
去刺虱目魚肚(二片裝),台南市學甲區店家,台南市學甲區光華里筏仔頭21-6號,合格,孔雀綠(2項)未檢出氯黴素類抗生素(4項)未檢出動物用藥多重殘留(48項)未檢出,109,新北市,120.182505,23.230472
冷藏肉-雞清肉切片(綠),桃園市桃園區店家,桃園市桃園區永安路1061號,合格,硝基呋喃代謝物(4項)未檢出氯黴素類抗生素(4項)未檢出,109,新北市,121.282952987255,25.008820013613
舒康雞-雞胸肉,舒康雞,台南市永康區中正一街26號,合格,硝基呋喃代謝物(4項)未檢出氯黴素類抗生素(4項)未檢出,109,新北市,120.246107038225,23.033996980187
冷藏肉-雞胗Mini包裝,台南市柳營區店家,台南市柳營區長榮路6段501號,合格,抗原蟲(7項)未檢出動物用藥多重殘留(48項)未檢出β-內醯胺類抗生素(8項)未檢出,109,新北市,120.310949792696,23.268999670581
去骨雞腿,臺北市萬華區店家,臺北市萬華區環河南路2段177號5樓,合格,硝基呋喃代謝物(4項)未檢出氯黴素類抗生素(4項)未檢出,109,新北市,121.492039310509,25.032592851218
雞心,新北市樹林區店家,新北市樹林區工興街8號(迴龍),合格,羅苯嘧啶(robenidinehydrochloride)0.06抗原蟲(7項)檢出細項動物用藥多重殘留(48項)未檢出β-內醯胺類抗生素(8項)未檢出,109,新北市,121.399916914012,25.014113814111
產銷履歷鱸魚菲力,高雄市茄萣區店家,高雄市茄萣區莒光路3段282號,合格,硝基呋喃代謝物(4項)未檢出孔雀綠(2項)未檢出氯黴素類抗生素(4項)未檢出動物用藥多重殘留(48項)未檢出β-內醯胺類抗生素(8項)未檢出,109,新北市,120.187348136766,22.912373679184
豬血,桃園市中壢區店家,桃園市中壢區五福里七鄰五族街22巷8號1樓,合格,己二烯酸未檢出苯甲酸未檢出去水醋酸未檢出水楊酸未檢出對羥苯甲酸未檢出食品中著色劑(8項)未檢出,109,新北市,121.208010977697,24.958721001148
鴨血,桃園市中壢區店家,桃園市中壢區五福里七鄰五族街22巷8號1樓,合格,己二烯酸未檢出苯甲酸未檢出去水醋酸未檢出水楊酸未檢出對羥苯甲酸未檢出食品中著色劑(8項)未檢出,109,新北市,121.208010977697,24.958721001148
傳統水血,傳統,屏東縣竹田鄉糶糴村南進路15號,合格,己二烯酸未檢出苯甲酸未檢出去水醋酸未檢出水楊酸未檢出對羥苯甲酸未檢出食品中著色劑(8項)未檢出,109,新北市,120.531542022029,22.573962007917
水血,新北市樹林區店家,新北市樹林區民權街5巷2號,合格,己二烯酸未檢出苯甲酸未檢出去水醋酸未檢出水楊酸未檢出對羥苯甲酸未檢出食品中著色劑(8項)未檢出,109,新北市,121.395285996327,24.957471007927
鴨血,新北市蘆洲區店家,新北市蘆洲區復興路410巷11-7號,合格,己二烯酸未檢出苯甲酸未檢出去水醋酸未檢出水楊酸未檢出對羥苯甲酸未檢出食品中著色劑(8項)未檢出,109,新北市,121.487691030599,25.092231014321
禽血,桃園市蘆竹區店家,桃園市蘆竹區泉州路3號,合格,己二烯酸未檢出苯甲酸未檢出去水醋酸未檢出水楊酸未檢出對羥苯甲酸未檢出食品中著色劑(8項)未檢出,109,新北市,121.287538475025,25.091700984673
水血,新北市樹林區店家,新北市樹林區民權街5街2號,合格,己二烯酸未檢出苯甲酸未檢出去水醋酸未檢出水楊酸未檢出對羥苯甲酸未檢出食品中著色劑(8項)未檢出,109,新北市,121.370451003951,24.93457701287
豬血,基隆市安樂區店家,基隆市安樂區麥金路127巷120號,合格,己二烯酸未檢出苯甲酸未檢出去水醋酸未檢出水楊酸未檢出對羥苯甲酸未檢出食品中著色劑(8項)未檢出,109,新北市,121.719640418718,25.119357788543
水血,臺北市萬華區店家,臺北市萬華區長順街14巷27芝1號1樓,合格,己二烯酸未檢出苯甲酸未檢出去水醋酸未檢出水楊酸未檢出對羥苯甲酸未檢出食品中著色劑(8項)未檢出,109,新北市,121.489573161424,25.030905949895
原味去骨雞腿排(美國),新北市三重區店家,新北市三重區中正北路530巷18號,合格,抗原蟲(7項)未檢出氯黴素類抗生素(4項)未檢出四環黴素類(7項)未檢出動物用藥多重殘留(48項)未檢出泰妙素未檢出乙型受體素類(β-agonist)(21項)未檢出,110,新北市,121.472033886924,25.069475614032
美國雞棒棒腿,新北市五股區店家,新北市五股區五工六路35號,合格,硝基?喃代謝物(4項)未檢出抗原蟲(7項)未檢出氯黴素類抗生素(4項)未檢出動物用藥多重殘留(48項)未檢出乙型受體素類(β-agonist)(21項)未檢出,110,新北市,121.447377932001,25.063950389188
韓味泡菜,新北市三芝區店家,新北市三芝區中山路1段55號,合格,去水醋酸未檢出對羥苯甲酸甲酯未檢出對羥苯甲酸乙酯未檢出對羥苯甲酸異丙酯未檢出對羥苯甲酸丙酯未檢出二氧化硫未檢出對羥苯甲酸丁酯未檢出水楊酸未檢出對羥苯甲酸未檢出對羥苯甲酸第二丁酯未檢出對羥苯甲酸異丁酯未檢出己二烯酸未檢出苯甲酸未檢出,未知,新北市,121.500733020483,25.257363014509
新秀酸菜,花蓮縣新城鄉店家,花蓮縣新城鄉北埔村樹人街2號,合格,去水醋酸未檢出對羥苯甲酸異丙酯未檢出對羥苯甲酸甲酯未檢出對羥苯甲酸乙酯未檢出對羥苯甲酸第二丁酯未檢出對羥苯甲酸異丁酯未檢出己二烯酸未檢出苯甲酸未檢出對羥苯甲酸丙酯未檢出二氧化硫未檢出對羥苯甲酸丁酯未檢出水楊酸未檢出對羥苯甲酸未檢出,未知,新北市,121.603617026286,24.038905992191
酒粕黃金酸白菜,台中市南屯區店家,台中市南屯區永春東二路238號,合格,水楊酸未檢出對羥苯甲酸未檢出對羥苯甲酸第二丁酯未檢出對羥苯甲酸異丁酯未檢出己二烯酸未檢出苯甲酸未檢出對羥苯甲酸丙酯未檢出二氧化硫未檢出去水醋酸未檢出對羥苯甲酸乙酯未檢出對羥苯甲酸異丙酯未檢出對羥苯甲酸丁酯未檢出對羥苯甲酸甲酯未檢出,未知,新北市,120.638363762125,24.132331481265
梅干菜,新北市八里區店家,新北市八里區龍米路2段62號,合格,去水醋酸未檢出對羥苯甲酸甲酯未檢出對羥苯甲酸乙酯未檢出對羥苯甲酸異丙酯未檢出苯甲酸0.34對羥苯甲酸第二丁酯未檢出對羥苯甲酸異丁酯未檢出己二烯酸未檢出對羥苯甲酸丁酯未檢出水楊酸未檢出對羥苯甲酸未檢出對羥苯甲酸丙酯未檢出二氧化硫未檢出,未知,新北市,121.445111418254,25.147986543137
味全台灣厚切脆筍,臺北市中山區店家,臺北市中山區松江路125號,合格,對羥苯甲酸異丙酯未檢出己二烯酸未檢出苯甲酸未檢出對羥苯甲酸異丁酯未檢出對羥苯甲酸第二丁酯未檢出去水醋酸未檢出對羥苯甲酸丙酯未檢出二氧化硫未檢出對羥苯甲酸甲酯未檢出對羥苯甲酸丁酯未檢出水楊酸未檢出對羥苯甲酸未檢出對羥苯甲酸乙酯未檢出,未知,新北市,121.533256648822,25.053023740208
村子口紫蘇梅嫩姜,嘉義縣義竹鄉店家,嘉義縣義竹鄉東光村67號,合格,對羥苯甲酸丁酯未檢出水楊酸未檢出對羥苯甲酸未檢出對羥苯甲酸第二丁酯未檢出對羥苯甲酸異丁酯未檢出己二烯酸未檢出苯甲酸未檢出去水醋酸未檢出對羥苯甲酸甲酯未檢出對羥苯甲酸乙酯未檢出對羥苯甲酸異丙酯未檢出對羥苯甲酸丙酯未檢出二氧化硫未檢出,未知,新北市,120.2432439,23.3359948
福松香筍,屏東縣屏東市店家,屏東縣屏東市大連路20巷43號,合格,去水醋酸未檢出對羥苯甲酸異丙酯未檢出對羥苯甲酸甲酯未檢出對羥苯甲酸乙酯未檢出己二烯酸未檢出苯甲酸未檢出對羥苯甲酸第二丁酯未檢出對羥苯甲酸異丁酯未檢出水楊酸未檢出對羥苯甲酸未檢出對羥苯甲酸丁酯未檢出對羥苯甲酸丙酯未檢出二氧化硫未檢出,未知,新北市,120.508147962628,22.68666101279
有機酸菜,桃園市大溪區店家,桃園市大溪區康莊路5段246號,合格,去水醋酸未檢出對羥苯甲酸甲酯未檢出對羥苯甲酸乙酯未檢出對羥苯甲酸異丙酯未檢出對羥苯甲酸丙酯未檢出二氧化硫未檢出對羥苯甲酸丁酯未檢出水楊酸未檢出對羥苯甲酸未檢出對羥苯甲酸第二丁酯未檢出對羥苯甲酸異丁酯未檢出己二烯酸未檢出苯甲酸未檢出,未知,新北市,121.258004524931,24.822310861387
香筍,雲林縣林內鄉店家,雲林縣林內鄉永昌路1-60號,合格,對羥苯甲酸第二丁酯未檢出對羥苯甲酸異丁酯未檢出己二烯酸未檢出苯甲酸未檢出去水醋酸未檢出對羥苯甲酸甲酯未檢出對羥苯甲酸乙酯未檢出對羥苯甲酸異丙酯未檢出對羥苯甲酸丁酯未檢出水楊酸未檢出對羥苯甲酸未檢出對羥苯甲酸丙酯未檢出二氧化硫未檢出,未知,新北市,120.592441996835,23.755297005994
酸菜,酸菜,新北市八里區龍禾路2段62號,合格,對羥苯甲酸丙酯未檢出二氧化硫未檢出苯甲酸0.40對羥苯甲酸丁酯未檢出水楊酸未檢出對羥苯甲酸未檢出己二烯酸未檢出對羥苯甲酸第二丁酯未檢出對羥苯甲酸異丁酯未檢出對羥苯甲酸甲酯未檢出對羥苯甲酸乙酯未檢出對羥苯甲酸異丙酯未檢出去水醋酸未檢出,未知,新北市,121.4013922,25.1494122
原味榨菜,新北市八里區店家,新北市八里區龍禾路2段62號,合格,對羥苯甲酸未檢出對羥苯甲酸第二丁酯未檢出對羥苯甲酸異丁酯未檢出苯甲酸0.17去水醋酸未檢出對羥苯甲酸異丙酯未檢出對羥苯甲酸丁酯未檢出水楊酸未檢出對羥苯甲酸甲酯未檢出對羥苯甲酸乙酯未檢出對羥苯甲酸丙酯未檢出己二烯酸未檢出二氧化硫未檢出,未知,新北市,121.4013922,25.1494122
鮮嫩香脆筍,高雄市大寮區店家,高雄市大寮區大發工業區大有二街29號,合格,對羥苯甲酸甲酯未檢出去水醋酸未檢出對羥苯甲酸乙酯未檢出苯甲酸未檢出對羥苯甲酸異丁酯未檢出對羥苯甲酸丁酯未檢出水楊酸未檢出對羥苯甲酸丙酯未檢出對羥苯甲酸異丙酯未檢出己二烯酸未檢出對羥苯甲酸第二丁酯未檢出對羥苯甲酸未檢出二氧化硫未檢出,未知,新北市,120.424040006671,22.586936020566
黃薑片,桃園市龜山區店家,桃園市龜山區文化一路45號3樓,合格,對羥苯甲酸丁酯未檢出水楊酸未檢出對羥苯甲酸未檢出對羥苯甲酸丙酯未檢出二氧化硫未檢出己二烯酸未檢出去水醋酸未檢出苯甲酸未檢出對羥苯甲酸第二丁酯未檢出對羥苯甲酸甲酯未檢出對羥苯甲酸乙酯未檢出對羥苯甲酸異丙酯未檢出對羥苯甲酸異丁酯未檢出,未知,新北市,121.371617010502,25.060270985151
香脆筍,雲林縣林內鄉店家,雲林縣林內鄉烏麻村木渦路1-60號,合格,對羥苯甲酸丙酯未檢出二氧化硫未檢出去水醋酸未檢出對羥苯甲酸甲酯未檢出對羥苯甲酸乙酯未檢出對羥苯甲酸異丙酯未檢出對羥苯甲酸第二丁酯未檢出對羥苯甲酸異丁酯未檢出對羥苯甲酸丁酯未檢出水楊酸未檢出對羥苯甲酸未檢出己二烯酸未檢出苯甲酸未檢出,未知,新北市,120.613197,23.756005
糖醋薑,高雄市大寮區店家,高雄市大寮區過溪里華一街553號,合格,水楊酸未檢出對羥苯甲酸未檢出對羥苯甲酸丁酯未檢出對羥苯甲酸丙酯未檢出對羥苯甲酸第二丁酯未檢出二氧化硫未檢出己二烯酸未檢出苯甲酸未檢出對羥苯甲酸異丁酯未檢出去水醋酸未檢出對羥苯甲酸異丙酯未檢出對羥苯甲酸甲酯未檢出對羥苯甲酸乙酯未檢出,未知,新北市,120.411593970103,22.574733981199
華南香辣蘿蔔,南投縣南投市店家,南投縣南投市南崗工業區自立一路9號,合格,去水醋酸未檢出對羥苯甲酸乙酯未檢出對羥苯甲酸異丙酯未檢出對羥苯甲酸異丁酯未檢出對羥苯甲酸第二丁酯未檢出己二烯酸未檢出苯甲酸未檢出對羥苯甲酸丙酯未檢出二氧化硫未檢出對羥苯甲酸甲酯未檢出對羥苯甲酸丁酯未檢出水楊酸未檢出對羥苯甲酸未檢出,未知,新北市,120.666736001459,23.937529010669
東北酸白菜,高雄市大寮區店家,高雄市大寮區大發工業區大有二街29號,合格,水楊酸未檢出對羥苯甲酸未檢出對羥苯甲酸丁酯未檢出對羥苯甲酸甲酯未檢出對羥苯甲酸乙酯未檢出對羥苯甲酸丙酯未檢出二氧化硫未檢出對羥苯甲酸第二丁酯未檢出對羥苯甲酸異丁酯未檢出去水醋酸未檢出對羥苯甲酸異丙酯未檢出己二烯酸未檢出苯甲酸未檢出,未知,新北市,120.424040006671,22.586936020566
梅干菜,苗栗縣公館鄉店家,苗栗縣公館鄉忠義村1鄰16號,合格,己二烯酸未檢出苯甲酸未檢出對羥苯甲酸第二丁酯未檢出對羥苯甲酸異丁酯未檢出去水醋酸未檢出對羥苯甲酸乙酯未檢出對羥苯甲酸異丙酯未檢出對羥苯甲酸丙酯未檢出二氧化硫未檢出水楊酸未檢出對羥苯甲酸甲酯未檢出對羥苯甲酸未檢出對羥苯甲酸丁酯未檢出,未知,新北市,120.8284996,24.5059208
原味榨菜,新北市八里區店家,新北市八里區龍米路2段62號,合格,對羥苯甲酸丙酯未檢出二氧化硫未檢出己二烯酸未檢出對羥苯甲酸丁酯未檢出水楊酸未檢出對羥苯甲酸未檢出苯甲酸0.39去水醋酸未檢出對羥苯甲酸甲酯未檢出對羥苯甲酸乙酯未檢出對羥苯甲酸第二丁酯未檢出對羥苯甲酸異丁酯未檢出對羥苯甲酸異丙酯未檢出,未知,新北市,121.445111418254,25.147986543137
手工酸菜心,新北市新店區店家,新北市新店區寶高路60號2樓,合格,對羥苯甲酸未檢出對羥苯甲酸甲酯未檢出對羥苯甲酸乙酯未檢出對羥苯甲酸異丙酯未檢出去水醋酸未檢出對羥苯甲酸丁酯未檢出水楊酸未檢出對羥苯甲酸丙酯未檢出二氧化硫未檢出對羥苯甲酸第二丁酯未檢出對羥苯甲酸異丁酯未檢出己二烯酸未檢出苯甲酸未檢出,未知,新北市,121.551914681472,24.977182687715
淡榨菜絲,桃園市觀音區店家,桃園市觀音區草漯里草漯249-228號,合格,去水醋酸未檢出對羥苯甲酸丁酯未檢出水楊酸未檢出對羥苯甲酸未檢出對羥苯甲酸丙酯未檢出二氧化硫未檢出己二烯酸0.63苯甲酸0.23對羥苯甲酸甲酯未檢出對羥苯甲酸乙酯未檢出對羥苯甲酸異丙酯未檢出對羥苯甲酸第二丁酯未檢出對羥苯甲酸異丁酯未檢出,未知,新北市,121.0820056,25.0364866
酸菜,酸菜,雲林縣大埤鄉興安村10-8號,合格,對羥苯甲酸丁酯未檢出水楊酸未檢出對羥苯甲酸未檢出對羥苯甲酸丙酯未檢出二氧化硫未檢出對羥苯甲酸甲酯未檢出對羥苯甲酸乙酯未檢出對羥苯甲酸異丙酯未檢出對羥苯甲酸第二丁酯未檢出對羥苯甲酸異丁酯未檢出苯甲酸0.10 g/kg去水醋酸未檢出己二烯酸未檢出,未知,新北市,120.392099,23.626432
韓味道經典醋蘿蔔,新北市五股區店家,新北市五股區五權三路15號,合格,己二烯酸未檢出苯甲酸未檢出對羥苯甲酸第二丁酯未檢出對羥苯甲酸異丁酯未檢出去水醋酸未檢出對羥苯甲酸異丙酯未檢出對羥苯甲酸甲酯未檢出對羥苯甲酸乙酯未檢出水楊酸未檢出對羥苯甲酸未檢出對羥苯甲酸丁酯未檢出對羥苯甲酸丙酯未檢出二氧化硫未檢出,未知,新北市,121.452179421416,25.063639588218
黃金泡菜,黃金,雲林縣林內鄉鳥麻村詠昌路1-60號,合格,己二烯酸未檢出苯甲酸未檢出對羥苯甲酸丁酯未檢出水楊酸未檢出對羥苯甲酸未檢出對羥苯甲酸丙酯未檢出二氧化硫未檢出對羥苯甲酸甲酯未檢出對羥苯甲酸第二丁酯未檢出去水醋酸未檢出對羥苯甲酸乙酯未檢出對羥苯甲酸異丙酯未檢出對羥苯甲酸異丁酯未檢出,未知,新北市,120.613197,23.756005
紅姜絲,雲林縣元長鄉店家,雲林縣元長鄉下?村1街9號,合格,對羥苯甲酸未檢出去水醋酸未檢出對羥苯甲酸甲酯未檢出對羥苯甲酸乙酯未檢出對羥苯甲酸異丙酯未檢出對羥苯甲酸第二丁酯未檢出對羥苯甲酸異丁酯未檢出己二烯酸未檢出苯甲酸未檢出對羥苯甲酸丙酯未檢出二氧化硫未檢出對羥苯甲酸丁酯未檢出水楊酸未檢出,未知,新北市,120.3151201,23.6499292
酸菜,酸菜,雲林縣大埤鄉興安村興安路74之5號,不合格,對羥苯甲酸第二丁酯未檢出二氧化硫0.067對羥苯甲酸異丁酯未檢出己二烯酸未檢出苯甲酸0.41去水醋酸未檢出對羥苯甲酸乙酯未檢出對羥苯甲酸異丙酯未檢出對羥苯甲酸甲酯未檢出對羥苯甲酸丁酯未檢出水楊酸未檢出對羥苯甲酸未檢出對羥苯甲酸丙酯未檢出,未知,新北市,120.285721220556,23.792516998077
酸菜心,酸菜,臺北市萬華區環南市場第473號攤,不合格,對羥苯甲酸異丁酯未檢出二氧化硫0.475去水醋酸未檢出對羥苯甲酸乙酯未檢出對羥苯甲酸異丙酯未檢出對羥苯甲酸第二丁酯未檢出對羥苯甲酸甲酯未檢出苯甲酸0.05水楊酸未檢出對羥苯甲酸未檢出己二烯酸未檢出對羥苯甲酸丙酯未檢出對羥苯甲酸丁酯未檢出,未知,新北市,121.4998912,25.0348867
梅乾菜,嘉義縣溪口鄉店家,嘉義縣溪口鄉游東村游厝庄64-5號,不合格,對羥苯甲酸丁酯未檢出水楊酸未檢出對羥苯甲酸未檢出去水醋酸未檢出對羥苯甲酸甲酯未檢出對羥苯甲酸乙酯未檢出對羥苯甲酸異丙酯未檢出苯甲酸1.01對羥苯甲酸丙酯未檢出二氧化硫未檢出己二烯酸未檢出對羥苯甲酸異丁酯未檢出對羥苯甲酸第二丁酯未檢出,未知,新北市,120.405913,23.618372
洛神花茶(三角立體茶包),南投縣名間鄉店家,南投縣名間鄉松山村豐柏路77號,合格,二硫代胺基甲酸鹽類未檢出農藥多重殘留分析(373項)未檢出,108,新北市,120.632438762408,23.833288184289
烏龍茶,烏龍,臺北市松山區忠孝東路4段107號6樓,合格,農藥多重殘留分析(373項)檢出細項百滅寧(Permethrin)0.63亞滅培(Acetamiprid)0.09二硫代胺基甲酸鹽類未檢出護賽寧(Flucythrinate)0.05,108,新北市,121.548289927444,25.041748236419
高山烏龍茶,高山,臺北市大安區忠孝東路4段107號6樓,合格,脫芬瑞(Tolfenpyrad)0.07二硫代胺基甲酸鹽類未檢出農藥多重殘留分析(373項)檢出細項,108,新北市,121.548289927444,25.041748236419
添福杭菊茶,苗栗縣公館鄉店家,苗栗縣公館鄉大坑村3鄰58-2號,合格,益達胺(Imidacloprid)1.31農藥多重殘留分析(373項)檢出細項二硫代胺基甲酸鹽類未檢出,108,新北市,120.842946,24.496212
冷凍綠花椰菜,臺北市信義區店家,臺北市信義區東興路55號2樓,合格,農藥多重殘留分析(373項)未檢出二硫代胺基甲酸鹽類未檢出,108,新北市,121.566993054732,25.047723820921
有機紅蘿蔔,彰化縣福興鄉店家,彰化縣福興鄉福寶村新生路5號,合格,農藥多重殘留分析(373項)未檢出二硫代胺基甲酸鹽類未檢出,108,新北市,120.412061093567,24.040321779456
袋裝紫洋蔥(進口),新北市五股區店家,新北市五股區五權三路20號,合格,二硫代胺基甲酸鹽類未檢出農藥多重殘留分析(373項)未檢出,108,新北市,121.453366969458,25.064397982817
重瓣紅玫瑰(乾燥花瓣),臺北市中山區店家,臺北市中山區吉林路218巷10號1F,合格,農藥多重殘留分析(373項)未檢出二硫代胺基甲酸鹽類未檢出,108,新北市,121.529682772946,25.058861107127
美國藍莓,新北市新店區店家,新北市新店區寶中路95號,合格,二硫代胺基甲酸鹽類未檢出農藥多重殘留分析(373項)未檢出,108,新北市,121.548716063401,24.980756395953
宜蘭蔥,新北市鶯歌區店家,新北市鶯歌區鶯桃路129巷12弄7號8F之2,合格,氟芬隆(Flufenoxuron)0.14撲滅寧(Procymidone)0.08福多寧(Flutolanil)0.02克凡派(Chlorfenapyr)0.08農藥多重殘留分析(373項)檢出細項二硫代胺基甲酸鹽類未檢出,108,新北市,121.337173004326,24.954259020721
台灣契作-台東洛神花,臺北市松山區店家,臺北市松山區迪化街1段64號2樓,合格,二硫代胺基甲酸鹽類未檢出農藥多重殘留分析(373項)未檢出,108,新北市,121.50994498353,25.055406421914
四季春青茶,四季,台南市南區新孝路187號,合格,賽洛寧(λ-Cyhalothrin)0.07克凡派(Chlorfenapyr)0.08芬普寧(Fenpropathrin)0.34農藥多重殘留分析(373項)檢出細項陶斯松(Chlorpyrifos)0.07達特南(Dinotefuran)0.10脫芬瑞(Tolfenpyrad)0.30護賽寧(Flucythrinate)0.34二硫代胺基甲酸鹽類未檢出,108,新北市,120.183744421314,22.977861111508
凍頂烏龍茶,台中市豐原區店家,台中市豐原區向陽路376巷16號,合格,二硫代胺基甲酸鹽類未檢出農藥多重殘留分析(373項)檢出細項護賽寧(Flucythrinate)0.11,108,新北市,120.729958014903,24.249674018589
進口紅無籽葡萄,桃園市龜山區店家,桃園市龜山區頂湖路58號,合格,芬普寧(Fenpropathrin)0.26賽普洛(Cyprodinil)0.18農藥多重殘留分析(373項)檢出細項二硫代胺基甲酸鹽類未檢出布芬淨(Buprofezin)0.06,108,新北市,121.363414982969,25.038652003295
午后紅茶,台南市永康區店家,台南市永康區中華路425號9樓,合格,二硫代胺基甲酸鹽類未檢出農藥多重殘留分析(373項)未檢出,108,新北市,120.232683001194,23.009986012713
空心菜-有機,桃園市觀音區店家,桃園市觀音區坑尾里11鄰坑尾二路805巷78號,合格,二硫代胺基甲酸鹽類未檢出農藥多重殘留分析(373項)未檢出,108,新北市,121.093850614906,25.025342845315
莧菜,桃園市八德區店家,桃園市八德區八德區蔬菜產銷班第一班,合格,二硫代胺基甲酸鹽類未檢出農藥多重殘留分析(373項)未檢出,108,新北市,121.2847002,24.9287675
莧菜,桃園市蘆竹區店家,桃園市蘆竹區蔬菜產銷班第二班,合格,農藥多重殘留分析(373項)未檢出二硫代胺基甲酸鹽類未檢出,108,新北市,121.2951181,25.0469351
莧菜,桃園市八德區店家,桃園市八德區蔬菜產銷班第三班,合格,農藥多重殘留分析(373項)未檢出二硫代胺基甲酸鹽類未檢出,108,新北市,121.2847002,24.9287675
青江菜,新北市蘆洲區店家,新北市蘆洲區復興路410巷11號,合格,二硫代胺基甲酸鹽類未檢出百克敏(Pyraclostrobin)0.15農藥多重殘留分析(373項)檢出細項因得克(Indoxacarb)0.04依普同(Iprodione)0.11達特南(Dinotefuran)1.51達滅芬(Dimethomorph)0.18賓克隆(Pencycuron)0.05歐殺滅(Oxamyl)0.13賽速安(Thiamethoxam)0.02氟比來(Fluopicolide)0.19賽滅寧(Cypermethrin)1.42待克利(Difenoconazole)0.15芬普寧(Fenpropathrin)0.02,108,新北市,121.487691030599,25.092231014321
花干,新北市永和區店家,新北市永和區民生路46巷46號B1樓,合格,大腸桿菌陰性大腸桿菌群陰性,109,新北市,121.521346970238,24.996575980911
大豆干,新北市永和區店家,新北市永和區民生路46巷46號B1樓,合格,大腸桿菌陰性大腸桿菌群陰性,109,新北市,121.521346970238,24.996575980911
滷非基改大黑干,新北市板橋區店家,新北市板橋區永安街25號,合格,大腸桿菌陰性大腸桿菌群陰性,109,新北市,121.451869039541,25.044683998006
茶葉蛋,高雄市路竹區店家,高雄市路竹區中山路268號,合格,大腸桿菌陰性大腸桿菌群陰性,109,新北市,120.256398003668,22.865547003628
滷百頁豆腐,新北市樹林區店家,新北市樹林區大安路118號3樓,合格,大腸桿菌陰性大腸桿菌群23,109,新北市,121.420940319738,24.99648868339
滷澳洲牛肚,新北市樹林區店家,新北市樹林區大安路118號3樓,合格,大腸桿菌陰性大腸桿菌群9.2,109,新北市,121.420940319738,24.99648868339
滷雞脖,桃園市楊梅區店家,桃園市楊梅區民豐路754-1號,合格,大腸桿菌陰性大腸桿菌群陰性,109,新北市,121.106660021984,24.928463001237
椒麻茶葉蛋,高雄市路竹區店家,高雄市路竹區中山路268號,合格,大腸桿菌陰性大腸桿菌群陰性,109,新北市,120.256398003668,22.865547003628
滷豆干,新北市蘆洲區店家,新北市蘆洲區復興路325巷160-5號,合格,大腸桿菌陰性大腸桿菌群9.2,109,新北市,121.484138025662,25.091290019961
牛三寶(辣味),桃園市楊梅區店家,桃園市楊梅區民豐路754-1號,合格,大腸桿菌陰性大腸桿菌群陰性,109,新北市,121.106660021984,24.928463001237
雞胗(原味),桃園市楊梅區店家,桃園市楊梅區民豐路754-1號,合格,大腸桿菌陰性大腸桿菌群陰性,109,新北市,121.106660021984,24.928463001237
滷鴨血,新北市新店區店家,新北市新店區大豐路27號,合格,大腸桿菌陰性大腸桿菌群陰性,109,新北市,121.540851994204,24.980087017166
蛋白,新北市新莊區店家,新北市新莊區中和街158號,合格,大腸桿菌陰性大腸桿菌群陰性,109,新北市,121.447486980561,25.04870299485
米血,新北市新莊區店家,新北市新莊區中和街158號,合格,大腸桿菌陰性大腸桿菌群陰性,109,新北市,121.447486980561,25.04870299485
小黃瓜,新北市新莊區店家,新北市新莊區中和街158號,合格,大腸桿菌陰性大腸桿菌群陰性,109,新北市,121.447486980561,25.04870299485
松稜糖燻-雞翅/滷蛋/豆干,台南市歸仁區店家,台南市歸仁區和順路2段305號,合格,大腸桿菌陰性大腸桿菌群陰性,109,新北市,120.27514060972,22.991786889262
秘製雞胗,台中市西屯區店家,台中市西屯區屯區工業39路62號,合格,大腸桿菌陰性大腸桿菌群93,109,新北市,120.6398842,24.1814451
古早味香腸,新北市三重區店家,新北市三重區重新路2段21號11樓,合格,去水醋酸未檢出亞硝酸鹽未檢出己二烯酸未檢出苯甲酸未檢出,107,新北市,121.498044022125,25.06240841237
滿漢蒜味香腸,台南市新市店家,台南市新市區大營里大營7號,合格,己二烯酸未檢出亞硝酸鹽未檢出苯甲酸未檢出去水醋酸未檢出,107,新北市,120.30163,23.0996
義式鹹豬肉,台中市南屯區店家,台中市南屯區大墩六街410號,合格,亞硝酸鹽未檢出己二烯酸未檢出苯甲酸未檢出去水醋酸未檢出,107,新北市,120.643914677503,24.143054701455
廣式肝腸,新北市三重區店家,新北市三重區光復路2段90號,合格,亞硝酸鹽0.001去水醋酸未檢出己二烯酸未檢出苯甲酸未檢出,107,新北市,121.471940009609,25.057635002331
客家鹹豬肉,客家,南投縣南投市南崗工業區仁和路3號,合格,己二烯酸未檢出去水醋酸未檢出亞硝酸鹽未檢出苯甲酸未檢出,107,新北市,120.675299037562,23.924304001929
花生糖(全素),花生,臺北市大同區重慶北路3段76號,合格,黃麴毒素(7項)總黃麴毒素 未檢出黃麴毒素B1未檢出赭麴毒素 A未檢出,108,新北市,121.513444260468,25.066169037049
花生糖(全素),花生,臺北市松山區重慶北路3段76號,合格,黃麴毒素B1未檢出黃麴毒素(7項)總黃麴毒素 未檢出赭麴毒素 A未檢出,108,新北市,121.513444260468,25.066169037049
花生糖,花生,台中市西屯區工業區35路67號,合格,黃麴毒素(7項)總黃麴毒素 未檢出黃麴毒素B1未檢出赭麴毒素 A未檢出,108,新北市,120.590860164068,24.165979500006
乳香世家高品質純鮮乳,桃園市大園區店家,桃園市大園區大觀路1249號,合格,黃麴毒素M1未檢出,108,新北市,121.160402019117,25.05525097952
雀巢醇品經典風味補充包,臺北市內湖區店家,臺北市內湖區瑞光路399號8樓,合格,赭麴毒素 A0.7 ppb ( 標準 5 ppb 以下 ),108,新北市,121.57263835034,25.077659410926
水磨糯米粉,南投縣南投市店家,南投縣南投市自強三路28號,合格,黃麴毒素(7項)總黃麴毒素 未檢出黃麴毒素B1未檢出赭麴毒素 A未檢出,108,新北市,120.665783984897,23.927273584496
糯米粉,南投縣南投市店家,南投縣南投市自強三路28號,合格,黃麴毒素(7項)總黃麴毒素 未檢出黃麴毒素B1未檢出赭麴毒素 A未檢出,108,新北市,120.665783984897,23.927273584496
台灣美食全紀錄-蒜茸花生,台中市南屯區店家,台中市南屯區新富三街3號,合格,黃麴毒素B1未檢出赭麴毒素 A未檢出黃麴毒素(7項)總黃麴毒素 未檢出,108,新北市,120.625041984313,24.13646899822
黑咖啡,新北市新莊區店家,新北市新莊區化成路293巷34號,合格,赭麴毒素 A1.7 ppb (5ppb 以下),108,新北市,121.464409037244,25.05530898229
糙米,臺北市松山區店家,臺北市松山區中山北路2段27巷3-3號8樓,合格,黃麴毒素(7項)總黃麴毒素 未檢出黃麴毒素B1未檢出赭麴毒素 A未檢出,108,新北市,121.523612431029,25.053293888948
貝納頌三合一咖啡(經典拿,臺北市中山區店家,臺北市中山區松江路125號,合格,赭麴毒素 A未檢出,108,新北市,121.533256648822,25.053023740208
五香花生,五香,台中市西屯區工業區35路67號,合格,黃麴毒素(7項)總黃麴毒素 未檢出黃麴毒素B1未檢出赭麴毒素 A未檢出,108,新北市,120.590860164068,24.165979500006
花生糖,花生,新北市鶯歌區中正一路50號,合格,黃麴毒素B1未檢出赭麴毒素 A未檢出黃麴毒素(7項)總黃麴毒素 未檢出,108,新北市,121.352471989278,24.953749987741
糙米,花蓮縣富里鄉店家,花蓮縣富里鄉富南村公埔路186號,合格,黃麴毒素(7項)總黃麴毒素 未檢出黃麴毒素B1未檢出赭麴毒素 A未檢出,108,新北市,121.241227,23.160926
中壢名產花生糖,桃園市平鎮店家,桃園市平鎮區中央路119巷22號,合格,黃麴毒素B1未檢出黃麴毒素(7項)總黃麴毒素 未檢出赭麴毒素 A未檢出,108,新北市,121.190041962422,24.963844173035
Auchan義式阿拉比卡咖啡粉,臺北市內湖區店家,臺北市內湖區新湖一路128巷36號2樓,合格,赭麴毒素 A1.2 ppb(5ppb),108,新北市,121.576701896999,25.060009344043
Dr.Miker極鮮乳脂肪無調整,台南市新市店家,台南市新市區大營里大營7號,合格,黃麴毒素M1未檢出,108,新北市,120.30163,23.0996
五香大土豆,五香,新北市永和區民生路46巷56號,合格,黃麴毒素B1未檢出赭麴毒素 A未檢出黃麴毒素(7項)總黃麴毒素 未檢出,108,新北市,121.521118993927,24.996373155717
囡仔酥(酥心糖),新北市中和區店家,新北市中和區自立路141巷9號,不合格,赭麴毒素 A10 ug/kg (3ug/kg)黃麴毒素(7項)總黃麴毒素 0.4 ug/kg (4 ug/kg)黃麴毒素B10.4 ug/kg(2ug/kg),108,新北市,121.522813970932,24.993651995898
鹹蛋仁,鹹蛋,新北市新莊區中正路513號,合格,去水醋酸未檢出蘇丹色素三號未檢出蘇丹色素四號未檢出己二烯酸未檢出苯甲酸未檢出蘇丹色素一號未檢出蘇丹色素二號未檢出,107,新北市,121.440198999569,25.033310006854
鹹蛋黃,鹹蛋,新北市八里區龍米路1段141號,合格,己二烯酸未檢出苯甲酸未檢出蘇丹色素四號未檢出蘇丹色素三號未檢出蘇丹色素一號未檢出蘇丹色素二號未檢出去水醋酸未檢出,107,新北市,121.454903318631,25.122895369878
鹹蛋黃,鹹蛋,彰化縣福興鄉麥厝村麥厝街2之6號,合格,去水醋酸未檢出蘇丹色素一號未檢出蘇丹色素二號未檢出己二烯酸未檢出苯甲酸未檢出蘇丹色素四號未檢出蘇丹色素三號未檢出,107,新北市,120.400814004429,24.015951982707
鹹蛋黃,鹹蛋,新北市三峽區三樹路222巷236弄8-12號,合格,蘇丹色素四號未檢出己二烯酸未檢出蘇丹色素三號未檢出去水醋酸未檢出苯甲酸未檢出蘇丹色素一號未檢出蘇丹色素二號未檢出,107,新北市,121.39230002714,24.942936997368
鹹蛋黃,鹹蛋,台中市后里區屯東村復興街66號,合格,己二烯酸未檢出苯甲酸未檢出蘇丹色素一號未檢出蘇丹色素二號未檢出蘇丹色素四號未檢出去水醋酸未檢出蘇丹色素三號未檢出,107,新北市,120.721183084287,24.307571008945
鹹蛋黃,鹹蛋,新北市新店區安民街251巷1號1樓,合格,蘇丹色素一號未檢出蘇丹色素二號未檢出己二烯酸未檢出苯甲酸未檢出蘇丹色素四號未檢出蘇丹色素三號未檢出去水醋酸未檢出,107,新北市,121.516612033135,24.972991987585
鹹蛋(含外殼),鹹蛋,台南市麻豆區小箄里箄頭142號,合格,蘇丹色素二號未檢出蘇丹色素三號未檢出去水醋酸未檢出苯甲酸未檢出蘇丹色素四號未檢出蘇丹色素一號未檢出己二烯酸未檢出,107,新北市,120.2584159,23.184999
鹹蛋黃,鹹蛋,屏東縣新園鄉新園村媽祖三巷175號,合格,己二烯酸未檢出蘇丹色素一號未檢出去水醋酸未檢出蘇丹色素二號未檢出蘇丹色素四號未檢出蘇丹色素三號未檢出苯甲酸未檢出,107,新北市,120.445169557783,22.52614899255
鹹蛋黃,鹹蛋,嘉義縣朴子市崁前里80-1號,合格,蘇丹色素三號未檢出去水醋酸未檢出蘇丹色素四號未檢出蘇丹色素一號未檢出蘇丹色素二號未檢出己二烯酸未檢出苯甲酸未檢出,107,新北市,120.236392,23.440828
鹹蛋黃,鹹蛋,臺北市萬華區康定路172巷2號,合格,去水醋酸未檢出蘇丹色素三號未檢出蘇丹色素四號未檢出己二烯酸未檢出苯甲酸未檢出蘇丹色素一號未檢出蘇丹色素二號未檢出,107,新北市,121.501596105053,25.039270420111
珍珠粉圓,珍珠,臺北市士林區後港街116號3樓,合格,己二烯酸0.56苯甲酸未檢出去水醋酸未檢出水楊酸未檢出對羥苯甲酸未檢出順丁烯二酸與順丁烯二酸酐總量未檢出,109,新北市,121.521523576938,25.086339081212
粉圓(無防腐劑),臺北市中山區店家,臺北市中山區雙城街13巷9號2樓之3,合格,己二烯酸未檢出苯甲酸未檢出去水醋酸未檢出水楊酸未檢出對羥苯甲酸未檢出順丁烯二酸與順丁烯二酸酐總量未檢出,109,新北市,121.524771481409,25.064184011901
愛麵族美濃板條肉燥風味(湯),愛麵族,屏東縣內埔鄉北寧路2段88號,合格,己二烯酸未檢出苯甲酸未檢出去水醋酸未檢出水楊酸未檢出對羥苯甲酸未檢出順丁烯二酸與順丁烯二酸酐總量未檢出,109,新北市,120.568103967499,22.630019002887
IQF即食彩色珍珠粉圓,屏東縣里港鄉店家,屏東縣里港鄉載興村戴南路23-7號,合格,己二烯酸未檢出苯甲酸未檢出去水醋酸未檢出水楊酸未檢出對羥苯甲酸未檢出順丁烯二酸與順丁烯二酸酐總量未檢出,109,新北市,120.533644,22.783142
沐茗室膠原蛋白黑糖珍珠粉圓,新北市土城區店家,新北市土城區明德路2段33號,合格,己二烯酸未檢出苯甲酸未檢出去水醋酸未檢出水楊酸未檢出對羥苯甲酸未檢出順丁烯二酸與順丁烯二酸酐總量未檢出,109,新北市,121.451454717315,24.980994008339
珍珠粉圓,珍珠,新北市新莊區新北大道4段185號11樓,合格,己二烯酸未檢出苯甲酸未檢出去水醋酸未檢出水楊酸未檢出對羥苯甲酸未檢出順丁烯二酸與順丁烯二酸酐總量未檢出,109,新北市,121.445512958544,25.05811201644
紅心波霸粉圓,新北市樹林區店家,新北市樹林區八德街280巷3號,合格,己二烯酸未檢出苯甲酸未檢出去水醋酸未檢出水楊酸未檢出對羥苯甲酸未檢出順丁烯二酸與順丁烯二酸酐總量未檢出,109,新北市,121.41077955785,24.970294800178
美濃板條,美濃,台南市東區崇明路529號,合格,己二烯酸未檢出苯甲酸未檢出去水醋酸未檢出水楊酸未檢出對羥苯甲酸未檢出順丁烯二酸與順丁烯二酸酐總量未檢出,109,新北市,120.22587999712,22.971710009953
紀文竹輪,雲林縣斗六市店家,雲林縣斗六市斗工二路33號,合格,己二烯酸0.63苯甲酸未檢出去水醋酸未檢出水楊酸未檢出對羥苯甲酸未檢出順丁烯二酸與順丁烯二酸酐總量未檢出,109,新北市,120.596960597018,23.719585907515
魚肉煉製品(章魚竹輪),臺北市北投區店家,臺北市北投區中央南路2段64號2F,合格,己二烯酸1.04苯甲酸未檢出去水醋酸未檢出水楊酸未檢出對羥苯甲酸未檢出順丁烯二酸與順丁烯二酸酐總量未檢出,109,新北市,121.500018798513,25.123108772153
黑輪,新北市土城區店家,新北市土城區金城路1段137號,合格,己二烯酸未檢出苯甲酸未檢出去水醋酸未檢出水楊酸未檢出對羥苯甲酸未檢出順丁烯二酸與順丁烯二酸酐總量未檢出,109,新北市,121.44503803991,24.974126017175
肉圓,新北市土城區店家,新北市土城區延吉街174號,合格,己二烯酸未檢出苯甲酸未檢出去水醋酸未檢出水楊酸未檢出對羥苯甲酸未檢出順丁烯二酸與順丁烯二酸酐總量未檢出,109,新北市,121.468127920045,24.985265817952
魚漿煉製品(燒一番),基隆市七堵區店家,基隆市七堵區自強路102號,合格,己二烯酸0.54苯甲酸未檢出去水醋酸未檢出水楊酸未檢出對羥苯甲酸未檢出順丁烯二酸與順丁烯二酸酐總量未檢出,109,新北市,121.712973034807,25.110189996245
新口味風味香魚卷,新北市中和區店家,新北市中和區建八路132號,合格,己二烯酸0.44苯甲酸未檢出去水醋酸未檢出水楊酸未檢出對羥苯甲酸未檢出順丁烯二酸與順丁烯二酸酐總量未檢出,109,新北市,121.48940496216,24.998417987953
美濃板條,美濃,桃園市八德區和絣露1447號後棟,合格,己二烯酸未檢出苯甲酸未檢出去水醋酸未檢出水楊酸未檢出對羥苯甲酸未檢出順丁烯二酸與順丁烯二酸酐總量未檢出,109,新北市,121.2847002,24.9287675
粿仔條,新北市土城區店家,新北市土城區國際路43號,合格,己二烯酸未檢出苯甲酸未檢出去水醋酸未檢出水楊酸未檢出對羥苯甲酸未檢出順丁烯二酸與順丁烯二酸酐總量未檢出,109,新北市,121.466301000429,24.979231979223
魚肉煉製品(桃太郎竹輪),臺北市北投區店家,臺北市北投區中央南路2段64號2樓,合格,己二烯酸1.16苯甲酸未檢出去水醋酸未檢出水楊酸未檢出對羥苯甲酸未檢出順丁烯二酸與順丁烯二酸酐總量未檢出,109,新北市,121.500018798513,25.123108772153
水晶圓,嘉義縣民雄鄉店家,嘉義縣民雄鄉工業區中正路30號,合格,己二烯酸未檢出苯甲酸未檢出去水醋酸未檢出水楊酸未檢出對羥苯甲酸未檢出順丁烯二酸與順丁烯二酸酐總量未檢出,109,新北市,120.456714593087,23.520016313307
黑輪,新北市五股區店家,新北市五股區明義路1段247之9號,合格,己二烯酸未檢出苯甲酸未檢出去水醋酸未檢出水楊酸未檢出對羥苯甲酸未檢出順丁烯二酸與順丁烯二酸酐總量未檢出,109,新北市,121.4693072,25.0817761
牛蒡天婦羅,新北市五股區店家,新北市五股區明義路1段247之9號,合格,己二烯酸0.48苯甲酸未檢出去水醋酸未檢出水楊酸未檢出對羥苯甲酸未檢出順丁烯二酸與順丁烯二酸酐總量未檢出,109,新北市,121.4693072,25.0817761
肉圓,新北市蘆洲區店家,新北市蘆洲區復興路410巷11號,合格,己二烯酸未檢出苯甲酸未檢出去水醋酸未檢出水楊酸未檢出對羥苯甲酸未檢出順丁烯二酸與順丁烯二酸酐總量未檢出,109,新北市,121.487691030599,25.092231014321
河粉,新北市樹林區店家,新北市樹林區俊美街219巷45弄8-1號,合格,己二烯酸未檢出苯甲酸未檢出去水醋酸未檢出水楊酸未檢出對羥苯甲酸未檢出順丁烯二酸與順丁烯二酸酐總量未檢出,109,新北市,121.4211074,25.0097618
厚燒黑輪,雲林縣斗六市店家,雲林縣斗六市斗工二路33號,合格,己二烯酸1.04苯甲酸未檢出去水醋酸未檢出水楊酸未檢出對羥苯甲酸未檢出順丁烯二酸與順丁烯二酸酐總量未檢出,109,新北市,120.596960597018,23.719585907515
板條,新北市樹林區店家,新北市樹林區俊英街219巷45弄8-1號,合格,己二烯酸未檢出苯甲酸未檢出去水醋酸未檢出水楊酸未檢出對羥苯甲酸未檢出順丁烯二酸與順丁烯二酸酐總量未檢出,109,新北市,121.420660867086,25.010195986838
彰化肉圓,新北市板橋區店家,新北市板橋區長安街138巷1弄180號,合格,己二烯酸未檢出苯甲酸未檢出去水醋酸未檢出水楊酸未檢出對羥苯甲酸未檢出順丁烯二酸與順丁烯二酸酐總量未檢出,109,新北市,121.474583997147,25.010540985973
芋仔肉圓,新北市板橋區店家,新北市板橋區長安街138巷1弄180號,合格,己二烯酸未檢出苯甲酸未檢出去水醋酸未檢出水楊酸未檢出對羥苯甲酸未檢出順丁烯二酸與順丁烯二酸酐總量未檢出,109,新北市,121.474583997147,25.010540985973
大中和粉圓,新北市中和區店家,新北市中和區橋宮接1號1樓,合格,己二烯酸0.36苯甲酸0.19去水醋酸未檢出水楊酸未檢出對羥苯甲酸未檢出順丁烯二酸與順丁烯二酸酐總量未檢出,109,新北市,121.5008581,24.998512
肉圓,彰化縣北斗鎮店家,彰化縣北斗鎮中華路117號,合格,己二烯酸未檢出苯甲酸未檢出去水醋酸未檢出水楊酸未檢出對羥苯甲酸未檢出順丁烯二酸與順丁烯二酸酐總量未檢出,109,新北市,120.52543890687,23.872978381753
水晶粉圓,台南市北區店家,台南市北區西門路4段271號7樓-6,合格,己二烯酸未檢出苯甲酸未檢出去水醋酸未檢出水楊酸未檢出對羥苯甲酸未檢出順丁烯二酸與順丁烯二酸酐總量未檢出,109,新北市,120.208898764201,23.013092890854
黑輪,臺北市萬華區店家,臺北市萬華區廣州街223巷13號1F,合格,己二烯酸未檢出苯甲酸未檢出去水醋酸未檢出水楊酸未檢出對羥苯甲酸未檢出順丁烯二酸與順丁烯二酸酐總量未檢出,109,新北市,121.498975419206,25.037127544655
肉圓,新北市汐止區店家,新北市汐止區汐平記食品,合格,己二烯酸未檢出苯甲酸未檢出去水醋酸未檢出水楊酸未檢出對羥苯甲酸未檢出順丁烯二酸與順丁烯二酸酐總量未檢出,109,新北市,121.6587593,25.0637969
登豐波霸粉圓,登豐,新北市三芝區中山路1段55號,合格,己二烯酸未檢出苯甲酸未檢出去水醋酸未檢出水楊酸未檢出對羥苯甲酸未檢出順丁烯二酸與順丁烯二酸酐總量未檢出,109,新北市,121.500733020483,25.257363014509
登豐椰香西米露,登豐,新北市三芝區中山路1段55號,合格,己二烯酸未檢出苯甲酸未檢出去水醋酸未檢出水楊酸未檢出對羥苯甲酸未檢出順丁烯二酸與順丁烯二酸酐總量未檢出,109,新北市,121.500733020483,25.257363014509
清蒸肉圓,新北市汐止區店家,新北市汐止區康寧街523號,合格,己二烯酸未檢出苯甲酸未檢出去水醋酸未檢出水楊酸未檢出對羥苯甲酸未檢出順丁烯二酸與順丁烯二酸酐總量未檢出,109,新北市,121.633552322925,25.068757620206
范氏肉圓生,彰化縣北斗鎮店家,彰化縣北斗鎮中華路262號,合格,己二烯酸未檢出苯甲酸未檢出去水醋酸未檢出水楊酸未檢出對羥苯甲酸未檢出順丁烯二酸與順丁烯二酸酐總量未檢出,109,新北市,120.522139035408,23.873148995393
米粄條,高雄市岡山區店家,高雄市岡山區本洲路192號,合格,己二烯酸未檢出苯甲酸未檢出去水醋酸未檢出水楊酸未檢出對羥苯甲酸未檢出順丁烯二酸與順丁烯二酸酐總量未檢出,109,新北市,120.265867039685,22.807421019677
粄條,新北市樹林區店家,新北市樹林區俊英街219巷45弄8-1號,合格,己二烯酸未檢出苯甲酸未檢出去水醋酸未檢出水楊酸未檢出對羥苯甲酸未檢出順丁烯二酸與順丁烯二酸酐總量未檢出,109,新北市,121.420660867086,25.010195986838
粄條,新北市板橋區店家,新北市板橋區中興路47號,合格,己二烯酸未檢出苯甲酸未檢出去水醋酸未檢出水楊酸未檢出對羥苯甲酸未檢出順丁烯二酸與順丁烯二酸酐總量未檢出,109,新北市,121.455477532677,25.007204485595
粄條,新北市板橋區店家,新北市板橋區忠孝路201巷38號,合格,己二烯酸未檢出苯甲酸未檢出去水醋酸未檢出水楊酸未檢出對羥苯甲酸未檢出順丁烯二酸與順丁烯二酸酐總量未檢出,109,新北市,121.464983029973,25.00364091946
Organika 大豆卵磷脂食用膠囊,臺北市南港區店家,臺北市南港區忠孝東路5段815號6樓,合格,重金屬<40 ppm砷未檢出鉛未檢出,107,新北市,121.582211154318,25.044916931095
三多大豆卵磷脂顆粒,臺北市大安區店家,臺北市大安區四維路208巷3-1號1F,合格,砷未檢出鉛未檢出重金屬<40 ppm,107,新北市,121.547578471502,25.026403150999
HIPP喜寶有機蘋果香蕉泥,臺北市中正區店家,臺北市中正區中華路2段41號1樓,合格,大腸桿菌陰性大腸桿菌群陰性,108,新北市,121.506384518699,25.035104739962
生機鮮蔬火腿泥,生機,台中市豐原區豐南街92巷96號1樓,合格,大腸桿菌群陰性大腸桿菌陰性,108,新北市,120.714220824053,24.237390297576
Alete香蕉桃子大米泥,臺北市內湖區店家,臺北市內湖區瑞光路513巷22弄5號8樓之3,合格,大腸桿菌陰性大腸桿菌群陰性,108,新北市,121.56909423022,25.079928098749
有機南瓜紅蘿蔔米泥,台中市豐原區店家,台中市豐原區豐南街92巷96號1樓,合格,大腸桿菌陰性大腸桿菌群陰性,108,新北市,120.714220824053,24.237390297576
生機鮮蔬義大利麵泥,生機,台中市豐原區豐南街92巷96號1樓,合格,大腸桿菌陰性大腸桿菌群陰性,108,新北市,120.714220824053,24.237390297576
IVENET艾唯倪蔬果泥A(柳橙胡蘿蔔風味),彰化縣秀水鄉店家,彰化縣秀水鄉莊雅村莊雅巷33號,合格,大腸桿菌群陰性大腸桿菌陰性,108,新北市,120.5102089888,24.026680986409
有機新綠花椰綜合蔬菜泥,台中市豐原區店家,台中市豐原區豐南街92巷96號1F,合格,大腸桿菌群陰性大腸桿菌陰性,108,新北市,120.714220824053,24.237390297576
亨氏寶寶生機綜合蔬菜泥,臺北市信義區店家,臺北市信義區東興路51號5樓,合格,大腸桿菌陰性大腸桿菌群陰性,108,新北市,121.566398693978,25.047651107911
有機優鮮果PLUS-蘋果芒果,台中市豐原區店家,台中市豐原區豐南街92巷96號1樓,合格,大腸桿菌陰性大腸桿菌群陰性,108,新北市,120.714220824053,24.237390297576
嘉寶雞肉泥,臺北市中山區店家,臺北市中山區南京東路3段70號4F,合格,大腸桿菌陰性大腸桿菌群陰性,108,新北市,121.538889958309,25.051752415044
有機洋梨小米纖果泥,台中市豐原區店家,台中市豐原區豐南街92巷96號1樓,合格,大腸桿菌陰性大腸桿菌群陰性,108,新北市,120.714220824053,24.237390297576
家福Baby6個月法國進口蘋果梨子泥,臺北市南港區店家,臺北市南港區南港路2段20巷5號B1,合格,大腸桿菌陰性大腸桿菌群陰性,108,新北市,121.60564251876,25.054304035051
營養補充食品玥倍適香蕉口味,臺北市松山區店家,臺北市松山區基隆路1段10號14樓,合格,大腸桿菌陰性大腸桿菌群陰性,108,新北市,121.569881877662,25.050679028523
彩虹甜椒牛牛粥,高雄市路竹區店家,高雄市路竹區信義路285號,合格,生菌數1400大腸桿菌陰性大腸桿菌群陰性,108,新北市,120.265383990605,22.868691013599
豆漿,新北市中和區店家,新北市中和區永貞路255號,合格,己二烯酸未檢出苯甲酸未檢出去水醋酸未檢出糖精(Saccharin)未檢出環己基(代)磺醯胺酸(cyclamate)未檢出甘精(dulcin)未檢出醋磺內酯鉀(Acesulfamepotassium)未檢出水楊酸未檢出對羥苯甲酸未檢出,109,新北市,121.512639011029,25.004146012945
豆漿,新北市中和區店家,新北市中和區永貞路268號,合格,己二烯酸未檢出苯甲酸未檢出去水醋酸未檢出糖精(Saccharin)未檢出環己基(代)磺醯胺酸(cyclamate)未檢出甘精(dulcin)未檢出醋磺內酯鉀(Acesulfamepotassium)未檢出水楊酸未檢出對羥苯甲酸未檢出,109,新北市,121.513696471934,25.00382180093
統一陽光低糖高纖豆漿,統一,台南市永康區中正路301號,合格,己二烯酸未檢出苯甲酸未檢出去水醋酸未檢出糖精(Saccharin)未檢出環己基(代)磺醯胺酸(cyclamate)未檢出甘精(dulcin)未檢出醋磺內酯鉀(Acesulfamepotassium)未檢出水楊酸未檢出對羥苯甲酸未檢出,109,新北市,120.244271988163,23.033431998004
統一陽光陽光黃金豆豆漿,統一,桃園市楊梅區民富路1段301號,合格,己二烯酸未檢出苯甲酸未檢出去水醋酸未檢出糖精(Saccharin)未檢出環己基(代)磺醯胺酸(cyclamate)未檢出甘精(dulcin)未檢出醋磺內酯鉀(Acesulfamepotassium)未檢出水楊酸未檢出對羥苯甲酸未檢出,109,新北市,121.128511978839,24.920106998142
統一陽光加糖高纖豆漿,統一,台南市新市區大營里大營7號,合格,己二烯酸未檢出苯甲酸未檢出去水醋酸未檢出糖精(Saccharin)未檢出環己基(代)磺醯胺酸(cyclamate)未檢出甘精(dulcin)未檢出醋磺內酯鉀(Acesulfamepotassium)未檢出水楊酸未檢出對羥苯甲酸未檢出,109,新北市,120.30163,23.0996
無加糖濃豆漿,嘉義縣民雄鄉店家,嘉義縣民雄鄉工業區成功街1號,合格,己二烯酸未檢出苯甲酸未檢出去水醋酸未檢出糖精(Saccharin)未檢出環己基(代)磺醯胺酸(cyclamate)未檢出甘精(dulcin)未檢出醋磺內酯鉀(Acesulfamepotassium)未檢出水楊酸未檢出對羥苯甲酸未檢出,109,新北市,120.452282577964,23.520387296342
無加糖鮮豆漿,桃園市大園區店家,桃園市大園區大觀路1249號,合格,己二烯酸未檢出苯甲酸未檢出去水醋酸未檢出糖精(Saccharin)未檢出環己基(代)磺醯胺酸(cyclamate)未檢出甘精(dulcin)未檢出醋磺內酯鉀(Acesulfamepotassium)未檢出水楊酸未檢出對羥苯甲酸未檢出,109,新北市,121.160402019117,25.05525097952
無加糖濃黑豆漿,嘉義縣民雄鄉店家,嘉義縣民雄鄉民雄工業區成功街1號,合格,己二烯酸未檢出苯甲酸未檢出去水醋酸未檢出糖精(Saccharin)未檢出環己基(代)磺醯胺酸(cyclamate)未檢出甘精(dulcin)未檢出醋磺內酯鉀(Acesulfamepotassium)未檢出水楊酸未檢出對羥苯甲酸未檢出,109,新北市,120.452282577964,23.520387296342
豆漿,新北市板橋區店家,新北市板橋區國泰街53之1號,合格,己二烯酸未檢出苯甲酸未檢出去水醋酸未檢出糖精(Saccharin)未檢出環己基(代)磺醯胺酸(cyclamate)未檢出甘精(dulcin)未檢出醋磺內酯鉀(Acesulfamepotassium)未檢出水楊酸未檢出對羥苯甲酸未檢出,109,新北市,121.46809799665,25.006496005229
養樂多鮮豆漿,臺北市中山區店家,臺北市中山區松江路261號3樓,合格,己二烯酸未檢出苯甲酸未檢出去水醋酸未檢出糖精(Saccharin)未檢出環己基(代)磺醯胺酸(cyclamate)未檢出甘精(dulcin)未檢出醋磺內酯鉀(Acesulfamepotassium)未檢出水楊酸未檢出對羥苯甲酸未檢出,109,新北市,121.533372486724,25.059715684065
黃薑片,桃園市龜山區店家,桃園市龜山區文化一路45號3樓,合格,二氧化硫未檢出大腸桿菌陰性大腸桿菌群陰性,108,新北市,121.371617010502,25.060270985151
豆皮壽司,豆皮,新北市三重區重陽路1段53號,合格,大腸桿菌群陰性大腸桿菌陰性,108,新北市,121.486920985154,25.058347003096
鮭魚握壽司,鮭魚,新北市三重區重陽路1段53號,合格,大腸桿菌陰性大腸桿菌群3.6,108,新北市,121.486920985154,25.058347003096
哇沙米鮭魚飯糰,新北市土城區店家,新北市土城區中興路16號,合格,大腸桿菌群93大腸桿菌陰性,108,新北市,121.425248965436,24.966089659481
助六壽司22入,新北市中和區店家,新北市中和區中山路2段347號,合格,大腸桿菌群陰性大腸桿菌陰性,108,新北市,121.491958928058,25.002705792432
花壽司餐盒,新北市新店區店家,新北市新店區中興路3段1號3樓,合格,大腸桿菌陰性大腸桿菌群38,108,新北市,121.545420131434,24.977687194467
瀧川壽司,新北市新店區店家,新北市新店區中興路3段1號3樓,合格,大腸桿菌群陰性大腸桿菌陰性,108,新北市,121.545420131434,24.977687194467
肉鬆三角飯糰,肉鬆,新北市五股區五權路49號3、4樓,合格,大腸桿菌陰性大腸桿菌群陰性,108,新北市,121.452758108011,25.069108696221
肉鬆手捲,肉鬆,新北市五股區五權路49號3、4樓,合格,大腸桿菌群陰性大腸桿菌陰性,108,新北市,121.452758108011,25.069108696221
海陸雙手卷,桃園市大溪區店家,桃園市大溪區松樹21-8號,合格,大腸桿菌群陰性大腸桿菌陰性,108,新北市,121.2870907,24.8805684
海陸雙拼壽司組,基隆市安樂區店家,基隆市安樂區武訓街43號,合格,大腸桿菌陰性大腸桿菌群陰性,108,新北市,121.700054175081,25.14587900841
海鮮炙燒握壽司,桃園市大溪區店家,桃園市大溪區松樹21-8號,合格,大腸桿菌陰性大腸桿菌群陰性,108,新北市,121.2870907,24.8805684
一配肉鬆飯糰,桃園市大溪區店家,桃園市大溪區松樹21-8號,合格,大腸桿菌陰性大腸桿菌群陰性,108,新北市,121.2870907,24.8805684
海苔壽司,海苔,新北市鶯歌區中正一路63號1樓,合格,大腸桿菌陰性大腸桿菌群陰性,108,新北市,121.352254814167,24.954314802286
醋薑片,高雄市大寮區店家,高雄市大寮區過溪里華一街553號,合格,二氧化硫未檢出大腸桿菌陰性大腸桿菌群陰性,108,新北市,120.411593970103,22.574733981199
壽司,新北市土城區店家,新北市土城區永安街25號,合格,大腸桿菌群9.2大腸桿菌陰性,108,新北市,121.433359930802,24.964461439228
雞肉飯飯糰,雞肉,基隆市安樂區武訓街43號,合格,大腸桿菌群陰性大腸桿菌陰性,108,新北市,121.700054175081,25.14587900841
多彩壽司組,基隆市安樂區店家,基隆市安樂區武訓街43號,合格,大腸桿菌陰性大腸桿菌群陰性,108,新北市,121.700054175081,25.14587900841
明太子龍蝦風味飯糰,桃園市大溪區店家,桃園市大溪區松樹21-8號,合格,大腸桿菌陰性大腸桿菌群23,108,新北市,121.2870907,24.8805684
稻荷壽司,新北市永和區店家,新北市永和區永和路2段168號2樓,合格,大腸桿菌群43大腸桿菌陰性,108,新北市,121.515510231962,25.013014401781
爭鮮黃薑片,桃園市龜山區店家,桃園市龜山區文化一路45號3樓,合格,大腸桿菌陰性大腸桿菌群陰性二氧化硫未檢出,108,新北市,121.371617010502,25.060270985151
招牌雙手卷,新北市土城區店家,新北市土城區中興路16號,合格,大腸桿菌陰性大腸桿菌群陰性,108,新北市,121.425248965436,24.966089659481
二配肉鬆飯糰,桃園市大溪區店家,桃園市大溪區松樹21-8號,合格,大腸桿菌陰性大腸桿菌群陰性,108,新北市,121.2870907,24.8805684
一配鮪魚飯糰,桃園市大溪區店家,桃園市大溪區松樹21-8號,合格,大腸桿菌陰性大腸桿菌群陰性,108,新北市,121.2870907,24.8805684
壽司薑,臺北市萬華區店家,臺北市萬華區青年路88號1樓,合格,大腸桿菌群陰性二氧化硫未檢出大腸桿菌陰性,108,新北市,121.502590282589,25.023144602321
豆皮壽司,豆皮,新北市板橋區介壽街9號1樓,合格,大腸桿菌陰性大腸桿菌群3.6,108,新北市,121.467436999766,25.020404013349
豆皮壽司,豆皮,新北市板橋區介壽街26號,合格,大腸桿菌陰性大腸桿菌群陰性,108,新北市,121.46784695865,25.020081980629
炙燒章魚壽司,新北市板橋區店家,新北市板橋區介壽街26號,合格,大腸桿菌陰性大腸桿菌群陰性,108,新北市,121.46784695865,25.020081980629
豆皮壽司,豆皮,新北市新莊區民安路125號1樓,合格,大腸桿菌群陰性大腸桿菌陰性,108,新北市,121.424986264401,25.024483695172
豆皮壽司,豆皮,新北市新店區民權路5號,合格,大腸桿菌陰性大腸桿菌群陰性,108,新北市,121.542815035928,24.982718012753
姜片,雲林縣元長鄉店家,雲林縣元長鄉下寮村興工街9號,合格,大腸桿菌群陰性二氧化硫未檢出大腸桿菌陰性,108,新北市,120.332244001484,23.613165995857
壽喜燒牛肉飯糰,桃園市大溪區店家,桃園市大溪區松樹21-8號,合格,大腸桿菌陰性大腸桿菌群陰性,108,新北市,121.2870907,24.8805684
哇沙米鮭魚飯糰,新北市土城區店家,新北市土城區中興路16號,合格,大腸桿菌陰性大腸桿菌群陰性,108,新北市,121.425248965436,24.966089659481
哇沙米鮭魚飯糰,新北市土城區店家,新北市土城區中興路16號,合格,大腸桿菌陰性大腸桿菌群陰性,108,新北市,121.425248965436,24.966089659481
二配鮪魚飯糰,桃園市大溪區店家,桃園市大溪區松樹21-8號,合格,大腸桿菌陰性大腸桿菌群陰性,108,新北市,121.2870907,24.8805684
大滿足麻醬涼麵,大滿足,桃園市大溪區松樹21-8號,合格,大腸桿菌陰性大腸桿菌群陰性,109,新北市,121.2870907,24.8805684
真飽涼麵-原味麻醬,新北市瑞芳區店家,新北市瑞芳區頂坪路129號,合格,大腸桿菌陰性大腸桿菌群陰性,109,新北市,121.784838705158,25.096544015833
御選麻醬雞絲涼麵,新北市瑞芳區店家,新北市瑞芳區頂坪路129號,合格,大腸桿菌陰性大腸桿菌群陰性,109,新北市,121.784838705158,25.096544015833
涼麵,桃園市八德區店家,桃園市八德區和成路30號,合格,大腸桿菌陰性大腸桿菌群陰性,109,新北市,121.32245262215,24.961291479394
涼麵本舖-蒜辣麻醬,台中市大甲區店家,台中市大甲區重義二路151號,合格,大腸桿菌陰性大腸桿菌群75,109,新北市,120.613590041461,24.335700005449
涼麵本舖-經典麻醬,台中市大甲區店家,台中市大甲區重義二路151號,合格,大腸桿菌陰性大腸桿菌群陰性,109,新北市,120.613590041461,24.335700005449
日式蕎麥風味麵,宜蘭縣五結鄉店家,宜蘭縣五結鄉五結路三段489號,合格,大腸桿菌陰性大腸桿菌群23,109,新北市,121.782549033772,24.682418980953
麻醬涼麵,新北市淡水區店家,新北市淡水區中正路115號,合格,大腸桿菌陰性大腸桿菌群陰性,109,新北市,121.46025496603,25.137366012268
大份量麻醬涼麵,新北市五股區店家,新北市五股區五權路49號,合格,大腸桿菌陰性大腸桿菌群460,109,新北市,121.452758108011,25.069108696221
重量級蒜辣雞絲麻醬涼麵,台中市大甲區店家,台中市大甲區重義二路151號,合格,大腸桿菌陰性大腸桿菌群陰性,109,新北市,120.613590041461,24.335700005449
重量級辣味麻醬涼麵,台中市大甲區店家,台中市大甲區重義二路151號,合格,大腸桿菌陰性大腸桿菌群陰性,109,新北市,120.613590041461,24.335700005449
超大滿足麻醬涼麵,桃園市大溪區店家,桃園市大溪區松樹21-8號,合格,大腸桿菌陰性大腸桿菌群陰性,109,新北市,121.2870907,24.8805684
大滿足川辣涼麵,大滿足,桃園市大溪區松樹21-8號,合格,大腸桿菌陰性大腸桿菌群240,109,新北市,121.2870907,24.8805684
蒜味涼麵,蒜味,新北市五股區五權路49號,合格,大腸桿菌陰性大腸桿菌群3.6,109,新北市,121.452758108011,25.069108696221
特重量級原味麻醬涼麵,台中市大甲區店家,台中市大甲區重義二路15號,合格,大腸桿菌陰性大腸桿菌群240,109,新北市,120.614574831265,24.336168511927
重量級辣味麻醬涼麵,台中市大甲區店家,台中市大甲區重義二路15號,合格,大腸桿菌陰性大腸桿菌群陰性,109,新北市,120.614574831265,24.336168511927
日式鰹魚烏龍冷麵,台中市大甲區店家,台中市大甲區重義二路151號,合格,大腸桿菌陰性大腸桿菌群陰性,109,新北市,120.613590041461,24.335700005449
川辣涼麵,桃園市大溪區店家,桃園市大溪區松樹21-8號,合格,大腸桿菌陰性大腸桿菌群陰性,109,新北市,121.2870907,24.8805684
原味涼麵,新北市板橋區店家,新北市板橋區中山路2段90巷10號,合格,大腸桿菌陰性大腸桿菌群75,109,新北市,121.475364268513,25.015973297421
酢醬涼麵,新北市板橋區店家,新北市板橋區中山路2段90巷10號,合格,大腸桿菌陰性大腸桿菌群93,109,新北市,121.475364268513,25.015973297421
大份量原味麻醬涼麵,台中市大甲區店家,台中市大甲區重義二路151號,合格,大腸桿菌陰性大腸桿菌群陰性,109,新北市,120.613590041461,24.335700005449
日式蕎麥風味麵,桃園市中壢區店家,桃園市中壢區自強一路111號,合格,大腸桿菌陰性大腸桿菌群陰性,109,新北市,121.244236138297,24.976757012762
真飽涼麵-香辣麻醬,新北市瑞芳區店家,新北市瑞芳區頂坪路129號,合格,大腸桿菌陰性大腸桿菌群陰性,109,新北市,121.784838705158,25.096544015833
重量級原味麻醬涼麵,台中市大甲區店家,台中市大甲區重義二路51號,合格,大腸桿菌陰性大腸桿菌群陰性,109,新北市,120.614203471963,24.336428636735
重量級蒜辣雞絲麻醬涼麵,台中市大甲區店家,台中市大甲區重義二路51號,合格,大腸桿菌陰性大腸桿菌群23,109,新北市,120.614203471963,24.336428636735
香蔥椒麻涼拌麵,桃園市大溪區店家,桃園市大溪區松樹21-8號,合格,大腸桿菌陰性大腸桿菌群3.6,109,新北市,121.2870907,24.8805684
經典綜合雞絲涼麵,經典,桃園市大溪區松樹21-8號,合格,大腸桿菌陰性大腸桿菌群陰性,109,新北市,121.2870907,24.8805684
日式烏龍涼麵,桃園市大溪區店家,桃園市大溪區松樹路21-8號,合格,大腸桿菌陰性大腸桿菌群3.6,109,新北市,121.2870907,24.8805684
台式麻醬涼麵,桃園市大溪區店家,桃園市大溪區松樹路21-8號,合格,大腸桿菌陰性大腸桿菌群3.6,109,新北市,121.2870907,24.8805684
丸龜胡麻嫩雞冷烏龍麵,桃園市中壢區店家,桃園市中壢區自強一路111號,合格,大腸桿菌陰性大腸桿菌群陰性,109,新北市,121.244236138297,24.976757012762
火腿涼麵,火腿,新北市三重區車路頭街76號,合格,大腸桿菌陰性大腸桿菌群43,109,新北市,121.484299796393,25.073922507034
台式麻醬涼麵,桃園市大溪區店家,桃園市大溪區松樹21-8號,合格,大腸桿菌陰性大腸桿菌群陰性,109,新北市,121.2870907,24.8805684
經典綜合雞絲涼麵,經典,桃園市大溪區松樹21-8號,合格,大腸桿菌陰性大腸桿菌群陰性,109,新北市,121.2870907,24.8805684
溫泉蛋烏龍涼麵,新竹縣新豐鄉店家,新竹縣新豐鄉中崙289-3號,合格,大腸桿菌陰性大腸桿菌群陰性,109,新北市,121.0036465,24.9038636
涼麵,新北市新莊區店家,新北市新莊區中平路34號,合格,大腸桿菌陰性大腸桿菌群240,109,新北市,121.444918011057,25.043501018101
雙醬涼麵,新北市淡水區店家,新北市淡水區北新路143號,合格,大腸桿菌陰性大腸桿菌群陰性,109,新北市,121.449516993691,25.179043014152
雞絲涼麵,新北市五股區店家,新北市五股區五權路49號,合格,大腸桿菌陰性大腸桿菌群240,109,新北市,121.452758108011,25.069108696221
真飽涼麵-香辣麻醬,新北市瑞芳區店家,新北市瑞芳區頂坪路129號,合格,大腸桿菌陰性大腸桿菌群陰性,109,新北市,121.784838705158,25.096544015833
無調味杏仁果,台中市梧棲區店家,台中市梧棲區自立一街178號,合格,黃麴毒素(7項)總黃麴毒素未檢出,108,新北市,120.529647041359,24.23820799414
炒熟花生粉(調合粉),南投縣南投市店家,南投縣南投市自強三路28號,合格,黃麴毒素(7項)總黃麴毒素1.0ppb(限量標準15ppb),108,新北市,120.665783984897,23.927273584496
薑黃粉,南投縣南投市店家,南投縣南投市南崗工業區工業南6路1號,合格,黃麴毒素(7項)總黃麴毒素2.8ppb(限量標準10ppb),108,新北市,120.65719697655,23.916309007405
無調味杏仁果,桃園市龜山區店家,桃園市龜山區大華里頂湖一街18號,合格,黃麴毒素(7項)總黃麴毒素未檢出,108,新北市,121.364231967071,25.048204984073
純花生粉,新北市新莊區店家,新北市新莊區新樹路67巷8號,合格,黃麴毒素(7項)總黃麴毒素0.3ppb(限量標準15ppb),108,新北市,121.439705221653,25.0300727063
杏仁果,桃園市龜山區店家,桃園市龜山區大華里頂湖一街18號,合格,黃麴毒素(7項)總黃麴毒素未檢出黃麴毒素B1未檢出,108,新北市,121.364231967071,25.048204984073
美國杏仁角,新北市五股區店家,新北市五股區五權五路6號,合格,黃麴毒素(7項)總黃麴毒素未檢出黃麴毒素B1未檢出,108,新北市,121.45034118623,25.063470818598
細辣椒粉(極辣),新北市五股區店家,新北市五股區五權三路15號,合格,黃麴毒素(7項)總黃麴毒素未檢出,108,新北市,121.452179421416,25.063639588218
紅麴色素粉末,紅麴,台中市北屯區崇德路2段128號,合格,橘黴素(citrinin)未檢出,108,新北市,120.685653537831,24.171001684932
頂級花生粉,頂級,彰化縣芳苑鄉仁愛村芳漢路芳二段758號,合格,黃麴毒素(7項)總黃麴毒素未檢出黃麴毒素B1未檢出赭麴毒素 A未檢出,108,新北市,120.321713090869,23.930630632276
薑黃粉,台南市麻豆區店家,台南市麻豆區麻豆口1-56號,合格,黃麴毒素(7項)總黃麴毒素未檢出,108,新北市,120.21656,23.180433
一級花生粉,彰化縣芳苑鄉店家,彰化縣芳苑鄉芳漢路芳二段758號,合格,黃麴毒素B1未檢出黃麴毒素(7項)總黃麴毒素未檢出赭麴毒素 A0.4 ug/kg (限量標準3 ug/kg),108,新北市,120.321713090869,23.930630632276
紅麴,紅麴,高雄市仁武區名湖街537號1樓,合格,橘黴素(citrinin)未檢出,108,新北市,120.347116012288,22.690294986912
杏仁角,新北市土城區店家,新北市土城區中央路1段290號,合格,黃麴毒素(7項)總黃麴毒素未檢出黃麴毒素B1未檢出,108,新北市,121.443381021471,24.982421000014
紅麴色素粉末,紅麴,台中市北屯區崇德路2段128號6樓之2,合格,橘黴素(citrinin)未檢出,108,新北市,120.685653537831,24.171001684932
紅麴米,紅麴,臺北市大同區甘州街17號,合格,橘黴素(citrinin)2.5ppm(限量標準 5 ppm),108,新北市,121.512921900262,25.058716812664
鮮凍大白蝦,臺北市中山區店家,臺北市中山區松江路87號17樓,合格,孔雀綠(2項)孔雀綠及其代謝物 未檢出氯黴素類抗生素(4項)氯黴素類 未檢出抗生素(40項)Avermectin類 未檢出動物用藥多重殘留(48項)磺胺劑類 Quinolone類未檢出,107,新北市,121.533203591375,25.050448945281
藍鑽蝦(冷凍),新北市新莊區店家,新北市新莊區新北大道2段217號14F,合格,四環黴素類(7項)四環黴素類 未檢出孔雀綠(2項)孔雀綠及其代謝物 未檢出動物用藥多重殘留(48項)磺胺劑等類 Quinolone類未檢出抗生素(40項)抗生素及其代謝物 未檢出,107,新北市,121.462772973563,25.060654289583
野生午仔魚,新北市中和區店家,新北市中和區中山路2段390號,合格,孔雀綠(2項)孔雀綠及其代謝物 未檢出動物用藥多重殘留(48項)磺胺劑等類 Quinolone類未檢出氯黴素類抗生素(4項)氯黴素類 未檢出Avermectin類抗生素(6項)Avermectin 類 未檢,107,新北市,121.4904542088,25.003705292476
產銷履歷午仔魚,高雄市梓官區店家,高雄市梓官區港九街63號,合格,硝基?喃代謝物(4項)硝基?喃代謝物 未檢出孔雀綠(2項)孔雀綠及其代謝物 未檢出四環黴素類(7項)四環黴素類 未檢出動物用藥多重殘留(48項)磺胺劑等類 Quinolone類未檢出,107,新北市,120.255888970688,22.728247993033
豆干,豆干,新北市土城區學成路1段9巷4號,合格,己二烯酸未檢出苯甲酸未檢出去水醋酸未檢出過氧化氫未檢出水楊酸未檢出對羥苯甲酸未檢出皂黃(MetanilYellow)未檢出二甲基黃(dimethylyellow)未檢出二乙基黃(diethylyellow)未檢出芥黃(Auramine)未檢出,110,新北市,121.453409717164,24.98631431022
非基改小白干,新北市深坑區店家,新北市深坑區昇尚里王軍寮1號之 10,合格,,110,新北市,121.621744,24.986375
豆皮卷基改,豆皮,新北市土城區金城路1段137號,合格,,110,新北市,121.44503803991,24.974126017175
泰山干絲,泰山,南投縣埔里鎮南環路358號1樓,合格,,110,新北市,120.962661020906,23.950165986992
非基因改造豆皮捲,新北市五股區店家,新北市五股區民義路1段220巷8-9號,合格,己二烯酸未檢出苯甲酸未檢出去水醋酸未檢出過氧化氫未檢出水楊酸未檢出對羥苯甲酸未檢出皂黃(MetanilYellow)未檢出二甲基黃(dimethylyellow)未檢出二乙基黃(diethylyellow)未檢出芥黃(Auramine)未檢出,110,新北市,121.429671999733,25.092269990171
角螺,台中市烏日區店家,台中市烏日區太明路成豐巷102 號,合格,,110,新北市,120.657957406819,24.056075925191
素松珍雞排,桃園市龜山區店家,桃園市龜山區復興3路452號,合格,,110,新北市,121.370459972588,25.043947983088
豆包,屏東縣萬巒鄉店家,屏東縣萬巒鄉佳和村佳興路89號,合格,,110,新北市,120.587027035927,22.57024098773
大溪五香豆乾,大溪,桃園市龍潭區工二路 298巷80弄26之7號,不合格,己二烯酸未檢出苯甲酸0.86去水醋酸未檢出過氧化氫未檢出水楊酸未檢出對羥苯甲酸未檢出皂黃(MetanilYellow)未檢出二甲基黃(dimethylyellow)未檢出二乙基黃(diethylyellow)未檢出芥黃(Auramine)未檢出,110,新北市,121.205343663875,24.886728566685
白紙碗-20入,新北市新莊區店家,新北市新莊區福營路125巷35號,合格,螢光增白劑未檢出,107,新北市,121.434060596597,25.030379400137
300ML植纖碗,高雄市楠梓區店家,高雄市楠梓區興楠路151巷27弄12號,合格,螢光增白劑未檢出,107,新北市,120.336928982445,22.730258979243
環保原色免洗圓皿T10,環保,桃園市桃園區永安路385巷6號11樓之2,合格,螢光增白劑未檢出,107,新北市,121.298536034906,25.001026981045
菲力家族環保紙杯,台中市南區店家,台中市南區忠明南路789號28樓,合格,螢光增白劑未檢出,107,新北市,120.66099733145,24.12325698143
70z紙杯,桃園市大園區店家,桃園市大園區菓林里26鄰崁下72-39號,合格,螢光增白劑未檢出,107,新北市,121.1954452,25.063879
8oz小杯,臺北市內湖區店家,臺北市內湖區行愛路140巷25號6F,合格,螢光增白劑未檢出,107,新北市,121.579393074652,25.063608784724
咖啡紙杯(大),咖啡,台南市麻豆區麻豆口1-31號,合格,螢光增白劑未檢出,107,新北市,120.21656,23.180433
關東煮520CC紙碗,關東,彰化縣鹿港鎮鹿工路17號,合格,螢光增白劑未檢出,107,新北市,120.3939499801,24.076439986972
咖啡紙杯(特大),咖啡,彰化縣鹿港鎮鹿工路17號,合格,螢光增白劑未檢出,107,新北市,120.3939499801,24.076439986972
OPEN!冷/熱飲紙杯,台南市佳里區店家,台南市佳里區六安里117-26號,合格,螢光增白劑未檢出,107,新北市,120.179954,23.168828
關東煮850cc紙碗,關東,彰化縣鹿港鎮鹿工路17號,合格,螢光增白劑未檢出,107,新北市,120.3939499801,24.076439986972
Dixie 冷飲紙杯,高雄市前鎮店家,高雄市前鎮區中華五路656號,合格,螢光增白劑未檢出,107,新北市,120.306124985361,22.60378699871
660CC冷飲杯(百事可樂2014版),臺北市內湖區店家,臺北市內湖區內湖路1段314號4樓,合格,螢光增白劑未檢出,107,新北市,121.569282487766,25.081338689235
環保紙杯,環保,台中市北區梅亭街535號,合格,螢光增白劑未檢出,107,新北市,120.670785969436,24.160283996798
2.5 OZ紙杯50入,台中市中區店家,台中市中區華中路二段836巷32-1號,合格,螢光增白劑未檢出,107,新北市,120.679548,24.143919
270飲料杯,桃園市中壢區店家,桃園市中壢區文中路2段257巷159號1樓,合格,螢光增白劑未檢出,107,新北市,121.253093798297,24.985871703823
205紙飲杯,彰化縣鹿港鎮店家,彰化縣鹿港鎮東右里工業西五路5號,合格,螢光增白劑未檢出,107,新北市,120.401462009364,24.070577013339
環保紙碗,環保,新北市永和區中和路389巷10號1樓,合格,螢光增白劑未檢出,107,新北市,121.508203978421,25.000961979386
260ml湯桶+蓋,台南市佳里區店家,台南市佳里區頂廓里1-5號,合格,螢光增白劑未檢出,107,新北市,120.177112,23.165378
一體大便當盒,台南市佳里區店家,台南市佳里區頂廓里1-5號,合格,螢光增白劑未檢出,107,新北市,120.177112,23.165378
圓糯白米,彰化縣福興鄉店家,彰化縣福興鄉外中村外中街426號,合格,二硫代胺基甲酸鹽類農藥多重殘留分析(380項)檢出細項三賽唑(Tricyclazole),110,新北市,120.471659023534,24.02278101259
黑糯米,臺東縣關山鎮店家,臺東縣關山鎮德高里忠慶24號,合格,,110,新北市,121.181378,23.0976
長糯白米,彰化縣福興鄉店家,彰化縣福興鄉外中街426號,合格,,110,新北市,120.471659023534,24.02278101259
長糯白米,臺北市萬華區店家,臺北市萬華區西昌街142號8樓之5,合格,,110,新北市,121.500558112792,25.039015880579
圓糯白米,彰化縣福興鄉店家,彰化縣福興鄉外中街426號,合格,,110,新北市,120.471659023534,24.02278101259
大同黑豆伯蔭油露,雲林縣斗六市店家,雲林縣斗六市斗工二路39號,合格,3-單氯丙二醇己二烯酸苯甲酸去水醋酸糖精(Saccharin)環己基(代)磺醯胺酸(cyclamate)甘精(dulcin)醋磺內酯鉀(Acesulfamepotassium),110,新北市,120.598737141396,23.719558205325
白醬油,雲林縣西螺鎮店家,雲林縣西螺鎮東興里7鄰106號,合格,,110,新北市,120.479876,23.769056
四季釀造醬油,四季,台南市新市區大營里大營7-2號,合格,,110,新北市,120.30163,23.0996
金味王醬油,雲林縣大埤鄉店家,雲林縣大埤鄉豐田路14號,合格,,110,新北市,120.466590486684,23.633588712492
金蘭醬油(釀造),金蘭,桃園市大溪區介壽路236號,合格,,110,新北市,121.308108322526,24.982546449642
肉粽,新北市土城區店家,新北市土城區和平路6巷,合格,大腸桿菌大腸桿菌群,110,新北市,121.442409600649,24.974433127761
南部粽,新北市新莊區店家,新北市新莊區民安西路492號,合格,,110,新北市,121.432550010007,25.00693999464
大肉粽,新北市石門區店家,新北市石門區八甲3之2號,合格,,110,新北市,121.5333,25.268817
蛋黃肉粽,蛋黃,新北市汐止區汐平路2段43之1號,合格,,110,新北市,121.696382985309,25.063759994257
南部肉粽,新北市深坑區店家,新北市深坑區深坑街128號,合格,,110,新北市,121.613336262113,25.001567404252
鹼粽,新北市新莊區店家,新北市新莊區自由街52號1樓,合格,硼酸及其鹽類,110,新北市,121.455633016981,25.045773980695
鹼粽,新北市三重區店家,新北市三重區力行路1段38巷2號,合格,,110,新北市,121.486066518906,25.067777543824
鹼粽,新北市板橋區店家,新北市板橋區四維路279巷28號,合格,,110,新北市,121.461812994192,25.028228017049
鹼粽,新北市鶯歌區店家,新北市鶯歌區鶯桃路135巷3號7F,合格,,110,新北市,121.337849004817,24.954415007939
鹼粽,新北市中和區店家,新北市中和區建三路75號1樓,合格,,110,新北市,121.486286139808,25.001264314633
豬肉,豬肉,新北市樹林區俊安街43號,合格,氯黴素類抗生素(4 項)四環黴素類(7項)動物用藥多重殘留(48 項)乙型受體素類(β-agonist)(21項),110,新北市,121.420258116638,25.012775685178
前腿肉(豬),前腿,新北市樹林區柑園街1段1-1號,合格,,110,新北市,121.408416834384,24.959627084881
後腿肉,後腿,桃園市蘆竹區山林路2段90巷2號,合格,,110,新北市,121.296380121507,25.083930876348
板腱,新北市三重區店家,新北市三重區重新路5段609巷2號6樓之1,合格,乙型受體素類(β-agonist)(21項)未檢出,110,新北市,121.468435200615,25.045562882463
台灣豬肉片,基隆市七堵區店家,基隆市七堵區工建南路23號,合格,,110,新北市,121.703376426223,25.083415515294
(雅勝)梅花肉,新北市三重區店家,新北市三重區重新路2段21號11F,合格,,110,新北市,121.498044022125,25.06240841237
辣椒醬,辣椒,屏東縣內埔鄉內埔工業區建國路47號,合格,己二烯酸苯甲酸去水醋酸糖精(Saccharin)環己基(代)磺醯胺酸(cyclamate)甘精(dulcin)醋磺內酯鉀(Acesulfamepotassium),110,新北市,120.549895959231,22.646958996843
HEINZ 辣椒醬,臺北市中山區店家,臺北市中山區民權東路3段4號地下一層,合格,,110,新北市,121.538608577819,25.062119655806
龍宏珍珠醬(辣椒醬),雲林縣林內鄉店家,雲林縣林內鄉烏森村永昌路1-60號,合格,,110,新北市,120.592441996835,23.755297005994
Mariza 辣椒醬,高雄市苓雅區店家,高雄市苓雅區四維四路199號12樓,合格,,110,新北市,120.293731000411,22.613679991389
上等辣椒醬,屏東縣新園鄉店家,屏東縣新園鄉仁吉村17鄰興安路1巷44號,合格,,110,新北市,120.462257964752,22.513321997837
辣椒醬,辣椒,高雄市岡山區隨西路69巷19號,合格,己二烯酸苯甲酸去水醋酸糖精(Saccharin)環己基(代)磺醯胺酸(cyclamate)甘精(dulcin)醋磺內酯鉀(Acesulfamepotassium),110,新北市,120.2949477,22.7973967
甜辣醬,屏東縣屏東市店家,屏東縣屏東市大連路20巷43號,合格,,110,新北市,120.508147962628,22.68666101279
CHINSU 辣椒醬,屏東縣新園鄉店家,屏東縣新園鄉山吉村17鄰興安路1巷44號,合格,,110,新北市,120.462257964752,22.513321997837
花生辣醬,花生,雲林縣北港鎮華勝路289號,合格,,110,新北市,120.298143988614,23.580473011164
四川辣椒醬,四川,新北市土城區永豐路195巷7弄24號,合格,,110,新北市,121.470656824052,24.980230808715
蝦米,蝦米,新北市三重區河邊北街100巷6號,合格,二氧化硫螢光增白劑,110,新北市,121.50368001382,25.070289999745
蝦米,蝦米,桃園市桃園區鹽務路5號1樓,合格,,110,新北市,121.311742980644,25.023057011433
台灣蝦仁,桃園市桃園區店家,桃園市桃園區鹽務路5號,合格,,110,新北市,121.311742980644,25.023057011433
蝦米,蝦米,宜蘭縣礁溪鄉瑪僯路26-3號,合格,,110,新北市,121.767648524497,24.790199191677
蝦米,蝦米,臺北市大同區民生西路423巷23號1樓,合格,,110,新北市,121.508784173759,25.057628338718
蝦米,蝦米,臺北市大同區涼洲街96號,合格,二氧化硫螢光增白劑,110,新北市,121.510194093692,25.060528393397
蝦皮,新竹市東區店家,新竹市東區太原路255巷20號,合格,,110,新北市,120.994079998226,24.812697016081
蝦皮,新北市五股區店家,新北市五股區登林路89-6號,合格,,110,新北市,121.423872812383,25.070236104108
精選蝦米,宜蘭縣頭城鎮店家,宜蘭縣頭城鎮大里路115號,合格,,110,新北市,121.921461979822,24.963721979858
蝦米,蝦米,臺北市大同區歸綏街238號,合格,,110,新北市,121.509276653092,25.058101078617
鹹蛋黃,鹹蛋,新北市新店區中正路328巷24號,合格,己二烯酸苯甲酸去水醋酸蘇丹色素一號蘇丹色素二號蘇丹色素三號蘇丹色素四號,110,新北市,121.537678018928,24.975790998422
鹹蛋黃,鹹蛋,新北市永和區中正路588號B1,合格,,110,新北市,121.517118082057,25.006718287964
鹹蛋黃,鹹蛋,新北市蘆洲區仁愛街118巷13-7號,合格,,110,新北市,121.469623411306,25.094859785583
鹹蛋仁,鹹蛋,新北市新莊區中正路513號,合格,,110,新北市,121.440198999569,25.033310006854
鹹蛋黃,鹹蛋,新北市板橋區金門街121巷68號,合格,,110,新北市,121.429789845293,24.98615569933
鹹蛋黃,鹹蛋,新北市三峽區三樹路222巷236弄8之12號,合格,己二烯酸苯甲酸去水醋酸蘇丹色素一號蘇丹色素二號蘇丹色素三號蘇丹色素四號,110,新北市,121.379719418316,24.942544848518
鹹蛋黃,鹹蛋,新北市蘆洲區光華路46巷33號,合格,,110,新北市,121.467935974462,25.084029992616
鹹蛋黃,鹹蛋,新北市中和區建康路建康路250號,合格,,110,新北市,121.492447173918,24.999615091365
鹹蛋黃,鹹蛋,屏東縣新園鄉媽祖三巷175號,合格,,110,新北市,120.445169557783,22.52614899255
鹹蛋黃,鹹蛋,屏東縣鹽埔鄉仕正路12-49號,合格,,110,新北市,120.558351287878,22.760494599473
香菇,香菇,臺北市大同區歸綏街224號1F,合格,己二烯酸苯甲酸去水醋酸二氧化硫,110,新北市,121.509973146725,25.058154009775
新社黑皮厚肉香菇,新北市三芝區店家,新北市三芝區中山路1段55號,合格,,110,新北市,121.500733020483,25.257363014509
坤松香菇-大菇,台中市新社區店家,台中市新社區中興嶺169-31號,合格,,110,新北市,120.788371,24.208522
登豐高山菇,登豐,新北市三芝區中山路1段55號,合格,,110,新北市,121.500733020483,25.257363014509
鈕菇,桃園市桃園區店家,桃園市桃園區鹽務路7號,合格,己二烯酸苯甲酸去水醋酸二氧化硫,110,新北市,121.311700987309,25.023163000598
乾香菇,台中市新社區店家,台中市新社區協成里信義街31巷3號,合格,,110,新北市,120.718834307379,24.249093320337
香菇,香菇,臺北市大同區歸綏歸綏街238號,合格,,110,新北市,121.509276653092,25.058101078617
乾香菇,新北市三重區店家,新北市三重區河邊北街100巷10號,合格,,110,新北市,121.503523020774,25.070257016956
乾香菇,新北市五股區店家,新北市五股區登林路89-6號,合格,,110,新北市,121.423872812383,25.070236104108
高級珍珠脯,高級,嘉義縣布袋鎮見龍里內田38-2號,合格,甲醛己二烯酸苯甲酸去水醋酸,110,新北市,120.1790079,23.3818126
珍珠脯,珍珠,嘉義縣布袋鎮見龍里內里41號,合格,,110,新北市,120.166789,23.378079
台灣人參脯,嘉義縣布袋鎮店家,嘉義縣布袋鎮振寮里222-7號,合格,,110,新北市,120.166789,23.378079
汫度手切脯(老黑菜脯),新北市中和區店家,新北市中和區中正路1206巷5號10F,合格,,110,新北市,121.480141031314,25.011028980376
乾碎脯,嘉義縣布袋鎮店家,嘉義縣布袋鎮江山里110號,合格,,110,新北市,120.166789,23.378079
珍珠脯,珍珠,嘉義縣布袋鎮振寮里222號,合格,甲醛己二烯酸苯甲酸去水醋酸,110,新北市,120.166789,23.378079
汫度珍珠脯,嘉義縣布袋鎮店家,嘉義縣布袋鎮貝龍里25號,合格,,110,新北市,120.166789,23.378079
乾大脯,嘉義縣布袋鎮店家,嘉義縣布袋鎮江山里110號,合格,,110,新北市,120.166789,23.378079
汫度珍珠脯,嘉義縣布袋鎮店家,嘉義縣布袋鎮東港里187-9號,合格,,110,新北市,120.166789,23.378079
碎脯,台中市外埔區店家,台中市外埔區六分路中興巷10號,合格,,110,新北市,120.664699586399,24.328820559001
(菜脯)手切脯,嘉義縣布袋鎮店家,嘉義縣布袋鎮江山里110號,合格,甲醛己二烯酸苯甲酸去水醋酸,110,新北市,120.166789,23.378079
嚴選碎脯,彰化縣芳苑鄉店家,彰化縣芳苑鄉福榮村小西路6號,合格,,110,新北市,120.333486031896,23.891803004729
菜脯,新北市八里區店家,新北市八里區龍米路2段62號,合格,,110,新北市,121.445111418254,25.147986543137
汫度碎脯,嘉義縣布袋鎮店家,嘉義縣布袋鎮振寮里181號,合格,,110,新北市,120.19022477974,23.415413766576
菜脯,嘉義縣布袋鎮店家,嘉義縣布袋鎮見龍里內田38-2號,合格,,110,新北市,120.1790079,23.3818126
碎脯,台中市大甲區店家,台中市大甲區東西八路1段122號,合格,甲醛己二烯酸苯甲酸去水醋酸,110,新北市,120.635306965856,24.36425698193
客家珍珠脯,客家,嘉義縣布袋鎮見龍里內田203號,合格,,110,新北市,120.1790079,23.3818126
乾大脯,嘉義縣布袋鎮店家,嘉義縣布袋鎮見龍里25號,合格,,110,新北市,120.166789,23.378079
菜脯,雲林縣斗南鎮店家,雲林縣斗南鎮武昌街69號,合格,,110,新北市,120.47392398141,23.674678017234
客家碎脯,客家,台中市大甲區東西8路1段122號,合格,,110,新北市,120.635306965856,24.36425698193
健康好理由純芥花油,健康,彰化縣田中鎮興工路6號,合格,抗氧化劑(11項),108,新北市,120.592756988757,23.848935982142
源順玉米胚芽油,雲林縣土庫鎮店家,雲林縣土庫鎮成功路1-62號,合格,抗氧化劑(11項),108,新北市,120.393963307326,23.673047904704
福壽純芥花油,台中市沙鹿區店家,台中市沙鹿區沙田路45號,合格,抗氧化劑(11項),108,新北市,120.557719962931,24.230643997076
奧利塔頂級葵花油,嘉義市東區店家,嘉義市東區長榮街60巷3號,合格,抗氧化劑(11項),108,新北市,120.455889981452,23.484528885914
福壽大豆沙拉油,台中市梧棲區店家,台中市梧棲區草湳里自強路98號,合格,抗氧化劑(11項),108,新北市,120.527772009619,24.235235016903
統一大豆沙拉油,統一,台南市永康區中正路301號A區,合格,抗氧化劑(11項),108,新北市,120.244775050449,23.034333225165
維義100%芥花油,高雄市大社區店家,高雄市大社區旗楠路103巷23號,合格,抗氧化劑(11項),108,新北市,120.348038021637,22.751027994208
泰山好理調合油,泰山,彰化縣田中鎮興工路6號,合格,抗氧化劑(11項),108,新北市,120.592756988757,23.848935982142
烤酥油,台南市東區店家,台南市東區生產路68號,合格,抗氧化劑(11項),108,新北市,120.221047997578,22.963620006556
統一綺麗健康油,統一,台南市永康區中正路301號,合格,抗氧化劑(11項),108,新北市,120.244271988163,23.033431998004
Dixie高級免洗碗,高雄市前鎮店家,高雄市前鎮區中華五路656號,合格,螢光增白劑未檢出,109,新北市,120.306124985361,22.60378699871
植物纖維圓盤,臺北市大同區店家,臺北市大同區西寧北路116號1樓,合格,螢光增白劑未檢出,109,新北市,121.508862963649,25.056236523695
自然風環保植纖圓紙盤10吋,自然風環,台南市佳里區成功路202巷4弄7號,合格,螢光增白劑未檢出,109,新北市,120.172739988273,23.15084100382
自然風環保植纖湯碗350ml,自然風環,台南市佳里區成功路202巷4弄7號,合格,螢光增白劑未檢出,109,新北市,120.172739988273,23.15084100382
白紙碗-20入,新北市新莊區店家,新北市新莊區福營路125巷35號,合格,螢光增白劑未檢出,109,新北市,121.434060596597,25.030379400137
10吋植纖圓盤4入,高雄市楠梓區店家,高雄市楠梓區興楠路151巷27弄12號,合格,螢光增白劑未檢出,109,新北市,120.336928982445,22.730258979243
紙飯碗500,桃園市中壢區店家,桃園市中壢區復興里長春路45號,合格,螢光增白劑未檢出,109,新北市,121.249463931308,24.978610880197
紙餐盒,桃園市中壢區店家,桃園市中壢區復興里長春路45號,合格,螢光增白劑未檢出,109,新北市,121.249463931308,24.978610880197
紙杯,台中市大甲區店家,台中市大甲區永義路58號,合格,螢光增白劑未檢出,109,新北市,120.712805874978,24.130286213071
250ml碗,臺北市士林區店家,臺北市士林區通河西街2段108巷2弄9號1F,合格,螢光增白劑未檢出,109,新北市,121.507479949625,25.092545796694
10吋植纖圓盤4入,臺北市士林區店家,臺北市士林區通河西街2段108巷2弄9號1F,合格,螢光增白劑未檢出,109,新北市,121.507479949625,25.092545796694
6.5盎司冷熱飲紙杯,基隆市七堵區店家,基隆市七堵區麗景一街57號,合格,螢光增白劑未檢出,109,新北市,121.668107976051,25.086982015095
怡家寶環保紙吸管,高雄市三民區店家,高雄市三民區永吉街13-1號1樓,合格,螢光增白劑未檢出,109,新北市,120.308101019034,22.64464098152
蛋糕烘焙紙杯,桃園市龍潭區店家,桃園市龍潭區中央街281號,合格,螢光增白劑未檢出,109,新北市,121.207184019129,24.880391990245
油力士,臺北市士林區店家,臺北市士林區承德路4段150號9F,合格,螢光增白劑未檢出,109,新北市,121.523120497131,25.085137535392
8 oz專業咖啡杯,新北市新莊區店家,新北市新莊區福營路125巷35號,合格,螢光增白劑未檢出,109,新北市,121.434060596597,25.030379400137
4.5吋紙碗,新北市板橋區店家,新北市板橋區貴興路101號,合格,螢光增白劑未檢出,109,新北市,121.456198041074,25.00257700449
紙纖碗,台南市佳里區店家,台南市佳里區下營里頂廓1號之5,合格,螢光增白劑未檢出,109,新北市,120.155499,23.172475
植物纖維飯碗(大),台南市佳里區店家,台南市佳里區下營里頂廓1號之5,合格,螢光增白劑未檢出,109,新北市,120.155499,23.172475
環保植物纖維碗(小)225ml,環保,台南市佳里區成功路202巷4弄7號1樓,合格,螢光增白劑未檢出,109,新北市,120.172739988273,23.15084100382
大漢非基改涼拌豆腐,大漢,桃園市大園區大觀路548號,合格,大腸桿菌陰性大腸桿菌群陰性,109,新北市,121.180793932258,25.064508288663
中華非基因改造黃豆超嫩豆腐,高雄市大樹區店家,高雄市大樹區龍目路110-6號,合格,大腸桿菌陰性大腸桿菌群陰性,109,新北市,120.416563013762,22.684951020724
義美鮮嫩豆腐,義美,桃園市蘆竹區南工路1段11號,合格,大腸桿菌陰性大腸桿菌群陰性,109,新北市,121.278934367597,25.060315283509
義美湯の豆腐,義美湯,桃園市蘆竹區南工路1段11號,合格,大腸桿菌陰性大腸桿菌群陰性,109,新北市,121.278934367597,25.060315283509
禾乃川鹽鹵豆腐,新北市三峽區店家,新北市三峽區民權街84巷12之1號,合格,大腸桿菌陰性大腸桿菌群陰性,109,新北市,121.369074024898,24.933250995787
大漢超嫩豆腐,大漢,桃園市大園區大觀路548號,合格,大腸桿菌陰性大腸桿菌群陰性,109,新北市,121.180793932258,25.064508288663
中華涼拌豆腐,高雄市大樹區店家,高雄市大樹區龍目路110-6號,合格,大腸桿菌陰性大腸桿菌群陰性,109,新北市,120.416563013762,22.684951020724
桂冠芙蓉豆腐,桂冠,臺北市中正區羅斯福路3段126號,合格,大腸桿菌陰性大腸桿菌群陰性,109,新北市,121.52794763517,25.020581793515
母親節蛋糕,新北市樹林區店家,新北市樹林區佳園路1段24號,合格,大腸桿菌陰性沙門氏桿菌陰性己二烯酸未檢出苯甲酸未檢出去水醋酸未檢出大腸桿菌群陰性金黃色葡萄球菌陰性,107,新北市,121.392699005731,24.971142017735
黑森林,新北市三重區店家,新北市三重區光復路2段16號,合格,大腸桿菌陰性大腸桿菌群陰性金黃色葡萄球菌陰性去水醋酸未檢出己二烯酸未檢出苯甲酸未檢出沙門氏桿菌陰性,107,新北市,121.471943697646,25.053966117582
千層蛋糕(母親節蛋糕),新北市五股區店家,新北市五股區五工二路124號2樓,合格,沙門氏桿菌陰性大腸桿菌群陰性去水醋酸未檢出金黃色葡萄球菌陰性己二烯酸未檢出苯甲酸未檢出大腸桿菌陰性,107,新北市,121.455267985098,25.0704029878
芋泥蛋糕(母親節蛋糕),新北市五股區店家,新北市五股區五工二路130號,合格,苯甲酸未檢出大腸桿菌陰性大腸桿菌群陰性沙門氏桿菌陰性己二烯酸未檢出去水醋酸未檢出金黃色葡萄球菌陰性,107,新北市,121.454638001255,25.070849282234
茹美乳酪(蛋奶),新北市三重區店家,新北市三重區重新1段99號,合格,沙門氏桿菌陰性苯甲酸未檢出己二烯酸未檢出大腸桿菌陰性大腸桿菌群陰性去水醋酸未檢出金黃色葡萄球菌陰性,107,新北市,121.4885336,25.061008
巧克力脆片(慕斯),新北市新店區店家,新北市新店區寶中路78號4樓,合格,去水醋酸未檢出苯甲酸未檢出沙門氏桿菌陰性金黃色葡萄球菌陰性大腸桿菌陰性大腸桿菌群陰性己二烯酸0.05,107,新北市,121.548237037635,24.980559002133
手作千層,新北市新店區店家,新北市新店區寶中路78號4樓,合格,金黃色葡萄球菌陰性己二烯酸未檢出苯甲酸未檢出大腸桿菌陰性大腸桿菌群陰性沙門氏桿菌陰性去水醋酸未檢出,107,新北市,121.548237037635,24.980559002133
維也納布丁,新北市淡水區店家,新北市淡水區北新路21號,合格,大腸桿菌陰性大腸桿菌群陰性己二烯酸未檢出苯甲酸未檢出沙門氏桿菌陰性去水醋酸未檢出金黃色葡萄球菌陰性,107,新北市,121.444861014115,25.177728019272
芋泥瑞士捲,新北市板橋區店家,新北市板橋區國慶路27號,合格,己二烯酸0.09苯甲酸未檢出沙門氏桿菌陰性大腸桿菌陰性大腸桿菌群陰性去水醋酸未檢出金黃色葡萄球菌陰性,107,新北市,121.458700961181,24.995771988759
藍莓檸檬千層乳酪,新北市板橋區店家,新北市板橋區國慶路27號,合格,大腸桿菌陰性沙門氏桿菌陰性苯甲酸未檢出大腸桿菌群陰性金黃色葡萄球菌陰性去水醋酸未檢出己二烯酸0.04,107,新北市,121.458700961181,24.995771988759
巧克力了莓,新北市新莊區店家,新北市新莊區五權七路12巷3號,合格,去水醋酸未檢出大腸桿菌陰性大腸桿菌群陰性沙門氏桿菌陰性金黃色葡萄球菌陰性苯甲酸未檢出己二烯酸未檢出,107,新北市,121.44794496775,25.065770016548
荷蘭貴族手工蛋糕,新北市土城區店家,新北市土城區忠承路83號2樓,合格,去水醋酸未檢出金黃色葡萄球菌陰性己二烯酸未檢出苯甲酸未檢出大腸桿菌陰性大腸桿菌群陰性沙門氏桿菌陰性,107,新北市,121.438260013907,24.964449990059
日本經典乳酪蛋糕,新北市土城區店家,新北市土城區忠承路83號2樓,合格,大腸桿菌群陰性沙門氏桿菌陰性苯甲酸未檢出去水醋酸未檢出金黃色葡萄球菌陰性己二烯酸未檢出大腸桿菌陰性,107,新北市,121.438260013907,24.964449990059
鮮奶油蛋糕,新北市新店區店家,新北市新店區北新路2段5號,合格,去水醋酸未檢出金黃色葡萄球菌陰性大腸桿菌群23己二烯酸未檢出大腸桿菌陰性沙門氏桿菌陰性苯甲酸未檢出,107,新北市,121.54256550667,24.971309404341
黑森林蛋糕,新北市汐止區店家,新北市汐止區環河街166號,合格,金黃色葡萄球菌陰性苯甲酸未檢出大腸桿菌群43沙門氏桿菌陰性己二烯酸未檢出大腸桿菌陰性去水醋酸未檢出,107,新北市,121.628212966783,25.057611994006
莓麗佳人,新北市三重區店家,新北市三重區自強路3段10號,合格,金黃色葡萄球菌陰性大腸桿菌群21去水醋酸未檢出大腸桿菌陰性己二烯酸未檢出苯甲酸未檢出沙門氏桿菌陰性,107,新北市,121.486969013459,25.071907287963
花蜜,桃園市楊梅區店家,桃園市楊梅區高獅路813巷22弄11號,合格,大腸桿菌陰性大腸桿菌群陰性苯甲酸0.04去水醋酸未檢出金黃色葡萄球菌陰性己二烯酸0.02沙門氏桿菌陰性,107,新北市,121.164520215785,24.928225793377
巧克力金磚,新北市樹林區店家,新北市樹林區大安路502號3樓,合格,大腸桿菌群陰性去水醋酸未檢出金黃色葡萄球菌陰性大腸桿菌陰性己二烯酸未檢出苯甲酸未檢出沙門氏桿菌陰性,107,新北市,121.413943106967,24.98641648562
母親節蛋糕(5吋乳酪蛋糕),新北市樹林區店家,新北市樹林區大安路502號3樓之5,合格,大腸桿菌群陰性去水醋酸未檢出金黃色葡萄球菌陰性己二烯酸未檢出沙門氏桿菌陰性苯甲酸未檢出大腸桿菌陰性,107,新北市,121.413943106967,24.98641648562
藍莓布丁蛋糕,新北市八里區店家,新北市八里區龍米路2段232巷5號,合格,苯甲酸未檢出大腸桿菌陰性金黃色葡萄球菌陰性沙門氏桿菌陰性去水醋酸未檢出大腸桿菌群3.6己二烯酸未檢出,107,新北市,121.431720285412,25.159119314123
水果戀人,水果,新北市汐止區中興路141號,合格,去水醋酸未檢出大腸桿菌群3.6金黃色葡萄球菌陰性己二烯酸未檢出苯甲酸未檢出沙門氏桿菌陰性大腸桿菌陰性,107,新北市,121.631400017827,25.065531006579
甜心美莓蛋糕,臺北市內湖區店家,臺北市內湖區瑞湖街178巷15號,合格,大腸桿菌陰性大腸桿菌群93金黃色葡萄球菌陰性去水醋酸未檢出沙門氏桿菌陰性己二烯酸未檢出苯甲酸未檢出,107,新北市,121.575794388343,25.07079165665
經典芋泥卷,經典,新北市汐止區汐萬路1段238號,合格,金黃色葡萄球菌陰性去水醋酸未檢出大腸桿菌陰性苯甲酸未檢出沙門氏桿菌陰性大腸桿菌群陰性己二烯酸未檢出,107,新北市,121.651628567675,25.073106696398
拿破崙蛋糕純濃甘納許,新北市中和區店家,新北市中和區連城路134巷3號,合格,去水醋酸未檢出大腸桿菌陰性大腸桿菌群陰性苯甲酸未檢出沙門氏桿菌陰性己二烯酸0.06金黃色葡萄球菌陰性,107,新北市,121.495419983517,24.99961199006
燕麥豆漿蛋糕捲-玫瑰天使,新北市三重區店家,新北市三重區國道路1段68號,合格,金黃色葡萄球菌陰性去水醋酸未檢出大腸桿菌陰性己二烯酸未檢出苯甲酸未檢出大腸桿菌群43沙門氏桿菌陰性,107,新北市,121.480626008231,25.072775988408
新鮮草莓千層蛋糕,新北市中和區店家,新北市中和區中山路2段347號,合格,沙門氏桿菌陰性己二烯酸0.03去水醋酸未檢出金黃色葡萄球菌陰性大腸桿菌陰性苯甲酸未檢出大腸桿菌群3.6,107,新北市,121.491958928058,25.002705792432
8吋黑森林C,新北市中和區店家,新北市中和區板南路490號3樓之1,合格,己二烯酸未檢出金黃色葡萄球菌陰性苯甲酸未檢出大腸桿菌陰性大腸桿菌群陰性沙門氏桿菌陰性去水醋酸未檢出,107,新北市,121.486577494762,25.007401292681
巧克力麋鹿(母親節蛋糕),桃園市蘆竹區店家,桃園市蘆竹區南工路1段11號,合格,大腸桿菌群陰性金黃色葡萄球菌陰性大腸桿菌陰性己二烯酸未檢出苯甲酸未檢出沙門氏桿菌陰性去水醋酸未檢出,107,新北市,121.278934367597,25.060315283509
鴨肉,新北市三重區店家,新北市三重區中正北路145巷8弄8號,合格,離子型抗球蟲藥(5項)未檢出β-內醯胺類抗生素(8項)未檢出氯黴素類抗生素(4項)未檢出抗原蟲(7項)未檢出,未知,新北市,121.483772993779,25.067955011068
鵝肉,雲林縣台西鄉店家,雲林縣台西鄉中厝村成功路172-9號,合格,抗原蟲(7項)未檢出β-內醯胺類抗生素(8項)未檢出氯黴素類抗生素(4項)未檢出乙型受體素類(β-agonist)(21項)未檢出,未知,新北市,120.548915025102,23.706714992275
鵝肉,臺北市萬華區店家,臺北市萬華區環南市場,合格,氯黴素類抗生素(4項)未檢出β-內醯胺類抗生素(8項)未檢出抗原蟲(7項)未檢出乙型受體素類(β-agonist)(21項)未檢出,未知,新北市,121.4926,25.0303
去骨櫻桃鴨腿肉,花蓮縣鳳林鎮店家,花蓮縣鳳林鎮綠開段4地號中心埔段137筆12筆地號,合格,抗原蟲(7項)未檢出β-內醯胺類抗生素(8項)未檢出氯黴素類抗生素(4項)未檢出離子型抗球蟲藥(5項)未檢出,未知,新北市,121.4517976,23.7447244
鮮切白酢辣椒,新北市五股區店家,新北市五股區五工路144號,合格,規定外煤焦色素蘇丹紅I/II/III/IV/蘇丹紅G/蘇丹橙G/蘇丹墨B/蘇丹紅7B/鹼性橙/玫瑰紅B 未檢出,107,新北市,121.449644985352,25.070356007232
真好家辣椒醬,真好家,新北市五股區五工路144號,合格,規定外煤焦色素蘇丹紅I/II/III/IV/蘇丹紅G/蘇丹橙G/蘇丹墨B/蘇丹紅7B/鹼性橙/玫瑰紅B 未檢出,107,新北市,121.449644985352,25.070356007232
真好家辣豆瓣醬,真好家,新北市五股區五工路144號,合格,規定外煤焦色素蘇丹紅I/II/III/IV/蘇丹紅G/蘇丹橙G/蘇丹墨B/蘇丹紅7B/鹼性橙/玫瑰紅B 未檢出,107,新北市,121.449644985352,25.070356007232
三豐甜辣醬,新北市新莊區店家,新北市新莊區化成路100之1號,合格,規定外煤焦色素蘇丹紅I/II/III/IV/蘇丹紅G/蘇丹橙G/蘇丹墨B/蘇丹紅7B/鹼性橙/玫瑰紅B 未檢出,107,新北市,121.465351163161,25.044128403554
四川辣椒醬,四川,新北市新莊區化成路100之1號,合格,規定外煤焦色素蘇丹紅I/II/III/IV/蘇丹紅G/蘇丹橙G/蘇丹墨B/蘇丹紅7B/鹼性橙/玫瑰紅B 未檢出,107,新北市,121.465351163161,25.044128403554
辣豆瓣,新北市新莊區店家,新北市新莊區化成路100之1號,合格,規定外煤焦色素蘇丹紅I/II/III/IV/蘇丹紅G/蘇丹橙G/蘇丹墨B/蘇丹紅7B/鹼性橙/玫瑰紅B 未檢出,107,新北市,121.465351163161,25.044128403554
辣豆瓣醬,新竹市香山區店家,新竹市香山區牛埔路280號,合格,規定外煤焦色素蘇丹紅II/III/IV/蘇丹紅G/蘇丹橙G/蘇丹墨B/蘇丹紅7B/鹼性橙/玫瑰紅B 未檢出,107,新北市,120.94723597213,24.80010580495
原味朝天椒,屏東縣屏東市店家,屏東縣屏東市大連路20巷160號,合格,規定外煤焦色素蘇丹紅II/III/IV/蘇丹紅G/蘇丹橙G/蘇丹墨B/蘇丹紅7B/鹼性橙/玫瑰紅B 未檢出,107,新北市,120.510190967708,22.691947982037
麻辣醬,新北市深坑區店家,新北市深坑區深坑街122號,合格,規定外煤焦色素蘇丹紅II/III/IV/蘇丹紅G/蘇丹橙G/蘇丹墨B/蘇丹紅7B/鹼性橙/玫瑰紅B 未檢出,107,新北市,121.613509013138,25.001326005441
朝天麻辣醬,新北市深坑區店家,新北市深坑區深坑街110號,合格,規定外煤焦色素蘇丹紅II/III/IV/蘇丹紅G/蘇丹橙G/蘇丹墨B/蘇丹紅7B/鹼性橙/玫瑰紅B 未檢出,107,新北市,121.613612026728,25.001379984897
四川麻辣,四川,新北市深坑區深坑街26號,合格,規定外煤焦色素蘇丹紅I/II/III/IV/蘇丹紅G/蘇丹橙G/蘇丹墨B/蘇丹紅7B/鹼性橙/玫瑰紅B 未檢出,107,新北市,121.615362503387,25.001912403387
麻辣鍋底醬,新北市汐止區店家,新北市汐止區大同路3段369巷25號,合格,規定外煤焦色素蘇丹紅I/II/III/IV/蘇丹紅G/蘇丹橙G/蘇丹墨B/蘇丹紅7B/鹼性橙/玫瑰紅B 未檢出,107,新北市,121.675974978914,25.073710989707
蒜蓉珍珠醬,新北市土城區店家,新北市土城區中華路1段56巷25號,合格,規定外煤焦色素蘇丹紅I/II/III/IV/蘇丹紅G/蘇丹橙G/蘇丹墨B/蘇丹紅7B/鹼性橙/玫瑰紅B 未檢出,107,新北市,121.44656597704,24.989005990787
特辣豆腐腦,新北市三峽區店家,新北市三峽區長福街12號,合格,規定外煤焦色素蘇丹紅I/II/III/IV/蘇丹紅G/蘇丹橙G/蘇丹墨B/蘇丹紅7B/鹼性橙/玫瑰紅B 未檢出,107,新北市,121.370304739741,24.933592013518
頂級XO干貝醬,頂級,澎湖縣馬公市鎮港里鎮管港1062號,合格,規定外煤焦色素蘇丹紅I/II/III/IV/蘇丹紅G/蘇丹橙G/蘇丹墨B/蘇丹紅7B/鹼性橙/玫瑰紅B 未檢出,107,新北市,119.5827325,23.5670142
紅麴豆腐乳,紅麴,新北市土城區中華路1段56巷25號,合格,規定外煤焦色素蘇丹紅II/III/IV/蘇丹紅G/蘇丹橙G/蘇丹墨B/蘇丹紅7B/鹼性橙/玫瑰紅B 未檢出,107,新北市,121.44656597704,24.989005990787
無標示高級漬物,桃園市中壢區店家,桃園市中壢區月眉路2段248巷85號,合格,規定外煤焦色素蘇丹紅II/III/IV/蘇丹紅G/蘇丹橙G/蘇丹墨B/蘇丹紅7B/鹼性橙/玫瑰紅B 未檢出,107,新北市,121.184530536616,25.006513703846
辣豆瓣,新北市中和區店家,新北市中和區中正路1206巷5號1-2樓,合格,規定外煤焦色素蘇丹紅II/III/IV/蘇丹紅G/蘇丹橙G/蘇丹墨B/蘇丹紅7B/鹼性橙/玫瑰紅B 未檢出,107,新北市,121.480141031314,25.011028980376
辣椒醬,辣椒,新北市中和區中正路1206巷5號1-2樓,合格,規定外煤焦色素蘇丹紅II/III/IV/蘇丹紅G/蘇丹橙G/蘇丹墨B/蘇丹紅7B/鹼性橙/玫瑰紅B 未檢出,107,新北市,121.480141031314,25.011028980376
花蓮阿漾無硫金針,花蓮縣光復鄉店家,花蓮縣光復鄉西富村中正路2段6巷10號,合格,二氧化硫未檢出,107,新北市,121.43921546705,23.658828089786
高山有機金針,高山,花蓮縣富里鄉竹田村25鄰8號,合格,二氧化硫未檢出,107,新北市,121.279688,23.222777
高山金針,高山,新北市新莊區新北大道四段185號11F,合格,二氧化硫1.600,107,新北市,121.445512958544,25.05811201644
高山金針,高山,新北市三芝區中山路1段35號,合格,二氧化硫0.125,107,新北市,121.500564963324,25.257915004742
台灣金針,新北市林口區店家,新北市林口區湖北里後湖52-11號,合格,二氧化硫未檢出,107,新北市,121.387459,25.098184
金針花乾,花蓮縣玉里鎮店家,花蓮縣玉里鎮觀音里高寮268-2號,合格,二氧化硫未檢出,107,新北市,121.358491,23.398679
金針,臺北市松山區店家,臺北市松山區歸綏街210號,合格,二氧化硫0.157,107,新北市,121.51088862488,25.05821343015
金針,臺北市松山區店家,臺北市松山區歸緩街222號,合格,二氧化硫0.892,107,新北市,121.5768018,25.0497252
金針,臺北市大同區店家,臺北市大同區環河北路1段325號,合格,二氧化硫1.968,107,新北市,121.508612009468,25.059847028488
無硫金針,花蓮縣富里鄉店家,花蓮縣富里鄉萬寧村六十石山22號,合格,二氧化硫未檢出,107,新北市,121.311508,23.220785
金針,新北市泰山區店家,新北市泰山區中港南路169-9號,合格,二氧化硫1.111,107,新北市,121.443004506381,25.061188510182
達蘭埠無毒炭焙金針,花蓮縣富里鄉店家,花蓮縣富里鄉新興村東興路16鄰109號,合格,二氧化硫未檢出,107,新北市,121.293368661545,23.233385904992
金針,花蓮縣吉安鄉店家,花蓮縣吉安鄉自強路443號,合格,二氧化硫0.253,107,新北市,121.590059968452,23.984468003728
金針,新北市新莊區店家,新北市新莊區後港一路130巷4號2樓,合格,二氧化硫2.528,107,新北市,121.42944200031,25.027021986911
金針乾,新北市汐止區店家,新北市汐止區和平街46巷9號,合格,二氧化硫0.096,107,新北市,121.662440971314,25.071352992706
特選高山金針,新北市八里區店家,新北市八里區龍米路2段62號,合格,二氧化硫0.447,107,新北市,121.445111418254,25.147986543137
金針,台中市大甲區店家,台中市大甲區信義路46號,不合格,二氧化硫15.292,107,新北市,120.619261572426,24.346955308852
冷凍大比目魚切片,新北市新莊區店家,新北市新莊區新北大道二段217號,合格,鉛0.152鎘未檢出汞未檢出,107,新北市,121.462772973563,25.060654289583
薄鹽鯖魚,高雄市前金區店家,高雄市前金區中華三路79號8樓-1,合格,汞未檢出鎘未檢出鉛0.063,107,新北市,120.296480013196,22.627256998153
帶卵母香魚,臺北市萬華區店家,臺北市萬華區萬大路493巷12弄9號,合格,汞未檢出鉛0.024鎘未檢出,107,新北市,121.498193722916,25.01967068064
一夜干鯖魚,宜蘭縣蘇澳鎮店家,宜蘭縣蘇澳鎮隘丁里大圳路120號,合格,鎘未檢出鉛0.054汞未檢出,107,新北市,121.833178159703,24.612892183761
青雞(橫帶擬烏尾冬)(包),臺北市內湖區店家,臺北市內湖區堤頂大道二段483號,合格,鉛0.024鎘未檢出汞未檢出,107,新北市,121.562080840376,25.082313127388
泰山玄米油,泰山,彰化縣田中鎮興工路6號,合格,鉛0.03銅未檢出砷未檢出汞未檢出,109,新北市,120.592756988757,23.848935982142
大豆沙拉油,台南市東區店家,台南市東區生產路68號,合格,鉛未檢出銅未檢出砷未檢出汞未檢出,109,新北市,120.221047997578,22.963620006556
泰山大豆沙拉油,泰山,彰化縣田中鎮興工路6號,合格,鉛0.03銅0.02砷未檢出汞未檢出,109,新北市,120.592756988757,23.848935982142
統一綺麗健康油,統一,台南市永康區中正路301號,合格,鉛未檢出銅未檢出砷0.01汞未檢出,109,新北市,120.244271988163,23.033431998004
福壽大豆沙拉油,台中市梧棲區店家,台中市梧棲區自強路98號,合格,鉛未檢出銅未檢出砷未檢出汞未檢出,109,新北市,120.527772009619,24.235235016903
健康好理由純芥花油,健康,彰化縣田中鎮興工路6號,合格,鉛未檢出銅未檢出砷未檢出汞未檢出,109,新北市,120.592756988757,23.848935982142
得意的一天五珍寶健康調合油,桃園市大園區店家,桃園市大園區和平西路1段369號,合格,鉛未檢出銅未檢出砷未檢出汞未檢出,109,新北市,121.187807992654,25.047286998037
統一大豆沙拉油,統一,台南市永康區中正路301號A區,合格,鉛未檢出銅未檢出砷未檢出汞未檢出,109,新北市,120.244775050449,23.034333225165
福壽100%純芥花油,台中市沙鹿區店家,台中市沙鹿區沙田路45號,合格,鉛未檢出銅0.04砷未檢出汞未檢出,109,新北市,120.557719962931,24.230643997076
日清葡萄籽油-零膽固醇,臺北市北投區店家,臺北市北投區立德路120巷19號,合格,鉛未檢出銅0.08砷未檢出汞未檢出,109,新北市,121.472799322322,25.126792870055
特選枸杞(調理用),桃園市八德區店家,桃園市八德區廣興路561號,合格,二硫代胺基甲酸鹽類未檢出農藥多重殘留分析(380項)檢出細項貝芬替(Carbendazim)0.79撲克拉(Prochloraz)0.05祿芬隆(Lufenuron)0.24益達胺(Imidacloprid)0.08,109,新北市,121.283707023265,24.94347100842
台農二號(網室木瓜),臺北市萬華區店家,臺北市萬華區萬大路533號,合格,二硫代胺基甲酸鹽類未檢出農藥多重殘留分析(380項)檢出細項亞滅培(Acetamiprid)0.12達滅芬(Dimethomorph)0.09芬殺?(Fenazaquin)0.02,109,新北市,121.497131987241,25.018499812586
西瓜,西瓜,臺北市中山區民族東路336號,合格,二硫代胺基甲酸鹽類未檢出農藥多重殘留分析(380項)檢出細項撲滅寧(Procymidone)0.04益達胺(Imidacloprid)0.02,109,新北市,121.537341234059,25.067923369383
奇異果,奇異,臺北市萬華區萬大路533號,合格,殺菌劑二硫代胺基甲酸鹽類(1項)未檢出農藥多重殘留分析(380項)未檢出,109,新北市,121.497131987241,25.018499812586
紅肉火龍果,屏東縣屏東市店家,屏東縣屏東市建豐路192巷13號,合格,二硫代胺基甲酸鹽類未檢出農藥多重殘留分析(380項)未檢出,109,新北市,120.504771983486,22.676624982933
有機梨仔蒲,雲林縣西螺鎮店家,雲林縣西螺鎮中山路285號,合格,二硫代胺基甲酸鹽類未檢出農藥多重殘留分析(380項)未檢出,109,新北市,120.453318832653,23.798832904454
火龍果,台南市安南區店家,台南市安南區安吉路1段650-1號,合格,二硫代胺基甲酸鹽類未檢出農藥多重殘留分析(380項)檢出細項亞托敏(Azoxystrobin)0.02,109,新北市,120.19007200384,23.052908984503
特選金鍠芒果,新北市三重區店家,新北市三重區中正北路111號,合格,二硫代胺基甲酸鹽類1.16農藥多重殘留分析(380項)檢出細項益達胺(Imidacloprid)0.02,109,新北市,121.48699843394,25.064549401898
特選枸杞(調理用),桃園市八德區店家,桃園市八德區廣興路561號,合格,二硫代胺基甲酸鹽類未檢出農藥多重殘留分析(380項)檢出細項貝芬替(Carbendazim)0.79撲克拉(Prochloraz)0.05祿芬隆(Lufenuron)0.24益達胺(Imidacloprid)0.08,109,新北市,121.283707023265,24.94347100842
大西瓜(特大),桃園市大園區店家,桃園市大園區大觀路269-5號,合格,二硫代胺基甲酸鹽類未檢出農藥多重殘留分析(380項)檢出細項亞滅培(Acetamiprid)0.04亞托敏(Azoxystrobin)0.02貝芬替(Carbendazim)0.25克凡派(Chlorfenapyr)0.03撲滅寧(Procymidone)0.15,109,新北市,121.18666126448,25.063686904061
有機奇異果,新北市三重區店家,新北市三重區竹圍街274號1樓,合格,二硫代胺基甲酸鹽類未檢出農藥多重殘留分析(380項)未檢出,109,新北市,121.4885336,25.061008
小玉西瓜,臺北市北投區店家,臺北市北投區大業路136號,合格,二硫代胺基甲酸鹽類未檢出農藥多重殘留分析(380項)檢出細項撲滅寧(Procymidone)0.02,109,新北市,121.499404740287,25.124434202502
菜豆,彰化縣二林鎮店家,彰化縣二林鎮復豐里砂崙巷300號,合格,殺菌劑二硫代胺基甲酸鹽類(1項)未檢出農藥多重殘留分析(380項)檢出細項亞托敏(Azoxystrobin)0.03,109,新北市,120.374316,23.899676
愛文,台南市楠西區店家,台南市楠西區密枝里58號,合格,二硫代胺基甲酸鹽類0.55農藥多重殘留分析(380項)檢出細項芬殺松(Fenthion)0.04益達胺(Imidacloprid)0.02,109,新北市,120.512399,23.201363
特選枸杞(調理用),桃園市八德區店家,桃園市八德區廣興路561號,合格,二硫代胺基甲酸鹽類未檢出農藥多重殘留分析(380項)檢出細項貝芬替(Carbendazim)0.79撲克拉(Prochloraz)0.05祿芬隆(Lufenuron)0.24益達胺(Imidacloprid)0.08,109,新北市,121.283707023265,24.94347100842
甜椒-彩色甜椒,雲林縣二崙鄉店家,雲林縣二崙鄉大庄村酒姑路54之80號,合格,二硫代胺基甲酸鹽類未檢出農藥多重殘留分析(380項)檢出細項亞托敏(Azoxystrobin)0.05百克敏(Pyraclostrobin)0.10三氟敏(Trifloxystrobin)0.09氟克殺(Fluxapyroxad)0.04依普同(Iprodione)0.07剋安勃(Chlorantraniliprole)0.02達特南(Dinotefuran)0.14凡殺同(Famoxadone)0.07護汰寧(Fludioxonil)0.07氟比來(Fluopicolide)0.03氟派瑞(Fluopyram)0.12益達胺(Imidacloprid)0.03,109,新北市,120.365693830124,23.80482889889
豇豆,新北市林口區店家,新北市林口區林口路27號,合格,殺菌劑二硫代胺基甲酸鹽類(1項)未檢出農藥多重殘留分析(380項)未檢出,109,新北市,121.391138965912,25.078197990115
特選枸杞(調理用),桃園市八德區店家,桃園市八德區廣興路561號,合格,二硫代胺基甲酸鹽類未檢出農藥多重殘留分析(380項)檢出細項貝芬替(Carbendazim)0.79撲克拉(Prochloraz)0.05祿芬隆(Lufenuron)0.24益達胺(Imidacloprid)0.08,109,新北市,121.283707023265,24.94347100842
愛文芒果,台南市楠西區店家,台南市楠西區密板里57-33號,不合格,二硫代胺基甲酸鹽類未檢出農藥多重殘留分析(380項)檢出細項第滅寧(Deltamethrin)0.07待克利(Difenoconazole)0.07百利普芬(Pyriproxyfen)0.06,109,新北市,120.486465,23.174077
龍鳳冷凍蛋餅皮,臺北市松山區店家,臺北市松山區八德路四段111號7F,合格,生菌數740000大腸桿菌陰性,109,新北市,121.561435350013,25.048679357883
蔥抓餅,台南市安南區店家,台南市安南區安通路二段2號,合格,生菌數12000大腸桿菌陰性,109,新北市,120.225826185302,23.045343101511
義美蛋餅皮,義美,桃園市蘆竹區南工路1段11號,合格,生菌數2800大腸桿菌陰性,109,新北市,121.278934367597,25.060315283509
義美香酥蔥油餅,義美,臺北市大安區信義路二段88號5樓,合格,生菌數7800大腸桿菌陰性,109,新北市,121.526880618896,25.033967860525
義美九層塔蛋餅皮,義美,臺北市大安區信義路二段88號5樓,合格,生菌數7100大腸桿菌陰性,109,新北市,121.526880618896,25.033967860525
(蔥阿伯)祖傳蔥抓餅,新北市新店區店家,新北市新店區安興路83-5號,合格,生菌數1600大腸桿菌陰性,109,新北市,121.515125083511,24.975599010929
蔥抓餅120g(植物五辛素),台中市太平區店家,台中市太平區甲堤路608號,合格,生菌數1200000大腸桿菌3.6,109,新北市,120.705284038887,24.125340010098
鮮採靑蔥手工烙餅,台中市太平區店家,台中市太平區甲堤路608號,合格,生菌數5400大腸桿菌陰性,109,新北市,120.705284038887,24.125340010098
卡好香Q蔥油餅,臺北市松山區店家,臺北市松山區羅斯福路3段126號3樓,合格,生菌數9200大腸桿菌陰性,109,新北市,121.52794763517,25.020581793515
香蔥蛋餅皮,高雄市大寮區店家,高雄市大寮區河堤路二段370號,合格,生菌數940大腸桿菌陰性,109,新北市,120.434547066411,22.600032842362
刈包,新北市中和區店家,新北市中和區興南路1段95號,合格,大腸桿菌陰性大腸桿菌群陰性,107,新北市,121.509623034629,24.988472985564
刈包,新北市三重區店家,新北市三重區自強路3段25號,合格,大腸桿菌陰性大腸桿菌群陰性,107,新北市,121.487096166931,25.072397796937
刈包,新北市蘆洲區店家,新北市蘆洲區光華路109號,合格,大腸桿菌陰性大腸桿菌群陰性,107,新北市,121.467023017568,25.0824290072
刈包,新北市板橋區店家,新北市板橋區莒光路42號1樓,合格,大腸桿菌陰性大腸桿菌群陰性,107,新北市,121.470506033614,25.02436098411
刈包,新北市汐止區店家,新北市汐止區中興路156號,合格,大腸桿菌陰性大腸桿菌群陰性,107,新北市,121.632418921977,25.064903411579
割包,新北市三峽區店家,新北市三峽區大觀路30號,合格,大腸桿菌群陰性大腸桿菌陰性,107,新北市,121.374916714325,24.945219515332
刈包,新北市淡水區店家,新北市淡水區北新路182巷13號1樓,合格,大腸桿菌陰性大腸桿菌群陰性,107,新北市,121.449219017033,25.177793020931
刈包,新北市新莊區店家,新北市新莊區四維路101號,合格,大腸桿菌陰性大腸桿菌群陰性,107,新北市,121.423768625326,25.025262499706
刈包,新北市樹林區店家,新北市樹林區保安街1段20巷19號,合格,大腸桿菌陰性大腸桿菌群3.6,107,新北市,121.427898975754,24.994128004179
功夫牛肉割包,新北市新店區店家,新北市新店區二十張路30號,合格,大腸桿菌陰性大腸桿菌群陰性,107,新北市,121.538227704139,24.981666712547
炒熟花生粉(調合粉),南投縣南投市店家,南投縣南投市自強三路28號,合格,黃麴毒素(B1+B2+G1+G2)0.7ppb,107,新北市,120.665783984897,23.927273584496
胚芽糙米,臺東縣關山鎮店家,臺東縣關山鎮新福里1鄰順興路36號,合格,赭麴毒素 A未檢出黃麴毒素(B1+B2+G1+G2)未檢出,107,新北市,121.170024,23.043639
MDT生黑芝麻,臺北市松山區店家,臺北市松山區東興路53號9樓,合格,黃麴毒素(B1+B2+G1+G2)未檢出,107,新北市,121.56689020878,25.047684216428
雀巢咖啡醇品即溶咖啡,臺北市內湖區店家,臺北市內湖區瑞光路399號8樓及8樓之1,合格,赭麴毒素 A未檢出,107,新北市,121.57212676191,25.077776237002
花生粉,花生,新北市三重區溪尾街29-2號,合格,黃麴毒素(B1+B2+G1+G2)3.2 ppb,107,新北市,121.491415529275,25.075551488006
花生糖,花生,台南市永康區國華街62巷51號4樓之3,合格,黃麴毒素(B1+B2+G1+G2)未檢出,107,新北市,120.246970960985,23.011183996224
city cafe 拿鐵咖啡,桃園市平鎮店家,桃園市平鎮區工業五路8號,合格,赭麴毒素 A未檢出,107,新北市,121.198198032192,24.902450016189
花生糖,花生,台中市豐原區工業區35路67號,合格,黃麴毒素(B1+B2+G1+G2)未檢出,107,新北市,120.590860164068,24.165979500006
日日旺花生糖,新北市永和區店家,新北市永和區民生路67巷47號2樓,合格,黃麴毒素(B1+B2+G1+G2)未檢出,107,新北市,121.525229970703,24.997623006346
長秈糙米,宜蘭縣壯圍鄉店家,宜蘭縣壯圍鄉古亭村永美路2段17巷2號,合格,黃麴毒素(B1+B2+G1+G2)未檢出赭麴毒素 A未檢出,107,新北市,121.796791982742,24.770946001993
85度C咖啡豆,台中市南屯區店家,台中市南屯區工業23路35號,合格,赭麴毒素 A未檢出,107,新北市,120.642966,24.1382471
多利紅麴粉,新北市新店區店家,新北市新店區黎明路31號,合格,橘黴素(citrinin)0.2ppm,107,新北市,121.502373023658,24.94951000202
花生粉,花生,新竹市東區東大路1段155號,合格,黃麴毒素(B1+B2+G1+G2)0.8 ppb,107,新北市,120.971357161631,24.808672990095
吉比顆粒花生醬,臺北市內湖區店家,臺北市內湖區堤頂大道二段407巷22號10F,合格,黃麴毒素(B1+B2+G1+G2)未檢出,107,新北市,121.563619841618,25.081015776415
花生粉,花生,新北市土城區永豐路195巷23號,合格,黃麴毒素(B1+B2+G1+G2)未檢出,107,新北市,121.474121986643,24.979582007499
台灣紅麴,臺北市大同區店家,臺北市大同區迪化街一段238號,合格,橘黴素(citrinin)0.8ppm,107,新北市,121.509329332742,25.060023593279
紅麴,紅麴,臺北市大同區甘泉街17號,合格,橘黴素(citrinin)未檢出,107,新北市,121.5153661,25.0660564
布田花生糖,臺北市萬華區店家,臺北市萬華區東園街38號,合格,黃麴毒素(B1+B2+G1+G2)未檢出,107,新北市,121.495946450856,25.026868639992
花生粉,花生,桃園市平鎮區快速路2段616巷6號,合格,黃麴毒素(B1+B2+G1+G2)0.4 ppb,107,新北市,121.226049000968,24.916049905548
白芝麻(生),桃園市平鎮店家,桃園市平鎮區快速路2段616巷6號,合格,黃麴毒素(B1+B2+G1+G2)未檢出,107,新北市,121.226049000968,24.916049905548
花生糖,花生,臺北市萬華區德昌街122號,合格,黃麴毒素(B1+B2+G1+G2)未檢出,107,新北市,121.496863095787,25.024367312446
去骨櫻桃鴨腿肉,台中市東區店家,台中市東區自由路4段278號,合格,氯黴素類抗生素(4項)未檢出四環黴素類(7項)未檢出動物用藥多重殘留(48項)未檢出,108,新北市,120.704023987383,24.142426016807
鴨肉,雲林縣土庫鎮店家,雲林縣土庫鎮東平里新光路36之12號,合格,動物用藥多重殘留(48項)未檢出四環黴素類(7項)未檢出氯黴素類抗生素(4項)未檢出,108,新北市,120.632942011875,23.769351990786
太空鴨,雲林縣大埤鄉店家,雲林縣大埤鄉延平路3段72巷60號,合格,動物用藥多重殘留(48項)未檢出四環黴素類(7項)未檢出氯黴素類抗生素(4項)未檢出,108,新北市,120.47354337209,23.659340898253
紅面番鴨公切塊,新北市土城區店家,新北市土城區永安街25號,合格,動物用藥多重殘留(48項)未檢出四環黴素類(7項)檢出細項脫氧羥四環黴素(Doxycycline)0.017氯黴素類抗生素(4項)未,108,新北市,121.433359930802,24.964461439228
豪野櫻桃鴨胸,宜蘭縣宜蘭市店家,宜蘭縣宜蘭市津梅路69巷2號,合格,氯黴素類抗生素(4項)四環黴素類(7項)動物用藥多重殘留(48項),108,新北市,121.752550034669,24.767180012896
鴨肉,南投縣南投市店家,南投縣南投市南崗工業區工業東路17號,合格,四環黴素類(7項)動物用藥多重殘留(48項)氯黴素類抗生素(4項),108,新北市,120.661057010601,23.92954998367
鴨肉,臺北市萬華區店家,臺北市萬華區環南綜合市堤甲棟2樓770號,合格,氯黴素類抗生素(4項)四環黴素類(7項)動物用藥多重殘留(48項),108,新北市,121.4998912,25.0348867
鴨肉,新北市三重區店家,新北市三重區成功路22號19樓之2,合格,氯黴素類抗生素(4項)四環黴素類(7項)動物用藥多重殘留(48項),108,新北市,121.489762031236,25.050167019968
雞肉莎莎熱壓吐司餐,雞肉,新北市蘆洲區長榮路692之1號1樓,合格,大腸桿菌陰性大腸桿菌群陰性,108,新北市,121.460168800065,25.091089482927
火腿薯餅烤土司,火腿,新北市汐止區新台五路1段162號2樓,合格,大腸桿菌陰性大腸桿菌群陰性,108,新北市,121.654458968739,25.062323000777
金黃薯餅烤土司,新北市汐止區店家,新北市汐止區新台五路1段162號2樓,合格,大腸桿菌陰性大腸桿菌群陰性,108,新北市,121.654458968739,25.062323000777
西西里雞腿排法式吐司,新北市三重區店家,新北市三重區三信路182號,合格,大腸桿菌陰性大腸桿菌群陰性,108,新北市,121.487881970353,25.086306601337
總匯三明治,新北市板橋區店家,新北市板橋區介壽街1號,合格,大腸桿菌陰性大腸桿菌群3.6,108,新北市,121.467041960669,25.020491017504
煙燻火腿總匯三明治,新北市蘆洲區店家,新北市蘆洲區集賢路224巷35號,合格,大腸桿菌陰性大腸桿菌群240,108,新北市,121.481052982379,25.087660991162
黃金豬排烤土司,黃金,新北市新店區北新路2段102號1.2樓,合格,大腸桿菌群290大腸桿菌陰性,108,新北市,121.543081999544,24.973781981959
美式BBQ雞皮帕里尼,新北市蘆洲區店家,新北市蘆洲區永平街32巷22弄1號,合格,大腸桿菌陰性大腸桿菌群93,108,新北市,121.459765965799,25.092353012921
黃金豬排烤土司,黃金,新北市永和區中正路244號,合格,大腸桿菌陰性大腸桿菌群3.6,108,新北市,121.51690215603,25.006864522524
脆雞腿排烤土司,新北市永和區店家,新北市永和區永和路2段170號,合格,大腸桿菌陰性大腸桿菌群43,108,新北市,121.515492378508,25.01315299655
金黃薯餅烤土司,新北市淡水區店家,新北市淡水區新市一路3段151號,合格,大腸桿菌群陰性大腸桿菌陰性,108,新北市,121.447987966914,25.183260997377
脆雞腿排烤土司,新北市淡水區店家,新北市淡水區新市一路3段151號,合格,大腸桿菌陰性大腸桿菌群陰性,108,新北市,121.447987966914,25.183260997377
黃金豬排烤土司,黃金,新北市淡水區新市一路3段151號,合格,大腸桿菌群460大腸桿菌陰性,108,新北市,121.447987966914,25.183260997377
火腿薯餅烤土司,火腿,新北市淡水區新市一路3段151號,合格,大腸桿菌陰性大腸桿菌群陰性,108,新北市,121.447987966914,25.183260997377
脆雞腿排烤土司,新北市三重區店家,新北市三重區三和路4段392之1號1樓,合格,大腸桿菌陰性大腸桿菌群陰性,108,新北市,121.481730994527,25.079261988904
金黃薯餅烤土司,新北市三重區店家,新北市三重區三和路4段392之1號1樓,合格,大腸桿菌陰性大腸桿菌群陰性,108,新北市,121.481730994527,25.079261988904
金黃薯餅烤土司,新北市新莊區店家,新北市新莊區中平路346號,合格,大腸桿菌陰性大腸桿菌群陰性,108,新北市,121.444795970546,25.052979986674
黃金豬排烤土司,黃金,新北市泰山區泰林路2段194號1~3樓,合格,大腸桿菌陰性大腸桿菌群陰性,108,新北市,121.433610991311,25.061163993115
脆雞腿排烤土司,新北市新莊區店家,新北市新莊區新北大道7段792號,合格,大腸桿菌群43大腸桿菌陰性,108,新北市,121.412980026292,25.024465003528
火腿薯餅烤土司,火腿,新北市新莊區中正路232號3樓,合格,大腸桿菌陰性大腸桿菌群陰性,108,新北市,121.448451569978,25.035391191503
脆雞腿排烤土司,新北市樹林區店家,新北市樹林區中山路1段101號,合格,大腸桿菌陰性大腸桿菌群陰性,108,新北市,121.423254395567,24.990969493515
黃金豬排烤吐司,黃金,新北市樹林區中山路1段101號,合格,大腸桿菌陰性大腸桿菌群3.6,108,新北市,121.423254395567,24.990969493515
脆片巧克力鬆餅,新北市林口區店家,新北市林口區民權路79號1、2樓,合格,大腸桿菌陰性大腸桿菌群陰性,108,新北市,121.372021018235,25.081095991228
巧克力鬆餅,新北市新莊區店家,新北市新莊區福德三街1號,合格,大腸桿菌群陰性大腸桿菌陰性,108,新北市,121.462593014102,25.058710987241
金黃薯餅烤土司,新北市三峽區店家,新北市三峽區學成路258號,合格,大腸桿菌群陰性大腸桿菌陰性,108,新北市,121.375449971005,24.942374990761
火腿薯餅烤土司,火腿,新北市三峽區學成路258號,合格,大腸桿菌群陰性大腸桿菌陰性,108,新北市,121.375449971005,24.942374990761
嫩雞三明治,新北市永和區店家,新北市永和區得和路10號1樓,合格,大腸桿菌群陰性大腸桿菌陰性,108,新北市,121.518003009967,25.000345993322
脆雞腿排烤土司,新北市新店區店家,新北市新店區北新路2段102號1.2樓,合格,大腸桿菌群陰性大腸桿菌陰性,108,新北市,121.543081999544,24.973781981959
五穀長棍豬排三明治,新北市新店區店家,新北市新店區大豐路78號,合格,大腸桿菌群陰性大腸桿菌陰性,108,新北市,121.538812006609,24.979348990591
卡拉雞三明治,新北市板橋區店家,新北市板橋區文化路2段182巷3弄79號B1樓,合格,大腸桿菌群陰性大腸桿菌陰性,108,新北市,121.471416978851,25.027394017683
普羅旺斯三明治,新北市板橋區店家,新北市板橋區廣和街52號1、2樓,合格,大腸桿菌群陰性大腸桿菌陰性,108,新北市,121.462541429554,24.993258137419
脆雞腿排烤土司,新北市新店區店家,新北市新店區北新路2段102號1.2樓,合格,大腸桿菌群陰性大腸桿菌陰性,108,新北市,121.543081999544,24.973781981959
五穀長棍豬排三明治,新北市新店區店家,新北市新店區大豐路78號,合格,大腸桿菌群陰性大腸桿菌陰性,108,新北市,121.538812006609,24.979348990591
卡拉雞三明治,新北市板橋區店家,新北市板橋區文化路2段182巷3弄79號B1樓,合格,大腸桿菌群陰性大腸桿菌陰性,108,新北市,121.471416978851,25.027394017683
喜寶有機南瓜泥,臺北市中山區店家,臺北市中山區南京東路3段68號5F,合格,大腸桿菌陰性大腸桿菌群陰性,110,新北市,121.538781496481,25.05175279223
喜寶有機香蕉水蜜桃泥,臺北市中山區店家,臺北市中山區南京東路3段68號5F,合格,大腸桿菌陰性大腸桿菌群陰性,110,新北市,121.538781496481,25.05175279223
生機優鮮果-蘋果百香果香蕉,生機,台中市豐原區豐南路92巷96號,合格,大腸桿菌陰性大腸桿菌群陰性,110,新北市,120.71844,24.242014
好寶寶粥-牛奶魚粥,臺北市中山區店家,臺北市中山區朱崙街54號,合格,大腸桿菌陰性大腸桿菌群陰性,110,新北市,121.542984601829,25.049831031379
生機蘋果黑棗纖果泥,生機,台中市豐原區豐南街92巷96號1F,合格,大腸桿菌陰性大腸桿菌群陰性,110,新北市,120.714220824053,24.237390297576
生機蘋果黑棗鮮果泥,生機,台中市豐原區豐南街92巷96號1F,合格,大腸桿菌陰性大腸桿菌群陰性,110,新北市,120.714220824053,24.237390297576
嘉寶雞肉泥量販包,臺北市松山區店家,臺北市松山區南京東路3段70號4樓,合格,大腸桿菌陰性大腸桿菌群陰性,110,新北市,121.538889958309,25.051752415044
什錦雞肉粥,什錦,台中市豐原區豐南二街92巷96號1樓,合格,大腸桿菌陰性大腸桿菌群陰性,110,新北市,120.71844,24.242014
little Freddie小皮桃子覆盆莓泥,彰化縣秀水鄉店家,彰化縣秀水鄉雅村莊雅巷33號1樓,合格,大腸桿菌陰性大腸桿菌群陰性,110,新北市,120.5102089888,24.026680986409
北海道玉米泥,北海,台中市豐原區豐南街92巷96號1樓,合格,大腸桿菌陰性大腸桿菌群陰性,110,新北市,120.714220824053,24.237390297576
關東煮(油豆腐),關東,新北市土城區中央路4段219號,合格,大腸桿菌群陰性大腸桿菌陰性,109,新北市,121.4138710226,24.955603980904
關東煮(蘿蔔),關東,新北市土城區中央路4段310號,合格,大腸桿菌陰性大腸桿菌群陰性,109,新北市,121.413837159711,24.956033804899
關東煮(米血糕),關東,新北市土城區中央路4段310號,合格,大腸桿菌陰性大腸桿菌群陰性,109,新北市,121.413837159711,24.956033804899
黑輪,新北市板橋區店家,新北市板橋區互助街44號,合格,大腸桿菌群陰性大腸桿菌陰性,109,新北市,121.461659773002,25.027037702979
甜不辣,甜不,新北市板橋區互助街44號,合格,大腸桿菌陰性大腸桿菌群陰性,109,新北市,121.461659773002,25.027037702979
關東煮,關東,新北市新莊區建中街118號,合格,大腸桿菌陰性大腸桿菌群陰性,109,新北市,121.445634999054,25.036598017922
關東煮,關東,新北市新莊區中正路516之1號1樓,合格,大腸桿菌陰性大腸桿菌群陰性,109,新北市,121.433391972181,25.032446000274
蘿蔔,蘿蔔,新北市板橋區重慶路17號,合格,大腸桿菌陰性大腸桿菌群陰性,109,新北市,121.46095703424,25.008024990097
關東煮(白蘿蔔),關東,新北市汐止區福德一路452巷1號,合格,大腸桿菌陰性大腸桿菌群陰性,109,新北市,121.625448028383,25.058992996374
關東煮,關東,新北市蘆洲區民族路122號,合格,大腸桿菌群陰性大腸桿菌陰性,109,新北市,121.478979970086,25.08553500524
關東煮,關東,新北市蘆洲區集賢路224巷60號1樓,合格,大腸桿菌陰性大腸桿菌群陰性,109,新北市,121.480964972396,25.088002008893
關東煮,關東,新北市蘆洲區集賢路224巷60號1樓,合格,大腸桿菌陰性大腸桿菌群陰性,109,新北市,121.480964972396,25.088002008893
關東煮,關東,新北市新莊區中平路76號1樓,合格,大腸桿菌陰性大腸桿菌群陰性,109,新北市,121.444912981915,25.044548001627
韓國SAMJIN包心年糕魚板卷,韓國,新北市淡水區中正東路2段69號1樓,合格,大腸桿菌群陰性大腸桿菌陰性,109,新北市,121.459579971367,25.154576993154
黃金豆腐,黃金,新北市淡水區中正東路2段69號1樓,合格,大腸桿菌陰性大腸桿菌群陰性,109,新北市,121.459579971367,25.154576993154
蘿蔔,蘿蔔,新北市新店區安民街72號,合格,大腸桿菌陰性大腸桿菌群陰性,109,新北市,121.516587977073,24.966663189682
黑輪,新北市新店區店家,新北市新店區安民街72號,合格,大腸桿菌陰性大腸桿菌群陰性,109,新北市,121.516587977073,24.966663189682
關東煮,關東,新北市中和區建一路176號1樓,合格,大腸桿菌陰性大腸桿菌群陰性,109,新北市,121.487805275939,24.997323311398
關東煮,關東,新北市中和區景平路149號,合格,大腸桿菌陰性大腸桿菌群陰性,109,新北市,121.513973996748,24.992168985769
關東煮,關東,新北市中和區景平路182號1樓,合格,大腸桿菌陰性大腸桿菌群陰性,109,新北市,121.516453196069,24.992377192244
金桔檸檬,新北市汐止區店家,新北市汐止區新台五路一段152號之1,合格,衛生標準,107,新北市,121.653823044471,25.062180132842
葡萄柚汁,葡萄,新北市新莊區中港路302號,合格,衛生標準,107,新北市,121.452825917608,25.044907501454
檸檬汁,檸檬,新北市板橋區重慶路163號,合格,衛生標準,107,新北市,121.462692507292,25.002795688344
西瓜汁,西瓜,新北市板橋區重慶路163號,合格,衛生標準,107,新北市,121.462692507292,25.002795688344
檸檬霸,檸檬,新北市板橋區重慶路179號1樓,合格,衛生標準,107,新北市,121.462753695186,25.00249129953
檸檬汁,檸檬,新北市八里區中山路2段468號,合格,衛生標準,107,新北市,121.398915025126,25.147239014109
檸檬汁,檸檬,新北市八里區中山路2段181號,合格,衛生標準,107,新北市,121.404901967107,25.150174985244
蜂蜜鳳蘋胡蘿蔔汁,新北市新店區店家,新北市新店區民族路181號,合格,衛生標準,107,新北市,121.537362691731,24.976327188768
金峰洛神檸檬,新北市新店區店家,新北市新店區中正路151號,合格,衛生標準,107,新北市,121.541320039677,24.971710981322
鮮榨蘋果百香,新北市三重區店家,新北市三重區五華街136號,合格,衛生標準,107,新北市,121.491527008587,25.083643000146
金桔檸檬,新北市三重區店家,新北市三重區五華街136號,合格,衛生標準,107,新北市,121.491527008587,25.083643000146
香橙檸檬,新北市三重區店家,新北市三重區五華街282號1樓,合格,衛生標準,107,新北市,121.486479929409,25.087995387189
奇異果汁,奇異,新北市永和區得和路10號1樓,合格,衛生標準,107,新北市,121.518003009967,25.000345993322
奇異蘋果汁,奇異,新北市永和區得和路10號1樓,合格,衛生標準,107,新北市,121.518003009967,25.000345993322
柳橙汁,新北市土城區店家,新北市土城區青雲路380巷1號,合格,衛生標準,107,新北市,121.456437763505,24.973527214012
芭樂檸檬,芭樂,新北市新莊區中平路52號,合格,衛生標準,107,新北市,121.444860175925,25.044050703311
檸檬汁,檸檬,新北市新莊區中平路60號,合格,衛生標準,107,新北市,121.444858331906,25.044227519559
得意的一天葵花油,桃園市大園區店家,桃園市大園區平西路1段369號,合格,抗氧化劑(11項)未檢出,110,新北市,121.1954452,25.063879
美食家芥花油,台南市官田區店家,台南市官田區二鎮里工業西路32號,合格,抗氧化劑(11項)未檢出,110,新北市,120.320294005945,23.213864994801
泰山大豆沙拉油,泰山,彰化縣田中鎮興工路6號,合格,抗氧化劑(11項)未檢出,110,新北市,120.592756988757,23.848935982142
100%苦茶油,桃園市大園區店家,桃園市大園區大觀路1083號,合格,抗氧化劑(11項)未檢出,110,新北市,121.165603995866,25.057565013439
製菓用太白胡麻油,新北市土城區店家,新北市土城區中華路1段56巷51號,合格,抗氧化劑(11項)未檢出,110,新北市,121.445834991264,24.988116000308
奧利塔頂級葵花油,嘉義市東區店家,嘉義市東區長榮街60巷8號,合格,抗氧化劑(11項)未檢出,110,新北市,120.481318471832,23.480037095984
大豆沙拉油,高雄市小港區店家,高雄市小港區小港路133號,合格,抗氧化劑(11項)未檢出,110,新北市,120.340215023765,22.56513699543
金葫蘆純胡麻油,新北市新莊區店家,新北市新莊區化成路403巷47號,合格,抗氧化劑(11項)未檢出,110,新北市,121.463102801453,25.058505588704
金葫蘆花生風味調合花生油,新北市新莊區店家,新北市新莊區化成路403巷47號,合格,抗氧化劑(11項)未檢出,110,新北市,121.463102801453,25.058505588704
一滴香小磨香油,新北市新莊區店家,新北市新莊區化成路403巷47號,合格,抗氧化劑(11項)未檢出,110,新北市,121.463102801453,25.058505588704
藍莓慕斯長條蛋糕,新北市新店區店家,新北市新店區中興路3段1號3樓,合格,大腸桿菌群240苯甲酸未檢出金黃色葡萄球菌陰性去水醋酸未檢出己二烯酸0.11大腸桿菌陰性沙門氏桿菌陰性,108,新北市,121.545420131434,24.977687194467
特濃提拉米蘇,新北市板橋區店家,新北市板橋區新海路332號,合格,己二烯酸未檢出大腸桿菌陰性大腸桿菌群陰性金黃色葡萄球菌陰性去水醋酸未檢出沙門氏桿菌陰性苯甲酸未檢出,108,新北市,121.460429980168,25.024181988567
黑森林蛋糕,新北市三重區店家,新北市三重區重新路2段63號,合格,大腸桿菌群陰性沙門氏桿菌陰性大腸桿菌陰性去水醋酸未檢出金黃色葡萄球菌陰性己二烯酸0.08苯甲酸未檢出,108,新北市,121.496783970621,25.06203701024
香草瑞士巧克力,香草,新北市新莊區五權三路12巷3號,合格,大腸桿菌陰性大腸桿菌群陰性去水醋酸未檢出金黃色葡萄球菌陰性沙門氏桿菌陰性己二烯酸未檢出苯甲酸未檢出,108,新北市,121.452411696955,25.063030828405
蘋果紅茶,蘋果,新北市新莊區五權二路24之1號,合格,去水醋酸未檢出大腸桿菌群3.6金黃色葡萄球菌陰性沙門氏桿菌陰性己二烯酸未檢出苯甲酸未檢出大腸桿菌陰性,108,新北市,121.458494011992,25.067745002484
藍梅慕斯長條蛋糕,臺北市松山區店家,臺北市松山區三民路160號,合格,大腸桿菌陰性大腸桿菌群陰性己二烯酸0.06去水醋酸未檢出金黃色葡萄球菌陰性苯甲酸未檢出沙門氏桿菌陰性,108,新北市,121.563538872434,25.061650646414
草莓慕斯奶凍捲,草莓,桃園市龍潭區龍祥里工一路210支1號1樓,合格,去水醋酸未檢出己二烯酸0.15苯甲酸未檢出大腸桿菌群43大腸桿菌陰性沙門氏桿菌陰性金黃色葡萄球菌陰性,108,新北市,121.207942832824,24.878920295685
8,新北市三重區店家,新北市三重區溪尾街4號,合格,大腸桿菌陰性大腸桿菌群陰性金黃色葡萄球菌陰性去水醋酸未檢出沙門氏桿菌陰性己二烯酸未檢出苯甲酸未檢出,108,新北市,121.49151896196,25.074305015185
情定紅柑橘,新北市板橋區店家,新北市板橋區府中路53號1.2樓,合格,金黃色葡萄球菌陰性大腸桿菌陰性大腸桿菌群陰性沙門氏桿菌陰性苯甲酸未檢出去水醋酸未檢出己二烯酸0.19,108,新北市,121.458300976762,25.009036015258
經典提拉米蘇,經典,新北市八里區中山路2段538號,合格,金黃色葡萄球菌陰性大腸桿菌群陰性去水醋酸未檢出大腸桿菌陰性己二烯酸未檢出苯甲酸未檢出沙門氏桿菌陰性,108,新北市,121.39746897919,25.146648006116
阿默提拉米蘇,新北市土城區店家,新北市土城區忠承路95號3F,合格,金黃色葡萄球菌陰性去水醋酸未檢出大腸桿菌陰性大腸桿菌群陰性沙門氏桿菌陰性己二烯酸未檢出苯甲酸未檢出,108,新北市,121.43897222422,24.964775920364
提拉米蘇,提拉,新北市永和區民族街35號,合格,金黃色葡萄球菌陰性己二烯酸未檢出苯甲酸未檢出沙門氏桿菌陰性去水醋酸未檢出大腸桿菌陰性大腸桿菌群陰性,108,新北市,121.518697785921,24.999253202695
巧克力三重奏,新北市汐止區店家,新北市汐止區中興路141號,合格,去水醋酸未檢出沙門氏桿菌陰性己二烯酸未檢出大腸桿菌群陰性苯甲酸未檢出金黃色葡萄球菌陰性大腸桿菌陰性,108,新北市,121.631400017827,25.065531006579
草莓雙餡盆子,草莓,桃園市蘆竹區盧竹街195號,合格,金黃色葡萄球菌陰性去水醋酸未檢出己二烯酸未檢出苯甲酸未檢出大腸桿菌陰性沙門氏桿菌陰性大腸桿菌群240,108,新北市,121.2951181,25.0469351
香草巧克力慕斯,香草,新北市五股區五權三路12巷3號,合格,去水醋酸未檢出大腸桿菌陰性大腸桿菌群陰性金黃色葡萄球菌陰性己二烯酸未檢出苯甲酸未檢出沙門氏桿菌陰性,108,新北市,121.452411696955,25.063030828405
提拉米蘇蛋糕,提拉,宜蘭縣五結鄉利工一路二段64號,合格,金黃色葡萄球菌陰性去水醋酸未檢出己二烯酸未檢出沙門氏桿菌陰性大腸桿菌陰性大腸桿菌群陰性苯甲酸未檢出,108,新北市,121.832368446731,24.660878368413
提拉米蘇,提拉,新北市五股區五工二路130號,合格,去水醋酸未檢出金黃色葡萄球菌陰性苯甲酸未檢出沙門氏桿菌陰性大腸桿菌陰性大腸桿菌群陰性己二烯酸未檢出,108,新北市,121.454638001255,25.070849282234
法式絲綢巧克力蛋糕,法式,新北市三峽區國際二街7號,合格,金黃色葡萄球菌陰性大腸桿菌群23己二烯酸未檢出苯甲酸未檢出大腸桿菌陰性沙門氏桿菌陰性去水醋酸未檢出,108,新北市,121.373846932023,24.943845889039
青檸乳酪慕斯,新北市中和區店家,新北市中和區民享街4號F棟1樓,合格,大腸桿菌群陰性金黃色葡萄球菌陰性己二烯酸未檢出苯甲酸未檢出沙門氏桿菌陰性去水醋酸未檢出大腸桿菌陰性,108,新北市,121.47394139204,25.005157290446
炸雞便當,臺北市中山區店家,臺北市中山區通北街132巷3號,合格,大腸桿菌陰性大腸桿菌群460,108,新北市,121.537450031162,25.084553191012
炸雞便當,新北市土城區店家,新北市土城區溪頭路135號,合格,大腸桿菌陰性大腸桿菌群陰性,108,新北市,121.409611758501,24.951090787049
炸排便當,新北市土城區店家,新北市土城區溪頭路135號,合格,大腸桿菌陰性大腸桿菌群陰性,108,新北市,121.409611758501,24.951090787049
三杯雞便當,新北市中和區店家,新北市中和區中興街161巷6弄2號,合格,大腸桿菌陰性大腸桿菌群9.2,108,新北市,121.500689015491,24.990837017536
豬排飯,新北市板橋區店家,新北市板橋區文化路2段227號,合格,大腸桿菌陰性大腸桿菌群陰性,108,新北市,121.470782971695,25.028487017857
香烤雞腿排,臺北市松山區店家,臺北市松山區敦化北路405巷123弄9號,合格,大腸桿菌陰性大腸桿菌群陰性,108,新北市,121.556104627231,25.062946614373
山藥蔬食,臺北市松山區店家,臺北市松山區敦化北路405巷123弄9號,合格,大腸桿菌陰性大腸桿菌群陰性,108,新北市,121.556104627231,25.062946614373
排骨便當,臺北市中正區店家,臺北市中正區北平西路3號,合格,大腸桿菌陰性大腸桿菌群9.2,108,新北市,121.517057698926,25.04717593782
素食便當,臺北市中正區店家,臺北市中正區北平西路3號,合格,大腸桿菌群陰性大腸桿菌陰性,108,新北市,121.517057698926,25.04717593782
日式照燒雞飯,新北市樹林區店家,新北市樹林區新興街31號,合格,大腸桿菌陰性大腸桿菌群陰性,108,新北市,121.40004700115,24.972287991537
咖哩雞飯,新北市樹林區店家,新北市樹林區新興街31號,合格,大腸桿菌陰性大腸桿菌群陰性,108,新北市,121.40004700115,24.972287991537
排骨便當,新北市三重區店家,新北市三重區五谷王南街46巷24號,合格,大腸桿菌陰性大腸桿菌群陰性,108,新北市,121.474876022653,25.045363979901
黑胡椒豬枊飯,黑胡,新北市三重區三陽路131號,合格,大腸桿菌陰性大腸桿菌群陰性,108,新北市,121.483159019371,25.059084987761
焢肉便當,新北市新莊區店家,新北市新莊區化成路904號,合格,大腸桿菌群240大腸桿菌陰性,108,新北市,121.464715982538,25.061765017482
炸雞腿便當,新北市板橋區店家,新北市板橋區萬安街20巷10弄12號,合格,大腸桿菌群150大腸桿菌陰性,108,新北市,121.484806985354,25.023482015833
招牌便當,新北市蘆洲區店家,新北市蘆洲區中原路66號,不合格,大腸桿菌陰性大腸桿菌群>1100,108,新北市,121.458653016695,25.082143016663
雞腿飯,新北市板橋區店家,新北市板橋區文化路2段227號,不合格,大腸桿菌群>1100大腸桿菌6.1,108,新北市,121.470782971695,25.028487017857
澳洲極鮮骰子牛,新北市中和區店家,新北市中和區中山路2段366巷40號1樓,合格,β-內醯胺類抗生素(8項)未檢出,108,新北市,121.491710488448,25.005203683397
羊肉片,臺北市士林區店家,臺北市士林區華齡街175號2樓,合格,氯黴素類抗生素(4項)未檢出,108,新北市,121.519387951828,25.087059170514
瑞騰羊肉片(調理組合肉),新北市中和區店家,新北市中和區建三路81號,合格,氯黴素類抗生素(4項)未檢出,108,新北市,121.486197962186,25.000947981608
裕國牛肉片,南投縣南投市店家,南投縣南投市南崗工業區工業北路2號,合格,β-內醯胺類抗生素(8項)未檢出,108,新北市,120.653944580951,23.925006340872
美國冷藏牛腱,美國冷,新北市中和區建康路264號,合格,β-內醯胺類抗生素(8項)未檢出,108,新北市,121.492481958816,24.999931005295
傳統水血,傳統,屏東縣竹田鄉糶糴村南進路11號,合格,著色劑(8項)己二烯酸苯甲酸去水醋酸,108,新北市,120.53263703386,22.574704979814
世朋鴨血,高雄市楠梓區店家,高雄市楠梓區後勁西路111巷20號,合格,著色劑(8項)己二烯酸苯甲酸去水醋酸,108,新北市,120.313009412176,22.718903817017
鴨血,新北市三重區店家,新北市三重區力行路1段38巷2號,合格,著色劑(8項)己二烯酸苯甲酸去水醋酸,108,新北市,121.486066518906,25.067777543824
鴨血,新北市汐止區店家,新北市汐止區樟樹路2巷47號5樓,合格,著色劑(8項)己二烯酸苯甲酸去水醋酸,108,新北市,121.6587593,25.0637969
鴨血,新北市新店區店家,新北市新店區中正路530號3樓,合格,著色劑(8項)己二烯酸苯甲酸去水醋酸,108,新北市,121.533885962113,24.984049980987
水血,新北市樹林區店家,新北市樹林區民權街5巷2號,合格,著色劑(8項)己二烯酸苯甲酸去水醋酸,108,新北市,121.395285996327,24.957471007927
傳統水血,傳統,屏東縣竹田鄉南鑫路11號,合格,著色劑(8項)己二烯酸苯甲酸去水醋酸,108,新北市,120.534537468427,22.579007022851
水血,桃園市蘆竹區店家,桃園市蘆竹區泉州路3號,合格,著色劑(8項)己二烯酸苯甲酸去水醋酸,108,新北市,121.287538475025,25.091700984673
鹹圓仔,新北市新莊區店家,新北市新莊區新莊路317號,合格,去水醋酸未檢出二氧化硫未檢出順丁烯二酸與順丁烯二酸酐總量未檢出己二烯酸未檢出苯甲酸未檢出,107,新北市,121.4528161946,25.034270782505
桂冠紅豆湯圓,桂冠,臺北市大安區羅斯福路3段126號,合格,己二烯酸未檢出順丁烯二酸與順丁烯二酸酐總量未檢出去水醋酸未檢出苯甲酸未檢出二氧化硫未檢出,107,新北市,121.52794763517,25.020581793515
桂冠鮮肉湯圓,桂冠,臺北市大安區羅斯福路3段126號,合格,去水醋酸未檢出己二烯酸未檢出苯甲酸未檢出二氧化硫未檢出順丁烯二酸與順丁烯二酸酐總量未檢出,107,新北市,121.52794763517,25.020581793515
蓮發糯米湯圓,桃園市八德區店家,桃園市八德區和平路1447號後棟,合格,苯甲酸未檢出去水醋酸未檢出二氧化硫未檢出順丁烯二酸與順丁烯二酸酐總量未檢出己二烯酸未檢出,107,新北市,121.323139770573,24.969832513002
小湯圓,台南市安南區店家,台南市安南區安通路2段2號,合格,順丁烯二酸與順丁烯二酸酐總量未檢出去水醋酸未檢出己二烯酸未檢出苯甲酸未檢出二氧化硫未檢出,107,新北市,120.225826185302,23.045343101511
西北芝麻湯圓,新北市林口區店家,新北市林口區粉寮路一段102號,合格,二氧化硫未檢出己二烯酸未檢出苯甲酸未檢出順丁烯二酸與順丁烯二酸酐總量未檢出去水醋酸未檢出,107,新北市,121.399962008651,25.081792988387
義美小湯圓,義美,臺北市北投區信義路二段88號10樓,合格,苯甲酸未檢出二氧化硫未檢出順丁烯二酸與順丁烯二酸酐總量未檢出己二烯酸未檢出去水醋酸未檢出,107,新北市,121.526880618896,25.033967860525
桂冠冷凍小湯圓,桂冠,臺北市中正區羅斯福路3段126號,合格,二氧化硫未檢出順丁烯二酸與順丁烯二酸酐總量未檢出去水醋酸未檢出羅丹明B (rhodamine B)未檢出(禁用)己二烯酸未檢出苯甲酸未檢出,107,新北市,121.52794763517,25.020581793515
西北花生湯圓,新北市林口區店家,新北市林口區粉寮路1段102號,合格,苯甲酸未檢出二氧化硫未檢出去水醋酸未檢出己二烯酸未檢出順丁烯二酸與順丁烯二酸酐總量未檢出,107,新北市,121.399962008651,25.081792988387
小湯圓,臺北市內湖區店家,臺北市內湖區新湖一路128巷36號,合格,苯甲酸未檢出去水醋酸未檢出順丁烯二酸與順丁烯二酸酐總量未檢出己二烯酸未檢出二氧化硫未檢出,107,新北市,121.576701896999,25.060009344043
日盛可口圓(紅白湯圓),新北市新店區店家,新北市新店區中正路538巷6號5樓,合格,苯甲酸未檢出二氧化硫未檢出去水醋酸未檢出順丁烯二酸與順丁烯二酸酐總量未檢出己二烯酸未檢出,107,新北市,121.534258034795,24.983882007647
花生湯圓,花生,高雄市大寮區大有四街12號,合格,苯甲酸未檢出己二烯酸未檢出去水醋酸未檢出二氧化硫未檢出順丁烯二酸與順丁烯二酸酐總量未檢出,107,新北市,120.425698030938,22.585358001564
有機湯圓,台中市大里區店家,台中市大里區工七路26號,合格,己二烯酸未檢出苯甲酸未檢出二氧化硫未檢出順丁烯二酸與順丁烯二酸酐總量未檢出去水醋酸未檢出,107,新北市,120.654082093692,24.4053472925
湯圓,新北市土城區店家,新北市土城區亞洲路126號,合格,己二烯酸未檢出苯甲酸未檢出二氧化硫未檢出順丁烯二酸與順丁烯二酸酐總量未檢出去水醋酸未檢出,107,新北市,121.433865298253,24.971970191678
義美湯圓-紅豆,義美湯,桃園市蘆竹區南工路6段11號,合格,去水醋酸未檢出二氧化硫未檢出苯甲酸未檢出順丁烯二酸與順丁烯二酸酐總量未檢出己二烯酸未檢出,107,新北市,121.268963004122,25.054802002876
義美湯圓-鮮肉,義美湯,桃園市蘆竹區南工路6段11號,合格,己二烯酸未檢出二氧化硫未檢出去水醋酸未檢出苯甲酸未檢出順丁烯二酸與順丁烯二酸酐總量未檢出,107,新北市,121.268963004122,25.054802002876
紅白小湯圓,新北市三重區店家,新北市三重區中央北路13之1號,合格,己二烯酸0.03去水醋酸未檢出苯甲酸未檢出二氧化硫未檢出順丁烯二酸與順丁烯二酸酐總量未檢出,107,新北市,121.501307013212,25.064016983408
紅白小湯圓,新北市林口區店家,新北市林口區寶林路280號,合格,己二烯酸未檢出苯甲酸未檢出二氧化硫未檢出順丁烯二酸與順丁烯二酸酐總量未檢出去水醋酸未檢出,107,新北市,121.383066408777,25.085465131326
鹹湯圓,新北市瑞芳區店家,新北市瑞芳區中正路90號,合格,己二烯酸未檢出苯甲酸未檢出二氧化硫未檢出順丁烯二酸與順丁烯二酸酐總量未檢出去水醋酸未檢出,107,新北市,121.805312103501,25.107762513267
桂冠芝麻湯圓,桂冠,新北市中和區橋和路60號,合格,二氧化硫未檢出順丁烯二酸與順丁烯二酸酐總量未檢出去水醋酸未檢出己二烯酸未檢出苯甲酸未檢出,107,新北市,121.489725989052,25.005150500222
桂冠花生湯圓,桂冠,臺北市松山區羅斯福路3段126號,合格,去水醋酸未檢出己二烯酸未檢出苯甲酸未檢出二氧化硫未檢出順丁烯二酸與順丁烯二酸酐總量未檢出,107,新北市,121.52794763517,25.020581793515
永世情圓,新北市新莊區店家,新北市新莊區昌平街82巷13弄10號1樓,合格,二氧化硫未檢出順丁烯二酸與順丁烯二酸酐總量未檢出己二烯酸未檢出苯甲酸未檢出去水醋酸未檢出,107,新北市,121.455424978144,25.053331984698
小湯圓,新北市林口區店家,新北市林口區中正路76號,合格,己二烯酸未檢出苯甲酸未檢出二氧化硫未檢出順丁烯二酸與順丁烯二酸酐總量未檢出去水醋酸未檢出,107,新北市,121.39463991923,25.077375809232
紅白湯圓,新北市土城區店家,新北市土城區廣明街15號,合格,己二烯酸未檢出苯甲酸未檢出二氧化硫未檢出順丁烯二酸與順丁烯二酸酐總量未檢出去水醋酸未檢出,107,新北市,121.455669429794,24.992347245343
紅白湯圓,新北市板橋區店家,新北市板橋區文化路1段435巷24號,合格,苯甲酸未檢出去水醋酸未檢出二氧化硫未檢出順丁烯二酸與順丁烯二酸酐總量未檢出己二烯酸未檢出,107,新北市,121.467157211838,25.023255788266
紅白湯圓,臺北市萬華區店家,臺北市萬華區環河南路2段245號,合格,順丁烯二酸與順丁烯二酸酐總量未檢出二氧化硫未檢出己二烯酸未檢出苯甲酸未檢出去水醋酸未檢出,107,新北市,121.489814585769,25.029891154277
客家大湯圓(豬肉),客家,新北市新店區中正路417號1樓,合格,去水醋酸未檢出二氧化硫未檢出順丁烯二酸與順丁烯二酸酐總量未檢出己二烯酸未檢出苯甲酸未檢出,107,新北市,121.534102969586,24.977803996288
鮮肉湯圓,新北市板橋區店家,新北市板橋區溪崑二街102號,合格,去水醋酸未檢出己二烯酸未檢出苯甲酸0.55二氧化硫未檢出順丁烯二酸與順丁烯二酸酐總量未檢出,107,新北市,121.426514033892,24.988865007176
紅色湯圓,新北市淡水區店家,新北市淡水區中山北路1段113號,合格,苯甲酸未檢出二氧化硫未檢出去水醋酸未檢出順丁烯二酸與順丁烯二酸酐總量未檢出己二烯酸未檢出羅丹明B (rhodamine B)未檢出(禁用),107,新北市,121.442503939123,25.176743690472
桂冠冷凍小湯圓,桂冠,新北市中和區橋和路60號,合格,己二烯酸未檢出苯甲酸未檢出去水醋酸未檢出二氧化硫未檢出順丁烯二酸與順丁烯二酸酐總量未檢出,107,新北市,121.489725989052,25.005150500222
肉粽,新北市新莊區店家,新北市新莊區豐年街13號,合格,大腸桿菌群陰性大腸桿菌陰性,107,新北市,121.446476961228,25.032671012465
千禧粽,新北市板橋區店家,新北市板橋區漢生東路111之2號,合格,大腸桿菌陰性大腸桿菌群陰性,107,新北市,121.467185961766,25.015200988862
南部水煮粽,新北市板橋區店家,新北市板橋區漢生東路111之2號,合格,大腸桿菌陰性大腸桿菌群陰性,107,新北市,121.467185961766,25.015200988862
大肉粽,新北市八里區店家,新北市八里區龍米路1段52之1號,合格,大腸桿菌陰性大腸桿菌群陰性,107,新北市,121.456724079827,25.118826328421
北部粽,新北市深坑區店家,新北市深坑區北深路2段210號,合格,大腸桿菌陰性大腸桿菌群陰性,107,新北市,121.612735028198,25.001527003479
粽子,新北市新莊區店家,新北市新莊區豐年街7號,合格,大腸桿菌陰性大腸桿菌群陰性,107,新北市,121.446380066428,25.032992709909
好彩頭粽,新北市蘆洲區店家,新北市蘆洲區仁愛街52號,合格,大腸桿菌群陰性大腸桿菌陰性,107,新北市,121.471788967714,25.093682005579
粽子,新北市三峽區店家,新北市三峽區中園街37號,合格,大腸桿菌陰性大腸桿菌群陰性,107,新北市,121.368348990273,24.926423013642
粽子,新北市鶯歌區店家,新北市鶯歌區中正三路154號,合格,大腸桿菌陰性大腸桿菌群陰性,107,新北市,121.335003181051,24.939284792607
湖州肉粽,新北市永和區店家,新北市永和區民有街12號,合格,大腸桿菌陰性大腸桿菌群陰性,107,新北市,121.516344985699,24.996728992554
粽子,新北市汐止區店家,新北市汐止區福德一路255號,合格,大腸桿菌陰性大腸桿菌群陰性,107,新北市,121.633454003201,25.064469019447
芝麻涼麵,芝麻,新北市新店區三民路5號1樓,合格,大腸桿菌陰性大腸桿菌群陰性,107,新北市,121.536812000692,24.970907994998
原味涼麵,新北市新莊區店家,新北市新莊區中港路357號,合格,大腸桿菌群9.2大腸桿菌陰性,107,新北市,121.451874990692,25.045975984561
酢醬涼麵,新北市新莊區店家,新北市新莊區中港路357號,合格,大腸桿菌陰性大腸桿菌群23,107,新北市,121.451874990692,25.045975984561
原味涼麵,新北市板橋區店家,新北市板橋區中山路2段90巷10號,合格,大腸桿菌陰性大腸桿菌群陰性,107,新北市,121.475364268513,25.015973297421
鮭魚切片,鮭魚,新北市中和區健康路258號,合格,無機砷未檢出鉛未檢出鎘未檢出甲基汞未檢出,108,新北市,121.492615666367,25.000203674726
鮮元原味調理牛肉火鍋肉片,新北市三重區店家,新北市三重區中正北路428巷9號,合格,鉛未檢出鎘未檢出,108,新北市,121.474491377116,25.070455709971
壽司蝦,臺北市松山區店家,臺北市松山區富民路145巷15弄48之1號,合格,無機砷未檢出鎘未檢出甲基汞未檢出鉛未檢出,108,新北市,121.500340579776,25.019260176932
清腿肉T9去腳踝,臺北市萬華區店家,臺北市萬華區西藏路478號,合格,鎘未檢出鉛未檢出,108,新北市,121.49451079848,25.028903011712
炎黃子孫鹹蛋,屏東縣萬丹鄉店家,屏東縣萬丹鄉社中村菜寮138之12號,合格,銅1.7 mg/kg鉛未檢出,108,新北市,120.4849257,22.5893837
川果紅殼蛋,台南市新化區店家,台南市新化區頂山腳53-250號,合格,鉛未檢出銅0.7 mg/kg,108,新北市,120.3108429,23.038455
鴨皮蛋,台南市後壁區店家,台南市後壁區新嘉里白沙屯130-9號,合格,銅1.4 mg/kg鉛未檢出,108,新北市,120.311625,23.37264
韓廚正宗韓國辣椒粉,新北市三芝區店家,新北市三芝區中山路1段55號,合格,黃麴毒素B2未檢出黃麴毒素G1未檢出黃麴毒素G2未檢出黃麴毒素B10.3,108,新北市,121.500733020483,25.257363014509
正宗韓國辣椒粉,新北市三芝區店家,新北市三芝區中山路1段55號,合格,黃麴毒素G1未檢出黃麴毒素G2未檢出黃麴毒素B1未檢出黃麴毒素B2未檢出,108,新北市,121.500733020483,25.257363014509
雞心辣椒粉(粗粒),嘉義縣民雄鄉店家,嘉義縣民雄鄉工業區中山路65號,合格,黃麴毒素G1未檢出黃麴毒素G2未檢出黃麴毒素B1未檢出黃麴毒素B2未檢出,108,新北市,120.459870966365,23.531008005855
雞心辣椒粉(粉狀),嘉義縣民雄鄉店家,嘉義縣民雄鄉工業區中山路65號,合格,黃麴毒素G1未檢出黃麴毒素G2未檢出黃麴毒素B1未檢出黃麴毒素B2未檢出,108,新北市,120.459870966365,23.531008005855
真好家椒鹽粉,真好家,新北市五股區五工路144號,合格,黃麴毒素B1未檢出黃麴毒素G1未檢出黃麴毒素G2未檢出黃麴毒素B2未檢出,108,新北市,121.449644985352,25.070356007232
孜然粉(馬芹子粉),台中市西屯區店家,台中市西屯區工業區一路70號7樓之1,合格,黃麴毒素G2未檢出黃麴毒素B2未檢出黃麴毒素G1未檢出黃麴毒素B1未檢出,108,新北市,120.614233017254,24.177359987133
辣椒粉,辣椒,台南市西港區中山路490巷1號,合格,黃麴毒素B1未檢出黃麴毒素B2未檢出黃麴毒素G1未檢出黃麴毒素G2未檢出,108,新北市,120.202219979932,23.129798990269
天然薑黃粉,臺北市松山區店家,臺北市松山區三民路113巷22號11樓,合格,黃麴毒素G2未檢出黃麴毒素B2未檢出黃麴毒素G1未檢出黃麴毒素B10.3,108,新北市,121.562069692445,25.058051331461
八角(調理用),桃園市大溪區店家,桃園市大溪區登龍路5-7號,合格,黃麴毒素G1未檢出黃麴毒素G2未檢出黃麴毒素B2未檢出黃麴毒素B1未檢出,108,新北市,121.286115982237,24.882607997806
調味咖哩粉,台中市西屯區店家,台中市西屯區工業區一路70號7樓之1,合格,黃麴毒素G1未檢出黃麴毒素G2未檢出黃麴毒素B1未檢出黃麴毒素B2未檢出,108,新北市,120.614233017254,24.177359987133
排骨便當,新北市土城區店家,新北市土城區裕民路104號,合格,大腸桿菌群陰性大腸桿菌陰性,107,新北市,121.450591972773,24.986717982677
帶皮原胸,新北市中和區店家,新北市中和區立德街9號,合格,"Salbutamol未檢出脫氧羥四環黴素(Doxycycline)0.016Clenbuterol未檢出Terbutaline未檢出Ractopamine未檢出氯黴素類抗生素(4項)未檢出Cimaterol未檢出Tulobuterol未檢出Zilpaterol未檢出羥四環黴素(Oxytetracycline,OTC)0.006動物用藥多重殘留(48項)未檢出四環黴素類(7項)檢出細項氯四環黴素(Chlortetracycline,CTC)0.007",107,新北市,121.489911371676,25.00659208373
午餐自助餐,新北市汐止區店家,新北市汐止區中興路152號,合格,大腸桿菌群陰性大腸桿菌陰性,107,新北市,121.632487234488,25.064769217309
PP彎砂湯匙M型,彰化縣鹿港鎮店家,彰化縣鹿港鎮鹿和路3段432巷96號,合格,溶出試驗-塑化劑鄰苯二甲酸丁基苯甲酯(BBP)(正庚烷；25℃，1小時)未檢出溶出試驗-塑化劑鄰苯二甲酸二異壬酯(DINP)(正庚烷；25℃，1小時)未檢出材質試驗-鉛含量(ppm)未檢出材質試驗-鎘含量(ppm)未檢出溶出試驗-高錳酸鉀消耗量(水；95℃，30分鐘)0.2ppm溶出試驗-重金屬(比色法)(95℃，30分鐘)<1ppm溶出試驗-著色劑(正庚烷；25℃，1小時)未檢出溶出試驗-著色劑(20%乙醇；60℃，30分鐘)未檢出溶出試驗-塑化劑鄰苯二,107,新北市,120.474893013237,24.078429012596
便當,新北市新莊區店家,新北市新莊區四維路175號,合格,大腸桿菌陰性大腸桿菌群23.,107,新北市,121.422437998197,25.021384989387
午餐,新北市淡水區店家,新北市淡水區民生路45號,合格,大腸桿菌群陰性大腸桿菌陰性,107,新北市,121.46200395093,25.137990194712
煎排骨便當,新北市新店區店家,新北市新店區北新路2段123號1樓,合格,大腸桿菌群9.2大腸桿菌陰性,107,新北市,121.542755189139,24.975073214143
紅甜椒,臺北市萬華區店家,臺北市萬華區萬大路533號,合格,二硫代胺基甲酸鹽類未檢出賽洛寧(λ-Cyhalothrin)0.02亞托敏(Azoxystrobin)0.12達特南(Dinotefuran)0.10克收欣(Kresoxim-methyl)0.02亞滅培(Acetamiprid)0.05農藥多重殘留分析(373項)檢出細項福多寧(Flutolanil)0.03白克列(Boscalid)0.02,107,新北市,121.497131987241,25.018499812586
雞腿便當,新北市淡水區店家,新北市淡水區中山北路1段78號1樓,合格,大腸桿菌陰性大腸桿菌群460,107,新北市,121.44239598021,25.176022008609
菜飯便當,新北市新莊區店家,新北市新莊區中港路140號,合格,大腸桿菌陰性大腸桿菌群陰性,107,新北市,121.455296986483,25.040927019455
茄子,屏東縣鹽埔鄉店家,屏東縣鹽埔鄉勝利路37之1號,合格,益達胺(Imidacloprid)0.04農藥多重殘留分析(373項)檢出細項克凡派(Chlorfenapyr)0.02二硫代胺基甲酸鹽類未檢出,107,新北市,120.573256993933,22.755740006806
點心盒,台中市大安區店家,台中市大安區南比六路100芘12號,合格,溶出試驗-重金屬(比色法)(60℃，30分鐘)<1ppm溶出試驗-蒸發殘渣(4%醋酸；60℃，30分鐘)7ppm材質試驗-螢光增白劑未檢出溶出試驗-蒸發殘渣(水；60℃，30分鐘)3ppm溶出試驗-蒸發殘渣(20%酒精；60℃，30分鐘)4ppm材質鑑別聚乙烯溶出試驗-蒸發殘渣(正庚烷；25℃，1小時)6ppm溶出試驗-高錳酸鉀消耗量(水；60℃，30分鐘)3.6ppm,107,新北市,120.5865069,24.3461951
碳烤香魚片(素食),桃園市蘆竹區店家,桃園市蘆竹區南崁路2段459號,合格,動物性成分陰性,107,新北市,121.267449316228,25.06201538493
390CC湯杯,臺北市士林區店家,臺北市士林區延平北路7段27巷17號,合格,材質鑑別聚乙烯溶出試驗-高錳酸鉀消耗量(水；60℃，30分鐘)0.3ppm溶出試驗-蒸發殘渣(水；60℃，30分鐘)1ppm溶出試驗-重金屬(比色法)(60℃，30分鐘)<1ppm材質試驗-螢光增白劑未檢出溶出試驗-蒸發殘渣(4%醋酸；60℃，30分鐘)4ppm溶出試驗-蒸發殘渣(20%酒精；60℃，30分鐘)5ppm溶出試驗-蒸發殘渣(正庚烷；25℃，1小時)5ppm,107,新北市,121.495895656522,25.095058858905
絞肉(豬),新北市板橋區店家,新北市板橋區館前西路177號,合格,"Clenbuterol未檢出Salbutamol未檢出四環黴素類(7項)檢出細項動物用藥多重殘留(48項)未檢出Cimaterol未檢出Tulobuterol未檢出Terbutaline未檢出Ractopamine未檢出氯黴素類抗生素(4項)未檢出Zilpaterol未檢出氯四環黴素(Chlortetracycline,CTC)0.006",107,新北市,121.455622036688,25.008102983706
萵苣菜,雲林縣西螺鎮店家,雲林縣西螺鎮中山路285號,不合格,農藥多重殘留分析(373項)檢出細項達滅芬(Dimethomorph)1.10二硫代胺基甲酸鹽類0.42座賽胺(Zoxamide)0.40,107,新北市,120.453318832653,23.798832904454
烏豆沙蛋黃酥,新北市新莊區店家,新北市新莊區幸福路651號1樓,合格,去水醋酸己二烯酸苯甲酸蘇丹色素,108,新北市,121.451131012966,25.049026997317
烏豆沙蛋黃酥,新北市蘆洲區店家,新北市蘆洲區中正路49號,合格,,108,新北市,121.470884979456,25.082546982487
蛋黃酥(月餅),蛋黃,新北市鶯歌區鶯桃路2段9號,合格,,108,新北市,121.325884005672,24.972010005718
魯肉酥餅,新北市板橋區店家,新北市板橋區信義路163巷4號3樓,合格,去水醋酸己二烯酸苯甲酸,108,新北市,121.459310996094,24.992579992391
素綠豆椪,新北市永和區店家,新北市永和區中山路1段283號,合格,,108,新北市,121.507023974092,25.006877004638
奶油紅豆沙(禮莊),奶油,新北市土城區永豐路195巷27弄22號,合格,去水醋酸己二烯酸苯甲酸,108,新北市,121.473063268453,24.980109187299
奶油紅豆沙(302),奶油,新北市土城區永豐路195巷27弄22號,合格,,108,新北市,121.473063268453,24.980109187299
酥油烏豆沙,新北市淡水區店家,新北市淡水區下圭柔山119之12號,合格,,108,新北市,121.45367,25.20547
奇新奶油烏豆沙,新北市蘆洲區店家,新北市蘆洲區信義路59巷8弄5號,合格,,108,新北市,121.475589993166,25.080542995166
烏豆沙,桃園市蘆竹區店家,桃園市蘆竹區南山路2段394巷4-1號,合格,,108,新北市,121.286297366622,25.070407514028
新鮮鴨蛋(鹹蛋黃),彰化縣芳苑鄉店家,彰化縣芳苑鄉草潢路一段449巷17號,合格,去水醋酸己二烯酸苯甲酸蘇丹色素,108,新北市,120.320285,23.9241781
鹹蛋黃,鹹蛋,新北市三峽區三樹路222巷236弄8-12號,合格,,108,新北市,121.39230002714,24.942936997368
鹹蛋黃(中),鹹蛋,台南市麻豆區埤頭一之二號,合格,,108,新北市,120.228892,23.194491
鹹蛋黃(大),鹹蛋,桃園市桃園區中正路1067號4樓,合格,,108,新北市,121.298276028269,25.016067007098
蛋仁,新北市三峽區店家,新北市三峽區三樹路222巷236弄12號,合格,,108,新北市,121.379719418316,24.942544848518
鹹蛋黃,鹹蛋,新北市三峽區三樹路222巷236弄8之3號,合格,去水醋酸己二烯酸苯甲酸蘇丹色素,108,新北市,121.391617991678,24.942824009314
鹹蛋黃,鹹蛋,嘉義縣溪口鄉民生街172號,合格,,108,新北市,120.395694002693,23.60331000928
鹹蛋黃,鹹蛋,基隆市七堵區百五街64巷16號,合格,,108,新北市,121.696772995264,25.083609011529
鹹蛋黃,鹹蛋,新北市新莊區中富街19號,合格,,108,新北市,121.450502,25.0358987
鹹蛋黃,鹹蛋,新北市新店區寶宏路38號1樓,合格,,108,新北市,121.54939399173,24.975566992059
金蘭烤肉醬,金蘭,桃園市大溪區介壽路236號,合格,去水醋酸己二烯酸苯甲酸環己基(代)磺醯胺酸甘精醋磺內酯鉀糖精,108,新北市,121.308108322526,24.982546449642
蜜汁烤肉醬,蜜汁,臺北市信義區忠孝東路四段560號12樓,合格,,108,新北市,121.563890996186,25.040984016397
李錦記日式照燒烤肉醬,臺北市大安區店家,臺北市大安區忠孝東路4段560樓,合格,,108,新北市,121.563890996186,25.040984016397
金蘭烤肉醬,金蘭,桃園市大溪區介壽路236號,合格,,108,新北市,121.308108322526,24.982546449642
萬家香烤肉醬,萬家香,屏東縣內埔鄉中林村大同路5段88號,合格,,108,新北市,120.596013962057,22.661839561429
健康廚房古早味燒肉醬,健康,台中市霧峰區中正路266號,合格,去水醋酸己二烯酸苯甲酸環己基(代)磺醯胺酸甘精醋磺內酯鉀糖精,108,新北市,120.694130994703,24.035179984772
蒜味烤肉醬(精煉),蒜味,彰化縣和美鎮梨里大佃路962號,合格,,108,新北市,120.501080006594,24.105537009475
蔥烤萬用醬(精煉),彰化縣和美鎮店家,彰化縣和美鎮梨里大佃路962號,合格,,108,新北市,120.501080006594,24.105537009475
義美BBQ燒烤醬,義美,桃園市蘆竹區南工路1段11號,合格,,108,新北市,121.278934367597,25.060315283509
健康廚房橙汁風味烤肉醬,健康,台中市霧峰區中正路266號,合格,,108,新北市,120.694130994703,24.035179984772
李錦記韓式烤肉醬,臺北市信義區店家,臺北市信義區忠孝東路4段560號12樓,合格,去水醋酸己二烯酸苯甲酸環己基(代)磺醯胺酸甘精醋磺內酯鉀糖精,108,新北市,121.563890996186,25.040984016397
李錦記麻辣烤肉醬,臺北市信義區店家,臺北市信義區忠孝東路4段560號12樓,合格,,108,新北市,121.563890996186,25.040984016397
美式烤雞塗醬,臺北市中正區店家,臺北市中正區新生南路1段116號7樓,合格,,108,新北市,121.532547958909,25.039120509773
日式特調沾醬,新北市新莊區店家,新北市新莊區後港一路147號2樓,合格,,108,新北市,121.430945210825,25.027930501396
烤肉醬,新北市五股區店家,新北市五股區五權三路15號,合格,,108,新北市,121.452179421416,25.063639588218
蜜汁烤肉醬,蜜汁,桃園市大溪區介壽路236號,合格,去水醋酸己二烯酸苯甲酸環己基(代)磺醯胺酸甘精醋磺內酯鉀糖精,108,新北市,121.308108322526,24.982546449642
21碳醋醬,雲林縣斗六市店家,雲林縣斗六市斗六工業區民有街38號,合格,,108,新北市,120.597026981691,23.721125579309
蘑菇醬,雲林縣莿桐鄉店家,雲林縣莿桐鄉大美村大美21-10號,合格,,108,新北市,120.516968,23.740677
黑龍肉桂香辣醬,嘉義縣民雄鄉店家,嘉義縣民雄鄉寮頂村頂寮66-5號,合格,,108,新北市,120.427724,23.569026
味全原味烤肉醬,台中市霧峰區店家,台中市霧峰區萬豐里中正路266號,合格,,108,新北市,120.694130994703,24.035179984772
基隆手工天婦羅條,基隆,臺北市萬華區長順街44號,合格,順丁烯二酸與順丁烯二酸酐總量去水醋酸己二烯酸苯甲酸,108,新北市,121.489387443983,25.031981978115
甜不辣,甜不,臺北市松山區民權東路3段4號B1,合格,,108,新北市,121.544677773781,25.062000961534
牛蒡天婦羅,新北市五股區店家,新北市五股區民義路1段247-9號,合格,,108,新北市,121.428415971542,25.090595998378
甜不辣,甜不,新北市林口區粉?路1段102號,合格,,108,新北市,121.3888989,25.0770583
甜不辣,甜不,臺北市萬華區富民路119號,合格,,108,新北市,121.499626357807,25.01828301466
天婦羅,基隆市仁愛區店家,基隆市仁愛區愛一路23號,合格,順丁烯二酸與順丁烯二酸酐總量去水醋酸己二烯酸苯甲酸,108,新北市,121.741365977443,25.129048985024
甜不辣片,甜不,新北市五股區民義路1段247之9號,合格,,108,新北市,121.428415971542,25.090595998378
基隆手工天婦羅片,基隆,臺北市士林區華齡街175號2樓,合格,,108,新北市,121.519387951828,25.087059170514
甜不辣(條),甜不,新北市板橋區中興路63-12號,合格,,108,新北市,121.455425983973,25.007592986807
甜不辣(片),甜不,新北市板橋區中興路63-12號,合格,,108,新北市,121.455425983973,25.007592986807
卡滋德式香腸,屏東縣屏東市店家,屏東縣屏東市工業路14號2樓,合格,亞硝酸鹽,108,新北市,120.499149989569,22.661723006825
黑橋牌珍珠香腸,台南市南區店家,台南市南區中華西路1段103號,合格,,108,新北市,120.184836834755,22.980125398832
博客Q肉丁蒜味德國香腸(單入),桃園市大園區店家,桃園市大園區大江路13號,合格,,108,新北市,121.1954452,25.063879
無添加手工香腸(高粱酒),彰化縣和美鎮店家,彰化縣和美鎮山犁里大佃路962號,合格,,108,新北市,120.501080006594,24.105537009475
蒜味熟香腸,蒜味,臺北市內湖區堤頂大道2段483號,合格,,108,新北市,121.562080840376,25.082313127388
美式香腸,新北市三重區店家,新北市三重區仁昌街36號2樓,合格,亞硝酸鹽,108,新北市,121.496983040821,25.074233014637
黑橋牌珍珠香腸,台南市南區店家,台南市南區中華西路1段103號,合格,,108,新北市,120.184836834755,22.980125398832
台畜經典香腸(原味),臺北市大安區店家,臺北市大安區敦化南路2段71號4樓,合格,,108,新北市,121.549145803577,25.0306232297
紹興香腸,屏東縣萬丹鄉店家,屏東縣萬丹鄉泉順街439巷37號,合格,,108,新北市,120.481004007385,22.57174901784
滿漢原味香腸,台南市新市店家,台南市新市區大營里大營7號,合格,,108,新北市,120.30163,23.0996
魚漿煉製品(燒一番),基隆市七堵區店家,基隆市七堵區自強路102號,合格,去水醋酸己二烯酸苯甲酸硼酸及其鹽類,108,新北市,121.712973034807,25.110189996245
安永-虱目魚丸(包),臺北市內湖區店家,臺北市內湖區堤頂大道2段483號,合格,,108,新北市,121.562080840376,25.082313127388
淡水魚丸,新北市三重區店家,新北市三重區中正北路530巷27-29號,合格,,108,新北市,121.471895920798,25.070146794929
魚漿煉製品,宜蘭縣蘇澳鎮店家,宜蘭縣蘇澳鎮德興六路11號,合格,,108,新北市,121.824085974053,24.631011008579
桂冠魚卵卷,桂冠,新北市中和區橋和路60號,合格,,108,新北市,121.489725989052,25.005150500222
有機轉型期茭白筍,南投縣埔里鎮店家,南投縣埔里鎮泰安里民族路117號,合格,農藥殘留,108,新北市,120.977170011484,23.968033983357
有機青椒,雲林縣西螺鎮店家,雲林縣西螺鎮漢光里平和南路313巷32號,合格,,108,新北市,120.454813409808,23.79390920689
筊白筍,彰化縣社頭鄉店家,彰化縣社頭鄉中山路3段208號,合格,,108,新北市,120.5849309734,23.9145200159
吉利好事水梨3入,台中市東勢區店家,台中市東勢區延平里東關路7段300號,合格,,108,新北市,120.827616993723,24.251334012603
茭白筍-家樂福嚴選,南投縣埔里鎮店家,南投縣埔里鎮珠格里珠生路63號,合格,,108,新北市,120.961323520616,23.944593320575
甜玉米,雲林縣西螺鎮店家,雲林縣西螺鎮福田里新厝路1-6號,合格,農藥殘留,108,新北市,120.508579659438,23.672536923569
酪梨,台南市大內區店家,台南市大內區內郭里66-3號,合格,,108,新北市,120.3567635,23.1191831
友善耕作青椒,花蓮縣卓溪鄉店家,花蓮縣卓溪鄉卓清村13鄰24-2號,合格,,108,新北市,121.303314,23.3465402
洋蔥,屏東縣屏東市店家,屏東縣屏東市台糖街39號,合格,,108,新北市,120.490587959294,22.663039007533
玉米筍,玉米,新北市蘆洲區復興路335巷8號,合格,,108,新北市,121.48421698319,25.091749012979
芭樂,芭樂,新北市三重區中正北路111號,合格,農藥殘留,108,新北市,121.48699843394,25.064549401898
水梨,新北市淡水區店家,新北市淡水區商工路169號,合格,,108,新北市,121.447794931684,25.188759106765
甜玉米-帶殼玉米筍,雲林縣西螺鎮店家,雲林縣西螺鎮振安路59號,合格,,108,新北市,120.465478794866,23.787959187193
甜玉米-履歷甜玉米,雲林縣西螺鎮店家,雲林縣西螺鎮振安路59號,合格,,108,新北市,120.465478794866,23.787959187193
台灣燕巢芭樂,高雄市燕巢區店家,高雄市燕巢區安招里中安路123號,合格,,108,新北市,120.355899995359,22.787090001063
東勢高接梨,新北市中和區店家,新北市中和區連城路194巷4號,合格,農藥殘留,108,新北市,121.491985163415,24.997434581163
四季豆,四季,臺北市萬華區萬大路449巷28弄4號,合格,,108,新北市,121.49921396817,25.020269399984
茭白筍(帶殼),雲林縣西螺鎮店家,雲林縣西螺鎮新安里114-2號,合格,,108,新北市,120.465427,23.79766
燕巢芭樂2入/盒,新北市中和區店家,新北市中和區連城路194巷4號,合格,,108,新北市,121.491985163415,24.997434581163
水梨,台中市東勢區店家,台中市東勢區東蘭路231號,合格,,108,新北市,120.805386007207,24.308315992499
冷凍草蝦8P,高雄市前鎮店家,高雄市前鎮區佛中路64號4樓,合格,動物用藥殘留,108,新北市,120.322620989905,22.571720980374
家樂福日本北海道干貝,家樂福,嘉義縣民雄鄉民雄工業區中正路28號,合格,,108,新北市,120.430129962242,23.558945014867
文蛤(300g)真空包,新北市中和區店家,新北市中和區連城路114號,合格,,108,新北市,121.496151136931,24.999672507401
冷凍草蝦,嘉義縣布袋鎮店家,嘉義縣布袋鎮中正路12號,合格,,108,新北市,120.155132291911,23.378578318925
冷凍鯛魚片,嘉義縣義竹鄉店家,嘉義縣義竹鄉義工三路3號,合格,,108,新北市,120.219482425702,23.359604204707
海瓜子肉(美),新北市中和區店家,新北市中和區中山路2段390號,合格,動物用藥殘留,108,新北市,121.4904542088,25.003705292476
根島生態草蝦仁,臺北市內湖區店家,臺北市內湖區堤頂大道2段483號,合格,,108,新北市,121.562080840376,25.082313127388
東石鮮採文蛤(大),嘉義縣東石鄉店家,嘉義縣東石鄉網寮村29號,合格,,108,新北市,120.15348,23.436425
帶頭白蝦,高雄市鼓山區店家,高雄市鼓山區鼓山一路155號,合格,,108,新北市,120.280386004728,22.629797008182
蛤蠣,彰化縣芳 苑鄉店家,彰化縣芳 苑鄉漢寶村芳漢路漢1段511巷47號,合格,,108,新北市,120.3714797,24.0197322
冷凍有卵柳葉魚,嘉義縣民雄鄉店家,嘉義縣民雄鄉北斗村26號,合格,動物用藥殘留,108,新北市,120.4286619,23.551431
雲林口湖鮮採文蛤(中),嘉義縣民雄鄉店家,嘉義縣民雄鄉民雄工業區中正路282號,合格,,108,新北市,120.43013884706,23.558742445222
冷凍白蝦,臺北市萬華區店家,臺北市萬華區桂林路242巷67號,合格,,108,新北市,121.494145766596,25.036959738953
文蛤,新北市五股區店家,新北市五股區民義路1段247-11號,合格,,108,新北市,121.428415971542,25.090595998378
大文蛤,臺北市中山區店家,臺北市中山區龍江路433巷4號,合格,,108,新北市,121.541066375834,25.067166924569
冷藏豬五花肉片,高雄市路竹區店家,高雄市路竹區中山南路47號,合格,動物用藥殘留,108,新北市,120.266640632118,22.827064813598
家福嚴選澳洲安格斯紐約克牛排,臺北市南港區店家,臺北市南港區南港路二段20巷5號地下一樓,合格,,108,新北市,121.605578223991,25.054442503049
美國紐約克厚切牛排,新北市三重區店家,新北市三重區中正北路330巷18號,合格,,108,新北市,121.478646035063,25.068985985158
原味去骨雞腿排,新北市三重區店家,新北市三重區中正北路330巷18號,合格,,108,新北市,121.478646035063,25.068985985158
西班牙1672梅花豬燒烤片,新北市三重區店家,新北市三重區中正北路330巷18號,合格,,108,新北市,121.478646035063,25.068985985158
美國嫩肩骰子牛肉,基隆市七堵區店家,基隆市七堵區工建南路23號,合格,動物用藥殘留,108,新北市,121.703376426223,25.083415515294
美國CHOICE牛小排牛排,高雄市燕巢區店家,高雄市燕巢區大仁路60號,合格,,108,新北市,120.383703019649,22.770677983188
安永鮮豚-帶皮五花肉,臺北市內湖區店家,臺北市內湖區堤頂大道2段483號,合格,,108,新北市,121.562080840376,25.082313127388
珍珠嫩雞(半),珍珠,苗栗縣後龍鎮大山里下大山里下大山腳34-2號,合格,,108,新北市,120.806034,24.644753
舒康雞-翅中,舒康雞,台南市永康區正南三路136號,合格,,108,新北市,120.23615906026,23.029373103301
澳洲牛肉片,基隆市七堵區店家,基隆市七堵區工建南路23號,合格,動物用藥殘留,108,新北市,121.703376426223,25.083415515294
美國冷凍大牛排,美國冷,基隆市七堵區工建南路23號,合格,,108,新北市,121.703376426223,25.083415515294
豬肉片,豬肉,苗栗縣頭份鎮下興里7鄰下東興79號,合格,,108,新北市,120.9108693,24.6748197
雞肉,雞肉,新北市三重區中正北路530巷27-29號,合格,,108,新北市,121.471895920798,25.070146794929
牛肉片,牛肉,苗栗縣頭份鎮下興里7鄰下東興79號,合格,,108,新北市,120.9108693,24.6748197
牛肉火鍋片,牛肉,新北市三重區中正北路428巷9號,合格,動物用藥殘留,108,新北市,121.474491377116,25.070455709971
後腿肉,後腿,新北市三重區中正北路530巷27-29號,合格,,108,新北市,121.471895920798,25.070146794929
澳洲冷藏牛肋條,澳洲冷,新北市中和區建康路264號,合格,,108,新北市,121.492481958816,24.999931005295
牛肉,牛肉,臺北市松山區羅斯福路5段176巷17號,合格,,108,新北市,121.537445421115,25.004171745388
皇金土雞骨腿(冷藏肉),台南市柳營區店家,台南市柳營區長榮路6段513號,合格,,108,新北市,120.310952291037,23.269431816074
淬釀醬油露,台中市霧峰區店家,台中市霧峰區中正路266號,合格,甘精環己基(代)磺醯胺酸醋磺內酯鉀糖精3-單氯丙二醇去水醋酸己二烯酸苯甲酸,108,新北市,120.694130994703,24.035179984772
丸莊銀標調合醬油,雲林縣西螺鎮店家,雲林縣西螺鎮延平路25號,合格,,108,新北市,120.463804677345,23.80241889218
金味王醬油,臺北市中山區店家,臺北市中山區中山北路2段79號5樓,合格,,108,新北市,121.523093842679,25.05820296009
泰安醬油,南投縣南投市店家,南投縣南投市工業北三路2號,合格,,108,新北市,120.658339010858,23.926461000893
萬家香丸大豆醬油,萬家香,屏東縣內埔鄉中林村大同路5段88號,合格,,108,新北市,120.596013962057,22.661839561429
青蔥,雲林縣土庫鎮店家,雲林縣土庫鎮埤腳里15鄰扶朝43-3號,不合格,賜派芬 0.03ppm(標準：0.01ppm 以下)賽氟滅 0.02ppm(標準：不得檢出),109,新北市,120.347421,23.670144
油菜,雲林縣西螺鎮店家,雲林縣西螺鎮正興里公正路86巷2之3號,不合格,賽安勃 0.07ppm(標準: 不得檢出),109,新北市,120.463033961348,23.796536011527
素綠豆椪,新北市雙溪區店家,新北市雙溪區中華路2號,合格,己二烯酸苯甲酸去水醋酸,109,新北市,121.865903959547,25.036247989645
鳳梨酥,鳳梨酥,新北市新莊區新北大道3段5號15樓之3,合格,,109,新北市,121.458552014762,25.060258999029
酥皮咖哩肉(4兩),新北市淡水區店家,新北市淡水區公明街42號,合格,,109,新北市,121.443043985145,25.168895002068
紫金芋頭酥,臺北市中山區店家,臺北市中山區林森北路485巷22弄8號1樓,合格,,109,新北市,121.526297573711,25.060862915153
白豆沙,新北市新店區店家,新北市新店區光明街72號,合格,,109,新北市,121.538717207284,24.959854108728
綠豆沙,綠豆,苗栗縣苗栗市福興街7號,合格,己二烯酸苯甲酸去水醋酸,109,新北市,120.8188857,24.5617185
炒沙拉油白豆沙,新北市淡水區店家,新北市淡水區下圭柔山119之12號,合格,,109,新北市,121.45367,25.20547
金桔檸檬豆沙,新北市樹林區店家,新北市樹林區大安路173號,合格,,109,新北市,121.421380202017,24.996351303997
紅豆粒餡,紅豆,桃園市中壢區民權路3段1050號,合格,,109,新北市,121.209577974495,24.988766016899
醇芋餡(顆粒),桃園市龜山區店家,桃園市龜山區東萬壽路311巷2號,合格,,109,新北市,121.370347571266,25.002877705266
鹹蛋黃,鹹蛋,桃園市平鎮區快速路2段616巷6號,合格,己二烯酸苯甲酸去水醋酸食品中蘇丹色素(4項),109,新北市,121.226049000968,24.916049905548
鹹蛋黃,鹹蛋,宜蘭縣礁溪鄉中山路2段92號,合格,,109,新北市,121.772596529579,24.824946203653
鹹蛋黃(小),鹹蛋,新北市板橋區觀光街5號1樓,合格,,109,新北市,121.470737960874,25.016203003477
鹹蛋黃,鹹蛋,新北市樹林區大安路173號,合格,,109,新北市,121.421380202017,24.996351303997
鹹蛋黃,鹹蛋,新北市樹林區東豐街46號,合格,,109,新北市,121.412450960564,24.974171111814
鹽蛋黃,新北市八里區店家,新北市八里區龍米路1段141號,合格,己二烯酸苯甲酸去水醋酸食品中蘇丹色素(4項),109,新北市,121.454903318631,25.122895369878
鹹蛋黃,鹹蛋,新北市新莊區中正路887之1號,合格,,109,新北市,121.415742785398,25.02386661946
鹹蛋黃,鹹蛋,新北市中和區保健路67巷3弄4號,合格,,109,新北市,121.50985923666,24.997522004413
冠軍烏豆沙蛋黃酥,冠軍,新北市新莊區壽山路33之10號,合格,,109,新北市,121.417644806866,25.030244912501
甜蛋黃酥,新北市新店區店家,新北市新店區中正路9號,合格,,109,新北市,121.545433961575,24.969243013751
基隆手工天婦羅片,基隆,新北市五股區興珍里五工六路35號3、4樓,合格,己二烯酸苯甲酸去水醋酸順丁烯二酸與順丁烯二酸酐總量,109,新北市,121.447377932001,25.063950389188
特級日式天婦羅,特級,新北市五股區民義路1段247-9號,合格,,109,新北市,121.428415971542,25.090595998378
日式天婦羅,新北市五股區店家,新北市五股區民義路1段247-9號,合格,,109,新北市,121.428415971542,25.090595998378
元味甜不辣,新北市五股區店家,新北市五股區成泰路2段147巷27號,合格,,109,新北市,121.438763766288,25.086380194447
高洪天婦羅,臺北市萬華區店家,臺北市萬華區桂林路244巷66號,合格,,109,新北市,121.493778890694,25.037076498865
手工天婦羅,臺北市士林區店家,臺北市士林區中山北路5段88號1樓,合格,己二烯酸苯甲酸去水醋酸順丁烯二酸與順丁烯二酸酐總量,109,新北市,121.5257496487,25.084130617363
特級日式天婦羅(魚漿煉製品)條,特級,新北市五股區民義路1段247-9號,合格,,109,新北市,121.428415971542,25.090595998378
牛蒡甜不辣,雲林縣斗六市店家,雲林縣斗六市斗工路33號,合格,,109,新北市,120.5275761,23.6974698
基隆手工天婦羅條,基隆,臺北市萬華區長順街44號,合格,,109,新北市,121.489387443983,25.031981978115
黑輪條,新北市三峽區店家,新北市三峽區介壽路1段276巷5號,合格,,109,新北市,121.380408788743,24.928146081477
冷藏海水生態文蛤,臺北市中正區店家,臺北市中正區重慶南路2段51號8樓,合格,硝基呋喃代謝物(4項)孔雀綠(2 項)氯黴素類抗生素(4項)四環黴素類(7項)動物用藥多重殘留(48項)抗生素及其代謝物多重殘留分析-畜禽水產品(16 項),109,新北市,121.514932551195,25.031220859397
冷凍澎湖野生劍蝦蝦仁,臺北市中正區店家,臺北市中正區重慶南路2段51號8樓,合格,,109,新北市,121.514932551195,25.031220859397
大文蛤,臺北市中山區店家,臺北市中山區龍江路443巷4號,合格,,109,新北市,121.54124192034,25.067162292575
冷凍北海道生干貝(s),臺北市大同區店家,臺北市大同區伊寧街46-3號,合格,,109,新北市,121.511531593982,25.064599986684
薄鹽挪威鯖魚,新北市中和區店家,新北市中和區中山路2段390號,合格,,109,新北市,121.4904542088,25.003705292476
白蝦,新北市中和區店家,新北市中和區中山路2段390號,合格,硝基呋喃代謝物(4項)孔雀綠(2 項)氯黴素類抗生素(4項)四環黴素類(7項)動物用藥多重殘留(48項)抗生素及其代謝物多重殘留分析-畜禽水產品(16 項),109,新北市,121.4904542088,25.003705292476
布袋文蛤,臺北市萬華區店家,臺北市萬華區桂林路242巷67號,合格,,109,新北市,121.494145766596,25.036959738953
薄鹽土魠,臺北市萬華區店家,臺北市萬華區萬大路493巷12弄9號,合格,,109,新北市,121.498193722916,25.01967068064
白蝦,嘉義縣民雄鄉店家,嘉義縣民雄鄉民雄工業區中正路28號,合格,,109,新北市,120.430129962242,23.558945014867
挪威鹽漬鯖魚片,高雄市前鎮店家,高雄市前鎮區漁港東二路3號,合格,,109,新北市,120.317066973223,22.571607992319
虱目魚里肌,台南市學甲區店家,台南市學甲區北門區錦湖里3之20號,合格,硝基呋喃代謝物(4項)孔雀綠(2 項)氯黴素類抗生素(4項)四環黴素類(7項)動物用藥多重殘留(48項)抗生素及其代謝物多重殘留分析-畜禽水產品(16 項),109,新北市,120.182505,23.230472
冷凍草蝦,新北市林口區店家,新北市林口區工九路18號,合格,,109,新北市,121.403293982802,25.075353004539
CP鮮凍大白蝦,臺北市中山區店家,臺北市中山區松江路87號17樓,合格,,109,新北市,121.533203591375,25.050448945281
台灣大文蛤,嘉義縣布袋鎮店家,嘉義縣布袋鎮復興里24鄰485號,合格,,109,新北市,120.166789,23.378079
嘉義東石文蛤,臺北市大同區店家,臺北市大同區伊寧街46-3號,合格,,109,新北市,121.511531593982,25.064599986684
李錦記日式照燒烤肉醬,臺北市信義區店家,臺北市信義區忠孝東路4段560號12樓,合格,己二烯酸苯甲酸去水醋酸糖精環己基(代)磺醯胺酸甘精醋磺內酯鉀,109,新北市,121.563890996186,25.040984016397
金蘭蜜汁烤肉醬,金蘭,桃園市大溪區介壽路236號,合格,,109,新北市,121.308108322526,24.982546449642
義美BBQ 燒烤醬,義美,桃園市蘆竹區南工路1段11號,合格,,109,新北市,121.278934367597,25.060315283509
萬家香醃烤肉醬,萬家香,屏東縣內埔鄉中林村大同路5段88號,合格,,109,新北市,120.596013962057,22.661839561429
韓式烤肉醬,韓式,臺北市信義區忠孝東路4段560號12樓,合格,,109,新北市,121.563890996186,25.040984016397
金蘭烤肉醬,金蘭,桃園市大溪區介壽路236號,合格,己二烯酸苯甲酸去水醋酸糖精環己基(代)磺醯胺酸甘精醋磺內酯鉀,109,新北市,121.308108322526,24.982546449642
日式燒肉醬,嘉義縣民雄鄉店家,嘉義縣民雄鄉工業區中正路36號,合格,,109,新北市,120.455606589306,23.519799305834
味全烤肉醬-原味,台中市霧峰區店家,台中市霧峰區萬豐里中正路266號,合格,,109,新北市,120.694130994703,24.035179984772
健康廚房蒜香風味烤肉醬,健康,台中市霧峰區萬豐里中正路266號台中製造,合格,,109,新北市,120.694130994703,24.035179984772
健康廚房古早味烤肉醬,健康,台中市霧峰區萬豐里中正路266號台中製造,合格,,109,新北市,120.694130994703,24.035179984772
黃金烤肉醬(甘口),黃金,臺北市大同區南京西路30號9樓之2,合格,己二烯酸苯甲酸去水醋酸糖精環己基(代)磺醯胺酸甘精醋磺內酯鉀,109,新北市,121.519878848177,25.052668096664
蜜汁烤肉醬BarbecueSauce,蜜汁,臺北市信義區忠孝東路560號12樓,合格,,109,新北市,121.5677202,25.0331314
金蘭烤肉醬,金蘭,桃園市大溪區介壽路236號,合格,,109,新北市,121.308108322526,24.982546449642
李錦記麻辣烤肉醬,臺北市信義區店家,臺北市信義區忠孝東路4段560號12樓,合格,,109,新北市,121.563890996186,25.040984016397
CJ Bibigo 韓式醃烤肉醬(原味),臺北市南港區店家,臺北市南港區南港路2段20巷5號B1,合格,,109,新北市,121.60564251876,25.054304035051
魚卵卷,基隆市七堵區店家,基隆市七堵區自強路102號,合格,己二烯酸苯甲酸去水醋酸硼酸及其鹽類,109,新北市,121.712973034807,25.110189996245
一口花枝卷,雲林縣斗六市店家,雲林縣斗六市斗工二路33號,合格,,109,新北市,120.596960597018,23.719585907515
日式風味蟹味棒,新北市中和區店家,新北市中和區中山路2段390號,合格,,109,新北市,121.4904542088,25.003705292476
虱目魚丸,新北市新莊區店家,新北市新莊區新北大道3段5號22樓之3,合格,,109,新北市,121.458552014762,25.060258999029
蟹味棒,雲林縣斗六市店家,雲林縣斗六市斗工二路33號,合格,,109,新北市,120.596960597018,23.719585907515
原味香腸,桃園市大園區店家,桃園市大園區大工路11號,合格,亞硝酸鹽,109,新北市,121.180315996139,25.065559002136
一口小香腸(原味),台南市南區店家,台南市南區中華西路1段103號,合格,,109,新北市,120.184836834755,22.980125398832
滿漢原味香腸,台南市新市店家,台南市新市區大營里大營7號,合格,,109,新北市,120.30163,23.0996
滿漢蒜味香腸,台南市新市店家,台南市新市區大營里大營7號,合格,,109,新北市,120.30163,23.0996
滿漢嘟嘟好原味小香腸,台南市新市店家,台南市新市區大營7號,合格,,109,新北市,120.3073206,23.1000109
滿漢嘟嘟好蒜味小香腸,台南市新市店家,台南市新市區大營7號,合格,亞硝酸鹽,109,新北市,120.3073206,23.1000109
博客Q肉丁原味德國香腸(4入),桃園市大園區店家,桃園市大園區大工路13號,合格,,109,新北市,121.179680396421,25.066989918736
台畜香腸(蒜味),臺北市內湖區店家,臺北市內湖區陽光街321巷60號3樓,合格,,109,新北市,121.57710783257,25.071703440077
台畜德式香腸-原味(粗顆粒),臺北市內湖區店家,臺北市內湖區陽光街321巷60號3樓,合格,,109,新北市,121.57710783257,25.071703440077
燻味德式香腸,臺北市內湖區店家,臺北市內湖區陽光街321巷60號3樓,合格,,109,新北市,121.57710783257,25.071703440077
黑羽公雞腿單支切塊,高雄市彌陀區店家,高雄市彌陀區中正南路23號,合格,氯黴素類抗生素(4項)四環黴素類(7項)動物用藥多重殘留(48項)乙型受體素類(β-agonist)(21 項),109,新北市,120.250090034795,22.778478014645
舒康雞里肌肉,舒康雞,台南市永康區中正一街26號,合格,,109,新北市,120.246107038225,23.033996980187
美國安格斯梅花牛排,基隆市七堵區店家,基隆市七堵區工建南路23號,合格,,109,新北市,121.703376426223,25.083415515294
去骨雞腿肉,臺北市大同區店家,臺北市大同區承德路1段44號6樓,合格,,109,新北市,121.516950242928,25.051353981277
喜琵鷺-美國牛腹肋條切塊,臺北市大同區店家,臺北市大同區承德路1段44號6樓,合格,,109,新北市,121.516950242928,25.051353981277
澳洲牛肉片,基隆市七堵區店家,基隆市七堵區工建南路23號,合格,氯黴素類抗生素(4項)四環黴素類(7項)動物用藥多重殘留(48項)乙型受體素類(β-agonist)(21 項),109,新北市,121.703376426223,25.083415515294
台灣豬肉片,基隆市七堵區店家,基隆市七堵區工建南路23號,合格,,109,新北市,121.703376426223,25.083415515294
冷凍美國牛五花火鍋片,新北市板橋區店家,新北市板橋區干城路142號,合格,,109,新北市,121.459600339392,24.993385996201
美國嫩肩骰子牛肉,基隆市七堵區店家,基隆市七堵區工建南路23號,合格,,109,新北市,121.703376426223,25.083415515294
冷凍豬梅花火鍋片,冷凍豬,新北市板橋區干城路142號,合格,,109,新北市,121.459600339392,24.993385996201
美國安格斯背肩牛,新北市中和區店家,新北市中和區中安街96號,合格,氯黴素類抗生素(4項)四環黴素類(7項)動物用藥多重殘留(48項)乙型受體素類(β-agonist)(21 項),109,新北市,121.511728903983,25.001401191112
香草雞,香草,南投縣名間鄉仁和村彰南路256-1號,合格,,109,新北市,120.696026981201,23.852636005661
豬五花肉片,新北市樹林區店家,新北市樹林區光興街61號,合格,,109,新北市,121.410981026204,25.002683999484
胸腹肉(牛肉),臺北市內湖區店家,臺北市內湖區民善街128號,合格,,109,新北市,121.575027695659,25.061380120489
家樂福黑豬里肌烤肉片,家樂福,屏東縣屏東市內埔鄉豐田村延平路133號,合格,,109,新北市,120.54794398162,22.639957006387
家樂福美國無骨肩小排燒肉片,家樂福,基隆市七堵區工建南路23號,合格,氯黴素類抗生素(4項)四環黴素類(7項)動物用藥多重殘留(48項)乙型受體素類(β-agonist)(21 項),109,新北市,121.703376426223,25.083415515294
梅花肉片,梅花,台南市東區生產路68號,合格,,109,新北市,120.221047997578,22.963620006556
美國冷凍大牛排,美國冷,基隆市七堵區工建南路23號,合格,,109,新北市,121.703376426223,25.083415515294
土雞骨腿切塊-解凍肉,新北市五股區店家,新北市五股區五工六路35號,合格,,109,新北市,121.447377932001,25.063950389188
美國霜降牛排,基隆市七堵區店家,基隆市七堵區工建南路23號,合格,,109,新北市,121.703376426223,25.083415515294
有機筊白筍,臺北市中正區店家,臺北市中正區重慶路2段51號8樓,合格,二硫代胺基甲酸鹽類農藥多重殘留分析(380 項),109,新北市,121.5182346,25.0324135
有機黑寶糯玉米-s(零售),臺北市中正區店家,臺北市中正區重慶路2段51號8樓,合格,,109,新北市,121.5182346,25.0324135
黃金梨(粒),黃金,臺北市中正區重慶路2段51號8樓,合格,,109,新北市,121.5182346,25.0324135
新興梨,臺北市松山區店家,臺北市松山區南京東路4段754樓之1,合格,,109,新北市,121.553468113082,25.051569163562
有機杏鮑菇,彰化縣和美鎮店家,彰化縣和美鎮絲東路2段567號,合格,,109,新北市,120.494468,24.108291
智利水蜜桃蘋果#88,智利,新北市林口區南勢里6鄰85-3號,合格,二硫代胺基甲酸鹽類農藥多重殘留分析(380 項),109,新北市,121.366354,25.06908
甜玉米,雲林縣西螺鎮店家,雲林縣西螺鎮新厝路1-6號,合格,,109,新北市,120.508579659438,23.672536923569
青蔥,雲林縣西螺鎮店家,雲林縣西螺鎮振安路100號,合格,,109,新北市,120.457899123643,23.787800308218
有機青椒,雲林縣西螺鎮店家,雲林縣西螺鎮鎮市場北路260號,合格,,109,新北市,120.453359987798,23.784986000408
光波豐水梨,雲林縣西螺鎮店家,雲林縣西螺鎮鎮市場北路260號,合格,,109,新北市,120.453359987798,23.784986000408
有機蘋果,新北市中和區店家,新北市中和區連城路194巷4號,合格,二硫代胺基甲酸鹽類農藥多重殘留分析(380 項),109,新北市,121.491985163415,24.997434581163
有機黃洋蔥,雲林縣西螺鎮店家,雲林縣西螺鎮市場南路261號,合格,,109,新北市,120.451302901121,23.781824304621
高麗菜,台中市西區店家,台中市西區台灣大道2段218號,合格,,109,新北市,120.668913284628,24.151929711994
高接梨,新北市林口區店家,新北市林口區6鄰85-3號,合格,,109,新北市,121.3888989,25.0770583
有機小白菜,新竹縣竹北市店家,新竹縣竹北市中正西路56巷25號3樓,合格,,109,新北市,120.972762708715,24.841466121755
有機地瓜葉,桃園市新屋區店家,桃園市新屋區新湖路47巷67號,合格,二硫代胺基甲酸鹽類農藥多重殘留分析(380 項),109,新北市,121.049681895684,24.954292470502
愛文芒果,台南市南化區店家,台南市南化區南化里128號,合格,,109,新北市,120.4778579,23.0429861
台灣火龍果,雲林縣古坑鄉店家,雲林縣古坑鄉高林村9鄰高林152-2號,合格,,109,新北市,120.5618842,23.6425851
環保免洗紙皿,環保,桃園市蘆竹區南崁路2段9號5F之12,合格,螢光增白劑耐熱溫度標示符合性,109,新北市,121.279908009469,25.056328012169
9吋圓白紙盤,新北市新莊區店家,新北市新莊區福營路125巷35號,合格,,109,新北市,121.434060596597,25.030379400137
10吋橢圓漿塑盤-5入,台中市東區店家,台中市東區東英13街11號,合格,,109,新北市,120.707236519413,24.145705184967
菲力家族環保紙杯,台中市南區店家,台中市南區忠明南路789號28樓,合格,,109,新北市,120.66099733145,24.12325698143
110小圓盤,彰化縣福興鄉店家,彰化縣福興鄉新生路30-1號,合格,,109,新北市,120.411249976797,24.041951011886
7吋印花紙盤-10 入,新北市新莊區店家,新北市新莊區福營路125巷35號,合格,,109,新北市,121.434060596597,25.030379400137
龜甲萬甘醇醬油(釀造),龜甲萬,台南市永康區中正路301號,合格,3-單氯丙二醇己二烯酸苯甲酸去水醋酸糖精環己基(代)磺醯胺酸甘精醋磺內酯鉀,109,新北市,120.244271988163,23.033431998004
四季釀造醬油,四季,台南市新市區大營里大營7之2號,合格,,109,新北市,120.30163,23.0996
甘露醬油,桃園市大溪區店家,桃園市大溪區介壽路236號,合格,,109,新北市,121.308108322526,24.982546449642
味全特級醬油(釀造醬油),台中市霧峰區店家,台中市霧峰區萬豐里中正路266號,合格,,109,新北市,120.694130994703,24.035179984772
有機陳年黑蔭油,南投縣南投市店家,南投縣南投市東山里東山路13-8號,合格,,109,新北市,120.715479031538,23.922626992652
蜜沙茶香魚干,台中市沙鹿區店家,台中市沙鹿區鎮南路1段319號,合格,去水醋酸未檢出蘇丹色素三號未檢出蘇丹色素四號未檢出鹽基性桃紅精(RhodamineB)未檢出己二烯酸0.74蘇丹色素一號未檢出蘇丹色素二號未檢出苯甲酸未檢出,108,新北市,120.571660828112,24.213197107526
巧益甘草開味黃橄欖,新北市泰山區店家,新北市泰山區中港西路120巷13之5號,合格,苯甲酸0.60己二烯酸未檢出二甲基黃(dimethylyellow)未檢出二乙基黃(diethylyellow)未檢出芥黃(Auramine)未檢出皂黃(Metanil Yellow)未檢出去水醋酸未檢出,108,新北市,121.443712291891,25.063594665838
鱈魚香片(蜜沙茶),鱈魚,新北市板橋區民有街5號,合格,己二烯酸1.31苯甲酸未檢出蘇丹色素三號未檢出蘇丹色素一號未檢出蘇丹色素二號未檢出去水醋酸未檢出鹽基性桃紅精(RhodamineB)未檢出蘇丹色素四號未檢出,108,新北市,121.466406696228,25.024436798424
黃草橄欖,新北市板橋區店家,新北市板橋區民有街5號,合格,二甲基黃(dimethylyellow)未檢出二乙基黃(diethylyellow)未檢出皂黃(Metanil Yellow)未檢出去水醋酸未檢出芥黃(Auramine)未檢出己二烯酸未檢出苯甲酸0.22,108,新北市,121.466406696228,25.024436798424
紅燒魚片,台中市沙鹿區店家,台中市沙鹿區鎮南路1段319號,合格,蘇丹色素四號未檢出鹽基性桃紅精(RhodamineB)未檢出苯甲酸未檢出蘇丹色素三號未檢出蘇丹色素一號未檢出蘇丹色素二號未檢出去水醋酸未檢出己二烯酸1.06,108,新北市,120.571660828112,24.213197107526
烤花枝魚干,台中市沙鹿區店家,台中市沙鹿區鎮南路1段319號,合格,去水醋酸未檢出蘇丹色素三號未檢出蘇丹色素一號未檢出蘇丹色素二號未檢出蘇丹色素四號未檢出鹽基性桃紅精(RhodamineB)未檢出己二烯酸0.45苯甲酸未檢出,108,新北市,120.571660828112,24.213197107526
紅燒魚片,台中市沙鹿區店家,台中市沙鹿區鎮南路1段319號,合格,蘇丹色素三號未檢出鹽基性桃紅精(RhodamineB)未檢出蘇丹色素四號未檢出蘇丹色素一號未檢出蘇丹色素二號未檢出苯甲酸未檢出己二烯酸0.97去水醋酸未檢出,108,新北市,120.571660828112,24.213197107526
巧益福州開味橄,新北市泰山區店家,新北市泰山區中港西路120巷13之5號,合格,去水醋酸未檢出芥黃(Auramine)未檢出二甲基黃(dimethylyellow)未檢出皂黃(Metanil Yellow)未檢出己二烯酸未檢出苯甲酸0.61二乙基黃(diethylyellow)未檢出,108,新北市,121.443712291891,25.063594665838
無子甘草橄欖,高雄市楠梓區店家,高雄市楠梓區土庫五路86號,合格,二乙基黃(diethylyellow)未檢出苯甲酸0.18己二烯酸未檢出去水醋酸未檢出皂黃(Metanil Yellow)未檢出芥黃(Auramine)未檢出二甲基黃(dimethylyellow)未檢出,108,新北市,120.332822017527,22.738880018116
原味復刻鹹味黃橄欖,台南市永康區店家,台南市永康區四維街58巷27號,合格,二乙基黃(diethylyellow)未檢出皂黃(Metanil Yellow)未檢出己二烯酸未檢出二甲基黃(dimethylyellow)未檢出芥黃(Auramine)未檢出苯甲酸0.38去水醋酸未檢出,108,新北市,120.25388301362,23.032748998624
藜麥雞肉沙拉,新北市汐止區店家,新北市汐止區大同路1段158號,合格,大腸桿菌陰性大腸桿菌群460沙門氏桿菌陰性金黃色葡萄球菌陰性,109,新北市,121.633169102312,25.056171605855
綠竹筍沙拉,新北市汐止區店家,新北市汐止區大同路1段158號,合格,大腸桿菌陰性大腸桿菌群陰性沙門氏桿菌陰性金黃色葡萄球菌陰性,109,新北市,121.633169102312,25.056171605855
四季沙拉,四季,新北市新店區北新路2段102號1.2樓,合格,大腸桿菌陰性大腸桿菌群陰性沙門氏桿菌陰性金黃色葡萄球菌陰性,109,新北市,121.543081999544,24.973781981959
千島沙拉,新北市新莊區店家,新北市新莊區中華路1段182號,合格,大腸桿菌陰性大腸桿菌群240沙門氏桿菌陰性金黃色葡萄球菌860金黃色葡萄球菌腸毒素陰性,109,新北市,121.452995986423,25.042143987977
凱薩沙拉,新北市新莊區店家,新北市新莊區中華路1段182號,合格,大腸桿菌陰性大腸桿菌群460沙門氏桿菌陰性金黃色葡萄球菌陰性,109,新北市,121.452995986423,25.042143987977
夏威夷鮮蔬沙拉,新北市中和區店家,新北市中和區中和路13號5樓,合格,大腸桿菌陰性大腸桿菌群43沙門氏桿菌陰性金黃色葡萄球菌陰性,109,新北市,121.499819006705,25.002094071079
藜麥地瓜烤鷄沙拉,新北市淡水區店家,新北市淡水區中正東路35號,合格,大腸桿菌陰性大腸桿菌群43沙門氏桿菌陰性金黃色葡萄球菌陰性,109,新北市,121.446090974587,25.168612992935
雞肉地瓜總匯沙拉,雞肉,新北市淡水區中正東路35號,合格,大腸桿菌陰性大腸桿菌群150沙門氏桿菌陰性金黃色葡萄球菌陰性,109,新北市,121.446090974587,25.168612992935
凱薩脆鷄沙拉,新北市淡水區店家,新北市淡水區中正東路37號,合格,大腸桿菌陰性大腸桿菌群陰性沙門氏桿菌陰性金黃色葡萄球菌陰性,109,新北市,121.446283003989,25.168284003236
義式烤鷄沙拉,新北市淡水區店家,新北市淡水區中正東路37號,合格,大腸桿菌陰性大腸桿菌群陰性沙門氏桿菌陰性金黃色葡萄球菌陰性,109,新北市,121.446283003989,25.168284003236
沙拉,新北市永和區店家,新北市永和區中和路413號,合格,大腸桿菌陰性大腸桿菌群240沙門氏桿菌陰性金黃色葡萄球菌陰性,109,新北市,121.509133028569,25.00062397914
四季沙拉,四季,新北市板橋區中山路2段257號,合格,大腸桿菌陰性大腸桿菌群陰性沙門氏桿菌陰性金黃色葡萄球菌陰性,109,新北市,121.477453038784,25.017699005556
鄉村雞肉沙拉,新北市新莊區店家,新北市新莊區中正路1號3樓,合格,大腸桿菌陰性大腸桿菌群陰性沙門氏桿菌陰性金黃色葡萄球菌陰性,109,新北市,121.464036964562,25.040940011405
鮮蔬沙拉,新北市樹林區店家,新北市樹林區中山路1段67號1樓,合格,大腸桿菌陰性大腸桿菌群3.6沙門氏桿菌陰性金黃色葡萄球菌陰性,109,新北市,121.423808020271,24.991828009948
水耕蔬菜沙拉,新北市板橋區店家,新北市板橋區三民路2段35巷27號1樓,合格,大腸桿菌陰性大腸桿菌群43沙門氏桿菌陰性金黃色葡萄球菌陰性,109,新北市,121.481168987919,25.017962113497
水牛城辣雞沙拉,新北市板橋區店家,新北市板橋區文化路1段318號1樓,合格,大腸桿菌陰性大腸桿菌群23沙門氏桿菌陰性金黃色葡萄球菌陰性,109,新北市,121.467826003892,25.022068994596
四季沙拉,四季,新北市三峽區文化路72號1-2樓,合格,大腸桿菌陰性大腸桿菌群43沙門氏桿菌陰性金黃色葡萄球菌陰性,109,新北市,121.372193014888,24.936229002167
一日野菜萵苣沙拉,雲林縣褒忠鄉店家,雲林縣褒忠鄉新湖村復興路17-2號,合格,大腸桿菌陰性大腸桿菌群23沙門氏桿菌陰性金黃色葡萄球菌陰性,109,新北市,120.285510029777,23.707819014652
凱撒脆雞沙拉,新北市新店區店家,新北市新店區中正路506號1.2樓,合格,大腸桿菌陰性大腸桿菌群陰性沙門氏桿菌陰性金黃色葡萄球菌陰性,109,新北市,121.533980007066,24.982920980539
義式烤雞沙拉,新北市新店區店家,新北市新店區中正路506號1.2樓,合格,大腸桿菌陰性大腸桿菌群陰性沙門氏桿菌陰性金黃色葡萄球菌陰性,109,新北市,121.533980007066,24.982920980539
四季沙拉,四季,新北市三重區龍門路42號1、2樓,合格,大腸桿菌陰性大腸桿菌群15沙門氏桿菌陰性金黃色葡萄球菌陰性,109,新北市,121.495987019267,25.0724910037
酪梨脆雞沙拉,新北市三重區店家,新北市三重區龍門路42號1、2樓,合格,大腸桿菌陰性大腸桿菌群43沙門氏桿菌陰性金黃色葡萄球菌陰性,109,新北市,121.495987019267,25.0724910037
四季沙拉,四季,新北市三重區正義北路15號1樓,合格,大腸桿菌陰性大腸桿菌群陰性沙門氏桿菌陰性金黃色葡萄球菌陰性,109,新北市,121.496635024201,25.067000982848
酪梨沙拉,新北市三重區店家,新北市三重區正義北路15號1樓,合格,大腸桿菌陰性大腸桿菌群陰性沙門氏桿菌陰性金黃色葡萄球菌陰性,109,新北市,121.496635024201,25.067000982848
泰式青木瓜海鮮沙拉,泰式,新北市汐止區大同路1段158號,合格,大腸桿菌陰性大腸桿菌群陰性沙門氏桿菌陰性金黃色葡萄球菌陰性,109,新北市,121.633169102312,25.056171605855
雞肉地瓜總匯沙拉,雞肉,新北市樹林區中山路1段102號1樓,合格,大腸桿菌陰性大腸桿菌群陰性沙門氏桿菌陰性金黃色葡萄球菌陰性,109,新北市,121.423060019232,24.991130006961
蔬果沙拉,新北市新莊區店家,新北市新莊區化成路472號,合格,大腸桿菌陰性大腸桿菌群240沙門氏桿菌陰性金黃色葡萄球菌陰性,109,新北市,121.466128165585,25.051358717052
生菜沙拉,雲林縣斗六市店家,雲林縣斗六市斗六工業區民有街38號,合格,大腸桿菌陰性大腸桿菌群23沙門氏桿菌陰性金黃色葡萄球菌陰性,109,新北市,120.597026981691,23.721125579309
蛋餅,新北市五股區店家,新北市五股區五權路73號,合格,大腸桿菌陰性大腸桿菌群陰性,109,新北市,121.455043014817,25.069862019769
燒仙草,新北市樹林區店家,新北市樹林區博愛街74號,合格,大腸桿菌群陰性大腸桿菌陰性,109,新北市,121.42708299748,24.992244003803
蘿蔔湯,蘿蔔,新北市樹林區博愛街21號,合格,大腸桿菌陰性大腸桿菌群陰性,109,新北市,121.4274829819,24.992317010179
關東煮,關東,新北市新莊區龍安路297號,合格,大腸桿菌陰性大腸桿菌群陰性,109,新北市,121.421148023299,25.019792302055
甜甜圈,新北市新店區店家,新北市新店區民族路188號,合格,大腸桿菌陰性大腸桿菌群陰性,109,新北市,121.536792973772,24.976204980619
雙胞胎,新北市新店區店家,新北市新店區民族路188號,合格,大腸桿菌陰性大腸桿菌群陰性,109,新北市,121.536792973772,24.976204980619
肉焿,新北市汐止區店家,新北市汐止區大同路1段286號,合格,大腸桿菌陰性大腸桿菌群陰性,109,新北市,121.63488299297,25.05768623869
炒麵,新北市中和區店家,新北市中和區立德街138號,合格,大腸桿菌陰性大腸桿菌群陰性,109,新北市,121.48646341706,25.008706480734
鮮肉蒸餃,新北市中和區店家,新北市中和區立德街98號,合格,大腸桿菌陰性大腸桿菌群陰性,109,新北市,121.485712459229,25.008743360117
饅頭,新北市淡水區店家,新北市淡水區英專路49號,合格,大腸桿菌陰性大腸桿菌群陰性,109,新北市,121.445568027648,25.170815002718
鮭魚切片,鮭魚,臺北市萬華區桂林路242巷67號,合格,鉛未檢出鎘未檢出甲基汞未檢出無機砷未檢出,109,新北市,121.494145766596,25.036959738953
有機秋葵,桃園市大溪區店家,桃園市大溪區康莊路5段246號,合格,鉛未檢出鎘0.048 mg/kg,109,新北市,121.258004524931,24.822310861387
娃娃菜,雲林縣西螺鎮店家,雲林縣西螺鎮新安里振安路98號,合格,鉛未檢出鎘0.016 mg/kg,109,新北市,120.458685262342,23.78791178753
冷藏白鮮蛋,台南市東山區店家,台南市東山區許秀才段2331地號,合格,鉛未檢出銅0.7 mg/kg,109,新北市,120.388473,23.314813
鮭魚生魚片,鮭魚,臺北市中山區民族東路410巷6號,合格,鉛未檢出鎘未檢出甲基汞0.05 mg/kg無機砷未檢出,109,新北市,121.53824312684,25.066723080849
香草園歐嗨優重量級白鮮蛋,香草,台南市永康區永大一路101巷8號,合格,鉛未檢出銅0.7 mg/kg,109,新北市,120.258909746444,23.017386537571
冷凍去筋旗魚,臺北市信義區店家,臺北市信義區忠孝東路4段559巷16弄21號1樓,合格,鉛未檢出鎘未檢出甲基汞0.05 mg/kg無機砷未檢出,109,新北市,121.564388462139,25.042523143367
頂好牌竹炭水,臺北市士林區店家,臺北市士林區華齡街175號2樓,合格,溴酸鹽,108,新北市,121.519387951828,25.087059170514
悅氏礦泉水,宜蘭縣頭城鎮店家,宜蘭縣頭城鎮吉祥路236巷1號,合格,溴酸鹽,108,新北市,121.814428931947,24.861364399484
PH9.0鹼性離子水,新北市瑞芳區店家,新北市瑞芳區濱二路27-3號,合格,溴酸鹽,108,新北市,121.838146281353,25.113687219617
RT竹炭水(包裝飲用水),高雄市仁武區店家,高雄市仁武區竹後里竹工三巷33-7號,合格,溴酸鹽,108,新北市,120.331305982699,22.713706983586
味丹多喝水(包裝飲用水),味丹多喝,台中市沙鹿區錦華街17號2樓,合格,溴酸鹽,108,新北市,120.566266989599,24.252155020019
地中海竹炭水(包裝飲用水),高雄市仁武區店家,高雄市仁武區竹後裡竹工三巷33-7號,合格,溴酸鹽,108,新北市,120.331305982699,22.713706983586
詩沛格蘭礦泉水,臺北市北投區店家,臺北市北投區中央北路4段515巷28號3樓,合格,溴酸鹽,108,新北市,121.468867455362,25.126841191727
FONTE ALLEGRA亞莉佳氣泡礦泉水,臺北市內湖區店家,臺北市內湖區南京東路6段461號8樓之3,合格,溴酸鹽,108,新北市,121.587525616208,25.061015004786
OURHOME天然岩層水,臺北市信義區店家,臺北市信義區東興路63號4樓,合格,溴酸鹽,108,新北市,121.566986852124,25.047317759622
Fontauroi法國山泉水,臺北市士林區店家,臺北市士林區華齡街175號2樓,合格,溴酸鹽,108,新北市,121.519387951828,25.087059170514
進口豬頰肉,高雄市大寮區店家,高雄市大寮區大有四街8號,合格,安保寧(1項)未檢出氯黴素類抗生素(4項)未檢出乙型受體素類(β-agonist)(20項)未檢出,107,新北市,120.426522977849,22.585362988797
國產五花底(豬肉),臺北市中正區店家,臺北市中正區仁愛路1段22號5、6樓,合格,安保寧(1項)未檢出乙型受體素類(β-agonist)(20項)未檢出氯黴素類抗生素(4項)未檢出,107,新北市,121.522309206808,25.038514643161
去骨鴨腿肉,台中市大里區店家,台中市大里區中興路二段671巷110號,合格,乙型受體素類(β-agonist)(20項)未檢出抗原蟲(7項)未檢出動物用藥多重殘留(48項)未檢出,107,新北市,120.687015094183,24.115659205297
全家袋裝咖啡冰塊,新北市三重區店家,新北市三重區中興北街108號,合格,生菌數<10大腸桿菌陰性大腸桿菌群陰性,107,新北市,121.468879022388,25.054777988724
Hi-Lifeoriginal衛生冰塊,新北市泰山區店家,新北市泰山區泰林路2段292巷26號1樓,合格,大腸桿菌陰性大腸桿菌群陰性生菌數10,107,新北市,121.431632778343,25.063464113075
Simple Style冰塊,新北市樹林區店家,新北市樹林區俊英街116巷9號,合格,大腸桿菌陰性大腸桿菌群陰性生菌數30,107,新北市,121.427798728192,25.005881779364
鮮饗雞烏骨雞雞丁,屏東縣里港鄉店家,屏東縣里港鄉新民路11-6號,合格,四環黴素類(7項)檢出細項氯黴素類抗生素(4項)未檢出脫氧羥四環黴素(Doxycycline)0.014乙型受體素類(β-agonist)(20項)未檢出動物用藥多重殘留(48項),107,新北市,120.530758984634,22.772457000228
烏骨雞,臺北市萬華區店家,臺北市萬華區西藏路530號,合格,脫氧羥四環黴素(Doxycycline)0.008氯黴素類抗生素(4項)檢出細項氟甲磺氯黴素胺0.006乙型受體素類(β-agonist)(20項)未檢出三甲氧芐氨嘧啶(trimethoprim)0.020四環黴素類(7項)檢出細項動物用藥多重殘留(48項),107,新北市,121.492751856098,25.028667773599
虱目魚丸,新北市新莊區店家,新北市新莊區新北大道三段5號22F-3,合格,己二烯酸未檢出苯甲酸未檢出去水醋酸未檢出硼酸及其鹽類未檢出過氧化氫未檢出二氧化硫未檢出水楊酸未檢出對羥苯甲酸未檢出,109,新北市,121.458552014762,25.060258999029
桂冠貢丸,桂冠,新北市中和區中山路2段329號,合格,己二烯酸未檢出苯甲酸未檢出去水醋酸未檢出硼酸及其鹽類未檢出過氧化氫未檢出二氧化硫未檢出水楊酸未檢出對羥苯甲酸未檢出,109,新北市,121.49291362683,25.002205686179
義美花枝魚丸,義美,桃園市蘆竹區南工路1段11號,合格,己二烯酸未檢出苯甲酸未檢出去水醋酸未檢出硼酸及其鹽類未檢出過氧化氫未檢出二氧化硫未檢出水楊酸未檢出對羥苯甲酸未檢出,109,新北市,121.278934367597,25.060315283509
珍珍冷凍花枝丸,高雄市前鎮店家,高雄市前鎮區漁港南一路31號,合格,己二烯酸未檢出苯甲酸未檢出去水醋酸未檢出硼酸及其鹽類未檢出過氧化氫未檢出二氧化硫未檢出水楊酸未檢出對羥苯甲酸未檢出,109,新北市,120.316382004095,22.567084991637
虱目魚丸,台南市北門區店家,台南市北門區文山里100-7號,合格,己二烯酸未檢出苯甲酸未檢出去水醋酸未檢出硼酸及其鹽類未檢出過氧化氫未檢出二氧化硫未檢出水楊酸未檢出對羥苯甲酸未檢出,109,新北市,120.1251182,23.2675189
原味貢丸,雲林縣元長鄉店家,雲林縣元長鄉興工路3號,合格,己二烯酸未檢出苯甲酸未檢出去水醋酸未檢出硼酸及其鹽類未檢出過氧化氫未檢出二氧化硫未檢出水楊酸未檢出對羥苯甲酸未檢出,109,新北市,120.3151201,23.6499292
義美香菇貢丸,義美,桃園市蘆竹區南工路1段11號,合格,己二烯酸未檢出苯甲酸未檢出去水醋酸未檢出硼酸及其鹽類未檢出過氧化氫未檢出二氧化硫未檢出水楊酸未檢出對羥苯甲酸未檢出,109,新北市,121.278934367597,25.060315283509
貢丸,台南市東區店家,台南市東區生產路68號,合格,己二烯酸未檢出苯甲酸未檢出去水醋酸未檢出硼酸及其鹽類未檢出過氧化氫未檢出二氧化硫未檢出水楊酸未檢出對羥苯甲酸未檢出,109,新北市,120.221047997578,22.963620006556
花枝丸,花枝,高雄市前鎮區南一路31號,合格,己二烯酸未檢出苯甲酸未檢出去水醋酸未檢出硼酸及其鹽類未檢出過氧化氫未檢出二氧化硫未檢出水楊酸未檢出對羥苯甲酸未檢出,109,新北市,120.290199025031,22.597726189859
鱈魚脆丸,鱈魚,高雄市前鎮區南一路31號,合格,己二烯酸0.69苯甲酸未檢出去水醋酸未檢出硼酸及其鹽類未檢出過氧化氫未檢出二氧化硫未檢出水楊酸未檢出對羥苯甲酸未檢出,109,新北市,120.290199025031,22.597726189859
桂冠魚餃,桂冠,新北市中和區中山路2段329號,合格,己二烯酸未檢出苯甲酸未檢出去水醋酸未檢出硼酸及其鹽類未檢出過氧化氫未檢出二氧化硫未檢出水楊酸未檢出對羥苯甲酸未檢出,109,新北市,121.49291362683,25.002205686179
珍珍冷凍海鮮福州丸,高雄市前鎮店家,高雄市前鎮區漁港南一路31號,合格,己二烯酸未檢出苯甲酸未檢出去水醋酸未檢出硼酸及其鹽類未檢出過氧化氫未檢出二氧化硫未檢出水楊酸未檢出對羥苯甲酸未檢出,109,新北市,120.316382004095,22.567084991637
美威鮭魚干貝海鮮丸,臺北市大安區店家,臺北市大安區敦化南路1段205號11號1105室,合格,己二烯酸未檢出苯甲酸未檢出去水醋酸未檢出硼酸及其鹽類未檢出過氧化氫未檢出二氧化硫未檢出水楊酸未檢出對羥苯甲酸未檢出,109,新北市,121.549182520479,25.042048127169
貢丸,新北市新莊區店家,新北市新莊區新北大道3段5號22樓之3,合格,己二烯酸未檢出苯甲酸未檢出去水醋酸未檢出硼酸及其鹽類未檢出過氧化氫未檢出二氧化硫未檢出水楊酸未檢出對羥苯甲酸未檢出,109,新北市,121.458552014762,25.060258999029
小紅莓,基隆市暖暖區店家,基隆市暖暖區暖暖街289號1樓,合格,己二烯酸未檢出苯甲酸未檢出去水醋酸未檢出硼酸及其鹽類未檢出過氧化氫未檢出二氧化硫未檢出水楊酸未檢出對羥苯甲酸未檢出,109,新北市,121.734474963385,25.096030992035
好運通-魚餃,新北市林口區店家,新北市林口區工三路4號,合格,己二烯酸未檢出苯甲酸未檢出去水醋酸未檢出硼酸及其鹽類未檢出過氧化氫未檢出二氧化硫未檢出水楊酸未檢出對羥苯甲酸未檢出,109,新北市,121.401547026542,25.079942012709
龍蝦球龍蝦風味,宜蘭縣蘇澳鎮店家,宜蘭縣蘇澳鎮德興六路11號,合格,己二烯酸0.69苯甲酸未檢出去水醋酸未檢出硼酸及其鹽類未檢出過氧化氫未檢出二氧化硫未檢出水楊酸未檢出對羥苯甲酸未檢出,109,新北市,121.824085974053,24.631011008579
特級香菇貢丸,特級,台南市官田區成功街55號,合格,己二烯酸未檢出苯甲酸未檢出去水醋酸未檢出硼酸及其鹽類未檢出過氧化氫未檢出二氧化硫未檢出水楊酸未檢出對羥苯甲酸未檢出,109,新北市,120.331207914432,23.210113590215
蛋餃,台南市官田區店家,台南市官田區成功街55號,合格,己二烯酸未檢出苯甲酸未檢出去水醋酸未檢出硼酸及其鹽類未檢出過氧化氫未檢出二氧化硫未檢出水楊酸未檢出對羥苯甲酸未檢出,109,新北市,120.331207914432,23.210113590215
虱目魚丸,高雄市彌陀區店家,高雄市彌陀區中正路330號,合格,己二烯酸未檢出苯甲酸未檢出去水醋酸未檢出硼酸及其鹽類未檢出過氧化氫未檢出二氧化硫未檢出水楊酸未檢出對羥苯甲酸未檢出,109,新北市,120.247486028935,22.785734982596
古早蛋,台南市後壁區店家,台南市後壁區新嘉里130-9號,合格,芬普尼及其代謝物之總量未檢出,107,新北市,120.3619708,23.3659975
洗選蛋-D,屏東縣新埤鄉店家,屏東縣新埤鄉萬隆村翠山路68-30號,合格,芬普尼及其代謝物之總量未檢出,107,新北市,120.589388,22.505913
好蛋達人洗選鮮蛋,嘉義市東區店家,嘉義市東區新民路37號,合格,芬普尼及其代謝物之總量未檢出,107,新北市,120.431309966571,23.452029984189
洗選盤蛋,新北市中和區店家,新北市中和區圓通路296-2號5樓,合格,芬普尼及其代謝物之總量未檢出,107,新北市,121.488146219443,24.988923682485
大成洗選蛋24台斤,桃園市八德區店家,桃園市八德區廣福路879巷199號,合格,芬普尼及其代謝物之總量未檢出,107,新北市,121.275925515814,24.956031080781
香草園洗選蛋,香草,桃園市龍潭區五福街262巷67之3號,合格,芬普尼及其代謝物之總量未檢出,107,新北市,121.223833485612,24.864484473333
雞蛋,新北市蘆洲區店家,新北市蘆洲區台北集貨場708號張先生,合格,芬普尼及其代謝物之總量未檢出,107,新北市,121.4737323,25.0846694
雞蛋,新北市三重區店家,新北市三重區重陽路2段34巷66號,合格,芬普尼及其代謝物之總量未檢出,107,新北市,121.485116361401,25.064212197933
雞蛋,新北市三峽區店家,新北市三峽區隍恩街163號,合格,芬普尼及其代謝物之總量未檢出,107,新北市,121.3688816,24.9341956
享禾白殼紅心蛋,台南市後壁區店家,台南市後壁區白沙屯130號之7,合格,芬普尼及其代謝物之總量未檢出,107,新北市,120.311625,23.37264
香吉士,新北市中和區店家,新北市中和區福祥路110號1樓,合格,二硫代胺基甲酸鹽類未檢出農藥多重殘留分析(373項)檢出細項腐絕(Thiabendazole)0.99,108,新北市,121.499114977894,25.006285996645
西瓜,西瓜,新北市三重區中正北路111號,合格,貝芬替(Carbendazim)0.03農藥多重殘留分析(373項)檢出細項二硫代胺基甲酸鹽類未檢出,108,新北市,121.48699843394,25.064549401898
辣椒,辣椒,嘉義縣民雄鄉東榮村建國路一段301號,合格,二硫代胺基甲酸鹽類未檢出農藥多重殘留分析(373項)未檢出,108,新北市,120.433534607493,23.560509287548
進口澳洲洋蔥,新北市汐止區店家,新北市汐止區湖前街110巷97弄24號B1-6,合格,二硫代胺基甲酸鹽類未檢出農藥多重殘留分析(373項)未檢出,108,新北市,121.630137141495,25.077815183417
西瓜,西瓜,新北市三峽區三樹路216號,合格,待克利(Difenoconazole)0.02撲滅寧(Procymidone)0.05普拔克(Propamocarbhydrochloride)0.03二硫代胺基甲酸鹽類未檢出第滅寧(Deltamethrin)0.02農藥多重殘留分析(373項)檢出細項,108,新北市,121.379350405829,24.942417109824
香蕉,高雄市美濃區店家,高雄市美濃區龍山里18鄰中華路7之81號,合格,二硫代胺基甲酸鹽類未檢出農藥多重殘留分析(373項)未檢出,108,新北市,120.573448017507,22.875294989383
黄秋葵,嘉義縣鹿草鄉店家,嘉義縣鹿草鄉長壽路208號,合格,農藥多重殘留分析(373項)檢出細項益達胺(Imidacloprid)0.08滅達樂(Metalaxyl)0.02二硫代胺基甲酸鹽類未檢出亞滅培(Acetamiprid)0.02,108,新北市,120.308078639353,23.410710302838
黄秋葵,台南市白河區店家,台南市白河區昇安里澗厝30-1號,合格,農藥多重殘留分析(373項)未檢出二硫代胺基甲酸鹽類未檢出,108,新北市,120.4157487,23.3512999
辣椒,辣椒,雲林縣崙背鄉水尾村新生鹿23-1號,合格,農藥多重殘留分析(373項)檢出細項依普同(Iprodione)0.02普拔克(Propamocarbhydrochloride)0.03撲滅寧(Procymidone)0.15二硫代胺基甲酸鹽類未檢出克收欣(Kresoxim-methyl)0.02亞滅培(Acetamiprid)0.04,108,新北市,120.348472,23.789097
菜豆,雲林縣土庫鎮店家,雲林縣土庫鎮建國路37-1號,合格,農藥多重殘留分析(373項)未檢出二硫代胺基甲酸鹽類未檢出,108,新北市,120.396669404766,23.678985393457
辣椒,辣椒,雲林縣北港鎮好收里口庄鹿21-23號,合格,農藥多重殘留分析(373項)未檢出二硫代胺基甲酸鹽類未檢出,108,新北市,120.277416,23.601564
辣椒,辣椒,雲林縣北港鎮好收里口庄鹿21-23號,合格,加保利(Carbaryl)0.40農藥多重殘留分析(373項)檢出細項待克利(Difenoconazole)0.06益達胺(Imidacloprid)0.06滅達樂(Metalaxyl)0.02二硫代胺基甲酸鹽類未檢出克凡派(Chlorfenapyr)0.03,108,新北市,120.277416,23.601564
菜豆,嘉義縣新港鄉店家,嘉義縣新港鄉福德村登雲路111巷2號,合格,農藥多重殘留分析(373項)未檢出二硫代胺基甲酸鹽類未檢出,108,新北市,120.344022000369,23.555709013508
菜豆,嘉義縣新港鄉店家,嘉義縣新港鄉福德村登雲路111巷2號,合格,農藥多重殘留分析(373項)檢出細項達特南(Dinotefuran)0.07二硫代胺基甲酸鹽類未檢出,108,新北市,120.344022000369,23.555709013508
蓮霧,屏東縣枋寮鄉店家,屏東縣枋寮鄉安樂路82號,合格,二硫代胺基甲酸鹽類未檢出亞滅培(Acetamiprid)0.04農藥多重殘留分析(373項)檢出細項依普同(Iprodione)0.05,108,新北市,120.596706960628,22.362666005438
桶柑,新竹縣峨眉鄉店家,新竹縣峨眉鄉石井甘桔產銷第四班出貨人:胡吉宏,合格,芬化利(Fenvalerate)0.08愛殺松(Ethion)0.45二硫代胺基甲酸鹽類0.18陶斯松(Chlorpyrifos)0.02農藥多重殘留分析(373項)檢出細項,108,新北市,121.0037783,24.697885
西瓜,西瓜,新北市三重區中正北路111號,合格,二硫代胺基甲酸鹽類未檢出貝芬替(Carbendazim)0.12加保扶(Carbofuran)0.08農藥多重殘留分析(373項)檢出細項,108,新北市,121.48699843394,25.064549401898
肚臍丁,新北市板橋區店家,新北市板橋區板橋區板城路1000號,合格,達特南(Dinotefuran)0.09脫芬瑞(Tolfenpyrad)0.11農藥多重殘留分析(373項)檢出細項二硫代胺基甲酸鹽類未檢出,108,新北市,121.4490920312,25.020457699439
南瓜,南投縣埔里鎮店家,南投縣埔里鎮西安路1段539號,合格,農藥多重殘留分析(373項)未檢出二硫代胺基甲酸鹽類未檢出,108,新北市,120.971479034504,23.982430991708
金桔,高雄市大寮區店家,高雄市大寮區內厝路411號,合格,二硫代胺基甲酸鹽類未檢出馬拉松(Malathion)0.17硫滅松(Thiometon)0.03農藥多重殘留分析(373項)檢出細項愛殺松(Ethion)0.33,108,新北市,120.387103976862,22.609591005654
黃秋葵,彰化縣田尾鄉店家,彰化縣田尾鄉海豐村光華巷110號,合格,加保扶(Carbofuran)0.063-酮基加保扶(3-ketoCarbofuran)0.02農藥多重殘留分析(373項)檢出細項二硫代胺基甲酸鹽類未檢出,108,新北市,120.498057995223,23.917732003107
紅辣椒,臺北市萬華區店家,臺北市萬華區環河南路2段245號,合格,農藥多重殘留分析(373項)未檢出二硫代胺基甲酸鹽類未檢出,108,新北市,121.489814585769,25.029891154277
有機紅蘿蔔,桃園市新屋區店家,桃園市新屋區後庄里9鄰61-7號,合格,二硫代胺基甲酸鹽類未檢出農藥多重殘留分析(373項)未檢出,108,新北市,121.1054648,24.9724852
有機洋蔥,桃園市新屋區店家,桃園市新屋區後庄里9鄰61-7號,合格,二硫代胺基甲酸鹽類未檢出農藥多重殘留分析(373項)未檢出,108,新北市,121.1054648,24.9724852
進口蘋果(特惠組合包)-有機,新北市中和區店家,新北市中和區橋安街41號4樓,合格,農藥多重殘留分析(373項)未檢出二硫代胺基甲酸鹽類未檢出,108,新北市,121.491990192557,25.005656599535
"美無骨牛小排6""CH#86K",台中市西屯區店家,台中市西屯區工業二路3號,合格,動物用藥,107,新北市,120.716842012814,24.096205017574
美國牛霸降火鍋片,基隆市七堵區店家,基隆市七堵區工建南路23號,合格,動物用藥,107,新北市,121.703376426223,25.083415515294
鵝油麻辣醬,新北市土城區店家,新北市土城區裕民路250巷12號10樓,合格,己二烯酸苯甲酸去水醋酸糖精環己基(代)磺醯胺酸甘精醋磺內酯鉀,109,新北市,121.454383359037,24.98300999635
海霸王蒜蓉辣豆瓣醬,彰化縣北斗鎮店家,彰化縣北斗鎮新工一路108號(北斗工業區),合格,,109,新北市,120.549707031133,23.868581989719
辣椒醬,辣椒,南投縣南投市工業北三路2號,合格,,109,新北市,120.658339010858,23.926461000893
是拉差辣椒醬/大辣(UNI-EAGLE),臺北市內湖區店家,臺北市內湖區港華街3號2樓,合格,,109,新北市,121.57781593575,25.082315725778
葵果蒜辣醬,臺北市松山區店家,臺北市松山區三民路113巷22號11樓,合格,,109,新北市,121.562069692445,25.058051331461
金鉤辣椒,臺北市大安區店家,臺北市大安區光復南路628巷9號,合格,己二烯酸苯甲酸去水醋酸糖精環己基(代)磺醯胺酸甘精醋磺內酯鉀,109,新北市,121.556767049039,25.031709398623
香椿拌醬,彰化縣北斗鎮店家,彰化縣北斗鎮新工一路108號,合格,,109,新北市,120.549707031133,23.868581989719
愛之味甜辣醬,嘉義縣民雄鄉店家,嘉義縣民雄鄉興南村工業二路11號,合格,,109,新北市,120.431211982123,23.521391993166
東泉辣椒醬,台中市北區店家,台中市北區五順街149號,合格,,109,新北市,120.681483960097,24.153526003544
金蘭甜辣醬,金蘭,桃園市大溪區介壽路236號,合格,,109,新北市,121.308108322526,24.982546449642
珍珠脯,珍珠,嘉義縣布袋鎮振寮里202-7號,合格,甲醛己二烯酸苯甲酸去水醋酸,109,新北市,120.166789,23.378079
乾碎脯,嘉義縣布袋鎮店家,嘉義縣布袋鎮江山里110號,合格,,109,新北市,120.166789,23.378079
菜脯,新北市八里區店家,新北市八里區龍米路2段62號,合格,,109,新北市,121.445111418254,25.147986543137
傳統蘿蔔乾,傳統,屏東縣恆春鎮省北路2段568號,合格,,109,新北市,120.724070985207,22.051524017961
有機蘿蔔乾丁,高雄市阿蓮區店家,高雄市阿蓮區德安里172號,合格,,109,新北市,120.3274306,22.8832253
汫度碎脯,嘉義縣義竹鄉店家,嘉義縣義竹鄉西後寮12-1號,合格,甲醛己二烯酸苯甲酸去水醋酸,109,新北市,120.226153,23.380898
高級手切脯,高級,嘉義縣布袋鎮見龍里內田38-2號,合格,,109,新北市,120.1790079,23.3818126
碎脯,嘉義縣布袋鎮店家,嘉義縣布袋鎮見龍里內田41號,合格,,109,新北市,120.1790079,23.3818126
細蘿蔔乾,新北市樹林區店家,新北市樹林區工興街8號,合格,,109,新北市,121.399916914012,25.014113814111
粗蘿蔔條乾,新北市樹林區店家,新北市樹林區工興街8號,合格,,109,新北市,121.399916914012,25.014113814111
高級碎脯,高級,嘉義縣布袋鎮貝龍里內田38-2號,合格,甲醛己二烯酸苯甲酸去水醋酸,109,新北市,120.1790079,23.3818126
客家碎脯,客家,彰化縣大城鄉上山村大山路45號1樓,合格,,109,新北市,120.320047997087,23.840220982134
梨山粹脯,嘉義縣布袋鎮店家,嘉義縣布袋鎮振寮里222-7號,合格,,109,新北市,120.166789,23.378079
珍珠脯,珍珠,嘉義縣布袋鎮振寮里222-7號,合格,,109,新北市,120.166789,23.378079
鑽石牌客家碎脯,新北市泰山區店家,新北市泰山區中港南路169之9號,合格,,109,新北市,121.443228722291,25.06076539171
珍珠脯,珍珠,嘉義縣布袋鎮江山里110號,合格,甲醛己二烯酸苯甲酸去水醋酸,109,新北市,120.166789,23.378079
汫度碎脯,嘉義縣布袋鎮店家,嘉義縣布袋鎮見龍里25號,合格,,109,新北市,120.166789,23.378079
珍珠脯,珍珠,嘉義縣布袋鎮振寮里222號,合格,,109,新北市,120.166789,23.378079
客家碎脯,客家,台中市外埔區六分路中興巷10號,合格,,109,新北市,120.664699586399,24.328820559001
客家特產(菜脯),客家,嘉義縣布袋鎮見龍里內田38-2號,合格,,109,新北市,120.1790079,23.3818126
四季高純釀(釀造醬油),四季,台南市新市區大營里大營7-2號,合格,3-單氯丙二醇己二烯酸苯甲酸去水醋酸糖精環己基(代)磺醯胺酸甘精醋磺內酯鉀,109,新北市,120.30163,23.0996
天然極品薄塩黑金醬油,桃園市龜山區店家,桃園市龜山區文東五街99號,合格,,109,新北市,121.364121996502,25.050294005801
屏大薄鹽醬油,屏東縣內埔鄉店家,屏東縣內埔鄉豐田村中正路456號,合格,,109,新北市,120.540607972322,22.635644014289
龜甲萬甘醇醬油(釀造),龜甲萬,台南市新市區大營里大營7之1號,合格,,109,新北市,120.30163,23.0996
萬家香大吟釀醬油,萬家香,屏東縣內埔鄉中林村大同路5段88號,合格,,109,新北市,120.596013962057,22.661839561429
高山香菇鈕釦菇,高山,新北市樹林區八德街280巷3號4樓,合格,己二烯酸苯甲酸去水醋酸二氧化硫,109,新北市,121.41077955785,24.970294800178
特選台灣香菇,苗栗縣公館鄉店家,苗栗縣公館鄉大坑村3鄰58-2號,合格,,109,新北市,120.842946,24.496212
埔里黑皮厚肉香菇,新北市八里區店家,新北市八里區龍米路2段62號,合格,,109,新北市,121.445111418254,25.147986543137
台灣新社中香菇,新北市中和區店家,新北市中和區建城路258號8樓,合格,,109,新北市,121.5008581,24.998512
台灣鈕釦菇,臺北市北投區店家,臺北市北投區裕民三路15號3樓,合格,,109,新北市,121.516497871613,25.116091442814
H5乾香菇,臺北市大同區店家,臺北市大同區安西街146,合格,己二烯酸苯甲酸去水醋酸二氧化硫,109,新北市,121.509688413474,25.062329077657
台中新社鈕扣菇,新北市中和區店家,新北市中和區連城路258號8樓,合格,,109,新北市,121.487238324009,24.996444887946
乾香菇(鈕扣),台中市新社區店家,台中市新社區中和街1段143-1號,合格,,109,新北市,120.794133972746,24.22230199176
台灣高山香菇,臺北市北投區店家,臺北市北投區裕民三路15號3樓,合格,,109,新北市,121.516497871613,25.116091442814
新社農會鈕扣乾香菇,台中市新社區店家,台中市新社區中和街四段226號,合格,,109,新北市,120.808099983636,24.243782001661
蝦米,蝦米,宜蘭縣頭城鎮濱海路5段226號,合格,二氧化硫螢光增白劑,109,新北市,121.892910032483,24.939834980732
蝦皮,宜蘭縣頭城鎮店家,宜蘭縣頭城鎮濱海路5段226號,合格,,109,新北市,121.892910032483,24.939834980732
蝦米,蝦米,新北市中和區中山路2段390號,合格,,109,新北市,121.4904542088,25.003705292476
蝦皮,新北市五股區店家,新北市五股區民義路1段247之11號,合格,,109,新北市,121.428415971542,25.090595998378
蝦米,蝦米,新北市板橋區介壽街45號,合格,,109,新北市,121.468851026832,25.0199070084
蝦皮,臺北市大同區店家,臺北市大同區延平北路2段167號2樓,合格,二氧化硫螢光增白劑,109,新北市,121.511572162393,25.058452656985
蝦皮,臺北市大同區店家,臺北市大同區民生西路423巷23號1樓,合格,,109,新北市,121.508784173759,25.057628338718
特級大蝦仁,特級,新北市新莊區新樹林67巷40弄3號,合格,,109,新北市,121.4408118,25.0302757
櫻花蝦,新北市新莊區店家,新北市新莊區新樹林67巷40弄3號,合格,,109,新北市,121.4408118,25.0302757
蝦仁,新北市五股區店家,新北市五股區民義路1段247之11號,合格,,109,新北市,121.428415971542,25.090595998378
有機黑糯糙米,宜蘭縣礁溪鄉店家,宜蘭縣礁溪鄉吳沙村四結路27之12號,合格,二硫代胺基甲酸鹽類農藥多重殘留分析(380項),109,新北市,121.74812692228,24.789990855892
長糯米,新北市永和區店家,新北市永和區永貞路287巷1號1樓,合格,,109,新北市,121.510943016741,25.005182016178
台灣黑糯糙米,新北市樹林區店家,新北市樹林區八德街280巷3號4樓,合格,,109,新北市,121.41077955785,24.970294800178
有機長糯白米,花蓮縣富里鄉店家,花蓮縣富里鄉富里村和平街122號1樓,合格,,109,新北市,121.246499000698,23.174983986269
圓糯白米,新北市永和區店家,新北市永和區永貞路287巷1號1樓,合格,,109,新北市,121.510943016741,25.005182016178
究好豬-梅花薄片,雲林縣大埤鄉店家,雲林縣大埤鄉豐田工業區豐田路57號,合格,氯黴素類抗生素(4項)四環黴素類(7項)動物用藥多重殘留(48項)乙型受體素類(21項),109,新北市,120.466417987117,23.639457008634
台糖安心豚梅花肉片,台南市東區店家,台南市東區生產路68號,合格,,109,新北市,120.221047997578,22.963620006556
特選白肉火鍋片,新北市板橋區店家,新北市板橋區干城路142號,合格,,109,新北市,121.459600339392,24.993385996201
原切梅花豬,新北市樹林區店家,新北市樹林區英俊街116巷1號,合格,,109,新北市,121.424658,24.989851
Kingrich 金豐盛去骨腿排,台南市永康區店家,台南市永康區中正一街26號,合格,,109,新北市,120.246107038225,23.033996980187
鹹蛋黃,鹹蛋,新北市中和區莒光路20巷56號,合格,己二烯酸苯甲酸去水醋酸食品中蘇丹色素(4項),109,新北市,121.472065989614,25.004263988232
鹹蛋黃,鹹蛋,新北市三峽區三樹路222巷236弄8之3號,合格,,109,新北市,121.391617991678,24.942824009314
鹹蛋黃,鹹蛋,新北市中和區秀朗路128巷17弄26號,合格,,109,新北市,121.5244517,24.9935759
鹹蛋黃:特大,鹹蛋,新北市樹林區大安路118號,合格,,109,新北市,121.420940319738,24.99648868339
鹼蛋黃,臺北市北投區店家,臺北市北投區關渡里知行路18號,合格,,109,新北市,121.466219947425,25.117997529506
鹹蛋黃,鹹蛋,屏東縣新園鄉媽祖三巷175號,合格,己二烯酸苯甲酸去水醋酸食品中蘇丹色素(4項),109,新北市,120.445169557783,22.52614899255
鹹蛋黃,鹹蛋,臺北市北投區令行路2巷8號,合格,,109,新北市,121.5026806,25.1323027
臺南鴨莊鹹蛋黃,台南市官田區店家,台南市官田區渡頭三塊厝178-1號,合格,,109,新北市,120.342582,23.156093
鹹蛋黃,鹹蛋,嘉義縣太保市埤鄉里埤麻腳12鄰146之1號,合格,,109,新北市,120.3325422,23.4588054
鹹蛋黃 20 入,鹹蛋,桃園市平鎮區快速路2段616巷6號,合格,,109,新北市,121.226049000968,24.916049905548
南部肉粽,新北市鶯歌區店家,新北市鶯歌區南雅路29號,合格,大腸桿菌大腸桿菌群,109,新北市,121.349339001509,24.954261996296
南部粽,新北市汐止區店家,新北市汐止區忠孝東路275號1樓,合格,,109,新北市,121.66374502781,25.068453985764
北部粽,新北市永和區店家,新北市永和區復興街6號,合格,,109,新北市,121.515679965501,25.012842991861
南部粽,新北市新莊區店家,新北市新莊區自信街32號,合格,,109,新北市,121.454375982962,25.048125984635
小肉粽,新北市石門區店家,新北市石門區崁子腳58之18號,合格,,109,新北市,121.531397,25.286794
下港肉粽,新北市板橋區店家,新北市板橋區新海路135巷9號,合格,大腸桿菌大腸桿菌群,109,新北市,121.460552020679,25.023175992548
肉粽,新北市三重區店家,新北市三重區過圳街42之3號1樓,合格,,109,新北市,121.488026306726,25.059703781763
招牌肉粽,新北市永和區店家,新北市永和區復興街4號,合格,,109,新北市,121.515651969945,25.012833017396
北部粽,臺北市大同區店家,臺北市大同區迪化街2段215-11號,合格,,109,新北市,121.511690431047,25.070482825428
千禧粽,新北市板橋區店家,新北市板橋區漢生東路111之2號,合格,,109,新北市,121.467185961766,25.015200988862
鹼粽,新北市三重區店家,新北市三重區力行路56之2號,合格,硼酸及其鹽類,109,新北市,121.538795997174,24.965706018249
紅豆鹼粽,紅豆,新北市三重區力行路56之2號,合格,,109,新北市,121.538795997174,24.965706018249
鹼粽(原味),新北市土城區店家,新北市土城區廣明街41巷1弄5號,合格,,109,新北市,121.455196990378,24.992872017898
鹼粽(紅豆),新北市土城區店家,新北市土城區廣明街41巷1弄5號,合格,,109,新北市,121.455196990378,24.992872017898
鹼粽,新北市新莊區店家,新北市新莊區自由街52號1樓,合格,,109,新北市,121.455633016981,25.045773980695
鹼粽,嘉義市東區店家,嘉義市東區林森東路677號,合格,,109,新北市,120.47830000542,23.492649986172
鹼粽,新北市板橋區店家,新北市板橋區後菜園街34號,合格,,109,新北市,121.456738003277,25.01019498101
鹼粽,新北市汐止區店家,新北市汐止區忠孝東路339巷9號3樓,合格,,109,新北市,121.664356990561,25.070069010868
鹼粽,嘉義市東區店家,嘉義市東區林森東路790號,合格,,109,新北市,120.478775007873,23.492455987023
100%新鮮現榨柳橙汁,新竹縣竹東鎮店家,新竹縣竹東鎮中興路1段257號,合格,大腸桿菌陰性沙門氏桿菌陰性大腸桿菌群9.2,107,新北市,121.069875872261,24.756486883739
熱巧克力,新北市新店區店家,新北市新店區莒光路61巷8-1號,合格,生菌數460大腸桿菌陰性大腸桿菌群陰性沙門氏桿菌陰性,107,新北市,121.52425641265,24.958256517983
熱奶茶,新北市新店區店家,新北市新店區莒光路61巷8-1號,合格,生菌數1200大腸桿菌陰性大腸桿菌群陰性沙門氏桿菌陰性,107,新北市,121.52425641265,24.958256517983
黑松FIN健康補給飲料,桃園市中壢區店家,桃園市中壢區中園路178號,合格,生菌數<10大腸桿菌陰性大腸桿菌群陰性沙門氏桿菌陰性,107,新北市,121.237001969124,24.977083990805
黑松汽水C&C氣泡飲(檸檬口味),桃園市中壢區店家,桃園市中壢區中園路178號,合格,生菌數<10大腸桿菌陰性大腸桿菌群陰性沙門氏桿菌陰性,107,新北市,121.237001969124,24.977083990805
好機蛋,彰化縣大城鄉店家,彰化縣大城鄉山腳村中山路250巷320號,合格,禽畜產品中殘留農藥(123項)未檢出動物用藥多重殘留(48項)未檢出氯黴素類抗生素(4項)氯黴素類 未檢出,108,新北市,120.337542205562,23.838881903345
鮮滋蛋(白殼蛋),彰化縣埤頭鄉店家,彰化縣埤頭鄉元埔村文化路66號,合格,禽畜產品中殘留農藥(123項)未檢出動物用藥多重殘留(48項)未檢出氯黴素類抗生素(4項)氯黴素類 未檢出,108,新北市,120.504054995488,23.869529019049
火山烏骨雞切一解凍肉,雲林縣斗六市店家,雲林縣斗六市八德里引善路196號,合格,氯黴素類抗生素(4項)未檢出硝基?喃代謝物(4項)未檢出禽畜產品中殘留農藥(123項)未檢出,108,新北市,120.566314179714,23.7088942871
一品蛋(洗選蛋),新北市三峽區店家,新北市三峽區隆恩街163號,合格,動物用藥多重殘留(48項)未檢出禽畜產品中殘留農藥(123項)未檢出氯黴素類抗生素(4項)氯黴素類 未檢出,108,新北市,121.362473108509,24.942686210825
冷藏皇金土雞切塊,台南市柳營區店家,台南市柳營區長榮路二段6段513號,合格,硝基?喃代謝物(4項)未檢出氯黴素類抗生素(4項)未檢出禽畜產品中殘留農藥(123項)未檢出,108,新北市,120.303408550916,23.31615547053
前腿肉,前腿,新北市蘆洲區正和街63巷24號,合格,動物用藥多重殘留(48項)未檢出氯黴素類抗生素(4項)氯黴素類 未檢出β-內醯胺類抗生素(8項)未檢出,108,新北市,121.469225027351,25.080396982413
生凍午仔魚,高雄市鳥松區店家,高雄市鳥松區山腳路184-13號1F,合格,動物用藥多重殘留(48項)孔雀綠(2項)四環黴素類(7項),108,新北市,120.338763026678,22.658585995742
前腿肉絲,前腿,屏東縣長治鄉繁昌村中山路122號,合格,硝基?喃代謝物(4項)動物用藥多重殘留(48項),108,新北市,120.579003040017,22.711979012337
豬里肌火鍋片,屏東縣內埔鄉店家,屏東縣內埔鄉豐田村延平路133號,合格,硝基?喃代謝物(4項)動物用藥多重殘留(48項),108,新北市,120.54794398162,22.639957006387
後腿肉絲,後腿,台南市柳營區人和里義士路5段690號,合格,硝基?喃代謝物(4項)動物用藥多重殘留(48項),108,新北市,120.314418124181,23.292018279104
里肌火鍋肉片,台南市東區店家,台南市東區生產路68號,合格,硝基?喃代謝物(4項)動物用藥多重殘留(48項),108,新北市,120.221047997578,22.963620006556
黃魚,臺北市松山區店家,臺北市松山區龍江路443巷4號,合格,孔雀綠(2項)四環黴素類(7項)動物用藥多重殘留(48項)氯黴素類抗生素(4項),108,新北市,121.54124192034,25.067162292575
午仔,台中市東區店家,台中市東區旱溪西路1段38號,合格,孔雀綠(2項)四環黴素類(7項)動物用藥多重殘留(48項),108,新北市,120.700598806469,24.127065005771
竹笙,竹笙,臺北市大同區環河北路 1段 271號1樓,不合格,鎘5.0 ppm(標準：2 ppm 以下),未知,新北市,121.5153661,25.0660564
芹菜,桃園市桃園區店家,桃園市桃園區民富十一街106 號8樓,不合格,芬普尼0.005ppm(標準：0.001 ppm 以下),未知,新北市,121.31447799565,25.010770985396
山東大白菜(進口),桃園市平鎮店家,桃園市平鎮區高雙里民族路三段 159巷 153號,不合格,氟尼胺0.03ppm(標準：0.01ppm 以下),未知,新北市,121.193468040411,24.953952913617
酸菜心(有效日期：2019.12.29),酸菜,雲林縣大埤鄉興安村興安路 72號,不合格,二氧化硫0.096g/kg(標準：0.03g/kg以下),未知,新北市,120.285601939914,23.792732615208
榨菜絲(有效日期：2020.4.25),桃園市觀音區店家,桃園市觀音區草漯里忠孝路 610號,不合格,苯甲酸2.60g/kg(標準：0.6g/kg以下)二氧化硫0.06g/kg(標準：0.03g/kg以下),未知,新北市,121.133901039666,25.061889991659
舞Q 年糕片,桃園市楊梅區店家,桃園市楊梅區環東路 295巷9號 3樓,合格,順丁烯二酸與順丁烯二酸酐總量,未知,新北市,121.156792017239,24.907133991321
蘿蔔糕,蘿蔔,新北市新莊區建國二路 52號1樓,合格,,未知,新北市,121.4325869742,25.024849984341
蘿蔔糕,蘿蔔,新北市土城區承天路71巷4弄3號,合格,,未知,新北市,121.44073301062,24.963543990144
港式蘿蔔糕,港式,台中市東區東光園路 118號,合格,,未知,新北市,120.694206934746,24.12692490226
頂級芋頭粿,頂級,雲林縣西螺鎮福興路 46號,合格,,未知,新北市,120.460979975975,23.794810010025
台式紅豆年糕(保證不含防腐劑),新北市汐止區店家,新北市汐止區福德一路 392巷42 弄17號,合格,,未知,新北市,121.62671864118,25.062371730949
港式蘿蔔糕,港式,新北市汐止區福德一路 392巷42 弄17號,合格,,未知,新北市,121.62671864118,25.062371730949
漢芳韓式年糕條(純素),桃園市蘆竹區店家,桃園市蘆竹區五福一路 32巷2號,合格,,未知,新北市,121.294901976965,25.058084020884
香腸蘿蔔糕,臺南市南區店家,臺南市南區中華西路一段103 號,合格,,未知,新北市,120.185185229794,22.980154066455
菜頭粿,新北市三重區店家,新北市三重區三重區重新路 1段 6號,合格,,未知,新北市,121.4885336,25.061008
榨菜頭,桃園市觀音區店家,桃園市觀音區忠孝路 616號,合格,去水醋酸苯甲酸己二烯酸二氧化硫,未知,新北市,121.134314016036,25.06137999476
榨菜絲,桃園市觀音區店家,桃園市觀音區忠孝路 616號,合格,,未知,新北市,121.134314016036,25.06137999476
酸菜,酸菜,桃園市大園區后厝里2鄰25之9號,合格,,未知,新北市,121.211622,25.080443
招牌黃金,新北市中和區店家,新北市中和區永和路9巷16之4號,合格,,未知,新北市,121.498512989608,25.003850006035
歐爸吃素,新北市中和區店家,新北市中和區永和路9巷16之4號,合格,,未知,新北市,121.498512989608,25.003850006035
料理白菜,新北市新莊區店家,新北市新莊區五權一路 5號7樓之 7,合格,,未知,新北市,121.457847012886,25.066418985401
泡菜,新北市汐止區店家,新北市汐止區福德一路 392巷22弄28號1.2樓,合格,去水醋酸苯甲酸己二烯酸二氧化硫,未知,新北市,121.628033007322,25.061586399126
黃瓜泡菜,新北市汐止區店家,新北市汐止區福德一路 392巷22弄28號1.2樓,合格,,未知,新北市,121.628033007322,25.061586399126
糖醋嫩薑,台中市南屯區店家,台中市南屯區永春東二路 238號,合格,,未知,新北市,120.638363762125,24.132331481265
原味榨菜,新北市八里區店家,新北市八里區龍米路2段62號,合格,,未知,新北市,121.445111418254,25.147986543137
新秀酸菜,花蓮縣新城鄉店家,花蓮縣新城鄉北埔村樹人街 2號,合格,,未知,新北市,121.603617026286,24.038905992191
明太子風味泡菜,新北市新莊區店家,新北市新莊區新北大道 2段17號 14樓,合格,,未知,新北市,121.450502,25.0358987
榨菜,新北市汐止區店家,新北市汐止區大同路 1段337巷 16弄2-4號,合格,去水醋酸苯甲酸己二烯酸二氧化硫,未知,新北市,121.6587593,25.0637969
黃金泡菜,黃金,桃園市大園區五輕路 150巷12號,合格,,未知,新北市,121.1954452,25.063879
韓式泡菜,韓式,新北市林口區工七路 4號,合格,,未知,新北市,121.400571037736,25.078701993953
脆筍,雲林縣古坑鄉店家,雲林縣古坑鄉麻園村東耕 2-2號,合格,,未知,新北市,120.578106,23.607398
泡菜,新北市板橋區店家,新北市板橋區縣民大道 2段8號,合格,,未知,新北市,121.4590205,25.0097766
萬媽媽正宗韓國泡菜,新北市三重區店家,新北市三重區長壽街 12號之6,合格,,未知,新北市,121.499085976509,25.067935984148
佛利蒙柑,彰化縣田尾鄉店家,彰化縣田尾鄉正義村 8鄰民和巷 427之10號,合格,農藥殘留,未知,新北市,120.516896993163,23.891170003401
富有甜柿,新北市中和區店家,新北市中和區連城路 194巷4號,合格,,未知,新北市,121.491985163415,24.997434581163
聖女小番茄,新北市中和區店家,新北市中和區連城路 194巷4號,合格,,未知,新北市,121.491985163415,24.997434581163
阿蓮芭樂,高雄市路竹區店家,高雄市路竹區永華路 18-8號,合格,,未知,新北市,120.273440340661,22.882174520233
省產葡萄,新北市中和區店家,新北市中和區連城 路194巷4號,合格,,未知,新北市,121.5008581,24.998512
小白菜,新北市三峽區店家,新北市三峽區介壽路 1段6號,合格,,未知,新北市,121.498664031503,25.069363003163
青江菜,新北市三峽區店家,新北市三峽區介壽路 1段6號,合格,,未知,新北市,121.498664031503,25.069363003163
牛蕃茄,南投縣仁愛鄉店家,南投縣仁愛鄉大同村仁和路150 號,合格,,未知,新北市,121.132619662615,24.023143965172
高麗菜,臺北市中山區店家,臺北市中山區民族東路 336號,合格,,未知,新北市,121.537341234059,25.067923369383
紅蘿蔔,臺北市中山區店家,臺北市中山區民族東路336號2樓,合格,農藥殘留,未知,新北市,121.537341234059,25.067923369383
珍珠芭樂,珍珠,高雄市燕巢區安招里中安路123 號,合格,,未知,新北市,120.355899995359,22.787090001063
木瓜,雲林縣林內鄉店家,雲林縣林內鄉頂庄段,合格,,未知,新北市,120.613197,23.756005
番茄-玉女小番茄,嘉義縣新港鄉店家,嘉義縣新港鄉月眉潭段眉潭小段,合格,,未知,新北市,120.349551,23.524364
紅蘿蔔,桃園市龍潭區店家,桃園市龍潭區聖亭路 155號,合格,,未知,新北市,121.206304003115,24.867964980597
白肉火龍果,彰化縣埤頭鄉店家,彰化縣埤頭鄉崙子村埤頭路765 號,合格,,未知,新北市,120.46786943482,23.900525810208
山茼萵,台中市北區店家,台中市北區忠明路 232號,合格,,未知,新北市,120.663945162978,24.161725600325
油菜,台中市北區店家,台中市北區忠明路 232號,合格,,未知,新北市,120.663945162978,24.161725600325
東農水耕蔬菜,彰化縣北斗鎮店家,彰化縣北斗鎮復興路862巷139號,合格,,未知,新北市,120.515211308615,23.875660213584
冷凍白蝦,高雄市前鎮店家,高雄市前鎮區佛中路64號4樓,合格,動物用藥殘留,未知,新北市,120.322620989905,22.571720980374
冷凍草蝦,新北市林口區店家,新北市林口區工九路 18號,合格,,未知,新北市,121.403293982802,25.075353004539
冷凍草蝦,新北市五股區店家,新北市五股區五權路13號6樓,合格,,未知,新北市,121.448945012618,25.065883004603
午魚(午仔魚),新北市淡水區店家,新北市淡水區清水街 140號,合格,,未知,新北市,121.441417979748,25.170259995
冷凍白蝦,嘉義縣民雄鄉店家,嘉義縣民雄鄉民雄工業區中正路 26號,合格,,未知,新北市,120.430133566461,23.558919282425
冷凍白蝦,高雄市前鎮店家,高雄市前鎮區中華五路 656號,合格,,未知,新北市,120.306124985361,22.60378699871
新鮮蛤蠣,臺北市大同區店家,臺北市大同區伊寧街 46-3號,合格,,未知,新北市,121.511531593982,25.064599986684
金目鱸魚片,屏東縣屏東市店家,屏東縣屏東市中正路 401巷43弄 1號,合格,動物用藥殘留,未知,新北市,120.523186560038,22.632694446472
冷凍帶皮台灣鯛魚片,高雄市大寮區店家,高雄市大寮區大發工業區華中路 28號,合格,,未知,新北市,120.429012989825,22.580457018959
冷凍白蝦,新北市林口區店家,新北市林口區工九路 18號,合格,,未知,新北市,121.403293982802,25.075353004539
絞肉,雲林縣元長鄉店家,雲林縣元長鄉鹿北村同安路 48號,合格,,未知,新北市,120.375926901647,23.647571359631
豬小里肌肉塊冷藏肉,臺北市萬華區店家,臺北市萬華區環河南路2段250巷 60號,合格,,未知,新北市,121.490351307811,25.034000164944
雞胸肉去皮-冷藏肉,桃園市桃園區店家,桃園市桃園區中埔里永安路1063 號,合格,,未知,新北市,121.283264339031,25.009593432764
雞肉,雞肉,新北市泰山區中港南路 103號,合格,,未知,新北市,121.446345030072,25.063102014858
嘴邊肉,桃園市桃園區店家,桃園市桃園區民富十一街 106號 8樓,合格,動物用藥殘留,未知,新北市,121.31447799565,25.010770985396
梅花肉,梅花,臺北市萬華區環河南路2段250巷 60號,合格,,未知,新北市,121.490351307811,25.034000164944
松阪肉,屏東縣屏東市店家,屏東縣屏東市大同北路135號7樓之 2,合格,,未知,新北市,120.474072005821,22.681291020793
雞肉,雞肉,臺北市萬華區環河南路二段236 號1樓,合格,,未知,新北市,121.492309962163,25.033520015438
前腿肉,前腿,台中市豐原區環河南路 250巷60 號,合格,,未知,新北市,120.71844,24.242014
豬五花肉片2mm,新北市樹林區店家,新北市樹林區光興街 61號,合格,,未知,新北市,121.410981026204,25.002683999484
冷凍白蝦仁,桃園市楊梅區店家,桃園市楊梅區文化街 757號2F,合格,,未知,新北市,121.183078619001,24.911128969946
白刺蝦仁,臺北市士林區店家,臺北市士林區華齡街 175號2F,合格,,未知,新北市,121.519387951828,25.087059170514
冷凍調理蝦仁,新北市新莊區店家,新北市新莊區新北大道 3段5號16 樓之5,合格,,未知,新北市,121.450502,25.0358987
冷凍海蝦仁,新北市中和區店家,新北市中和區連城路 403巷2弄2 號,合格,,未知,新北市,121.486086934721,24.995893551141
白蝦仁,新北市中和區店家,新北市中和區建一路7號5樓,合格,,未知,新北市,121.488291007228,25.003650013825
白蝦仁,宜蘭縣五結鄉店家,宜蘭縣五結鄉成興村利功一路2 段56號,合格,,未知,新北市,121.8228871,24.6553431
白蝦仁(無膨發),新北市萬里區店家,新北市萬里區港西路 55之1號,合格,,未知,新北市,121.685551704888,25.203717421496
產銷履歷白蝦仁,嘉義縣布袋鎮店家,嘉義縣布袋鎮太平東路 378-1號,合格,,未知,新北市,120.170517023732,23.376457990788
鮮剝蝦仁,台南市永康區店家,台南市永康區中正二街380號,合格,,未知,新北市,120.237614661566,23.031620417271
冷凍黃金貝(調理),新北市土城區店家,新北市土城區承天路 67號,合格,己二烯酸苯甲酸去水醋酸二氧化硫,未知,新北市,121.439626012668,24.963510001527
冷凍腰子貝(調理),新北市土城區店家,新北市土城區承天路 67號,合格,,未知,新北市,121.439626012668,24.963510001527
蝦米(金鉤蝦),蝦米,新北市中和區建八路167-3號,合格,,未知,新北市,121.491176980311,24.999884988647
冷凍黃金柳葉魚,臺北市松山區店家,臺北市松山區南京東路 2段206 號7樓,合格,,未知,新北市,121.5768018,25.0497252
蒲燒鯛魚腹排,台南市學甲區店家,台南市學甲區光華里筏仔頭21-6 號,合格,,未知,新北市,120.182505,23.230472
鹹蝦皮,宜蘭縣頭城鎮店家,宜蘭縣頭城鎮濱海路 5段226號,合格,,未知,新北市,121.8235065,24.8592629
海蜇,臺北市萬華區店家,臺北市萬華區長沙街 2段89號21 樓之1,合格,,未知,新北市,121.4998912,25.0348867
珍好飛卷片,高雄市前鎮店家,高雄市前鎮區漁港中二路 59號,合格,己二烯酸苯甲酸去水醋酸二氧化硫,未知,新北市,120.319097992181,22.570784009328
鮪魚塊,新北市泰山區店家,新北市泰山區文程路 30之2號,合格,,未知,新北市,121.4289130184,25.048767996509
調製丁香魚乾,臺北市大同區店家,臺北市大同區迪化街 1273號,合格,,未知,新北市,121.5100892,25.0548756
蝦米,蝦米,臺北市大同區歸綏街 224號,合格,,未知,新北市,121.509973146725,25.058154009775
柴魚花片,新北市蘆洲區店家,新北市蘆洲區中山一路 95巷22弄 6號,合格,,未知,新北市,121.477317000496,25.080341997128
三角耳,高雄市鳥松區店家,高雄市鳥松區大同路4巷1弄6號,合格,,未知,新北市,120.384656964049,22.657228001699
鹽漬魷魚,臺北市松山區店家,臺北市松山區延平北路 2段167 號,合格,,未知,新北市,121.5768018,25.0497252
蝦米乾,蝦米,宜蘭縣頭城鎮濱海路 5段226號,合格,,未知,新北市,121.8235065,24.8592629
原味香腸,新北市新莊區店家,新北市新莊區福營路 165巷9號 1樓,合格,苯甲酸己二烯酸去水醋酸亞硝酸鹽,未知,新北市,121.432193611484,25.031035786975
家鄉火腿塊,新北市新莊區店家,新北市新莊區福營路 227巷33號 1.2樓,合格,,未知,新北市,121.430350011881,25.029012982281
香辣牛肉乾,屏東縣竹田鄉店家,屏東縣竹田鄉泗洲村平洋路102 號,合格,,未知,新北市,120.518668895904,22.570135495303
豬肉乾,豬肉,屏東縣竹田鄉泗洲村平洋路102 號,合格,,未知,新北市,120.518668895904,22.570135495303
火腿,火腿,新北市三重區興德路 141巷12號,合格,,未知,新北市,121.469491990967,25.053309982202
港式肝腸,港式,臺北市中正區南海路2巷14號,合格,,未知,新北市,121.51801566664,25.031912659775
名湖南臘肉,臺北市中正區店家,臺北市中正區南海路2巷14號,合格,,未知,新北市,121.51801566664,25.031912659775
珍饌香腸-香蒜味,臺北市內湖區店家,臺北市內湖區陽光街 321巷60號 3樓,合格,,未知,新北市,121.57710783257,25.071703440077
蜜汁豬肉乾,蜜汁,新北市樹林區博愛街 64號,合格,苯甲酸己二烯酸去水醋酸亞硝酸鹽,未知,新北市,121.427182658309,24.992382389024
蔗燻臘肉,桃園市桃園區店家,桃園市桃園區工五路191巷67弄 71號,合格,,未知,新北市,121.208787980121,24.887366990972
蜜汁豬肉乾,蜜汁,新北市三芝區四棧橋 53之10號,合格,,未知,新北市,121.5010864,25.2578784
原味豬肉絲,新北市三芝區店家,新北市三芝區四棧橋 53之10號,合格,,未知,新北市,121.5010864,25.2578784
蒜味豬肉紙,蒜味,雲林縣水林鄉順安路 11號,合格,,未知,新北市,120.263043008867,23.627718991427
法蘭克福腸,桃園市大園區店家,桃園市大園區北港里大觀路550 號,合格,,未知,新北市,121.17946392861,25.063798474852
民享肉鬆,新北市土城區店家,新北市土城區忠義路 55巷62號,合格,,未知,新北市,121.443155380638,24.967233494375
梅干葉,苗栗縣公館鄉店家,苗栗縣公館鄉中義村一鄰 16號,合格,二氧化硫,未知,新北市,120.8284996,24.5059208
幼嫩海帶芽(清包),桃園市平鎮店家,桃園市平鎮區民族路雙連二段118巷53弄35號,合格,,未知,新北市,121.181143960534,24.962288003863
北海道昆布,北海,桃園市平鎮區民族路雙連二段118巷53弄35號,合格,,未知,新北市,121.181143960534,24.962288003863
白木耳,白木,新北市新莊區新樹路 67巷40弄 3號,合格,,未知,新北市,121.44090877913,25.030124087366
台灣高山香菇,新北市新莊區店家,新北市新莊區新樹路 67巷40弄 3號,合格,,未知,新北市,121.44090877913,25.030124087366
原味海帶芽,新北市中和區店家,新北市中和區濟一路 150號4樓之 1,合格,,未知,新北市,121.5008581,24.998512
營養紫菜,新北市泰山區店家,新北市泰山區楓江路 86巷46號之 1,合格,,未知,新北市,121.438538041636,25.060169019299
金鉤蝦米,基隆市中正區店家,基隆市中正區北寧路 69號,合格,二氧化硫,未知,新北市,121.783336010661,25.148304982646
黑木耳,新北市三重區店家,新北市三重區新北大道二段45號,合格,,未知,新北市,121.469570613219,25.061276017251
紫菜,新北市土城區店家,新北市土城區忠義路 55巷54號,合格,,未知,新北市,121.442926303224,24.967363916788
海幸乾燥海藻沙拉,臺北市大同區店家,臺北市大同區民權西路 286號3 樓,合格,,未知,新北市,121.510818223185,25.062774466226
野生紫菜,新北市汐止區店家,新北市汐止區福德一路 392巷4125 號,合格,,未知,新北市,121.627501784873,25.060744037508
北海道昆布,北海,新北市三峽區大學路 47號,合格,,未知,新北市,121.376678003639,24.94063499148
筍干(彭),臺北市北投區店家,臺北市北投區承德路 7段401 巷628號,合格,,未知,新北市,121.5026806,25.1323027
乾金針,臺北市大同區店家,臺北市大同區南京西路 163號之 76,合格,二氧化硫,未知,新北市,121.513159957933,25.054032437333
裙帶菜,桃園市龍潭區店家,桃園市龍潭區聖德里湧光路1段 161號,合格,,未知,新北市,121.190936093313,24.887354135973
乾黑木耳絲,基隆市安樂區店家,基隆市安樂區樂利三街36巷49號 1樓,合格,,未知,新北市,121.713880962559,25.125431984256
竹笙,竹笙,臺北市大同區民樂街 181號,合格,,未知,新北市,121.510546468902,25.059583920548
川黑木耳,新北市汐止區店家,新北市汐止區南陽街 23號,合格,,未知,新北市,121.625237977889,25.065700991575
竹笙,竹笙,臺北市大同區伊寧街 9巷17號,合格,,未知,新北市,121.513078055118,25.065388639954
丸太熊本黑麻油豚骨風味拉麵,臺北市中山區店家,臺北市中山區敬業四路33號,合格,碘-131銫-134銫-137,未知,新北市,121.558003044481,25.081043352876
丸太北海道札幌味噌拉麵,臺北市中山區店家,臺北市中山區敬業四路33號,合格,,未知,新北市,121.558003044481,25.081043352876
生活良好一口餅乾棒,臺北市中山區店家,臺北市中山區敬業四路33號,合格,,未知,新北市,121.558003044481,25.081043352876
生活良好動物餅乾,臺北市中山區店家,臺北市中山區敬業四路33號,合格,,未知,新北市,121.558003044481,25.081043352876
什錦豆餅乾,什錦,新北市新店區中正路 538巷1號 1樓,合格,,未知,新北市,121.534149992063,24.984546985936
好侍北海道白醬料理塊,臺北市中山區店家,臺北市中山區中山北路二段114 號9F,合格,,未知,新北市,121.522742557117,25.060827166336
江戶綜合米菓,臺北市大同區店家,臺北市大同區南京西路 289號,合格,,未知,新北市,121.509024399104,25.053444553657
日本製粉義大利麵1.7mm,臺北市大同區店家,臺北市大同區南京西路48號2F,合格,碘-131銫-134銫-137,未知,新北市,121.519351132832,25.052790060215
卡樂比富果樂水果麥片,臺北市松山區店家,臺北市松山區忠孝東路 3段277 之3號2F,合格,,未知,新北市,121.5768018,25.0497252
起士點心包,新北市五股區店家,新北市五股區新五路 2段69-1 號,合格,,未知,新北市,121.438063,25.0830431
梅丹本舖喉糖,臺北市大安區店家,臺北市大安區通化街 186巷89號,合格,,未知,新北市,121.553123738825,25.026617853578
明治牛奶巧克力 26枚盒裝,臺北市南港區店家,臺北市南港區三重路19-2號11樓,合格,,未知,新北市,121.613589563227,25.056522933327
明治杏仁巧克力,臺北市南港區店家,臺北市南港區三重路19-2號11樓,合格,,未知,新北市,121.613589563227,25.056522933327
好侍佛特蒙咖哩塊(甜味),臺北市中山區店家,臺北市中山區中山北路 2段114 號9樓,合格,,未知,新北市,121.572,25.0746
好侍佛特蒙咖哩塊(辣味),臺北市中山區店家,臺北市中山區中山北路 2段114 號9樓,合格,,未知,新北市,121.572,25.0746
辣味什錦豆菓子,臺北市大同區店家,臺北市大同區民生西路 396號7 樓,合格,碘-131銫-134銫-137,未知,新北市,121.509511223553,25.056806921436
綜合果子,綜合,新北市中和區景平路 740號3樓,合格,,未知,新北市,121.496701995608,25.004190981856
明治果汁QQ軟糖-草莓口味,臺北市南港區店家,臺北市南港區三衝路19-2號11F,合格,,未知,新北市,121.6068286,25.0546698
梅肉飴,新北市新店區店家,新北市新店區中正路 538巷1號 1樓,合格,,未知,新北市,121.534149992063,24.984546985936
點心餅乾(豚骨拉麵風味),新北市新店區店家,新北市新店區中正路 538巷1號 1樓,合格,,未知,新北市,121.534149992063,24.984546985936
明治Poifull 軟糖-汽水口味,臺北市南港區店家,臺北市南港區三重路19-2號11樓,合格,,未知,新北市,121.613589563227,25.056522933327
格力高美味百利滋棒,臺北市大安區店家,臺北市大安區忠孝東路 3段227-3號2樓,合格,,未知,新北市,121.5345625,25.0264562
古田軟餅乾-宇治抹茶風味,新北市三重區店家,新北市三重區重安街28-1號2F,合格,,未知,新北市,121.490558563494,25.057945216567
古田和風三昧餅乾-櫻麻蔥風味,新北市三重區店家,新北市三重區重安街28-1號2F,合格,碘-131銫-134銫-137,未知,新北市,121.490558563494,25.057945216567
山本漢方黑豆茶(10gx30袋),臺北市大同區店家,臺北市大同區南京東路46號2樓,合格,,未知,新北市,121.5153661,25.0660564
不二家雙味千層派 28枚,臺北市北投區店家,臺北市北投區立德路 120巷19號,合格,,未知,新北市,121.472799322322,25.126792870055
金壕營養多補力錠(食品),臺北市中山區店家,臺北市中山區南京東路46號5樓,合格,,未知,新北市,121.5336277,25.0642508
膠原蛋白果凍條10gx28 包,臺北市大同區店家,臺北市大同區南京西路46號2樓,合格,,未知,新北市,121.519291308485,25.052739342234
辣味什錦豆菓子,臺北市大同區店家,臺北市大同區民生西路 396號7 樓,合格,,未知,新北市,121.509511223553,25.056806921436
薄燒酥脆巧克力,臺北市松山區店家,臺北市松山區民生西路 396號7 樓,合格,,未知,新北市,121.509445254462,25.056817180038
石頭巧克力,桃園市桃園區店家,桃園市桃園區寶慶路 430號,合格,去水醋酸己二烯酸苯甲酸著色劑(8項),未知,新北市,121.290305005987,25.018902018209
My Two Two大玉糖,新北市新店區店家,新北市新店區和豐二路 2巷12號 2樓,合格,,未知,新北市,121.5416094,24.9673073
爆漿椰子軟糖,嘉義縣大林鎮店家,嘉義縣大林鎮明和里 2鄰甘蔗崙路 88-10號1 樓,合格,,未知,新北市,120.4711998,23.6038602
綠得羅漢果枇杷喉糖,桃園市八德區店家,桃園市八德區後庄街 26巷10號,合格,,未知,新北市,121.324224807939,24.956214309184
綠得枇杷人蔘味喉糖,桃園市八德區店家,桃園市八德區後庄街 26巷10號,合格,,未知,新北市,121.324224807939,24.956214309184
呦皮漢堡QQ 糖,新北市新莊區店家,新北市新莊區新北大道 4段215 號9F,合格,,未知,新北市,121.450502,25.0358987
椰子糖,臺北市內湖區店家,臺北市內湖區民權東路 6段90巷 25弄51號1F,合格,,未知,新北市,121.5888703,25.0695059
巧益金甘糖,新北市泰山區店家,新北市泰山區中港西路 120巷13-5號,合格,去水醋酸己二烯酸苯甲酸著色劑(8項),未知,新北市,121.443712291891,25.063594665838
情人糖,桃園市大溪區店家,桃園市大溪區仁善里15鄰松樹21 之3號,合格,,未知,新北市,121.2870907,24.8805684
BEST 涼喉糖,新北市新莊區店家,新北市新莊區中正路 659之2號 4樓,合格,,未知,新北市,121.427766709322,25.030361420955
懷舊台灣柑糖,新北市新莊區店家,新北市新莊區中正路 659之2號 4樓,合格,,未知,新北市,121.427766709322,25.030361420955
艾爾巴小花造型軟糖,臺北市中山區店家,臺北市中山區明水路 397巷19弄 22號1樓,合格,,未知,新北市,121.549313190183,25.07854638392
森永多樂福水果糖,臺北市北投區店家,臺北市北投區中央南路 222號,合格,,未知,新北市,121.5026806,25.1323027
呦皮造型軟糖,新北市新莊區店家,新北市新莊區新北大道 4段215 號9樓,合格,,未知,新北市,121.450502,25.0358987
柑梅風味糖,台中市神岡區店家,台中市神岡區大富路 61巷28號,合格,,未知,新北市,120.696087582361,24.246718098524
蜜汁山核桃味香瓜子,蜜汁,高雄市湖內區民生街 249號,合格,糖精甘精二氧化硫環己基(代)磺醯胺酸醋磺內酯鉀,未知,新北市,120.246184989925,22.87742998585
南瓜子,台中市梧棲區店家,台中市梧棲區自立一街 178號,合格,,未知,新北市,120.529647041359,24.23820799414
難吃的瓜子(核桃味葵花仔),新北市新莊區店家,新北市新莊區建中街 16巷31號,合格,,未知,新北市,121.44874141619,25.03737120658
洽洽香瓜子,台中市沙鹿區店家,台中市沙鹿區興安路 65號,合格,,未知,新北市,120.549596976745,24.228648014473
開心果,苗栗縣後龍鎮店家,苗栗縣後龍鎮大山里下大山腳1-12號,合格,,未知,新北市,120.798093,24.641685
油炸花生仁,苗栗縣頭份鎮店家,苗栗縣頭份鎮民族路 623號,合格,,未知,新北市,120.888412027102,24.685043019562
蒜味花生,蒜味,新竹市東區吉羊路 43巷1弄4 號,合格,,未知,新北市,120.956193240484,24.824553710489
洽洽焦糖瓜子,台中市沙鹿區店家,台中市沙鹿區興安路 65號,合格,,未知,新北市,120.549596976745,24.228648014473
SSY 竹炭花生,臺北市信義區店家,臺北市信義區松仁路 228巷9弄 5號,合格,糖精甘精二氧化硫環己基(代)磺醯胺酸醋磺內酯鉀,未知,新北市,121.568455026284,25.02493661131
焦糖葵花瓜子,新北市泰山區店家,新北市泰山區明志路 3段407 巷5號,合格,,未知,新北市,121.431372,25.0593538
麻辣花生,新北市樹林區店家,新北市樹林區水源街 64號,合格,,未知,新北市,121.425524969318,24.980818002941
美國開心果,桃園市桃園區店家,桃園市桃園區民光路 172號,合格,,未知,新北市,121.30474694134,25.003728719896
小魚干花生,新北市瑞芳區店家,新北市瑞芳區頂坪路 139號,合格,,未知,新北市,121.782645661599,25.095491828106
椒麻花生,新北市瑞芳區店家,新北市瑞芳區頂坪路 139號,合格,,未知,新北市,121.782645661599,25.095491828106
腰果,新北市鶯歌區店家,新北市鶯歌區環河路 165號,合格,,未知,新北市,121.346129989878,24.936245011602
TM鹹葡萄乾,臺北市信義區店家,臺北市信義區松仁路 228巷9弄 5號,合格,去水醋酸糖精醋磺內酯鉀環己基(代)磺醯胺酸甘精己二烯酸苯甲酸著色劑(8項),未知,新北市,121.568455026284,25.02493661131
智利超大葡萄乾,智利,新北市新莊區新樹路 16-25號,合格,,未知,新北市,121.438361301193,25.029281887898
蔓越莓果乾(全素),新北市蘆洲區店家,新北市蘆洲區後興路 227巷22號,合格,,未知,新北市,121.4737323,25.0846694
陳皮李,新北市三重區店家,新北市三重區同安東街61號4樓,合格,,未知,新北市,121.498519024578,25.057223995708
梅山青脆梅,新北市五股區店家,新北市五股區中興路 2段9巷30 號1樓,合格,,未知,新北市,121.455720021136,25.007942009255
甜話梅,新北市五股區店家,新北市五股區中興路 2段9巷30 號1樓,合格,,未知,新北市,121.455720021136,25.007942009255
化核應子,新北市三重區店家,新北市三重區中正南路 250巷11 號23樓,合格,,未知,新北市,121.493518194278,25.053519662281
Guava 芭樂乾,臺北市士林區店家,臺北市士林區延平北路 8段144 號1樓,合格,,未知,新北市,121.5198273,25.0928568
化核李,臺北市士林區店家,臺北市士林區延平北路 8段144 號1樓,合格,去水醋酸糖精醋磺內酯鉀環己基(代)磺醯胺酸甘精己二烯酸苯甲酸著色劑(8項),未知,新北市,121.5198273,25.0928568
翠菓子超大葡萄乾,桃園市蘆竹區店家,桃園市蘆竹區南崁路 2段226 巷31號,合格,,未知,新北市,121.293637734509,25.048736899648
化核李,台南市東區店家,台南市東區崇明19街9號,合格,,未知,新北市,120.226216027618,22.969830996809
紫蘇梅,台中市清水區店家,台中市清水區中山路 561-10號,合格,,未知,新北市,120.588175021386,24.293329987812
化應子,台中市清水區店家,台中市清水區中山路 561-10號,合格,,未知,新北市,120.588175021386,24.293329987812
3色果,新北市八里區店家,新北市八里區中華路 1段5-18 號,合格,,未知,新北市,121.383177541804,25.091404268458
森の果物嚴選特大葡萄乾,新北市新店區店家,新北市新店區民族路 95號10樓,合格,,未知,新北市,121.538726008282,24.977514988267
水果味果凍條(綜合口味),水果,台中市豐原區工業區 35路20號,合格,著色劑(8項),未知,新北市,120.724487567613,24.266471550205
迪諾恐龍家族綜合水果味糖果粒,新北市林口區店家,新北市林口區林口區工九路1號,合格,,未知,新北市,121.401108988282,25.076003985049
紅龜粿(紅豆),新北市新莊區店家,新北市新莊區新莊路 49號1樓,合格,,未知,新北市,121.458596438849,25.037291704229
龍情麥香MaltosePeanutCandy,桃園市龍潭區店家,桃園市龍潭區龍元路 164號,合格,總黃麴毒素黃麴毒素B1赭麴毒素A,未知,新北市,121.209230879885,24.863742890239
FROZEN PORKRECTUM,新北市三重區店家,新北市三重區中正北路530巷18號,合格,乙型受體素類(β-agonist)(21項)未檢出,109,新北市,121.472033886924,25.069475614032
FROZEN PORKSHOULDER SPARERIB 12*12,新北市三重區店家,新北市三重區中正北路530巷18號,合格,乙型受體素類(β-agonist)(21項)未檢出,109,新北市,121.472033886924,25.069475614032
FRZ BONELESS PORKCOLLAR VAC,新北市三重區店家,新北市三重區中正北路530巷18號,合格,乙型受體素類(β-agonist)(21項)未檢出,109,新北市,121.472033886924,25.069475614032
FROZEN PorkBreast BonesBrisket,新北市中和區店家,新北市中和區建康路262號2樓,合格,乙型受體素類(β-agonist)(21項)未檢出,109,新北市,121.492379029045,24.999949990306
FROZEN PORKSPARERIBS,新北市中和區店家,新北市中和區建康路262號2樓,合格,乙型受體素類(β-agonist)(21項)未檢出,109,新北市,121.492379029045,24.999949990306
FROZEN PORKCOLLAR BONELESS,新北市中和區店家,新北市中和區建康路262號2樓,合格,乙型受體素類(β-agonist)(21項)未檢出,109,新北市,121.492379029045,24.999949990306
英國豬梅花,新北市中和區店家,新北市中和區建康路264號,合格,乙型受體素類(β-agonist)(21項)未檢出,109,新北市,121.492481958816,24.999931005295
西班牙冷凍松阪豬,新北市中和區店家,新北市中和區建康路264號,合格,乙型受體素類(β-agonist)(21項)未檢出,109,新北市,121.492481958816,24.999931005295
進口里肌碎肉60%,屏東縣長治鄉店家,屏東縣長治鄉中山路152號,合格,乙型受體素類(β-agonist)(21項)未檢出,109,新北市,120.57706103687,22.714228002687
進口梅花豬燒烤片(西班牙),新北市三重區店家,新北市三重區中正北路530巷18號,合格,乙型受體素類(β-agonist)(21項)未檢出,109,新北市,121.472033886924,25.069475614032
豬里肌心,新北市林口區店家,新北市林口區粉寮路1段102號,合格,乙型受體素類(β-agonist)(21項)未檢出,109,新北市,121.399962008651,25.081792988387
豬大腸,新北市林口區店家,新北市林口區粉寮路1段102號,合格,乙型受體素類(β-agonist)(21項)未檢出,109,新北市,121.399962008651,25.081792988387
冷凍豬頸肉,冷凍豬,新北市中和區建康路5號3樓,合格,乙型受體素類(β-agonist)(21項)未檢出,109,新北市,121.486932719819,25.000436014962
冷凍大腸頭,新北市中和區店家,新北市中和區建康路5號3樓,合格,乙型受體素類(β-agonist)(21項)未檢出,109,新北市,121.486932719819,25.000436014962
帶骨腱子肉,新北市中和區店家,新北市中和區建康路5號3樓,合格,乙型受體素類(β-agonist)(21項)未檢出,109,新北市,121.486932719819,25.000436014962
冷凍去骨豬肉(西班牙),新北市五股區店家,新北市五股區五工六路47號,合格,乙型受體素類(β-agonist)(21項)未檢出,109,新北市,121.446151994842,25.065427992989
冷凍去骨豬肉(荷蘭),新北市五股區店家,新北市五股區五工六路47號,合格,乙型受體素類(β-agonist)(21項)未檢出,109,新北市,121.446151994842,25.065427992989
冷凍豬腳(瑞典),冷凍豬,新北市五股區五工六路47號,合格,乙型受體素類(β-agonist)(21項)未檢出,109,新北市,121.446151994842,25.065427992989
進口前腿肉,新北市中和區店家,新北市中和區板南路665號16樓,合格,乙型受體素類(β-agonist)(21項)未檢出,109,新北市,121.483619521132,25.00809828984
冷凍豬臉頰肉,冷凍豬,新北市新莊區復興路3段85號1、2樓,合格,乙型受體素類(β-agonist)(21項)未檢出,109,新北市,121.462955112319,25.044724189232
豬梅花肉,高雄市路竹區店家,高雄市路竹區中山南路47號,合格,乙型受體素類(β-agonist)(21項)未檢出,109,新北市,120.266640632118,22.827064813598
進口前腿肉86%VAC(美)SWT,新北市中和區店家,新北市中和區光環路2段201之1號,合格,乙型受體素類(β-agonist)(21項)未檢出,109,新北市,121.48220599698,25.01475100639
豬梅花肉,高雄市路竹區店家,高雄市路竹區中山南路47號,合格,乙型受體素類(β-agonist)(21項)未檢出,109,新北市,120.266640632118,22.827064813598
英國冷凍豬梅花肉,臺北市大安區店家,臺北市大安區建國南路1段161號7樓之1,合格,乙型受體素類(β-agonist)(21項)未檢出,109,新北市,121.537774075539,25.041144529842
花生粉,花生,新北市土城區亞洲路42號,合格,黃麴毒素B10.5 μg/kg (2 μg/kg)赭麴毒素 A未檢出黃麴毒素(7項)總黃麴毒素 ： 0.5μg/kg (4 μg/kg),109,新北市,121.435714513732,24.973931179835
M&M'S 花生巧克力,臺北市南港區店家,臺北市南港區三重路19-11號15樓,合格,黃麴毒素B1未檢出赭麴毒素 A未檢出黃麴毒素(7項)總黃麴毒素 ： 未檢出,109,新北市,121.613742616779,25.058543852092
花生醬,花生,桃園市龍潭區烏樹林里中豐路268.268-2號,合格,黃麴毒素B1未檢出赭麴毒素 A未檢出黃麴毒素(7項)總黃麴毒素 ： 未檢出,109,新北市,121.213009022741,24.877465993575
花生粉,花生,新北市樹林區水源街64號,合格,黃麴毒素B1未檢出赭麴毒素 A未檢出黃麴毒素(7項)總黃麴毒素 ： 未檢出,109,新北市,121.425524969318,24.980818002941
芝麻花生糖,芝麻,苗栗縣公館鄉仁安村6鄰100-3號,合格,黃麴毒素B1未檢出赭麴毒素 A未檢出黃麴毒素(7項)總黃麴毒素 ： 未檢出,109,新北市,120.8284996,24.5059208
薑黃粉,台南市麻豆區店家,台南市麻豆區麻豆口1-56號,合格,黃麴毒素B1未檢出赭麴毒素 A0.4 μg/kg (15 μg/kg)黃麴毒素(7項)總黃麴毒素 ： 未檢出,109,新北市,120.21656,23.180433
萬歲牌無調味核桃,桃園市龜山區店家,桃園市龜山區大華里頂湖一街18號,合格,黃麴毒素B1未檢出黃麴毒素(7項)總黃麴毒素 ： 未檢出,109,新北市,121.364231967071,25.048204984073
花生糖,花生,台中市西屯區工業區35路67號,合格,黃麴毒素B1未檢出赭麴毒素 A未檢出黃麴毒素(7項)總黃麴毒素 ： 未檢出,109,新北市,120.590860164068,24.165979500006
南瓜子,台中市梧棲區店家,台中市梧棲區自立一街178號,合格,黃麴毒素B1未檢出黃麴毒素(7項)總黃麴毒素 ： 未檢出,109,新北市,120.529647041359,24.23820799414
花生粉,花生,雲林縣虎尾鎮光復路197號,合格,黃麴毒素B1未檢出赭麴毒素 A未檢出黃麴毒素(7項)總黃麴毒素 ： 未檢出,109,新北市,120.444187000601,23.709183001755
有機核桃,桃園市龜山區店家,桃園市龜山區南上路386巷1號,合格,黃麴毒素B1未檢出黃麴毒素(7項)總黃麴毒素 ： 未檢出,109,新北市,121.304245032977,25.045142991024
港式花生糖,港式,新北市新莊區中原東路22號,合格,黃麴毒素B1未檢出赭麴毒素 A未檢出黃麴毒素(7項)總黃麴毒素 ： 未檢出,109,新北市,121.465055030522,25.054671999558
細滑花生醬,臺北市文山區店家,臺北市文山區一壽街20巷7號1樓,合格,黃麴毒素B11 μg/kg (2 μg/kg)赭麴毒素 A1.4 μg/kg (3 μg/kg)黃麴毒素(7項)總黃麴毒素 ： 1.2μg/kg (4 μg/kg),109,新北市,121.555832299197,24.979698935049
福源花生,新北市三重區店家,新北市三重區溪尾街29-2號,合格,黃麴毒素B1未檢出赭麴毒素 A1.4 μg/kg (3 μg/kg)黃麴毒素(7項)總黃麴毒素 ： 未檢出,109,新北市,121.491415529275,25.075551488006
鹽烤南瓜籽仁,台中市梧棲區店家,台中市梧棲區自立一街178號,合格,黃麴毒素B1未檢出黃麴毒素(7項)總黃麴毒素 ： 未檢出,109,新北市,120.529647041359,24.23820799414
花生粉,花生,新北市泰山區泰林路2段292巷3號,合格,黃麴毒素B1未檢出赭麴毒素 A未檢出黃麴毒素(7項)總黃麴毒素 ： 未檢出,109,新北市,121.431258023452,25.063045981835
花生糖,花生,新北市鶯歌區中正一路50號,合格,黃麴毒素B1未檢出赭麴毒素 A未檢出黃麴毒素(7項)總黃麴毒素 ： 未檢出,109,新北市,121.352471989278,24.953749987741
古早味花生酥,新北市深坑區店家,新北市深坑區深坑街92號,合格,黃麴毒素B1未檢出赭麴毒素 A未檢出黃麴毒素(7項)總黃麴毒素 ： 未檢出,109,新北市,121.613955014206,25.00147499377
花生粉,花生,新北市深坑區深坑街26號,合格,黃麴毒素B10.2 μg/kg (2 μg/kg)赭麴毒素 A未檢出黃麴毒素(7項)總黃麴毒素 ： 0.2μg/kg (4 μg/kg),109,新北市,121.615362503387,25.001912403387
台灣紅麴,臺北市大同區店家,臺北市大同區迪化街1段238號,合格,"橘黴素(citrinin)1002 μg/kg(5,000 μg/kg)",109,新北市,121.509329332742,25.060023593279
布田花生糖,臺北市萬華區店家,臺北市萬華區東園街38號,合格,黃麴毒素B1未檢出赭麴毒素 A未檢出黃麴毒素(7項)總黃麴毒素 ： 未檢出,109,新北市,121.495946450856,25.026868639992
花婆婆原味花生糖,桃園市中壢區店家,桃園市中壢區忠福里延平路90巷245弄11街8號,合格,黃麴毒素B1未檢出赭麴毒素 A未檢出黃麴毒素(7項)總黃麴毒素 ： 未檢出,109,新北市,121.234338296782,24.966116994137
炒熟花生粉(調合粉),臺北市文山區店家,臺北市文山區萬芳路21號1樓,合格,黃麴毒素B1未檢出赭麴毒素 A未檢出黃麴毒素(7項)總黃麴毒素 ： 未檢出,109,新北市,121.565783797561,24.998707247432
綜合花生糖(全素),綜合,新北市泰山區文程路30之2號,不合格,黃麴毒素B13 μg/kg (2 μg/kg)赭麴毒素 A未檢出黃麴毒素(7項)總黃麴毒素 ： 3μg/kg (4 μg/kg),109,新北市,121.4289130184,25.048767996509
鮮採杏鮑菇,彰化縣和美鎮店家,彰化縣和美鎮太平路46巷46號,合格,鉛鎘,108,新北市,120.511360997572,24.086237006861
有機特級杏鮑菇A+,台中市新社區店家,台中市新社區永源里東山街88-78號,合格,鎘鉛,108,新北市,120.794416023788,24.212095012987
鮮香菇,彰化縣和美鎮店家,彰化縣和美鎮太平路46巷46號,合格,鎘鉛,108,新北市,120.511360997572,24.086237006861
有機轉型期松本茸,屏東縣長治鄉店家,屏東縣長治鄉德和村農園路35號,合格,鎘鉛,108,新北市,120.541674768894,22.71752300689
山珍美姬菇,屏東縣長治鄉店家,屏東縣長治鄉德和村農園路35號,合格,鉛鎘,108,新北市,120.541674768894,22.71752300689
香菇-大香菇300,香菇,南投縣埔里鎮北門里2鄰中華路120號,合格,鎘鉛,108,新北市,120.974286469153,23.966329397618
有機黑蠔菇,彰化縣和美鎮店家,彰化縣和美鎮太平路46巷46號,合格,鉛鎘,108,新北市,120.511360997572,24.086237006861
有機秀珍菇,彰化縣和美鎮店家,彰化縣和美鎮太平路46巷46號,合格,鎘鉛,108,新北市,120.511360997572,24.086237006861
生鮮香菇,新北市板橋區店家,新北市板橋區國慶路149巷1弄12號3F,合格,鉛鎘,108,新北市,121.460895008157,24.996582015882
埔里鮮香菇,臺北市士林區店家,臺北市士林區華齡街175號2樓,合格,鎘鉛,108,新北市,121.519387951828,25.087059170514
火腿潛艇堡,火腿,新北市汐止區汐科路321號2樓,合格,大腸桿菌陰性大腸桿菌群陰性,107,新北市,121.657074290168,25.065333780397
招牌漢堡,新北市汐止區店家,新北市汐止區康寧街45號,合格,大腸桿菌群23大腸桿菌陰性,107,新北市,121.618457413474,25.066856857575
花生培根卡啦雞腿堡,花生,新北市淡水區民泉路41號,合格,大腸桿菌群陰性大腸桿菌陰性,107,新北市,121.4404435,25.1694686
牛肉丸潛艇堡,牛肉,新北市淡水區民生路45號,合格,大腸桿菌群460大腸桿菌陰性,107,新北市,121.46200395093,25.137990194712
火腿蛋潛艇堡,火腿,新北市三重區福德北路51號,合格,大腸桿菌陰性大腸桿菌群陰性,107,新北市,121.502255006461,25.065241998558
起司蛋潛艇堡,起司,新北市三重區福德北路51號,合格,大腸桿菌陰性大腸桿菌群陰性,107,新北市,121.502255006461,25.065241998558
6吋火腿潛艇堡,新北市三峽區店家,新北市三峽區國學街84號,合格,大腸桿菌群23大腸桿菌陰性,107,新北市,121.372571038721,24.942929998479
大麥克漢堡,新北市三峽區店家,新北市三峽區學成路258號,合格,大腸桿菌群陰性大腸桿菌陰性,107,新北市,121.375449971005,24.942374990761
雙層四盎司牛肉堡,新北市三峽區店家,新北市三峽區學成路258號,合格,大腸桿菌陰性大腸桿菌群陰性,107,新北市,121.375449971005,24.942374990761
泰式風味雞腿堡,泰式,新北市新莊區建國一路138號,合格,大腸桿菌陰性大腸桿菌群陰性,107,新北市,121.434310964045,25.027121312463
BBQ牛肉堡,新北市新店區店家,新北市新店區中興路3段191號1樓,合格,大腸桿菌陰性大腸桿菌群陰性,107,新北市,121.543797897894,24.98124749166
法式芥末炸雞淺艇堡,法式,新北市新店區中興路3段191號1樓,合格,大腸桿菌陰性大腸桿菌群陰性,107,新北市,121.543797897894,24.98124749166
香烤雞肉潛艇堡,新北市中和區店家,新北市中和區中山路2段291號,合格,大腸桿菌陰性大腸桿菌群陰性,107,新北市,121.496137725886,25.002218887677
漢堡,新北市中和區店家,新北市中和區中山路2段272號,合格,大腸桿菌陰性大腸桿菌群陰性,107,新北市,121.496988991973,25.002630983946
火雞火腿潛艇堡,新北市泰山區店家,新北市泰山區全興路167號,合格,大腸桿菌陰性大腸桿菌群陰性,107,新北市,121.434631990937,25.055459982276
起司豬排蛋漢堡,起司,新北市蘆洲區中山一路193號,合格,大腸桿菌群460大腸桿菌陰性,107,新北市,121.474538986326,25.081058985126
華堡,新北市板橋區店家,新北市板橋區縣民大道2段7號b1樓,合格,大腸桿菌群23大腸桿菌陰性,107,新北市,121.464032019239,25.013858920435
犇牛肉堡,新北市板橋區店家,新北市板橋區縣民大道2段7號b1樓,合格,大腸桿菌群3.6大腸桿菌陰性,107,新北市,121.464032019239,25.013858920435
海洋珍珠堡,新北市板橋區店家,新北市板橋區縣民大道2段7號B1樓,合格,大腸桿菌陰性大腸桿菌群陰性,107,新北市,121.464032019239,25.013858920435
勁辣雞腿堡,新北市泰山區店家,新北市泰山區明志路3段153號,合格,大腸桿菌群陰性大腸桿菌陰性,107,新北市,121.42484603516,25.039771993197
冷凍公香魚(產銷履歷),宜蘭縣冬山鄉店家,宜蘭縣冬山鄉柯林村光華一路451號,合格,孔雀綠(2項)未檢出氯黴素類抗生素(4項)未檢出動物用藥多重殘留(48項)未檢出,109,新北市,121.728956318334,24.684516384585
舒康雞-里肌肉,舒康雞,台南市永康區中正一街26號,合格,氯黴素類抗生素(4項)未檢出禽畜產品中殘留農藥(126項)未檢出乙型受體素類(β-agonist)(21項)未檢出,109,新北市,120.246107038225,23.033996980187
肉雞切塊-冷藏肉,桃園市大園區店家,桃園市大園區田心里4鄰崁腳4-1號,合格,氯黴素類抗生素(4項)未檢出禽畜產品中殘留農藥(126項)未檢出乙型受體素類(β-agonist)(21項)未檢出,109,新北市,121.197167,25.056149
安永放山雞-雞胸肉丁,台南市南區店家,台南市南區永成路2段757號,合格,氯黴素類抗生素(4項)未檢出禽畜產品中殘留農藥(126項)未撿出乙型受體素類(β-agonist)(21項)未檢出,109,新北市,120.195300383584,22.957997719272
舒康雞-雞胸絞肉,舒康雞,台南市永康區中正一街26號,合格,氯黴素類抗生素(4項)未檢出禽畜產品中殘留農藥(126項)未檢出乙型受體素類(β-agonist)(21項)未檢出,109,新北市,120.246107038225,23.033996980187
現流香魚,新北市中和區店家,新北市中和區連城路114號,合格,孔雀綠(2項)未檢出氯黴素類抗生素(4項)未檢出動物用藥多重殘留(48項)未檢出,109,新北市,121.496151136931,24.999672507401
雞蛋,彰化縣芳苑鄉店家,彰化縣芳苑鄉王功段18069.1807地號,合格,禽畜產品中殘留農藥(123項)未檢出,107,新北市,120.342152,23.962771
雞蛋,彰化縣芳苑鄉店家,彰化縣芳苑鄉王功段18069.1807地號,合格,氯黴素類抗生素(4項)未檢出抗原蟲(7項)未檢出四環黴素類(7項)未檢出動物用藥多重殘留(48項)未檢出離子型抗球蟲藥(5項)未檢出,107,新北市,120.342152,23.962771
全液蛋(未殺菌),新北市三峽區店家,新北市三峽區隆恩路163號2樓,合格,金黃色葡萄球菌陰性沙門氏桿菌陰性,107,新北市,121.3688816,24.9341956
液蛋黃(未殺菌),新北市三峽區店家,新北市三峽區隆恩路163號2樓,合格,沙門氏桿菌陰性金黃色葡萄球菌陰性,107,新北市,121.3688816,24.9341956
液蛋白(未殺菌),新北市三峽區店家,新北市三峽區隆恩路163號2樓,合格,沙門氏桿菌陰性金黃色葡萄球菌陰性,107,新北市,121.3688816,24.9341956
液體蛋 (未殺菌蛋白液液蛋)(液蛋白),新北市林口區店家,新北市林口區工四路12號,合格,金黃色葡萄球菌陰性沙門氏桿菌陰性,107,新北市,121.401523221937,25.078114003445
液體蛋 (未殺菌蛋黃液)(液蛋黃),新北市林口區店家,新北市林口區工四路12號,合格,沙門氏桿菌陰性金黃色葡萄球菌陰性,107,新北市,121.401523221937,25.078114003445
液體蛋 (未殺菌全蛋液)(液全蛋),新北市林口區店家,新北市林口區工四路12號,合格,沙門氏桿菌陰性金黃色葡萄球菌陰性,107,新北市,121.401523221937,25.078114003445
殼蛋,新北市林口區店家,新北市林口區工四路12號,合格,四環黴素類(7項)未檢出動物用藥多重殘留(48項)未檢出離子型抗球蟲藥(5項)未檢出氯黴素類抗生素(4項)未檢出抗原蟲(7項)未檢出,107,新北市,121.401523221937,25.078114003445
冷藏蛋白液,新北市新店區店家,新北市新店區安康路3段525巷70之1號,合格,金黃色葡萄球菌陰性沙門氏桿菌陰性,107,新北市,121.481880779137,24.944191684455
冷藏蛋黃液,新北市新店區店家,新北市新店區安康路3段525巷70之1號,合格,金黃色葡萄球菌陰性沙門氏桿菌陰性,107,新北市,121.481880779137,24.944191684455
殼蛋,屏東縣里港鄉店家,屏東縣里港鄉三?村南興路29號,合格,禽畜產品中殘留農藥(123項)未檢出,107,新北市,120.506079702366,22.815098169345
殼蛋,屏東縣里港鄉店家,屏東縣里港鄉三?村南興路29號,合格,氯黴素類抗生素(4項)未檢出離子型抗球蟲藥(5項)未檢出抗原蟲(7項)未檢出四環黴素類(7項)未檢出動物用藥多重殘留(48項)未檢出,107,新北市,120.506079702366,22.815098169345
福商勝未殺菌液蛋,新北市新莊區店家,新北市新莊區後港一路202號1樓,合格,金黃色葡萄球菌陰性沙門氏桿菌陰性,107,新北市,121.433258867559,25.028289288761
雞蛋,彰化縣竹塘鄉店家,彰化縣竹塘鄉承基段一一九地號,合格,禽畜產品中殘留農藥(123項)未檢出,107,新北市,120.4277668,23.8604782
雞蛋,彰化縣竹塘鄉店家,彰化縣竹塘鄉承基段一一九地號,合格,抗原蟲(7項)未檢出四環黴素類(7項)未檢出動物用藥多重殘留(48項)未檢出離子型抗球蟲藥(5項)未檢出氯黴素類抗生素(4項)未檢出,107,新北市,120.4277668,23.8604782
未殺菌液蛋(全蛋),未殺,新北市樹林區備內街45號,合格,沙門氏桿菌陰性金黃色葡萄球菌陰性,107,新北市,121.41234995863,24.98726397985
未殺菌液蛋(蛋黃),未殺,新北市樹林區備內街45號,合格,金黃色葡萄球菌陰性沙門氏桿菌陰性,107,新北市,121.41234995863,24.98726397985
洗選盤蛋,嘉義縣義竹鄉店家,嘉義縣義竹鄉平溪村48-3號,合格,禽畜產品中殘留農藥(123項)未檢出,107,新北市,120.2432439,23.3359948
洗選盤蛋,嘉義縣義竹鄉店家,嘉義縣義竹鄉平溪村48-3號,合格,四環黴素類(7項)未檢出動物用藥多重殘留(48項)未檢出抗原蟲(7項)未檢出氯黴素類抗生素(4項)未檢出離子型抗球蟲藥(5項)未檢出,107,新北市,120.2432439,23.3359948
未殺菌液蛋(液蛋白),未殺,新北市新莊區後港一路202號1樓,合格,金黃色葡萄球菌陰性沙門氏桿菌陰性,107,新北市,121.433258867559,25.028289288761
未殺菌液蛋(液蛋黃),未殺,新北市新莊區後港一路202號1樓,合格,金黃色葡萄球菌陰性沙門氏桿菌陰性,107,新北市,121.433258867559,25.028289288761
殼蛋,新北市林口區店家,新北市林口區工四路12號,合格,禽畜產品中殘留農藥(123項)未檢出,107,新北市,121.401523221937,25.078114003445
關東煮(米血糕),關東,新北市中和區員山路163號,合格,大腸桿菌陰性大腸桿菌群陰性,108,新北市,121.480987016801,24.996652004773
關東煮,關東,新北市中和區民享街38之1號,合格,大腸桿菌陰性大腸桿菌群陰性,108,新北市,121.473777238966,25.003048989458
關東煮(蘿蔔),關東,新北市蘆洲區成功路,合格,大腸桿菌陰性大腸桿菌群陰性,108,新北市,121.472700511564,25.080573959939
關東煮,關東,新北市中和區景平路493之5號1樓,合格,大腸桿菌陰性大腸桿菌群陰性,108,新北市,121.500062971143,24.997800409327
韓式辣味魚糕,韓式,新北市汐止區仁愛路32號,合格,大腸桿菌群陰性大腸桿菌陰性,108,新北市,121.660297970129,25.062825998786
米血糕,新北市汐止區店家,新北市汐止區仁愛路32號,合格,大腸桿菌陰性大腸桿菌群陰性,108,新北市,121.660297970129,25.062825998786
關東煮(黃金魚豆腐),關東,新北市新店區車子路15號,合格,大腸桿菌陰性大腸桿菌群陰性,108,新北市,121.504536560506,24.95397688586
關東煮(海鮮魚卵棒),關東,新北市新店區車子路15號,合格,大腸桿菌陰性大腸桿菌群陰性,108,新北市,121.504536560506,24.95397688586
高麗菜捲,新北市板橋區店家,新北市板橋區縣民大道7號B1樓,合格,大腸桿菌陰性大腸桿菌群陰性,108,新北市,121.4590205,25.0097766
大根煮,新北市板橋區店家,新北市板橋區縣民大道7號B1樓,合格,大腸桿菌群陰性大腸桿菌陰性,108,新北市,121.4590205,25.0097766
關東煮(蘿蔔),關東,新北市三峽區學成路301號1樓,合格,大腸桿菌陰性大腸桿菌群陰性,108,新北市,121.376531990886,24.943775983967
關東煮,關東,新北市樹林區佳園路3段488號,合格,大腸桿菌群陰性大腸桿菌陰性,108,新北市,121.382472329485,24.944349096596
台灣黑輪,新北市金山區店家,新北市金山區中山路305號,合格,大腸桿菌陰性大腸桿菌群陰性,108,新北市,121.635732036846,25.223491995234
米血糕,新北市金山區店家,新北市金山區中山路143號1樓,合格,大腸桿菌陰性大腸桿菌群陰性,108,新北市,121.638899725694,25.220131103518
關東煮(油豆腐),關東,新北市土城區青雲路152號1樓,合格,大腸桿菌群陰性大腸桿菌陰性,108,新北市,121.45899198086,24.983346990768
關東煮(竹輪、澎湖花枝丸),關東,新北市三重區文化北路116號,合格,大腸桿菌陰性大腸桿菌群陰性,108,新北市,121.498499327106,25.066400587124
甜不辣,甜不,新北市三重區文化北路130號,合格,大腸桿菌陰性大腸桿菌群陰性,108,新北市,121.498413999331,25.066611014803
甜不辣,甜不,新北市新莊區中平路117號,合格,大腸桿菌群陰性大腸桿菌陰性,108,新北市,121.444621962237,25.04656301115
關東煮,關東,新北市新莊區建國一路2號,合格,大腸桿菌群陰性大腸桿菌陰性,108,新北市,121.433547959399,25.03211399309
關東煮,關東,新北市新莊區新豐街11號1樓,合格,大腸桿菌陰性大腸桿菌群陰性,108,新北市,121.448565982957,25.034268016477
有機豆干,嘉義市東區店家,嘉義市東區後湖里保順路327號,合格,二甲基黃二乙基黃去水醋酸己二烯酸苯甲酸過氧化氫甘精,108,新北市,120.449938578741,23.513929207583
原味手工豆腱,桃園市大溪區店家,桃園市大溪區中央路123號,合格,,108,新北市,121.28750000209,24.882128008121
大溪大黑干,大溪,桃園市大溪區中華路52巷47號,合格,,108,新北市,121.29348702789,24.883215015234
手打滷香豆干(含基因改造),手打,彰化縣田中鎮饒平村光復路2巷698號,合格,,108,新北市,120.453157983931,23.942302001613
手打豆干(含基因改造),手打,彰化縣田中鎮饒平村光復路2巷698號,合格,,108,新北市,120.453157983931,23.942302001613
義美滷油豆腐,義美,桃園市蘆竹區南工路1段11號,合格,二甲基黃二乙基黃去水醋酸己二烯酸苯甲酸過氧化氫甘精,108,新北市,121.278934367597,25.060315283509
古味滷香豆干,彰化縣田尾鄉店家,彰化縣田尾鄉饒平村光復路2段698號,合格,,108,新北市,120.530806007111,23.891388980621
客家小炒豆干,客家,彰化縣田尾鄉饒平村光復路2段698號,合格,,108,新北市,120.530806007111,23.891388980621
五香豆干,五香,台南市東區崇明路529號,合格,,108,新北市,120.22587999712,22.971710009953
茶燻百頁,台南市東區店家,台南市東區崇明路529號,合格,,108,新北市,120.22587999712,22.971710009953
三角油豆腐(非基改),台中市西屯區店家,台中市西屯區工業39路62號,合格,二甲基黃二乙基黃去水醋酸己二烯酸苯甲酸過氧化氫甘精,108,新北市,120.6398842,24.1814451
屏干(非基改),台中市西屯區店家,台中市西屯區工業39路62號,合格,,108,新北市,120.6398842,24.1814451
白玉豆干,台南市西港區店家,台南市西港區劉厝里63-9號,合格,,108,新北市,120.180787,23.126582
百頁豆腐(全素),台中市大里區店家,台中市大里區仁化路756號,合格,,108,新北市,120.691776015187,24.092645013748
五香豆干,五香,台中市西區華美街366號,合格,,108,新北市,120.658950973609,24.151886000369
QQ干,台中市龍井區店家,台中市龍井區忠和里工業路246巷3號,合格,二甲基黃二乙基黃去水醋酸己二烯酸苯甲酸過氧化氫甘精,108,新北市,120.511882016674,24.21585702068
串燒滷香豆干(含基因改造),彰化縣田尾鄉店家,彰化縣田尾鄉饒平村光復路2段698號,合格,,108,新北市,120.530806007111,23.891388980621
義美古早傳統豆乾(五香滷汁),義美,桃園市蘆竹區南工路1段11號,合格,,108,新北市,121.278934367597,25.060315283509
百頁豆腐,彰化縣大村鄉店家,彰化縣大村鄉黃厝村山腳路47-10號,合格,,108,新北市,120.591025036104,23.988704008045
春豐大黑干,雲林縣元長鄉店家,雲林縣元長鄉西莊村西庄109之86號,合格,,108,新北市,120.32823372185,23.687870229458
五香豆干,五香,台中市烏日區太明路21號,合格,二甲基黃二乙基黃去水醋酸己二烯酸苯甲酸過氧化氫甘精,108,新北市,120.660653002868,24.059145019417
太珍香豆干-豆乾,台中市清水區店家,台中市清水區菁埔路370號,合格,,108,新北市,120.588325979462,24.294716019321
中華黃金豆腐,屏東縣潮州鎮店家,屏東縣潮州鎮介壽路468號,合格,,108,新北市,120.528687091503,22.528851419441
義美傳統料理豆腐,義美,桃園市蘆竹區南工路1段11號,合格,,108,新北市,121.278934367597,25.060315283509
香菇燉鷄,香菇,台中市東區振興路375巷4號,合格,,108,新北市,120.70278279516,24.131719308967
板豆腐,新北市三重區店家,新北市三重區重安街70號,合格,二甲基黃二乙基黃去水醋酸己二烯酸苯甲酸過氧化氫甘精,108,新北市,121.491414020532,25.057156982393
中華有機豆腐,屏東縣潮州鎮店家,屏東縣潮州鎮介壽路468號,合格,,108,新北市,120.528687091503,22.528851419441
大漢傳統板豆腐,大漢,桃園市大園區大觀路548號,合格,,108,新北市,121.180793932258,25.064508288663
中華油豆腐,屏東縣潮州鎮店家,屏東縣潮州鎮介壽路468號,合格,,108,新北市,120.528687091503,22.528851419441
大溪名產串燒豆干,大溪,桃園市大溪區中華路52巷47號,合格,,108,新北市,121.29348702789,24.883215015234
油麵,新北市樹林區店家,新北市樹林區東順街80-2號,合格,二甲基黃二乙基黃二氧化硫去水醋酸己二烯酸苯甲酸,108,新北市,121.409879895584,24.977447220579
刀削麵,高雄市鳳山區店家,高雄市鳳山區鎮北北巷21之30號,合格,,108,新北市,120.372391244778,22.642326353448
火鍋麵,高雄市鳳山區店家,高雄市鳳山區鎮北北巷21之30號,合格,,108,新北市,120.372391244778,22.642326353448
素食蘿蔔糕,桃園市八德區店家,桃園市八德區介壽路2段133巷130號,合格,,108,新北市,121.300098337838,24.956853094025
港式蘿蔔糕,港式,雲林縣西螺鎮中興里福安街113號,合格,,108,新北市,120.461542988411,23.795058994459
滿鮮EasyCook冷凍烏龍麵,桃園市平鎮店家,桃園市平鎮區中興路527號,合格,二甲基黃二乙基黃二氧化硫去水醋酸己二烯酸苯甲酸,108,新北市,121.225816989888,24.871318999152
南僑讚岐烏龍麵,桃園市中壢區店家,桃園市中壢區吉林路16號1.2樓,合格,,108,新北市,121.237056390969,24.981051226534
刀削麵,新北市汐止區店家,新北市汐止區大安街52巷13號,合格,,108,新北市,121.678350997008,25.073251996689
油麵,新北市汐止區店家,新北市汐止區大安街52巷13號,合格,,108,新北市,121.678350997008,25.073251996689
港式蘿蔔糕,港式,新北市蘆洲區永平街32巷16弄2號,合格,,108,新北市,121.459431024948,25.09187700464
鐵板麵,鐵板麵,新北市中和區建六路67巷3號,合格,二甲基黃二乙基黃二氧化硫去水醋酸己二烯酸苯甲酸,108,新北市,121.486669025145,25.002628008371
港式蘿蔔糕,港式,新北市新莊區頭前路24號,合格,,108,新北市,121.467800019992,25.0530400011
冷凍蘿蔔糕,屏東縣麟洛鄉店家,屏東縣麟洛鄉大同街2-1號,合格,,108,新北市,120.528252963223,22.648457010579
正品寧波年糕,新北市深坑區店家,新北市深坑區北深路1段112巷5弄10號,合格,,108,新北市,121.634943970309,25.011362999217
高級拉麵,高級,新北市樹林區東順街80-2號,合格,,108,新北市,121.409879895584,24.977447220579
手打宇龍麵,手打,新北市樹林區東順街80-2號,合格,二甲基黃二乙基黃二氧化硫去水醋酸己二烯酸苯甲酸,108,新北市,121.409879895584,24.977447220579
慶利芋頭糕(全素),新北市土城區店家,新北市土城區中央路1段365巷1弄17號,合格,,108,新北市,121.443924001159,24.981092007356
紅龜粿,新北市中和區店家,新北市中和區民德路,合格,,108,新北市,121.468180846017,24.998255135637
什錦珍菇素蘿蔔糕(全素),什錦,新北市汐止區福德一路392巷42弄17號,合格,,108,新北市,121.627611062316,25.06271749505
愛麵族鍋燒麵250,愛麵族,屏東縣內埔鄉北寮陸2段88號,合格,,108,新北市,120.5668501,22.6119833
曼陀珠可樂口味,臺北市大安區店家,臺北市大安區仁愛路 3段136號5樓,合格,己二烯酸苯甲酸去水醋酸糖精醋磺內酯鉀環己基(代)磺醯胺酸甘精,108,新北市,121.5345625,25.0264562
義美威化捲(巧克力),義美,臺北市大安區信義路 2段88號10 樓,合格,,108,新北市,121.5345625,25.0264562
Dr.Q(果凍)金鑽鳳梨蒟蒻,台中市梧棲區店家,台中市梧棲區自立一街 178號,合格,,108,新北市,120.529647041359,24.23820799414
牛奶餅乾,牛奶,苗栗縣竹南鎮崎頂里 8鄰15號,合格,,108,新北市,120.87266,24.722612
芒果棒,芒果,台中市豐原區工業區 18路8號,合格,,108,新北市,120.71844,24.242014
哈瑞寶奶嘴Q軟糖200g,臺北市松山區店家,臺北市松山區南京東路 3段70號 4樓,合格,己二烯酸苯甲酸去水醋酸糖精醋磺內酯鉀環己基(代)磺醯胺酸甘精,108,新北市,121.5768018,25.0497252
無子李,台南市東區店家,台南市東區崇明 19街9號,合格,,108,新北市,120.223942,22.980313
漢堡QQ軟糖,新北市新莊區店家,新北市新莊區新北大道 4段215號 9F,合格,,108,新北市,121.450502,25.0358987
海苔米棒,海苔,桃園市龍潭區中興路 18巷115號,合格,,108,新北市,121.241885014457,24.879774998352
咖啡夾心酥,咖啡,嘉義縣民雄鄉建國路 3段260巷13 號,合格,,108,新北市,120.4286619,23.551431
奧利奧巧克力口味夾心餅乾,臺北市內湖區店家,臺北市內湖區州子街 107號6樓,合格,己二烯酸苯甲酸去水醋酸糖精醋磺內酯鉀環己基(代)磺醯胺酸甘精,108,新北市,121.569454819695,25.080908655692
無籽橄欖,桃園市平鎮店家,桃園市平鎮區平東路 723號,合格,,108,新北市,121.238530660625,24.912142807111
長思水晶蜜棗,高雄市鳥松區店家,高雄市鳥松區大業 21號,合格,,108,新北市,120.3644234,22.6599172
頂級辣芒果乾,頂級,桃園市平鎮區平東路 723號,合格,,108,新北市,121.238530660625,24.912142807111
老楊麥纖方塊酥(全素),嘉義縣大林鎮店家,嘉義縣大林鎮大埔美園區 5路3號,合格,,108,新北市,120.502306,23.599214
綜合豆果子,綜合,新北市泰山區中港西路120巷13之 5號,合格,己二烯酸苯甲酸去水醋酸糖精醋磺內酯鉀環己基(代)磺醯胺酸甘精,108,新北市,121.443712291891,25.063594665838
義美QQ巧克力球(葡萄),義美,臺北市松山區信義路 2段88號10 樓,合格,,108,新北市,121.5768018,25.0497252
中立蘇打餅,新北市新莊區店家,新北市新莊區思源路 92號,合格,,108,新北市,121.460224036807,25.045672182481
乖乖QQ水果軟糖經濟包,桃園市中壢區店家,桃園市中壢區東園路 48號,合格,,108,新北市,121.24033000378,24.981492997604
麥維他黑巧克力消化餅,臺北市松山區店家,臺北市松山區南京東路 3段70號 4樓,合格,,108,新北市,121.5768018,25.0497252
愛文芒果,新北市泰山區店家,新北市泰山區全興路 235-1號,合格,農藥殘留,108,新北市,121.435443359164,25.053906019336
蘋果,蘋果,新北市三重區中正北路 111號攤商地號 337,合格,,108,新北市,121.48699843394,25.064549401898
奇異果,奇異,新北市新莊區四維路 97巷,合格,,108,新北市,121.423908117505,25.023440660445
台中東勢高接梨,台中市大雅區店家,台中市大雅區中山八路 90號,合格,,108,新北市,120.647965986583,24.207761988141
水梨,嘉義縣義竹鄉店家,嘉義縣義竹鄉農場代號:Q99748-6556,合格,,108,新北市,120.2432439,23.3359948
台南愛文芒果,新北市新店區店家,新北市新店區寶中路 95-4號,合格,農藥殘留,108,新北市,121.549834125466,24.981115392866
紐西蘭奇異果,紐西,新北市新店區寶中路 95-4號,合格,,108,新北市,121.549834125466,24.981115392866
紅肉火龍果,新北市新店區店家,新北市新店區寶中路 95-12號,合格,,108,新北市,121.549040862149,24.983096120406
新興梨,桃園市楊梅區店家,桃園市楊梅區楊新北路 317號,合格,,108,新北市,121.154525885896,24.912492206745
省產紅肉火龍果,臺北市士林區店家,臺北市士林區華齡街 175號2樓,合格,,108,新北市,121.519387951828,25.087059170514
紐西蘭陽光金圓頭奇異果5入,紐西,桃園市大園區大觀路 269-5號,合格,農藥殘留,108,新北市,121.18666126448,25.063686904061
枋山金煌芒果,桃園市大園區店家,桃園市大園區大觀路 269-5號,合格,,108,新北市,121.18666126448,25.063686904061
智利富士蘋果,智利,桃園市大園區大觀路 269-5號,合格,,108,新北市,121.18666126448,25.063686904061
省產紅肉火龍果,桃園市大園區店家,桃園市大園區大觀路 269-5號,合格,,108,新北市,121.18666126448,25.063686904061
有機陽光金圓頭盒裝,新北市中和區店家,新北市中和區連城路 194巷4號,合格,,108,新北市,121.491985163415,24.997434581163
紐西蘭富士蘋果,紐西,新北市新店區寶中路 95-4號,合格,農藥殘留,108,新北市,121.549834125466,24.981115392866
智利蘋果,智利,新北市三重區中正北路 64巷2號,合格,,108,新北市,121.486604400671,25.064245013084
蒜味熟香腸,蒜味,臺北市內湖區堤頂大道 2段483號,合格,己二烯酸未檢出苯甲酸未檢出去水醋酸未檢出亞硝酸鹽未檢出,108,新北市,121.5888703,25.0695059
湖南臘肉,臺北市松山區店家,臺北市松山區南海路 2巷14號,合格,,108,新北市,121.51801566664,25.031912659775
燻味德式香腸,臺北市內湖區店家,臺北市內湖區陽光街 321巷60號 3樓,合格,,108,新北市,121.57710783257,25.071703440077
新東陽蒜味香腸,桃園市大園區店家,桃園市大園區大工路 11號,合格,,108,新北市,121.180315996139,25.065559002136
叉燒火腿,屏東縣萬丹鄉店家,屏東縣萬丹鄉泉順街 439巷37號,合格,,108,新北市,120.481004007385,22.57174901784
手工古早味魚丸,彰化縣和美鎮店家,彰化縣和美鎮山犁里大佃路962號,合格,苯甲酸去水醋酸己二烯酸二氧化硫,108,新北市,120.501080006594,24.105537009475
虱目魚丸,台南市北門區店家,台南市北門區錦湖里150-1號,合格,,108,新北市,120.1251182,23.2675189
魚漿煉製品(燒一番),基隆市七堵區店家,基隆市七堵區自強路102號,合格,,108,新北市,121.712973034807,25.110189996245
一口花枝卷,雲林縣斗六市店家,雲林縣斗六市斗工二路33號,合格,,108,新北市,120.596960597018,23.719585907515
虱目魚丸,雲林縣元長鄉店家,雲林縣元長鄉西裝村9鄰24號,合格,,108,新北市,120.3151201,23.6499292
招牌鍋貼,新北市新莊區店家,新北市新莊區中港路379號,合格,大腸桿菌陰性大腸桿菌群陰性,108,新北市,121.451537870547,25.046700013358
招牌水餃,新北市新莊區店家,新北市新莊區中港路379號,合格,大腸桿菌陰性大腸桿菌群陰性,108,新北市,121.451537870547,25.046700013358
鍋貼,新北市新莊區店家,新北市新莊區中港路351號,合格,大腸桿菌陰性大腸桿菌群陰性,108,新北市,121.451846995136,25.045527007918
高麗菜水餃,新北市三峽區店家,新北市三峽區大學路86之1號,合格,大腸桿菌群陰性大腸桿菌陰性,108,新北市,121.37603997317,24.942120390452
玉米水餃,玉米,新北市三峽區大學路86之1號,合格,大腸桿菌陰性大腸桿菌群陰性,108,新北市,121.37603997317,24.942120390452
煎餃,新北市三重區店家,新北市三重區光興街94號,合格,大腸桿菌陰性大腸桿菌群陰性,108,新北市,121.495681582715,25.059634505333
鍋貼,新北市三峽區店家,新北市三峽區大學路1號,合格,大腸桿菌陰性大腸桿菌群陰性,108,新北市,121.377929840879,24.939725806443
煎餃,新北市中和區店家,新北市中和區景新街224號,合格,大腸桿菌陰性大腸桿菌群陰性,108,新北市,121.507309964629,24.994935013817
水餃,新北市蘆洲區店家,新北市蘆洲區長榮路530號,合格,大腸桿菌陰性大腸桿菌群陰性,108,新北市,121.459849617192,25.090416709469
招牌水餃,新北市中和區店家,新北市中和區泰和街27號,合格,大腸桿菌陰性大腸桿菌群陰性,108,新北市,121.499362998409,24.999895005021
招牌鍋貼,新北市中和區店家,新北市中和區泰和街27號,合格,大腸桿菌陰性大腸桿菌群陰性,108,新北市,121.499362998409,24.999895005021
韭菜水餃,新北市汐止區店家,新北市汐止區中興路168之14號,合格,大腸桿菌陰性大腸桿菌群陰性,108,新北市,121.631940482944,25.065511518654
地瓜葉水餃,新北市汐止區店家,新北市汐止區中興路168之14號,合格,大腸桿菌群陰性大腸桿菌陰性,108,新北市,121.631940482944,25.065511518654
招牌鍋貼,新北市新店區店家,新北市新店區中央路208號1樓,合格,大腸桿菌陰性大腸桿菌群陰性,108,新北市,121.530192979393,24.973896017752
招牌水餃,新北市新店區店家,新北市新店區中央路208號1樓,合格,大腸桿菌陰性大腸桿菌群陰性,108,新北市,121.530192979393,24.973896017752
煎餃,新北市三重區店家,新北市三重區文化北路133號,合格,大腸桿菌陰性大腸桿菌群陰性,108,新北市,121.497875964967,25.069009999311
鍋貼,新北市淡水區店家,新北市淡水區新春街179號1樓,合格,大腸桿菌陰性大腸桿菌群陰性,108,新北市,121.443684027271,25.181077008686
咖哩鍋貼,新北市板橋區店家,新北市板橋區民治街92號1樓,合格,大腸桿菌陰性大腸桿菌群陰性,108,新北市,121.479132017809,25.031833995614
玉米鍋貼,玉米,新北市板橋區民治街92號1樓,合格,大腸桿菌陰性大腸桿菌群陰性,108,新北市,121.479132017809,25.031833995614
田園雞肉水餃,新北市板橋區店家,新北市板橋區民治街92號1樓,合格,大腸桿菌群陰性大腸桿菌陰性,108,新北市,121.479132017809,25.031833995614
雞肉沙拉,雞肉,新北市板橋區中山路1段21之1號2樓,合格,大腸桿菌陰性大腸桿菌群陰性,107,新北市,121.460014992142,25.008685986981
蒜烤馬鈴薯沙拉,新北市板橋區店家,新北市板橋區中山路1段21之1號2樓,合格,大腸桿菌群7.2大腸桿菌陰性,107,新北市,121.460014992142,25.008685986981
石安牧場-唐心蛋洋芋沙拉,苗栗縣竹南鎮店家,苗栗縣竹南鎮公館里公館仔75-1號,合格,大腸桿菌群23大腸桿菌陰性,107,新北市,120.8734537,24.6839063
洋芋沙拉,新北市淡水區店家,新北市淡水區中山路8號3樓,合格,大腸桿菌陰性大腸桿菌群240,107,新北市,121.442594966592,25.170322985002
桂冠鮮肉湯圓,桂冠,新北市中和區橋和路60號,合格,己二烯酸苯甲酸去水醋酸二氧化硫順丁烯二酸與順丁烯二酸酐總量,未知,新北市,121.489725989052,25.005150500222
桂冠冷凍小湯圓,桂冠,新北市中和區橋和路60號,合格,,未知,新北市,121.489725989052,25.005150500222
花生小湯圓,花生,臺北市中正區羅斯福路三段126號,合格,,未知,新北市,121.52794763517,25.020581793515
有機湯圓,台中市大甲區店家,台中市大甲區工七路26號,合格,,未知,新北市,120.654082093692,24.4053472925
桂冠芝麻湯圓,桂冠,臺北市松山區羅斯福路3段126號,合格,,未知,新北市,121.52794763517,25.020581793515
芝麻湯圓,芝麻,高雄市大寮區大有四街12號,合格,己二烯酸苯甲酸去水醋酸二氧化硫順丁烯二酸與順丁烯二酸酐總量,未知,新北市,120.425698030938,22.585358001564
花生湯圓,花生,高雄市大寮區大有四街12號,合格,,未知,新北市,120.425698030938,22.585358001564
家樂福芝麻湯圓,家樂福,台南市安南區安通路2段21號,合格,,未知,新北市,120.223152140436,23.041386579665
義美小湯圓,義美,桃園市蘆竹區南工路1段11號,合格,,未知,新北市,121.278934367597,25.060315283509
小湯圓,台南市安南區店家,台南市安南區安通路2段21號,合格,,未知,新北市,120.223152140436,23.041386579665
香椿素燥湯圓,台中市大甲區店家,台中市大甲區工七路26號,合格,,未知,新北市,120.654082093692,24.4053472925
芝麻小湯圓,芝麻,新北市中和區橋和路60號,合格,己二烯酸苯甲酸去水醋酸二氧化硫順丁烯二酸與順丁烯二酸酐總量,未知,新北市,121.489725989052,25.005150500222
桂冠花生湯圓,桂冠,新北市中和區橋和路60號,合格,,未知,新北市,121.489725989052,25.005150500222
紅白湯圓,新北市三重區店家,新北市三重區三和路4段89巷18號1樓,合格,,未知,新北市,121.489417870291,25.075931481587
義美湯圓-鮮肉,義美湯,臺北市信義區信義路二段88號10樓,合格,,未知,新北市,121.526880618896,25.033967860525
小湯圓,臺北市內湖區店家,臺北市內湖區流通事業股份有限新湖一路128巷36號2樓,合格,,未知,新北市,121.576776326589,25.060218882687
湯圓,桃園市平鎮店家,桃園市平鎮區平東路659巷16號,合格,,未知,新北市,121.240279209446,24.911584320903
湯圓,雲林縣斗南鎮店家,雲林縣斗南鎮信義路143號,合格,,未知,新北市,120.480822958276,23.670031006294
桂冠流沙湯圓,桂冠,臺北市中正區羅斯福路3段126號,合格,己二烯酸苯甲酸去水醋酸二氧化硫順丁烯二酸與順丁烯二酸酐總量,未知,新北市,121.52794763517,25.020581793515
紅白湯圓,新北市板橋區店家,新北市板橋區府中路105號,合格,,未知,新北市,121.456728028812,25.009441992738
紅白小湯圓,臺北市萬華區店家,臺北市萬華區環南市場3樓冰庫131號,合格,,未知,新北市,121.4998912,25.0348867
賞味佳傳統湯圓,臺北市松山區店家,臺北市松山區昌平街82巷13弄10號1樓,合格,,未知,新北市,121.5768018,25.0497252
紅白小湯圓,新北市永和區店家,新北市永和區竹林路66巷15號,合格,,未知,新北市,121.51778801415,25.013073997112
紅白小湯圓,新北市新店區店家,新北市新店區新店區中正路20號前,合格,,未知,新北市,121.545413006817,24.969829998431
紅白小湯圓,新北市新店區店家,新北市新店區中正路417號1樓,合格,,未知,新北市,121.534102969586,24.977803996288
豬肉湯圓,豬肉,新北市新店區中正路417號1樓,合格,己二烯酸苯甲酸去水醋酸二氧化硫順丁烯二酸與順丁烯二酸酐總量,未知,新北市,121.534102969586,24.977803996288
鮮肉湯圓,新北市林口區店家,新北市林口區中正路76號,合格,,未知,新北市,121.39463991923,25.077375809232
義美草莓煉乳湯圓,義美,桃園市蘆竹區南工路1段11號,合格,,未知,新北市,121.278934367597,25.060315283509
紅白小湯圓,新北市樹林區店家,新北市樹林區保安街1段1號,合格,,未知,新北市,121.427346021602,24.993267015085
紅白小湯圓,新北市新莊區店家,新北市新莊區自由街52號,合格,,未知,新北市,121.455633016981,25.045773980695
紅色湯圓,新北市淡水區店家,新北市淡水區中山北路1段113號,合格,玫瑰紅B酸性玫瑰紅B夾竹桃紅偶氮玉紅,未知,新北市,121.442503939123,25.176743690472
紅湯圓,新北市汐止區店家,新北市汐止區中正路191號,合格,,未知,新北市,121.658803979707,25.06892001958
虱目魚丸,新北市新莊區店家,新北市新莊區新北大道三段5號22F-3,合格,苯甲酸對羥苯甲酸水楊酸去水醋酸己二烯酸硼酸及其鹽類過氧化氫二氧化硫,未知,新北市,121.458552014762,25.060258999029
桂冠貢丸,桂冠,新北市中和區中山路2段329號,合格,,未知,新北市,121.49291362683,25.002205686179
義美花枝魚丸,義美,桃園市蘆竹區南工路1段11號,合格,,未知,新北市,121.278934367597,25.060315283509
珍珍冷凍花枝丸,高雄市前鎮店家,高雄市前鎮區漁港南一路31號,合格,,未知,新北市,120.316382004095,22.567084991637
虱目魚丸,台南市北門區店家,台南市北門區文山里100-7號,合格,,未知,新北市,120.1251182,23.2675189
原味貢丸,雲林縣元長鄉店家,雲林縣元長鄉興工路3號,合格,,未知,新北市,120.3151201,23.6499292
義美香菇貢丸,義美,桃園市蘆竹區南工路1段11號,合格,,未知,新北市,121.278934367597,25.060315283509
貢丸,台南市東區店家,台南市東區生產路68號,合格,苯甲酸對羥苯甲酸水楊酸去水醋酸己二烯酸硼酸及其鹽類過氧化氫二氧化硫,未知,新北市,120.221047997578,22.963620006556
花枝丸,花枝,高雄市前鎮區南一路31號,合格,,未知,新北市,120.290199025031,22.597726189859
鱈魚脆丸,鱈魚,高雄市前鎮區南一路31號,合格,,未知,新北市,120.290199025031,22.597726189859
桂冠魚餃,桂冠,新北市中和區中山路2段329號,合格,,未知,新北市,121.49291362683,25.002205686179
珍珍冷凍海鮮福州丸,高雄市前鎮店家,高雄市前鎮區漁港南一路31號,合格,,未知,新北市,120.316382004095,22.567084991637
美威鮭魚干貝海鮮丸,臺北市大安區店家,臺北市大安區敦化南路1段205號11號1105室,合格,,未知,新北市,121.549182520479,25.042048127169
貢丸,新北市新莊區店家,新北市新莊區新北大道3段5號22樓之3,合格,苯甲酸對羥苯甲酸水楊酸去水醋酸己二烯酸硼酸及其鹽類過氧化氫二氧化硫,未知,新北市,121.458552014762,25.060258999029
小紅莓,基隆市暖暖區店家,基隆市暖暖區暖暖街289號1樓,合格,,未知,新北市,121.734474963385,25.096030992035
好運通-魚餃,新北市林口區店家,新北市林口區工三路4號,合格,,未知,新北市,121.401547026542,25.079942012709
龍蝦球龍蝦風味,宜蘭縣蘇澳鎮店家,宜蘭縣蘇澳鎮德興六路11號,合格,,未知,新北市,121.824085974053,24.631011008579
特級香菇貢丸,特級,台南市官田區成功街55號,合格,,未知,新北市,120.331207914432,23.210113590215
蛋餃,台南市官田區店家,台南市官田區成功街55號,合格,,未知,新北市,120.331207914432,23.210113590215
虱目魚丸,高雄市彌陀區店家,高雄市彌陀區中正路330號,合格,,未知,新北市,120.247486028935,22.785734982596
真好家黑胡椒鹽,真好家,新北市五股區五工路144號,合格,黃麴毒素B1未檢出黃麴毒素B2未檢出黃麴毒素G1未檢出黃麴毒素G2未檢出,110,新北市,121.449644985352,25.070356007232
真好家印度咖哩粉,真好家,新北市五股區五工路144號,合格,黃麴毒素B10.3黃麴毒素B2未檢出,110,新北市,121.449644985352,25.070356007232
白胡椒粉,新北市五股區店家,新北市五股區五工路144號1樓,合格,黃麴毒素B1未檢出黃麴毒素B2未檢出黃麴毒素G1未檢出黃麴毒素G2未檢出,110,新北市,121.449644985352,25.070356007232
黑胡椒粗粒,黑胡,新北市五股區五工路144號1樓,合格,黃麴毒素B1未檢出黃麴毒素B2未檢出黃麴毒素G1未檢出黃麴毒素G2未檢出,110,新北市,121.449644985352,25.070356007232
薑黃粉,新北市三芝區店家,新北市三芝區中山路1段55號1樓,合格,黃麴毒素B1未檢出黃麴毒素B2未檢出黃麴毒素G1未檢出黃麴毒素G2未檢出,110,新北市,121.500733020483,25.257363014509
正宗韓國辣椒粉,新北市三芝區店家,新北市三芝區中山路1段55號,合格,黃麴毒素B1未檢出黃麴毒素B2未檢出黃麴毒素G1未檢出黃麴毒素G2未檢出,110,新北市,121.500733020483,25.257363014509
咖哩粉,新北市中和區店家,新北市中和區中山路2段340巷23號,合格,黃麴毒素B1未檢出黃麴毒素B2未檢出黃麴毒素G1未檢出黃麴毒素G2未檢出,110,新北市,121.493333979274,25.003133981956
粗粒純黑胡椒,臺北市大同區店家,臺北市大同區安西街116號,合格,黃麴毒素B1未檢出黃麴毒素B2未檢出黃麴毒素G1未檢出黃麴毒素G2未檢出,110,新北市,121.509777513104,25.06139642329
咖哩粉,臺北市大同區店家,臺北市大同區安西街116號,合格,黃麴毒素B10.1黃麴毒素B2未檢出黃麴毒素G1未檢出黃麴毒素G2未檢出,110,新北市,121.509777513104,25.06139642329
椒鹽粉,臺北市大同區店家,臺北市大同區安西街116號,合格,黃麴毒素B1未檢出黃麴毒素B2未檢出黃麴毒素G1未檢出黃麴毒素G2未檢出,110,新北市,121.509777513104,25.06139642329
涓絲豆腐麵,雲林縣斗六市店家,雲林縣斗六市斗六工業區民有街38號,合格,己二烯酸苯甲酸去水醋酸糖精(Saccharin)環己基(代)磺醯胺酸(cyclamate)甘精(dulcin)醋磺內酯鉀(Acesulfamepotassium),108,新北市,120.597026981691,23.721125579309
義美叉燒包子,義美,臺北市大安區信義路二段88號10樓,合格,去水醋酸糖精(Saccharin)環己基(代)磺醯胺酸(cyclamate)甘精(dulcin)醋磺內酯鉀(Acesulfamepotassium)苯甲酸己二烯酸,108,新北市,121.526880618896,25.033967860525
蕎麥麵,高雄市鳳山區店家,高雄市鳳山區鎮北巷21之30號,合格,去水醋酸糖精(Saccharin)環己基(代)磺醯胺酸(cyclamate)甘精(dulcin)醋磺內酯鉀(Acesulfamepotassium)己二烯酸苯甲酸,108,新北市,120.305827527957,22.589584966235
仙裕鹿港ㄟ肉包,新北市三重區店家,新北市三重區自強路2段26巷28號4樓,合格,己二烯酸苯甲酸去水醋酸甘精(dulcin)環己基(代)磺醯胺酸(cyclamate)醋磺內酯鉀(Acesulfamepotassium)糖精(Saccharin),108,新北市,121.488641035505,25.068867004043
老麵製黑糖蜜葡萄饅頭,台中市霧峰區店家,台中市霧峰區吉峰路74號,合格,環己基(代)磺醯胺酸(cyclamate)甘精(dulcin)醋磺內酯鉀(Acesulfamepotassium)去水醋酸糖精(Saccharin)己二烯酸苯甲酸,108,新北市,120.704162037328,24.075652004255
鮮肉包,新北市淡水區店家,新北市淡水區學府路194號1樓,合格,去水醋酸甘精(dulcin)醋磺內酯鉀(Acesulfamepotassium)己二烯酸苯甲酸糖精(Saccharin)環己基(代)磺醯胺酸(cyclamate),108,新北市,121.446931008923,25.176137008321
手工饅頭,桃園市八德區店家,桃園市八德區和平路1447號(後棟),合格,己二烯酸苯甲酸去水醋酸醋磺內酯鉀(Acesulfamepotassium)甘精(dulcin)糖精(Saccharin)環己基(代)磺醯胺酸(cyclamate),108,新北市,121.323139770573,24.969832513002
紅豆包,紅豆,高雄市湖內區中山路2段51號,合格,醋磺內酯鉀(Acesulfamepotassium)環己基(代)磺醯胺酸(cyclamate)己二烯酸苯甲酸糖精(Saccharin)甘精(dulcin)去水醋酸,108,新北市,120.228366991611,22.906936003318
拉麵,新北市新店區店家,新北市新店區建國路289號B1樓,合格,環己基(代)磺醯胺酸(cyclamate)己二烯酸苯甲酸甘精(dulcin)去水醋酸糖精(Saccharin)醋磺內酯鉀(Acesulfamepotassium),108,新北市,121.535750935569,24.985812611406
白饅頭,新北市中和區店家,新北市中和區新興街6巷2號,合格,糖精(Saccharin)去水醋酸己二烯酸苯甲酸環己基(代)磺醯胺酸(cyclamate)甘精(dulcin)醋磺內酯鉀(Acesulfamepotassium),108,新北市,121.511986982781,25.002657009756
義美蔥燒包子,義美,臺北市大安區信義路2段88號10樓,合格,己二烯酸環己基(代)磺醯胺酸(cyclamate)甘精(dulcin)醋磺內酯鉀(Acesulfamepotassium)去水醋酸糖精(Saccharin)苯甲酸,108,新北市,121.526880618896,25.033967860525
銀絲捲,桃園市八德區店家,桃園市八德區和平路1447號(後棟),合格,去水醋酸糖精(Saccharin)甘精(dulcin)環己基(代)磺醯胺酸(cyclamate)醋磺內酯鉀(Acesulfamepotassium)己二烯酸苯甲酸,108,新北市,121.323139770573,24.969832513002
油麵,新北市新店區店家,新北市新店區民權路108之3號B1,合格,甘精(dulcin)己二烯酸去水醋酸糖精(Saccharin)苯甲酸醋磺內酯鉀(Acesulfamepotassium)環己基(代)磺醯胺酸(cyclamate),108,新北市,121.535673905879,24.982978312756
肉包,新北市中和區店家,新北市中和區中山路2段380巷33號,合格,醋磺內酯鉀(Acesulfamepotassium)己二烯酸苯甲酸環己基(代)磺醯胺酸(cyclamate)甘精(dulcin)去水醋酸糖精(Saccharin),108,新北市,121.490741875717,25.004867694809
牛奶小饅頭,牛奶,高雄市大寮區河堤路2段370號,合格,去水醋酸己二烯酸苯甲酸醋磺內酯鉀(Acesulfamepotassium)環己基(代)磺醯胺酸(cyclamate)甘精(dulcin)糖精(Saccharin),108,新北市,120.434547066411,22.600032842362
初鹿牧場鮮奶饅頭,臺東縣卑南鄉店家,臺東縣卑南鄉明峰村28鄰1號,合格,甘精(dulcin)環己基(代)磺醯胺酸(cyclamate)醋磺內酯鉀(Acesulfamepotassium)去水醋酸糖精(Saccharin)己二烯酸苯甲酸,108,新北市,121.0865395,22.7827819
起司包,起司,新北市汐止區汐萬路1段267號,合格,環己基(代)磺醯胺酸(cyclamate)甘精(dulcin)醋磺內酯鉀(Acesulfamepotassium)去水醋酸糖精(Saccharin)己二烯酸苯甲酸,108,新北市,121.650630506623,25.074234304853
白饅頭,新北市汐止區店家,新北市汐止區汐萬路1段267號,合格,己二烯酸苯甲酸去水醋酸糖精(Saccharin)環己基(代)磺醯胺酸(cyclamate)醋磺內酯鉀(Acesulfamepotassium)甘精(dulcin),108,新北市,121.650630506623,25.074234304853
高級油麵,高級,新北市三峽區三樹路2221巷254弄51-1號,合格,甘精(dulcin)醋磺內酯鉀(Acesulfamepotassium)去水醋酸糖精(Saccharin)己二烯酸苯甲酸環己基(代)磺醯胺酸(cyclamate),108,新北市,121.377896317712,24.938080043404
VV烏龍麵,高雄市鳳山區店家,高雄市鳳山區鎮北北巷21-30號,合格,環己基(代)磺醯胺酸(cyclamate)甘精(dulcin)醋磺內酯鉀(Acesulfamepotassium)己二烯酸苯甲酸去水醋酸糖精(Saccharin),108,新北市,120.370873175734,22.6446712821
圓糯白米,臺北市萬華區店家,臺北市萬華區西昌街142號8樓之5,合格,農藥多重殘留分析(373項)檢出細項二硫代胺基甲酸鹽類未檢出菲克利(Hexaconazole)0.03亞賜圃(Isoprothiolane)0.04,107,新北市,121.500558112792,25.039015880579
黑糯糙米,臺北市萬華區店家,臺北市萬華區西昌街142號8樓之5,合格,加保利(Carbaryl)0.04亞賜圃(Isoprothiolane)0.10二硫代胺基甲酸鹽類未檢出農藥多重殘留分析(373項)檢出細項菲克利(Hexaconazole)0.06益達胺(Imidacloprid)0.05,107,新北市,121.500558112792,25.039015880579
長糯米,新北市永和區店家,新北市永和區永貞路287號1號1F,合格,農藥多重殘留分析(373項)未檢出二硫代胺基甲酸鹽類未檢出,107,新北市,121.511128888508,25.005383853146
圓糯米,新北市永和區店家,新北市永和區永貞路287號1號1F,合格,二硫代胺基甲酸鹽類未檢出亞賜圃(Isoprothiolane)0.04農藥多重殘留分析(373項)檢出細項,107,新北市,121.511128888508,25.005383853146
長糯白米,彰化縣福興鄉店家,彰化縣福興鄉外中街426號,合格,農藥多重殘留分析(373項)未檢出二硫代胺基甲酸鹽類未檢出,107,新北市,120.471659023534,24.02278101259
圓糯白米,彰化縣福興鄉店家,彰化縣福興鄉外中街426號,合格,農藥多重殘留分析(373項)檢出細項二硫代胺基甲酸鹽類未檢出三賽唑(Tricyclazole)0.20亞賜圃(Isoprothiolane)0.04益達胺(Imidacloprid)0.06,107,新北市,120.471659023534,24.02278101259
糯米,彰化縣福興鄉店家,彰化縣福興鄉外中街426號,合格,二硫代胺基甲酸鹽類未檢出農藥多重殘留分析(373項)未檢出,107,新北市,120.471659023534,24.02278101259
圓糯米,彰化縣溪湖鎮店家,彰化縣溪湖鎮田中里二溪路1段195巷45弄48號,合格,二硫代胺基甲酸鹽類未檢出益達胺(Imidacloprid)0.07三賽唑(Tricyclazole)0.10亞賜圃(Isoprothiolane)0.04農藥多重殘留分析(373項)檢出細項,107,新北市,120.475148996559,23.959259010832
糯白米,彰化縣溪湖鎮店家,彰化縣溪湖鎮北勢里二溪路2段46號,合格,二硫代胺基甲酸鹽類未檢出益達胺(Imidacloprid)0.06農藥多重殘留分析(373項)檢出細項菲克利(Hexaconazole)0.03,107,新北市,120.464040041186,23.95911899114
有機圓糯白米,花蓮縣富里鄉店家,花蓮縣富里鄉富里村3鄰公埔路2段75號,合格,二硫代胺基甲酸鹽類未檢出農藥多重殘留分析(373項)未檢出,107,新北市,121.2503379,23.1794603
糯米,雲林縣西螺鎮店家,雲林縣西螺鎮平和路44號,合格,二硫代胺基甲酸鹽類未檢出農藥多重殘留分析(373項)檢出細項菲克利(Hexaconazole)0.03,107,新北市,120.457276012961,23.7968049868
精選圓糯白米,彰化縣福興鄉店家,彰化縣福興鄉外中街426號,合格,二硫代胺基甲酸鹽類未檢出農藥多重殘留分析(373項)檢出細項三賽唑(Tricyclazole)0.11亞賜圃(Isoprothiolane)0.03,107,新北市,120.471659023534,24.02278101259
長糯白米,彰化縣埤頭鄉店家,彰化縣埤頭鄉彰水路2段526號,合格,二硫代胺基甲酸鹽類未檢出益達胺(Imidacloprid)0.05農藥多重殘留分析(373項)檢出細項,107,新北市,120.458968989765,23.869608982405
黑糯米,新北市汐止區店家,新北市汐止區南陽街23號,合格,二硫代胺基甲酸鹽類未檢出農藥多重殘留分析(373項)檢出細項益達胺(Imidacloprid)0.10加保利(Carbaryl)0.04菲克利(Hexaconazole)0.08亞賜圃(Isoprothiolane)0.05,107,新北市,121.625237977889,25.065700991575
長糯米,新北市汐止區店家,新北市汐止區南陽街23號,合格,農藥多重殘留分析(373項)檢出細項二硫代胺基甲酸鹽類未檢出菲克利(Hexaconazole)0.03,107,新北市,121.625237977889,25.065700991575
排骨便當,新北市三重區店家,新北市三重區興德路129號,合格,大腸桿菌群陰性大腸桿菌陰性,107,新北市,121.470364966183,25.053107307783
焢肉便當,新北市三重區店家,新北市三重區興德路125號,合格,大腸桿菌群15大腸桿菌陰性,107,新北市,121.470679445124,25.053024253097
肉絲蛋炒飯,新北市三重區店家,新北市三重區興德路125號,合格,大腸桿菌陰性大腸桿菌群陰性,107,新北市,121.470679445124,25.053024253097
油雞便當,新北市三重區店家,新北市三重區興德路123號,合格,大腸桿菌陰性大腸桿菌群3.6,107,新北市,121.470755311414,25.053129016912
古早味黑豚排骨,新北市中和區店家,新北市中和區中興街161巷6弄2號,合格,大腸桿菌群15大腸桿菌陰性,107,新北市,121.500689015491,24.990837017536
燒肉飯,新北市汐止區店家,新北市汐止區康寧街169巷27號1樓,合格,大腸桿菌群陰性大腸桿菌陰性,107,新北市,121.622649897646,25.06877459356
宮保雞丁飯,新北市汐止區店家,新北市汐止區康寧街169巷27號1樓,合格,大腸桿菌陰性大腸桿菌群陰性,107,新北市,121.622649897646,25.06877459356
肉燥飯,新北市中和區店家,新北市中和區立德街190之2號,合格,大腸桿菌陰性大腸桿菌群陰性,107,新北市,121.485481727494,25.008991081399
清湯麵,新北市中和區店家,新北市中和區立德街190之2號,合格,大腸桿菌陰性大腸桿菌群陰性,107,新北市,121.485481727494,25.008991081399
雞腿便當,新北市泰山區店家,新北市泰山區新北大道3段383巷9弄10號,合格,大腸桿菌群9.2大腸桿菌陰性,107,新北市,121.455466765462,25.060536647321
排骨便當,新北市泰山區店家,新北市泰山區新北大道3段383巷9弄10號,合格,大腸桿菌陰性大腸桿菌群240,107,新北市,121.455466765462,25.060536647321
山藥蔬食餐盒,臺北市松山區店家,臺北市松山區敦化北路405巷123弄9號,合格,大腸桿菌群43大腸桿菌陰性,107,新北市,121.556104627231,25.062946614373
香滷肉排盒餐,臺北市松山區店家,臺北市松山區敦化北路405巷123弄9號,合格,大腸桿菌陰性大腸桿菌群陰性,107,新北市,121.556104627231,25.062946614373
沙茶豆乾,桃園市八德區店家,桃園市八德區桃鶯路宏福巷1弄15號,合格,己二烯酸1.13苯甲酸未檢出去水醋酸未檢出水楊酸未檢出對羥苯甲酸未檢出食品中著色劑(8項)未檢出,109,新北市,121.327099968366,24.970580011127
麻辣豆干,新北市新店區店家,新北市新店區中正路501-15號5F,合格,己二烯酸1.25苯甲酸未檢出去水醋酸未檢出水楊酸未檢出對羥苯甲酸未檢出食品中著色劑(8項)未檢出,109,新北市,121.533065960525,24.984156012062
沙茶豆干,台中市清水區店家,台中市清水區青埔370號,合格,己二烯酸1.16苯甲酸未檢出去水醋酸未檢出水楊酸未檢出對羥苯甲酸未檢出食品中著色劑(8項)檢出細項食用黃色五號(SunsetYellow FCF)檢出,109,新北市,120.5599288,24.2680472
素肉干,台中市清水區店家,台中市清水區菁埔里菁埔路370號,合格,己二烯酸1.35苯甲酸未檢出去水醋酸未檢出水楊酸未檢出對羥苯甲酸未檢出食品中著色劑(8項)檢出細項食用紅色四十號(AlluraRed AC)檢出,109,新北市,120.588325979462,24.294716019321
黃金辣干條,黃金,台中市龍井區工業路246號,合格,己二烯酸0.53苯甲酸未檢出去水醋酸未檢出水楊酸未檢出對羥苯甲酸未檢出食品中著色劑(8項)未檢出,109,新北市,120.511154637619,24.214869058362
蒜絲豆干,台中市龍井區店家,台中市龍井區工業路246巷3號,合格,己二烯酸0.63苯甲酸未檢出去水醋酸未檢出水楊酸未檢出對羥苯甲酸未檢出食品中著色劑(8項)未檢出,109,新北市,120.511882016674,24.21585702068
滷肉風味豆干,台中市大里區店家,台中市大里區仁化路756號,合格,己二烯酸1.00苯甲酸未檢出去水醋酸未檢出水楊酸未檢出對羥苯甲酸未檢出食品中著色劑(8項)未檢出,109,新北市,120.691776015187,24.092645013748
豆干大豆丁(全素),豆干,彰化縣溪湖鎮河興路211號,合格,己二烯酸0.85苯甲酸未檢出去水醋酸未檢出水楊酸未檢出對羥苯甲酸未檢出食品中著色劑(8項)未檢出,109,新北市,120.456414018039,23.957125020193
菓汁大丁,台中市霧峰區店家,台中市霧峰區文化巷29-7號,合格,己二烯酸0.47苯甲酸未檢出去水醋酸未檢出水楊酸未檢出對羥苯甲酸未檢出食品中著色劑(8項)未檢出,109,新北市,120.702154990613,24.06168901085
木柴豆干(純素),台中市清水區店家,台中市清水區海濱路178-33號,合格,己二烯酸0.25苯甲酸未檢出去水醋酸未檢出水楊酸未檢出對羥苯甲酸未檢出食品中著色劑(8項)未檢出,109,新北市,120.562819177547,24.275373981462
呷七碗原味鹼粽(蛋奶素),新北市中和區店家,新北市中和區中正路907號,合格,硼酸及其鹽類陰性,107,新北市,121.483570989912,25.006217013582
呷七碗紅豆鹼粽(蛋奶素),新北市中和區店家,新北市中和區中正路907號,合格,硼酸及其鹽類陰性,107,新北市,121.483570989912,25.006217013582
粳粽,新北市土城區店家,新北市土城區永安街17號1樓,合格,硼酸及其鹽類陰性,107,新北市,121.433784999621,24.964701991977
鹼棕,新北市汐止區店家,新北市汐止區中正路145號,合格,硼酸及其鹽類陰性,107,新北市,121.65967293161,25.069241088382
原味鹼粽,高雄市三民區店家,高雄市三民區灣興街50巷1號,合格,硼酸及其鹽類陰性,107,新北市,120.312810978067,22.651828002488
(立家)原味鹼粽,臺北市中正區店家,臺北市中正區羅斯福路1段8號南門市場內194號,合格,硼酸及其鹽類陰性,107,新北市,121.5182,25.032337
鹼粽,新北市新莊區店家,新北市新莊區民安西路492號,合格,硼酸及其鹽類陰性,107,新北市,121.432550010007,25.00693999464
原味粳粽,嘉義市東區店家,嘉義市東區文化路716-1號,合格,硼酸及其鹽類陰性,107,新北市,120.442450018806,23.497650000964
鹼粽,新北市蘆洲區店家,新北市蘆洲區重陽二街20之3號,合格,硼酸及其鹽類陰性,107,新北市,121.482349495162,25.084979913703
義美豬肉貢丸,義美,臺北市大安區信義路2段88號10樓,合格,二氧化硫未檢出硼酸及其鹽類未檢出過氧化氫未檢出己二烯酸未檢出苯甲酸未檢出去水醋酸未檢出,108,新北市,121.526880618896,25.033967860525
VV花雞丸(花枝雞肉),台南市永康區店家,台南市永康區蔦松二街3號,合格,去水醋酸未檢出二氧化硫未檢出硼酸及其鹽類未檢出過氧化氫未檢出己二烯酸未檢出苯甲酸未檢出,108,新北市,120.2538120189,23.041050980352
花枝丸-極鮮,花枝,高雄市梓官區漁港二路32號,合格,硼酸及其鹽類未檢出過氧化氫未檢出二氧化硫未檢出去水醋酸未檢出苯甲酸未檢出己二烯酸未檢出,108,新北市,120.25582300511,22.726431005973
慶豐貢丸,雲林縣元長鄉店家,雲林縣元長鄉西莊村18號,合格,己二烯酸未檢出苯甲酸未檢出去水醋酸未檢出硼酸及其鹽類未檢出過氧化氫未檢出二氧化硫未檢出,108,新北市,120.305132,23.622847
澎湖花枝丸,高雄市前鎮店家,高雄市前鎮區漁港南一路31號,合格,己二烯酸未檢出苯甲酸未檢出去水醋酸未檢出硼酸及其鹽類未檢出過氧化氫未檢出二氧化硫未檢出,108,新北市,120.316382004095,22.567084991637
魚卵卷,新北市林口區店家,新北市林口區粉?路1段102號,合格,去水醋酸未檢出二氧化硫未檢出己二烯酸未檢出苯甲酸未檢出硼酸及其鹽類未檢出過氧化氫未檢出,108,新北市,121.3888989,25.0770583
A級の 球,新北市林口區店家,新北市林口區粉?路1段102號,合格,己二烯酸未檢出苯甲酸未檢出硼酸及其鹽類未檢出過氧化氫未檢出二氧化硫未檢出去水醋酸未檢出,108,新北市,121.3888989,25.0770583
基隆三記手工魚餃,基隆,基隆市中正區仁三路61巷5號,合格,己二烯酸未檢出去水醋酸未檢出硼酸及其鹽類未檢出過氧化氫未檢出苯甲酸未檢出二氧化硫未檢出,108,新北市,121.741590025714,25.128718989496
逸湘齋花枝餃,新北市中和區店家,新北市中和區建三路75號,合格,硼酸及其鹽類未檢出過氧化氫未檢出二氧化硫未檢出己二烯酸未檢出苯甲酸未檢出去水醋酸未檢出,108,新北市,121.486286139808,25.001264314633
洽通虱目魚丸,台南市學甲區店家,台南市學甲區光華里筏仔頭光華里21-6號,合格,硼酸及其鹽類未檢出過氧化氫未檢出己二烯酸未檢出苯甲酸未檢出去水醋酸未檢出二氧化硫未檢出,108,新北市,120.182505,23.230472
澎湖魷魚羹,高雄市前鎮店家,高雄市前鎮區漁港南一路31號,合格,己二烯酸未檢出苯甲酸未檢出硼酸及其鹽類未檢出過氧化氫未檢出二氧化硫未檢出去水醋酸未檢出,108,新北市,120.316382004095,22.567084991637
貢丸(含香菇),台南市東區店家,台南市東區生產路68號,合格,去水醋酸未檢出己二烯酸未檢出苯甲酸未檢出硼酸及其鹽類未檢出過氧化氫未檢出二氧化硫未檢出,108,新北市,120.221047997578,22.963620006556
魚漿煉製品(燒一番),基隆市七堵區店家,基隆市七堵區自強路102號,合格,己二烯酸0.51硼酸及其鹽類未檢出過氧化氫未檢出苯甲酸未檢出二氧化硫未檢出去水醋酸未檢出,108,新北市,121.712973034807,25.110189996245
桂冠貢丸湯,桂冠,新北市中和區中山路2段329號,合格,苯甲酸未檢出二氧化硫未檢出己二烯酸未檢出硼酸及其鹽類未檢出過氧化氫未檢出去水醋酸未檢出,108,新北市,121.49291362683,25.002205686179
海霸王甲天下火鍋餃(魚餃),臺北市大同區店家,臺北市大同區西寧北路62號,合格,去水醋酸未檢出苯甲酸未檢出硼酸及其鹽類未檢出過氧化氫未檢出二氧化硫未檢出己二烯酸未檢出,108,新北市,121.50847940776,25.052638885124
香菇大貢丸,香菇,新北市土城區自強街11巷1號2樓,合格,二氧化硫未檢出去水醋酸未檢出苯甲酸未檢出硼酸及其鹽類未檢出過氧化氫未檢出己二烯酸未檢出,108,新北市,121.429878026913,24.970173991737
九層雪枝揚,桃園市桃園區店家,桃園市桃園區春日路1434巷31-1號,合格,己二烯酸未檢出苯甲酸未檢出去水醋酸未檢出二氧化硫未檢出硼酸及其鹽類未檢出過氧化氫未檢出,108,新北市,121.306059966472,25.029014993938
魷魚丸,雲林縣元長鄉店家,雲林縣元長鄉元長工業區興工街3號,合格,去水醋酸未檢出己二烯酸未檢出苯甲酸未檢出二氧化硫未檢出硼酸及其鹽類未檢出過氧化氫未檢出,108,新北市,120.332982363334,23.613454417146
虱目魚丸,雲林縣元長鄉店家,雲林縣元長鄉元長工業區興工街3號,合格,二氧化硫未檢出硼酸及其鹽類未檢出過氧化氫未檢出去水醋酸未檢出己二烯酸未檢出苯甲酸未檢出,108,新北市,120.332982363334,23.613454417146
蝦球(蝦肉風味),基隆市七堵區店家,基隆市七堵區自強路102號,合格,硼酸及其鹽類未檢出過氧化氫未檢出二氧化硫未檢出去水醋酸未檢出己二烯酸0.78苯甲酸未檢出,108,新北市,121.712973034807,25.110189996245
鮮配家鮮乳,台南市新營區店家,台南市新營區五福路134號,合格,生菌數<10大腸桿菌陰性大腸桿菌群陰性沙門氏桿菌陰性金黃色葡萄球菌腸毒素陰性乳品中李斯特菌陰,110,新北市,120.277363406623,23.305930394356
安佳再製切達乾酪(乳酪),安佳,臺北市內湖區瑞光路302號4F,合格,大腸桿菌陰性沙門氏桿菌陰性金黃色葡萄球菌腸毒素陰性己二烯酸0.76苯甲酸未檢出去水醋酸未檢出乳品中李斯特菌陰,110,新北市,121.574279024067,25.076495122666
義美牛乳(保久乳),義美,桃園市蘆竹區南工路1段11號,合格,生菌數<10大腸桿菌陰性大腸桿菌群陰性沙門氏桿菌陰性金黃色葡萄球菌腸毒素陰性乳品中李斯特菌陰,110,新北市,121.278934367597,25.060315283509
義美無加糖優酪乳,義美,桃園市蘆竹區南工路1段11號,合格,乳酸菌850000000大腸桿菌陰性大腸桿菌群陰性沙門氏桿菌陰性金黃色葡萄球菌腸毒素陰性乳品中李斯特菌陰,110,新北市,121.278934367597,25.060315283509
飛燕加糖全脂煉乳,雲林縣斗六市店家,雲林縣斗六市榴中里民享街1號,合格,生菌數<10大腸桿菌陰性大腸桿菌群陰性沙門氏桿菌陰性金黃色葡萄球菌腸毒素陰性乳品中李斯特菌陰,110,新北市,120.595354037637,23.72402898675
初鹿牧場純鮮煉乳,臺東縣卑南鄉店家,臺東縣卑南鄉明峰村28鄰牧場1號,合格,生菌數<10大腸桿菌陰性大腸桿菌群陰性沙門氏桿菌陰性金黃色葡萄球菌腸毒素陰性乳品中李斯特菌陰,110,新北市,121.0865395,22.7827819
林鳳營益生菌優酪乳原味,雲林縣斗六市店家,雲林縣斗六市長林路11號,合格,乳酸菌780000000大腸桿菌陰性大腸桿菌群陰性沙門氏桿菌陰性金黃色葡萄球菌腸毒素陰性乳品中李斯特菌陰,110,新北市,120.507179103543,23.695167829034
活性乳酸菌發酵乳(原味),台南市新市店家,台南市新市區中山路259號,合格,乳酸菌60000000大腸桿菌陰性大腸桿菌群陰性沙門氏桿菌陰性金黃色葡萄球菌腸毒素陰性乳品中李斯特菌陰,110,新北市,120.289885969968,23.066015012127
鷹牌煉乳,臺北市內湖區店家,臺北市內湖區瑞光路399號8樓,合格,生菌數<10大腸桿菌陰性大腸桿菌群陰性沙門氏桿菌陰性金黃色葡萄球菌腸毒素陰性乳品中李斯特菌陰,110,新北市,121.57263835034,25.077659410926
MILK LAB嚴選全脂保久乳,新北市淡水區店家,新北市淡水區中正東路2段27脂8號28樓,合格,生菌數<10大腸桿菌陰性大腸桿菌群陰性沙門氏桿菌陰性金黃色葡萄球菌腸毒素陰性乳品中李斯特菌陰,110,新北市,121.459452566439,25.156786420921
田園全脂保久乳,新北市永和區店家,新北市永和區成功路1段64巷8號1樓,合格,生菌數<10大腸桿菌陰性大腸桿菌群陰性沙門氏桿菌陰性金黃色葡萄球菌腸毒素陰性乳品中李斯特菌陰,110,新北市,121.526554981957,25.003967017403
乳香世家高品質純鮮乳,桃園市大園區店家,桃園市大園區大觀路1249號,合格,生菌數<10大腸桿菌群陰性沙門氏桿菌陰性金黃色葡萄球菌腸毒素陰性乳品中李斯特菌陰,110,新北市,121.160402019117,25.05525097952
酪農戶限定鮮乳-萬丹,新北市泰山區店家,新北市泰山區明志路3段87號1樓,合格,生菌數<10大腸桿菌陰性大腸桿菌群陰性沙門氏桿菌陰性金黃色葡萄球菌腸毒素陰性乳品中李斯特菌陰,110,新北市,121.425131019869,25.041206011102
光泉鮮乳-成分無調整,光泉,桃園市桃園區大觀路1249號,合格,生菌數<10大腸桿菌陰性大腸桿菌群陰性沙門氏桿菌陰性金黃色葡萄球菌腸毒素陰性乳品中李斯特菌陰,110,新北市,121.160402019117,25.05525097952
總統牌無鹽奶油條,臺北市北投區店家,臺北市北投區中央北路4段515巷28號3F,合格,大腸桿菌陰性大腸桿菌群陰性沙門氏桿菌陰性金黃色葡萄球菌腸毒素陰性己二烯酸未檢出苯甲酸未檢出去水醋酸未檢出乳品中李斯特菌陰,110,新北市,121.468867455362,25.126841191727
六甲田莊鮮乳,台南市新市店家,台南市新市區永就里中山路180-23號,合格,生菌數<10大腸桿菌陰性大腸桿菌群陰性沙門氏桿菌陰性金黃色葡萄球菌腸毒素陰性乳品中李斯特菌陰,110,新北市,120.297331111644,23.071682100683
瑞穗果汁調味乳,桃園市楊梅區店家,桃園市楊梅區民富路1段301號,合格,生菌數<10大腸桿菌陰性大腸桿菌群陰性沙門氏桿菌陰性金黃色葡萄球菌腸毒素陰性乳品中李斯特菌陰,110,新北市,121.128511978839,24.920106998142
福樂蘋果牛乳,桃園市中壢區店家,桃園市中壢區吉林路13號,合格,生菌數<10大腸桿菌陰性大腸桿菌群陰性沙門氏桿菌陰性金黃色葡萄球菌腸毒素陰性乳品中李斯特菌陰,110,新北市,121.240339559149,24.979579702476
高大鮮乳,高雄市鳳山區店家,高雄市鳳山區建國二路230號,合格,生菌數<10大腸桿菌陰性大腸桿菌群陰性沙門氏桿菌陰性金黃色葡萄球菌腸毒素陰性乳品中李斯特菌陰,110,新北市,120.305978972607,22.637800007424
芝司樂原味芝士片,臺北市松山區店家,臺北市松山區敦化南路1段2號11樓,合格,大腸桿菌陰性大腸桿菌群陰性沙門氏桿菌陰性金黃色葡萄球菌腸毒素陰性己二烯酸0.42苯甲酸未檢出去水醋酸未檢出乳品中李斯特菌陰,110,新北市,121.548475670418,25.047891165618
羅普摩仿起司片,桃園市蘆竹區店家,桃園市蘆竹區新南路1段38號5樓之1,合格,大腸桿菌陰性大腸桿菌群陰性沙門氏桿菌陰性金黃色葡萄球菌腸毒素陰性己二烯酸未檢出苯甲酸未檢出去水醋酸未檢出乳品中李斯特菌陰,110,新北市,121.294097984812,25.045874018709
無鹽奶油,臺北市中山區店家,臺北市中山區雙城街43巷31-1號2樓,合格,大腸桿菌陰性大腸桿菌群陰性沙門氏桿菌陰性金黃色葡萄球菌腸毒素陰性己二烯酸未檢出苯甲酸未檢出去水醋酸未檢出乳品中李斯特菌陰,110,新北市,121.52538352717,25.067554942829
統一AB原味優酪乳,統一,台南市新市區大營里大營73號,合格,乳酸菌880000000大腸桿菌陰性大腸桿菌群陰性沙門氏桿菌陰性金黃色葡萄球菌腸毒素陰性乳品中李斯特菌陰,110,新北市,120.30163,23.0996
瑞穗牧場農民100%鮮乳(脂肪無調整),台南市新營區店家,台南市新營區五福路114號,合格,生菌數<10大腸桿菌陰性大腸桿菌群陰性沙門氏桿菌陰性金黃色葡萄球菌腸毒素陰性乳品中李斯特菌陰,110,新北市,120.281103637415,23.305643379823
柳營鮮乳,台南市新市店家,台南市新市區中山路180-23號,合格,生菌數<10大腸桿菌陰性大腸桿菌群陰性沙門氏桿菌陰性金黃色葡萄球菌腸毒素陰性乳品中李斯特菌陰,110,新北市,120.297331111644,23.071682100683
快樂牛乾酪切片,臺北市中山區店家,臺北市中山區雙城街43巷31號1樓,合格,大腸桿菌陰性沙門氏桿菌陰性金黃色葡萄球菌腸毒素陰性己二烯酸0.03苯甲酸未檢出去水醋酸未檢出乳品中李斯特菌陰,110,新北市,121.52538352717,25.067554942829
烏鶖牌煉乳,台中市大甲區店家,台中市大甲區中山路1段912號,合格,生菌數<10大腸桿菌陰性大腸桿菌群陰性沙門氏桿菌陰性金黃色葡萄球菌腸毒素陰性乳品中李斯特菌陰,110,新北市,120.627990989307,24.350268004625
瑞穗極製低溫殺菌鮮乳,台南市新市店家,台南市新市區大營里大營7號,合格,生菌數<10大腸桿菌陰性大腸桿菌群陰性沙門氏桿菌陰性金黃色葡萄球菌腸毒素陰性乳品中李斯特菌陰,110,新北市,120.30163,23.0996
義美全脂鮮乳,義美,臺北市大安區信義路2段88號10F,合格,生菌數<10大腸桿菌陰性大腸桿菌群陰性沙門氏桿菌陰性金黃色葡萄球菌腸毒素陰性乳品中李斯特菌陰,110,新北市,121.526880618896,25.033967860525
HERITAGE奶油乾酪,新北市五股區店家,新北市五股區五工路104號,合格,大腸桿菌陰性沙門氏桿菌陰性金黃色葡萄球菌腸毒素陰性己二烯酸未檢出苯甲酸未檢出去水醋酸未檢出乳品中李斯特菌陰,110,新北市,121.455588006161,25.065655980755
明治北海道十勝焗烤用乾酪片,臺北市中山區店家,臺北市中山區松江路261號12樓,合格,大腸桿菌陰性沙門氏桿菌陰性金黃色葡萄球菌腸毒素陰性己二烯酸未檢出苯甲酸未檢出去水醋酸未檢出乳品中李斯特菌陰,110,新北市,121.533372486724,25.059715684065
煉奶,臺北市中山區店家,臺北市中山區錦州街46號9樓-5,合格,生菌數80大腸桿菌陰性大腸桿菌群陰性沙門氏桿菌陰性金黃色葡萄球菌腸毒素陰性乳品中李斯特菌陰,110,新北市,121.525783343951,25.060173587436
福樂自然零無加糖優酪乳,新竹縣湖口鄉店家,新竹縣湖口鄉湖南村光德路7號,合格,乳酸菌1000000000大腸桿菌陰性大腸桿菌群陰性沙門氏桿菌陰性金黃色葡萄球菌腸毒素陰性乳品中李斯特菌陰,110,新北市,121.0480137,24.9008846
安博格動物性鮮奶油,臺北市松山區店家,臺北市松山區八德路4段111號7樓,合格,生菌數<10大腸桿菌陰性大腸桿菌群陰性沙門氏桿菌陰性金黃色葡萄球菌腸毒素陰性己二烯酸未檢出苯甲酸未檢出去水醋酸未檢出乳品中李斯特菌陰,110,新北市,121.561435350013,25.048679357883
簡單點優酪乳,雲林縣斗六市店家,雲林縣斗六市長林路11號,合格,乳酸菌800000000大腸桿菌陰性大腸桿菌群陰性沙門氏桿菌陰性金黃色葡萄球菌腸毒素陰性乳品中李斯特菌陰,110,新北市,120.507179103543,23.695167829034
養樂多活菌發酵乳,桃園市中壢區店家,桃園市中壢區自強一路4號,合格,乳酸菌540000000大腸桿菌陰性大腸桿菌群陰性沙門氏桿菌陰性金黃色葡萄球菌腸毒素陰性乳品中李斯特菌陰,110,新北市,121.244741986154,24.969009996843
安佳鮮奶油,安佳,臺北市內湖區瑞光路302號4樓,合格,生菌數<10大腸桿菌陰性大腸桿菌群陰性沙門氏桿菌陰性金黃色葡萄球菌腸毒素陰性己二烯酸未檢出苯甲酸未檢出去水醋酸未檢出乳品中李斯特菌陰,110,新北市,121.574279024067,25.076495122666
LP33機能優酪乳,桃園市楊梅區店家,桃園市楊梅區民富路1段301號,合格,乳酸菌660000000大腸桿菌陰性大腸桿菌群陰性沙門氏桿菌陰性金黃色葡萄球菌腸毒素陰性乳品中李斯特菌陰,110,新北市,121.128511978839,24.920106998142
臺灣在地牛乳,台中市西屯區店家,台中市西屯區工業區13路1號,合格,生菌數<10大腸桿菌陰性大腸桿菌群陰性沙門氏桿菌陰性金黃色葡萄球菌腸毒素陰性乳品中李斯特菌陰,110,新北市,120.596160879636,24.175087611273
福樂優先順無加糖優酪乳,新竹縣湖口鄉店家,新竹縣湖口鄉湖南村光復路7號,合格,乳酸菌910000000大腸桿菌陰性大腸桿菌群陰性沙門氏桿菌陰性金黃色葡萄球菌腸毒素陰性乳品中李斯特菌陰,110,新北市,121.039458700008,24.873038211313
光泉水蜜桃綜合優酪乳,光泉,嘉義縣民雄鄉工業區成功街1號,合格,乳酸菌460000000大腸桿菌陰性大腸桿菌群陰性沙門氏桿菌陰性金黃色葡萄球菌腸毒素陰性乳品中李斯特菌陰,110,新北市,120.452282577964,23.520387296342
醬油,臺北市內湖區店家,臺北市內湖區洲子街181號2F,合格,己二烯酸未檢出苯甲酸0.70環己基(代)磺醯胺酸(cyclamate)未檢出甘精(dulcin)未檢出醋磺內酯鉀(Acesulfamepotassium)未檢出去水醋酸未檢出糖精(Saccharin)未檢出3-單氯丙二醇未檢出,107,新北市,121.567483312249,25.081482941788
萬家香純佳釀醬油,萬家香,屏東縣內埔鄉中林村大同路5段88號,合格,環己基(代)磺醯胺酸(cyclamate)未檢出甘精(dulcin)未檢出醋磺內酯鉀(Acesulfamepotassium)未檢出己二烯酸未檢出苯甲酸未檢出3-單氯丙二醇未檢出去水醋酸未檢出糖精(Saccharin)未檢出,107,新北市,120.596013962057,22.661839561429
大同純釀醬油,雲林縣西螺鎮店家,雲林縣西螺鎮大同路91之5號,合格,去水醋酸未檢出糖精(Saccharin)未檢出苯甲酸0.40醋磺內酯鉀(Acesulfamepotassium)未檢出己二烯酸未檢出環己基(代)磺醯胺酸(cyclamate)未檢出甘精(dulcin)未檢出3-單氯丙二醇未檢出,107,新北市,120.465989001312,23.798444989975
豆麥醬油,屏東縣里港鄉店家,屏東縣里港鄉三?村三和路119-80號,合格,3-單氯丙二醇未檢出去水醋酸未檢出糖精(Saccharin)未檢出醋磺內酯鉀(Acesulfamepotassium)0.16環己基(代)磺醯胺酸(cyclamate)未檢出己二烯酸未檢出甘精(dulcin)未檢出苯甲酸未檢出,107,新北市,120.497114025288,22.805314018766
手工純釀醬油,台中市梧棲區店家,台中市梧棲區港埠路一段537號,合格,3-單氯丙二醇未檢出去水醋酸未檢出糖精(Saccharin)未檢出醋磺內酯鉀(Acesulfamepotassium)未檢出環己基(代)磺醯胺酸(cyclamate)未檢出甘精(dulcin)未檢出己二烯酸未檢出苯甲酸未檢出,107,新北市,120.530019365498,24.236192104517
鮮香菇,桃園市大園區店家,桃園市大園區大觀路269-5號,合格,鉛未檢出鎘1.3,107,新北市,121.18666126448,25.063686904061
大鮮香菇,雲林縣西螺鎮店家,雲林縣西螺鎮市場北路260之2琥,合格,鉛未檢出鎘1.1,107,新北市,120.453359987798,23.784986000408
有機黑蠔菇,彰化縣埔心鄉店家,彰化縣埔心鄉員鹿路2段20號,合格,鉛未檢出鎘0.3,107,新北市,120.550366016361,23.952424993716
鮮香菇-有機,臺北市松山區店家,臺北市松山區南京東路4段75號4樓之1,合格,鉛未檢出鎘0.7,107,新北市,121.553602312378,25.051779364203
小鮮香菇,雲林縣西螺鎮店家,雲林縣西螺鎮市場北路260-2號,合格,鎘1.2鉛未檢出,107,新北市,120.453359987798,23.784986000408
香菇-600g,香菇,彰化縣和美鎮源埤里太平路46巷52號,合格,鉛未檢出鎘0.8,107,新北市,120.511465016991,24.086196983273
鮮香菇(中),臺北市松山區店家,臺北市松山區民族東路336號,合格,鉛未檢出鎘1.5,107,新北市,121.546607102485,25.064768598945
鮮香菇,彰化縣和美鎮店家,彰化縣和美鎮太平路46巷46號,合格,鉛0.2鎘1.4,107,新北市,120.511360997572,24.086237006861
鮮香菇,台中市石岡區店家,台中市石岡區九房村豐勢路921-8號,合格,鎘0.9鉛未檢出,107,新北市,120.787939997757,24.274011000187
滷味拼盤,台中市西屯區店家,台中市西屯區工業39路62號,合格,大腸桿菌陰性大腸桿菌群3.6,107,新北市,120.6398842,24.1814451
精選e甘蔗,雲林縣土庫鎮店家,雲林縣土庫鎮中興路61號,合格,大腸桿菌陰性大腸桿菌群陰性,107,新北市,120.389809990483,23.679410020672
超大滿足原味麻醬涼麵,桃園市大溪區店家,桃園市大溪區松樹21-8號,合格,大腸桿菌陰性大腸桿菌群3.6,107,新北市,121.2870907,24.8805684
一番涼麵,桃園市大溪區店家,桃園市大溪區松樹21-8號,合格,大腸桿菌陰性大腸桿菌群陰性,107,新北市,121.2870907,24.8805684
水果切盤,水果,新北市新店區安和路2段141號,合格,大腸桿菌陰性大腸桿菌群3.6,107,新北市,121.51909869235,24.973347212641
鯛魚生魚片,新北市汐止區店家,新北市汐止區新台五路1段99號B1樓,合格,大腸桿菌陰性大腸桿菌群陰性生菌數1800,107,新北市,121.648248984315,25.061621980305
鮭魚壽司,鮭魚,新北市汐止區新台五路1段99號B1樓,合格,大腸桿菌群3.6大腸桿菌陰性,107,新北市,121.648248984315,25.061621980305
日式柴魚涼麵,臺北市北投區店家,臺北市北投區大業路136號5樓,合格,大腸桿菌陰性大腸桿菌群陰性,107,新北市,121.499404740287,25.124434202502
大滿足四川香辣涼麵,大滿足,桃園市大溪區松樹21-8號,合格,大腸桿菌陰性大腸桿菌群陰性,107,新北市,121.2870907,24.8805684
綜合水果,綜合,新北市中和區連城路194巷4號,合格,大腸桿菌群陰性大腸桿菌陰性,107,新北市,121.491985163415,24.997434581163
經典拼盤,經典,新北市新店區安和路2段141號,合格,大腸桿菌陰性大腸桿菌群3.6,107,新北市,121.51909869235,24.973347212641
真飽涼麵-香辣麻醬,新北市瑞芳區店家,新北市瑞芳區頂坪路129號,合格,大腸桿菌陰性大腸桿菌群陰性,107,新北市,121.784838705158,25.096544015833
網紋洋香瓜鑽石杯,新北市三峽區店家,新北市三峽區正義街18號,合格,大腸桿菌陰性大腸桿菌群陰性,107,新北市,121.36922095966,24.91894199742
蒜辣雞爪凍,南投縣南投市店家,南投縣南投市自強二路21號,合格,大腸桿菌陰性大腸桿菌群陰性,107,新北市,120.66700170779,23.926958718303
紅肉木瓜(截切),新北市中和區店家,新北市中和區連城路194巷4號,合格,大腸桿菌陰性大腸桿菌群240,107,新北市,121.491985163415,24.997434581163
肉鬆飯糰,肉鬆,桃園市大溪區松樹21-8號,合格,大腸桿菌陰性大腸桿菌群460,107,新北市,121.2870907,24.8805684
一番涼麵,桃園市大溪區店家,桃園市大溪區松樹21-8號,合格,大腸桿菌陰性大腸桿菌群陰性,107,新北市,121.2870907,24.8805684
上選鳳爪,桃園市楊梅區店家,桃園市楊梅區尼豐路754-1號,合格,大腸桿菌群陰性大腸桿菌陰性,107,新北市,121.1457884,24.907421
大滿足原味麻醬涼麵,大滿足,桃園市大溪區松樹21-8號,合格,大腸桿菌大腸桿菌群,107,新北市,121.2870907,24.8805684
大份量麻醬涼麵,新北市五股區店家,新北市五股區五權路49號,合格,大腸桿菌陰性大腸桿菌群陰性,107,新北市,121.452758108011,25.069108696221
水果玉米棒,水果,屏東縣竹田鄉糶糴村南進路15號,合格,大腸桿菌陰性大腸桿菌群陰性,107,新北市,120.531542022029,22.573962007917
原味麻醬涼麵,臺北市內湖區店家,臺北市內湖區民善街88號,合格,大腸桿菌陰性大腸桿菌群陰性,107,新北市,121.575364899624,25.060140688466
和風沙拉,臺北市內湖區店家,臺北市內湖區民善街88號,合格,大腸桿菌群陰性大腸桿菌陰性,107,新北市,121.575364899624,25.060140688466
涼拌毛豆莢,新北市板橋區店家,新北市板橋區三民路2段31號b1樓,合格,大腸桿菌陰性大腸桿菌群43,107,新北市,121.479411973376,25.017810191502
關東煮魚板燒,關東,屏東縣竹田鄉糶糴村南進路15號,合格,大腸桿菌大腸桿菌群,107,新北市,120.531542022029,22.573962007917
關東煮米血糕,關東,屏東縣竹田鄉糶糴村南進路15號,合格,大腸桿菌群大腸桿菌,107,新北市,120.531542022029,22.573962007917
稻荷餐盒,新北市淡水區店家,新北市淡水區中正路1號,合格,大腸桿菌群陰性大腸桿菌陰性,107,新北市,121.445552688765,25.168225204185
西瓜鑽石杯,西瓜,新北市三峽區正義街18號,合格,大腸桿菌大腸桿菌群,107,新北市,121.36922095966,24.91894199742
經典木瓜,經典,新北市中和區連城路194巷4號,合格,大腸桿菌陰性大腸桿菌群93,107,新北市,121.491985163415,24.997434581163
清炒高麗菜苗,新北市中和區店家,新北市中和區中山路2段538號,合格,大腸桿菌陰性大腸桿菌群陰性,107,新北市,121.485381983912,25.005244000352
粉蒸排骨肉,新北市中和區店家,新北市中和區中山路2段538號,合格,大腸桿菌群3.6大腸桿菌陰性,107,新北市,121.485381983912,25.005244000352
山藥鮭魚,新北市蘆洲區店家,新北市蘆洲區中山一路95巷22弄14號,合格,大腸桿菌陰性大腸桿菌群15,107,新北市,121.476968900057,25.080267314371
白果蒸蛋,新北市蘆洲區店家,新北市蘆洲區中山一路95巷22弄14號,合格,大腸桿菌陰性大腸桿菌群陰性,107,新北市,121.476968900057,25.080267314371
日式起士帶子燒,新北市新莊區店家,新北市新莊區五權三路16號1樓,合格,大腸桿菌陰性大腸桿菌群陰性,107,新北市,121.452672696417,25.063765107218
海山梅花肉,新北市新莊區店家,新北市新莊區五權三路16號1樓,合格,大腸桿菌陰性大腸桿菌群陰性,107,新北市,121.452672696417,25.063765107218
紅米飯,新北市五股區店家,新北市五股區五權二路21號1、2樓,合格,大腸桿菌陰性大腸桿菌群陰性,107,新北市,121.45709700019,25.067043018093
季節時蔬,新北市五股區店家,新北市五股區五權二路21號1、2樓,合格,大腸桿菌陰性大腸桿菌群陰性,107,新北市,121.45709700019,25.067043018093
養生紫米飯,新北市新莊區店家,新北市新莊區中正路81巷1號,合格,大腸桿菌陰性大腸桿菌群陰性,107,新北市,121.461316701705,25.038797219768
紅棗西芹美白菇,新北市新莊區店家,新北市新莊區中正路81巷1號,合格,大腸桿菌陰性大腸桿菌群陰性,107,新北市,121.461316701705,25.038797219768
紫米飯,新北市林口區店家,新北市林口區文化三路2段238號,合格,大腸桿菌群陰性大腸桿菌陰性,107,新北市,121.376599465207,25.082844707688
茄汁魚片,新北市林口區店家,新北市林口區文化三路2段238號,合格,大腸桿菌陰性大腸桿菌群陰性,107,新北市,121.376599465207,25.082844707688
紫地瓜飯,新北市新莊區店家,新北市新莊區中正路56巷3之1號1樓,合格,大腸桿菌陰性大腸桿菌群陰性,107,新北市,121.460889979015,25.040869980604
銀杏燴雙菇,新北市新莊區店家,新北市新莊區中正路56巷3之1號1樓,合格,大腸桿菌陰性大腸桿菌群陰性,107,新北市,121.460889979015,25.040869980604
7003小火鍋湯匙,台南市佳里區店家,台南市佳里區六安里117-29號,合格,溶出試驗-高錳酸鉀消耗量(水；95℃，30分鐘)0.420溶出試驗-著色劑(4%醋酸；95℃，30分鐘)未檢出溶出試驗-塑化劑鄰苯二甲酸二異壬酯(DINP)(正庚烷；25℃，1小時)未檢出溶出試驗-蒸發殘渣(4%醋酸；95℃，30分鐘)20.420溶出試驗-三聚氰胺(4%醋酸；95℃，30分鐘)未檢出溶出試驗-酚(水；95℃，30分鐘)未檢出溶出試驗-塑化劑鄰苯二甲酸二(2-乙基己基)酯(DEHP)(正庚烷；25℃，1小時)未檢出溶出試驗-甲醛(水；95℃，30分鐘)未檢出溶出試驗-塑化劑鄰苯二甲酸二異癸酯(DIDP)(正庚烷；25℃，1小時)未檢出溶出試驗-塑化劑己二酸二(2-乙基己基)酯(DEHA)(正庚烷；25℃，1小時)未檢出溶出試驗-塑化劑鄰苯二甲酸丁基苯甲酯(BBP)(正庚烷；25℃，1小時)未檢出溶出試驗-塑化劑鄰苯二甲酸二丁酯(DBP)(正庚烷；25℃，1小時)未檢出溶出試驗-重金屬(比色法)(95℃，30分鐘)<1,107,新北市,120.179954,23.168828
2103醬油碟,台南市佳里區店家,台南市佳里區六安里117-29號,合格,溶出試驗-著色劑(4%醋酸；95℃，30分鐘)未檢出溶出試驗-蒸發殘渣(4%醋酸；95℃，30分鐘)11.980溶出試驗-高錳酸鉀消耗量(水；95℃，30分鐘)1.440溶出試驗-塑化劑鄰苯二甲酸丁基苯甲酯(BBP)(正庚烷；25℃，1小時)未檢出溶出試驗-塑化劑鄰苯二甲酸二異壬酯(DINP)(正庚烷；25℃，1小時)未檢出溶出試驗-塑化劑鄰苯二甲酸二異癸酯(DIDP)(正庚烷；25℃，1小時)未檢出溶出試驗-甲醛(水；95℃，30分鐘)未檢出溶出試驗-塑化劑鄰苯二甲酸二(2-乙基己基)酯(DEHP)(正庚烷；25℃，1小時)未檢出溶出試驗-酚(水；95℃，30分鐘)未檢出溶出試驗-三聚氰胺(4%醋酸；95℃，30分鐘)0.810溶出試驗-塑化劑鄰苯二甲酸二丁酯(DBP)(正庚烷；25℃，1小時)未檢出溶出試驗-塑化劑己二酸二(2-乙基己基)酯(DEHA)(正庚烷；25℃，1小時)未檢出溶出試驗-重金屬(比色法)(95℃，30分鐘)<1,107,新北市,120.179954,23.168828
206 6吋圓盤,台南市新化區店家,台南市新化區竹子腳101-30號,合格,溶出試驗-塑化劑鄰苯二甲酸二異癸酯(DIDP)(正庚烷；25℃，1小時)未檢出溶出試驗-塑化劑己二酸二(2-乙基己基)酯(DEHA)(正庚烷；25℃，1小時)未檢出溶出試驗-甲醛(水；95℃，30分鐘)未檢出溶出試驗-蒸發殘渣(4%醋酸；95℃，30分鐘)6.630溶出試驗-高錳酸鉀消耗量(水；95℃，30分鐘)1.060溶出試驗-塑化劑鄰苯二甲酸二丁酯(DBP)(正庚烷；25℃，1小時)未檢出溶出試驗-著色劑(4%醋酸；95℃，30分鐘)未檢出溶出試驗-塑化劑鄰苯二甲酸丁基苯甲酯(BBP)(正庚烷；25℃，1小時)未檢出溶出試驗-塑化劑鄰苯二甲酸二異壬酯(DINP)(正庚烷；25℃，1小時)未檢出溶出試驗-三聚氰胺(4%醋酸；95℃，30分鐘)1.450溶出試驗-塑化劑鄰苯二甲酸二(2-乙基己基)酯(DEHP)(正庚烷；25℃，1小時)未檢出溶出試驗-重金屬(比色法)(95℃，30分鐘)<1溶出試驗-酚(水；95℃，30分鐘)未檢出,107,新北市,120.292724,23.031553
日式湯匙,新北市五股區店家,新北市五股區五權六路21號,合格,溶出試驗-蒸發殘渣(4%醋酸；95℃，30分鐘)4.200溶出試驗-重金屬(比色法)(95℃，30分鐘)<1溶出試驗-塑化劑鄰苯二甲酸丁基苯甲酯(BBP)(正庚烷；25℃，1小時)未檢出溶出試驗-塑化劑鄰苯二甲酸二丁酯(DBP)(正庚烷；25℃，1小時)未檢出溶出試驗-塑化劑鄰苯二甲酸二異壬酯(DINP)(正庚烷；25℃，1小時)未檢出溶出試驗-三聚氰胺(4%醋酸；95℃，30分鐘)未檢出溶出試驗-塑化劑鄰苯二甲酸二異癸酯(DIDP)(正庚烷；25℃，1小時)未檢出溶出試驗-塑化劑己二酸二(2-乙基己基)酯(DEHA)(正庚烷；25℃，1小時)未檢出溶出試驗-塑化劑鄰苯二甲酸二(2-乙基己基)酯(DEHP)(正庚烷；25℃，1小時)未檢出溶出試驗-甲醛(水；95℃，30分鐘)未檢出溶出試驗-酚(水；95℃，30分鐘)未檢出溶出試驗-高錳酸鉀消耗量(水；95℃，30分鐘)0.350溶出試驗-著色劑(4%醋酸；95℃，30分鐘)未檢出,107,新北市,121.450313693588,25.065320704628
C148F錦鯉腰只小菜盤,高雄市阿蓮區店家,高雄市阿蓮區青旗里民生路310號,合格,溶出試驗-塑化劑鄰苯二甲酸二異壬酯(DINP)(正庚烷；25℃，1小時)未檢出溶出試驗-三聚氰胺(4%醋酸；95℃，30分鐘)未檢出溶出試驗-塑化劑鄰苯二甲酸丁基苯甲酯(BBP)(正庚烷；25℃，1小時)未檢出溶出試驗-酚(水；95℃，30分鐘)未檢出溶出試驗-蒸發殘渣(4%醋酸；95℃，30分鐘)13.060溶出試驗-塑化劑鄰苯二甲酸二(2-乙基己基)酯(DEHP)(正庚烷；25℃，1小時)未檢出溶出試驗-甲醛(水；95℃，30分鐘)未檢出溶出試驗-塑化劑鄰苯二甲酸二丁酯(DBP)(正庚烷；25℃，1小時)未檢出溶出試驗-塑化劑鄰苯二甲酸二異癸酯(DIDP)(正庚烷；25℃，1小時)未檢出溶出試驗-塑化劑己二酸二(2-乙基己基)酯(DEHA)(正庚烷；25℃，1小時)未檢出溶出試驗-高錳酸鉀消耗量(水；95℃，30分鐘)1.450溶出試驗-重金屬(比色法)(95℃，30分鐘)<1溶出試驗-著色劑(4%醋酸；95℃，30分鐘)未檢出,107,新北市,120.311091089558,22.893718283717
7135陽春麵碗,彰化縣福興鄉店家,彰化縣福興鄉麥厝村麥厝街71-9號,合格,溶出試驗-塑化劑鄰苯二甲酸二異癸酯(DIDP)(正庚烷；25℃，1小時)未檢出溶出試驗-甲醛(水；95℃，30分鐘)未檢出溶出試驗-塑化劑鄰苯二甲酸二(2-乙基己基)酯(DEHP)(正庚烷；25℃，1小時)未檢出溶出試驗-酚(水；95℃，30分鐘)未檢出溶出試驗-塑化劑己二酸二(2-乙基己基)酯(DEHA)(正庚烷；25℃，1小時)未檢出溶出試驗-蒸發殘渣(4%醋酸；95℃，30分鐘)9.170溶出試驗-塑化劑鄰苯二甲酸二丁酯(DBP)(正庚烷；25℃，1小時)未檢出溶出試驗-塑化劑鄰苯二甲酸丁基苯甲酯(BBP)(正庚烷；25℃，1小時)未檢出溶出試驗-塑化劑鄰苯二甲酸二異壬酯(DINP)(正庚烷；25℃，1小時)未檢出溶出試驗-三聚氰胺(4%醋酸；95℃，30分鐘)0.600溶出試驗-高錳酸鉀消耗量(水；95℃，30分鐘)2.260溶出試驗-重金屬(比色法)(95℃，30分鐘)<1溶出試驗-著色劑(4%醋酸；95℃，30分鐘)未檢出,107,新北市,120.395877482554,24.01992689074
701小湯碗,台南市佳里區店家,台南市佳里區六安里117-29號,合格,溶出試驗-塑化劑鄰苯二甲酸二丁酯(DBP)(正庚烷；25℃，1小時)未檢出溶出試驗-重金屬(比色法)(95℃，30分鐘)<1溶出試驗-塑化劑鄰苯二甲酸二異癸酯(DIDP)(正庚烷；25℃，1小時)未檢出溶出試驗-塑化劑己二酸二(2-乙基己基)酯(DEHA)(正庚烷；25℃，1小時)未檢出溶出試驗-甲醛(水；95℃，30分鐘)未檢出溶出試驗-高錳酸鉀消耗量(水；95℃，30分鐘)0.540溶出試驗-塑化劑鄰苯二甲酸二(2-乙基己基)酯(DEHP)(正庚烷；25℃，1小時)未檢出溶出試驗-酚(水；95℃，30分鐘)未檢出溶出試驗-塑化劑鄰苯二甲酸二異壬酯(DINP)(正庚烷；25℃，1小時)未檢出溶出試驗-蒸發殘渣(4%醋酸；95℃，30分鐘)2.270溶出試驗-三聚氰胺(4%醋酸；95℃，30分鐘)未檢出溶出試驗-著色劑(4%醋酸；95℃，30分鐘)未檢出溶出試驗-塑化劑鄰苯二甲酸丁基苯甲酯(BBP)(正庚烷；25℃，1小時)未檢出,107,新北市,120.179954,23.168828
黑色廣式湯匙,台南市西港區店家,台南市西港區後營里151-15號,合格,溶出試驗-塑化劑鄰苯二甲酸二丁酯(DBP)(正庚烷；25℃，1小時)未檢出溶出試驗-重金屬(比色法)(95℃，30分鐘)<1溶出試驗-高錳酸鉀消耗量(水；95℃，30分鐘)0.290溶出試驗-塑化劑鄰苯二甲酸二異癸酯(DIDP)(正庚烷；25℃，1小時)未檢出溶出試驗-塑化劑己二酸二(2-乙基己基)酯(DEHA)(正庚烷；25℃，1小時)未檢出溶出試驗-酚(水；95℃，30分鐘)未檢出溶出試驗-三聚氰胺(4%醋酸；95℃，30分鐘)未檢出溶出試驗-塑化劑鄰苯二甲酸二(2-乙基己基)酯(DEHP)(正庚烷；25℃，1小時)未檢出溶出試驗-甲醛(水；95℃，30分鐘)未檢出溶出試驗-著色劑(4%醋酸；95℃，30分鐘)未檢出溶出試驗-塑化劑鄰苯二甲酸丁基苯甲酯(BBP)(正庚烷；25℃，1小時)未檢出溶出試驗-塑化劑鄰苯二甲酸二異壬酯(DINP)(正庚烷；25℃，1小時)未檢出溶出試驗-蒸發殘渣(4%醋酸；95℃，30分鐘)16.310,107,新北市,120.219989,23.14385
AHKI-03雙色小湯碗,高雄市阿蓮區店家,高雄市阿蓮區青旗里民生路310號,合格,溶出試驗-塑化劑鄰苯二甲酸丁基苯甲酯(BBP)(正庚烷；25℃，1小時)未檢出溶出試驗-酚(水；95℃，30分鐘)未檢出溶出試驗-著色劑(4%醋酸；95℃，30分鐘)未檢出溶出試驗-塑化劑鄰苯二甲酸二丁酯(DBP)(正庚烷；25℃，1小時)未檢出溶出試驗-塑化劑鄰苯二甲酸二異壬酯(DINP)(正庚烷；25℃，1小時)未檢出溶出試驗-重金屬(比色法)(95℃，30分鐘)<1溶出試驗-三聚氰胺(4%醋酸；95℃，30分鐘)0.640溶出試驗-高錳酸鉀消耗量(水；95℃，30分鐘)2.930溶出試驗-塑化劑鄰苯二甲酸二異癸酯(DIDP)(正庚烷；25℃，1小時)未檢出溶出試驗-塑化劑己二酸二(2-乙基己基)酯(DEHA)(正庚烷；25℃，1小時)未檢出溶出試驗-塑化劑鄰苯二甲酸二(2-乙基己基)酯(DEHP)(正庚烷；25℃，1小時)未檢出溶出試驗-甲醛(水；95℃，30分鐘)未檢出溶出試驗-蒸發殘渣(4%醋酸；95℃，30分鐘)17.500,107,新北市,120.311091089558,22.893718283717
130長角碟子,台南市新營區店家,台南市新營區政安路21號,合格,溶出試驗-塑化劑鄰苯二甲酸二丁酯(DBP)(正庚烷；25℃，1小時)未檢出溶出試驗-高錳酸鉀消耗量(水；95℃，30分鐘)0.460溶出試驗-著色劑(4%醋酸；95℃，30分鐘)未檢出溶出試驗-塑化劑鄰苯二甲酸丁基苯甲酯(BBP)(正庚烷；25℃，1小時)未檢出溶出試驗-塑化劑鄰苯二甲酸二異壬酯(DINP)(正庚烷；25℃，1小時)未檢出溶出試驗-酚(水；95℃，30分鐘)未檢出溶出試驗-蒸發殘渣(4%醋酸；95℃，30分鐘)13.570溶出試驗-三聚氰胺(4%醋酸；95℃，30分鐘)未檢出溶出試驗-重金屬(比色法)(95℃，30分鐘)<1溶出試驗-塑化劑鄰苯二甲酸二(2-乙基己基)酯(DEHP)(正庚烷；25℃，1小時)未檢出溶出試驗-塑化劑鄰苯二甲酸二異癸酯(DIDP)(正庚烷；25℃，1小時)未檢出溶出試驗-塑化劑己二酸二(2-乙基己基)酯(DEHA)(正庚烷；25℃，1小時)未檢出溶出試驗-甲醛(水；95℃，30分鐘)未檢出,107,新北市,120.2168284637,23.041967206188
肉鬆麵包,肉鬆,新北市三重區集美街111號,合格,大腸桿菌群陰性大腸桿菌陰性,107,新北市,121.48965340177,25.052876092984
蛋沙拉麵包,新北市土城區店家,新北市土城區中央路2段278巷10號,合格,大腸桿菌陰性大腸桿菌群陰性,107,新北市,121.440031026229,24.974959010712
馬鈴薯沙拉,新北市中和區店家,新北市中和區興南路1段75號,合格,大腸桿菌群23大腸桿菌陰性,107,新北市,121.510193004045,24.989049995779
馬鈴薯沙拉,新北市新莊區店家,新北市新莊區建中街24號,合格,大腸桿菌群9.2大腸桿菌陰性,107,新北市,121.449137964029,25.037620987295
鮮蔬三明治,新北市汐止區店家,新北市汐止區仁愛路166號1樓,合格,大腸桿菌陰性大腸桿菌群陰性,107,新北市,121.664283984184,25.065114006896
肚臍丁,新北市三重區店家,新北市三重區中正北路111號,合格,二硫代胺基甲酸鹽類未檢出農藥多重殘留分析(373項)檢出細項腐絕(Thiabendazole)0.16,108,新北市,121.48699843394,25.064549401898
小黃瓜,新北市五股區店家,新北市五股區五權七路20號8F,合格,(農Ca藥rb多en重da殘zi留m)分0.析03(373項)檢出細項氟尼胺(Flonicamid)0.03貝芬替(Carbendazim)0.09二硫代胺基甲酸鹽類未檢,108,新北市,121.448385017667,25.066368987349
紐西蘭有機綠奇異果,紐西,新北市中和區連城路194巷4號,合格,出農藥多重殘留分析(373項)未檢出二硫代胺基甲酸鹽類未檢出,108,新北市,121.491985163415,24.997434581163
芭樂,芭樂,新北市中和區景新街383巷81號,合格,農藥多重殘留分析(373項)未檢出二硫代胺基甲酸鹽類未檢出,108,新北市,121.514325785224,24.991052013352
進口蘿蔔,雲林縣西螺鎮店家,雲林縣西螺鎮頂湳里頂湳3-6號,合格,農藥多重殘留分析(373項)未檢出二硫代胺基甲酸鹽類0.22,108,新北市,120.453976,23.772155
火龍果,桃園市蘆竹區店家,桃園市蘆竹區南青路500號,合格,二硫代胺基甲酸鹽類未檢出農藥多重殘留分析(373項)未檢出,108,新北市,121.251589002556,25.047322885888
芭樂,芭樂,新北市三重區力行路1段60之1號3樓,合格,二硫代胺基甲酸鹽類未檢出3-羥基加保扶(3-OHCarbofuran)0.02農藥多重殘留分析(373項)檢出細項,108,新北市,121.484637167996,25.069026888846
西瓜,西瓜,臺北市大安區四維路146號,合格,農藥多重殘留分析(373項)檢出細項貝芬替(Carbendazim)0.03二硫代胺基甲酸鹽類未檢,108,新北市,121.547914418181,25.031229367029
空心菜-有機,雲林縣古坑鄉店家,雲林縣古坑鄉麻園村平和50號,合格,出農藥多重殘留分析(373項)未檢出二硫代胺基甲酸鹽類未檢出,108,新北市,120.578106,23.607398
檸檬,檸檬,新北市泰山區文程路88號,合格,農藥多重殘留分析(373項)檢出細項貝芬替(Carbendazim)0.06二硫代胺基甲酸鹽類未檢出益滅松(Phosmet)0.02愛殺松(Ethion)0.31加保扶(Carbofuran)0.02新殺?(Bromopropylate)0.14陶斯松(Chlorpyrifos)0.02,108,新北市,121.430752259414,25.047939613018
檸檬,檸檬,屏東縣里港鄉中山路24號,合格,百利普芬農藥多重殘留分析(373項)檢出細項二硫代胺基甲酸鹽類未檢出益達胺(Imidacloprid)0.02,108,新北市,120.494616972513,22.776396997635
紐西蘭綠奇異果,紐西,桃園市大園區大觀路269-5號,合格,二硫代胺基甲酸鹽類未檢出農藥多重殘留分析(373項)未檢出,108,新北市,121.18666126448,25.063686904061
芒果,芒果,屏東縣枋寮鄉人和村三民路160號,合格,二硫代胺基甲酸鹽類未檢出依普同(Iprodione)0.04護汰寧(Fludioxonil)0.02農藥多重殘留分析(373,108,新北市,120.603478029651,22.380241012378
火龍果(白肉),台南市柳營區店家,台南市柳營區太康禮110-1號,合格,3-羥基加保扶(3-OHCarbofuran)0.03二硫代胺基甲酸鹽類未檢出農藥多重殘留分析(373項)檢出細項,108,新北市,120.32786,23.291737
檸檬,檸檬,彰化縣二水鄉員集路3段678號,合格,二硫代胺基甲酸鹽類未檢出農藥多重殘留分析(373項)檢出細項加保利(Carbaryl)0.89陶斯松(Chlorpyrifos)0.06百滅寧(Permethrin)0.08加保扶(Carbofuran)0.11芬佈賜(Fenbutatin-oxide)0.46克凡派(Chlorfenapyr)0.10,108,新北市,120.615831027094,23.810103001916
豇豆,臺北市萬華區店家,臺北市萬華區萬大路533號,合格,二硫代胺基甲酸鹽類未檢出農藥多重殘留分析(373項)未檢出,108,新北市,121.497131987241,25.018499812586
愛文芒果,臺北市萬華區店家,臺北市萬華區萬大路533號,合格,二硫代胺基甲酸鹽類未檢出益達胺(Imidacloprid)0.02農藥多重殘留分析(373項)檢出細項亞托敏(Azoxystrobin)0.16芬化利(Fenvalerate)0.02賽洛寧(λ-Cyhalothrin)0.02三氟敏(Trifloxystrobin)0.03,108,新北市,121.497131987241,25.018499812586
黑香芒果,台南市官田區店家,台南市官田區隆田里文化街25號,合格,二硫代胺基甲酸鹽類未檢出亞托敏(Azoxystrobin)0.02益達胺(Imidacloprid)0.06芬化利(Fenvalerate)0.02待克利(Difenoconazole)0.02農藥多重殘留分析(373,108,新北市,120.318406485169,23.19379771277
小黃瓜,臺北市萬華區店家,臺北市萬華區萬大路533號,合格,項二)硫檢代出胺細基項甲酸鹽類未檢出農藥多重殘留分析(373項)檢出細項撲滅寧(Procymidone)0.14,108,新北市,121.497131987241,25.018499812586
木瓜,雲林縣林內鄉店家,雲林縣林內鄉林口村瑞農路23號,合格,貝芬芬普替寧(Fenpropathrin)0.14農藥多重殘留分析(373項)檢出細項二硫代胺基甲酸鹽類未檢出達特南(Dinotefuran)0.03益達胺,108,新北市,120.610700959408,23.761813881535
豇豆(菜豆),嘉義縣六腳鄉店家,嘉義縣六腳鄉崙陽村98號,合格,(Imidacloprid)0.07農藥多重殘留分析(373項)檢出細項百克敏(Pyraclostrobin)0.17二硫代胺基甲酸鹽類未檢出,108,新北市,120.2906872,23.4939808
愛文芒果,新北市中和區店家,新北市中和區福祥路110號,不合格,第滅寧(Deltamethrin)0.02農藥多重殘留分析(373項)檢出細項益達胺(Imidacloprid)0.10歐滅松(Omethoate)0.02二硫代胺基甲酸鹽類未檢出,108,新北市,121.499114977894,25.006285996645
檸檬,檸檬,屏東縣里港鄉中山路24號,不合格,滅賜克(Methiocarb)0.14愛殺松(Ethion)0.07二硫代胺基甲酸鹽類未檢出陶斯松(Chlorpyrifos)0.02農藥多重殘留分析(373項)檢出細項,108,新北市,120.494616972513,22.776396997635
有機黃豆芽,台南市麻豆區店家,台南市麻豆區番子寮36-6號,合格,二硫代胺基甲酸鹽類未檢出農藥多重殘留分析(380項)未檢出,110,新北市,120.220891,23.169811
有機福山A菜,桃園市楊梅區店家,桃園市楊梅區楊湖路1段654巷81弄62號,合格,二硫代胺基甲酸鹽類未檢出農藥多重殘留分析(380項)未檢出,110,新北市,121.12523096666,24.915891990492
有機芥藍菜,新北市淡水區店家,新北市淡水區頂寮田路158號,合格,二硫代胺基甲酸鹽類未檢出農藥多重殘留分析(380項)未檢出,110,新北市,121.4404435,25.1694686
高樹蘋果蜜棗,新北市五股區店家,新北市五股區五工六路35號,合格,二硫代胺基甲酸鹽類未檢出農藥多重殘留分析(380項)檢出細項扶吉胺(Fluazinam)0.07第滅寧(Deltamethrin)0.04芬化利(Fenvalerate)0.05氟克殺(Fluxapyroxad)0.02益達胺(Imidacloprid)0.04,110,新北市,121.447377932001,25.063950389188
有機小芥菜,桃園市平鎮店家,桃園市平鎮區新富里環南路2段271號17F之1,合格,二硫代胺基甲酸鹽類未檢出農藥多重殘留分析(380項)未檢出,110,新北市,121.215560976982,24.940510981223
台灣精選蓮霧,新北市五股區店家,新北市五股區工商路128號,合格,二硫代胺基甲酸鹽類未檢出農藥多重殘留分析(380項)檢出細項益達胺(Imidacloprid)0.04,110,新北市,121.436068230046,25.086072997696
大甲芋頭(真情香芋),台中市大甲區店家,台中市大甲區文安段(供應代號L99902-888),合格,二硫代胺基甲酸鹽類未檢出農藥多重殘留分析(380項)未檢出,110,新北市,120.622348,24.349082
有機小芥菜,臺北市大安區店家,臺北市大安區文昌街106號1F,合格,二硫代胺基甲酸鹽類未檢出農藥多重殘留分析(380項)未檢出,110,新北市,121.551753413655,25.032646579217
有機黃豆芽,台中市后里區店家,台中市后里區三豐路4段129巷93弄33號,合格,二硫代胺基甲酸鹽類未檢出農藥多重殘留分析(380項)未檢出,110,新北市,120.722094364801,24.314191497077
小芥葉-有機,桃園市新屋區店家,桃園市新屋區社子里8鄰18-5號,合格,二硫代胺基甲酸鹽類未檢出農藥多重殘留分析(380項)未檢出,110,新北市,121.086209,24.957993
芥藍,桃園市桃園區店家,桃園市桃園區中正路403號1F,合格,二硫代胺基甲酸鹽類未檢出農藥多重殘留分析(380項)檢出細項白克列(Boscalid)0.15百克敏(Pyraclostrobin)0.02克凡派(Chlorfenapyr)0.12待克利(Difenoconazole)0.06福多寧(Flutolanil)0.02百滅寧(Permethrin)0.02撲滅寧(Procymidone)0.02得克利(Tebuconazole)0.03達特南(Dinotefuran)0.60因得克(Indoxacarb)0.39,110,新北市,121.290368959909,25.050093007763
屏東蓮霧,桃園市大園區店家,桃園市大園區大觀路269-5號,合格,二硫代胺基甲酸鹽類未檢出農藥多重殘留分析(380項)檢出細項克凡派(Chlorfenapyr)0.03待克利(Difenoconazole)0.03邁克尼(Myclobutanil)0.02巴克素(Paclobutrazol)0.02百滅寧(Permethrin)0.03得克利(Tebuconazole)0.02,110,新北市,121.18666126448,25.063686904061
格蘭葉(芥蘭),桃園市大園區店家,桃園市大園區大觀路269-5號,合格,二硫代胺基甲酸鹽類未檢出農藥多重殘留分析(380項)檢出細項待克利(Difenoconazole)0.02,110,新北市,121.18666126448,25.063686904061
屏東蕉,屏東縣竹田鄉店家,屏東縣竹田鄉糶糴村南進路15號,合格,二硫代胺基甲酸鹽類未檢出農藥多重殘留分析(380項)檢出細項環克座(Cyproconazole)0.02待克利(Difenoconazole)0.04芬克座(Fenbuconazole)0.05邁克尼(Myclobutanil)0.02普克利(Propiconazole)0.02得克利(Tebuconazole)0.02,110,新北市,120.531542022029,22.573962007917
小芥菜,雲林縣西螺鎮店家,雲林縣西螺鎮正興里公正路86巷2之3號,不合格,二硫代胺基甲酸鹽類0.75農藥多重殘留分析(380項)檢出細項亞滅培(Acetamiprid)0.08普拔克(Propamocarbhydrochloride)0.41芬普尼代謝物(Fipronil-sulfone)0.002克凡派(Chlorfenapyr)0.04賽滅寧(Cypermethrin)0.64百利普芬(Pyriproxyfen)0.10達滅芬(Dimethomorph)0.39因滅汀(Emamectinbenzoate B1a)0.02氟比來(Fluopicolide)0.08,110,新北市,120.463033961348,23.796536011527
紙飯碗500,桃園市中壢區店家,桃園市中壢區長春路45號,合格,螢光增白劑未檢出,110,新北市,121.249463931308,24.978610880197
自然風環保植纖飯碗(小)225mL,自然風環,台南市佳里區下營里頂?1之5號1樓,合格,螢光增白劑未檢出,110,新北市,120.155499,23.172475
自然風環保植纖圓紙盤9吋,自然風環,台南市佳里區下營里頂?1之5號1樓,合格,螢光增白劑未檢出,110,新北市,120.155499,23.172475
環保原色免洗圓盤T-10(6入),環保,桃園市蘆竹區南崁路2段9號5樓之12,合格,螢光增白劑未檢出,110,新北市,121.279908009469,25.056328012169
7盎司紙杯,臺北市北投區店家,臺北市北投區大業路136號5F,合格,螢光增白劑未檢出,110,新北市,121.499404740287,25.124434202502
7盎司冷熱飲紙杯,基隆市七堵區店家,基隆市七堵區麗景一街一街57號,合格,螢光增白劑未檢出,110,新北市,121.668107976051,25.086982015095
特中W1-500(紙盒)-私,彰化縣員林鎮店家,彰化縣員林鎮三義里惠安街22號,合格,螢光增白劑未檢出,110,新北市,120.567126972865,23.953817185924
紙湯杯附附蓋260CC,臺北市松山區店家,臺北市松山區八德路3段12巷70弄19號,合格,螢光增白劑未檢出,110,新北市,121.549819205678,25.045244370143
油力士,臺北市士林區店家,臺北市士林區承德路4段150號9F,合格,螢光增白劑未檢出,110,新北市,121.523120497131,25.085137535392
802咖啡杯,台中市豐原區店家,台中市豐原區社興路50號,合格,螢光增白劑未檢出,110,新北市,120.705738086582,24.246743998605
紙漿碗,高雄市田寮區店家,高雄市田寮區西德里6路44-1號,合格,螢光增白劑未檢出,110,新北市,120.361335,22.88251
沛旺免洗紙盤,基隆市七堵區店家,基隆市七堵區麗景一街57號,合格,螢光增白劑未檢出,110,新北市,121.668107976051,25.086982015095
四方丹杯10入,桃園市平鎮店家,桃園市平鎮區快速路2段616巷6號,合格,螢光增白劑未檢出,110,新北市,121.226049000968,24.916049905548
瑪芬杯,桃園市龍潭區店家,桃園市龍潭區中央街281號,合格,螢光增白劑未檢出,110,新北市,121.207184019129,24.880391990245
家是美環保紙湯杯+杯蓋,臺北市士林區店家,臺北市士林區通河西街2段108巷2弄9號1樓,合格,螢光增白劑未檢出,110,新北市,121.507479949625,25.092545796694
角落小夥伴-紙吸管,臺北市松山區店家,臺北市松山區八德路4段245巷52弄26號,合格,螢光增白劑未檢出,110,新北市,121.56350978723,25.050220789877
晶瓚炸物吸油紙(50枚入),台南市永康區店家,台南市永康區中山南路467巷1號,合格,螢光增白劑未檢出,110,新北市,120.248192791011,23.021847998268
灃鎂環保紙吸管,臺北市信義區店家,臺北市信義區忠孝東路5段1-1號11樓,合格,螢光增白劑未檢出,110,新北市,121.564863464592,25.041412708834
5吋植纖圓盤12入,高雄市楠梓區店家,高雄市楠梓區興楠路151巷27弄12號,合格,螢光增白劑未檢出,110,新北市,120.336928982445,22.730258979243
850ml植纖碗,高雄市楠梓區店家,高雄市楠梓區興楠路151巷27弄12號,合格,螢光增白劑未檢出,110,新北市,120.336928982445,22.730258979243
羊肉火鍋片,新北市板橋區店家,新北市板橋區干城路142號,合格,氯黴素類抗生素(4項)未檢出動物用藥多重殘留(48項)未檢出,109,新北市,121.459600339392,24.993385996201
羊肉火鍋片,新北市板橋區店家,新北市板橋區干城路142號,合格,氯黴素類抗生素(4項)未檢出動物用藥多重殘留(48項)未檢出,109,新北市,121.459600339392,24.993385996201
台糖大豆沙拉油,高雄市小港區店家,高雄市小港區小港路133號,合格,汞未檢出鉛未檢出銅0.04砷未檢出,107,新北市,120.340215023765,22.56513699543
得意的一天葵花油,桃園市大園區店家,桃園市大園區和平西路1段369號,合格,鉛未檢出銅0.06汞未檢出砷未檢出,107,新北市,121.187807992654,25.047286998037
健康好理由純芥花油,健康,彰化縣田中鎮興工路6號,合格,鉛0.02銅0.05砷未檢出汞未檢出,107,新北市,120.592756988757,23.848935982142
統一大豆沙拉油,統一,台南市永康區中正路301號A區,合格,砷未檢出鉛0.04汞未檢出銅0.07,107,新北市,120.244775050449,23.034333225165
泰山大豆沙拉油,泰山,彰化縣田中鎮興工路6號,合格,銅0.05砷未檢出汞未檢出鉛0.01,107,新北市,120.592756988757,23.848935982142
泰山好理調合油,泰山,彰化縣田中鎮鎮興工路6號,合格,汞未檢出鉛0.01銅0.04砷未檢出,107,新北市,120.592756988757,23.848935982142
奧利塔頂級葵花油,嘉義市東區店家,嘉義市東區長榮街60巷3號,合格,銅0.04砷未檢出汞未檢出鉛0.02,107,新北市,120.455889981452,23.484528885914
連淨苦茶油,新北市新店區店家,新北市新店區寶興路45巷9弄2號1樓,合格,鉛未檢出銅0.03汞未檢出砷未檢出,107,新北市,121.549742762721,24.97467959997
西班牙雷蒙利瓦葵花油,臺北市松山區店家,臺北市松山區建國北路2段145號17樓,合格,銅0.04汞未檢出砷未檢出鉛0.02,107,新北市,121.537374258757,25.061258331435
帆聖西歐葵花油,新北市中和區店家,新北市中和區建一路176號,合格,銅0.04砷未檢出鉛0.01汞未檢出,107,新北市,121.487805275939,24.997323311398
粄條,新北市樹林區店家,新北市樹林區俊英219巷45弄8-1號,合格,己二烯酸未檢出苯甲酸未檢出去水醋酸未檢出水楊酸未檢出對羥苯甲酸未檢出順丁烯二酸與順丁烯二酸酐總量未檢出,110,新北市,121.4211074,25.0097618
芋圓,新北市中和區店家,新北市中和區安平路218號1樓,合格,己二烯酸未檢出苯甲酸未檢出去水醋酸未檢出水楊酸未檢出對羥苯甲酸未檢出順丁烯二酸與順丁烯二酸酐總量未檢出,110,新北市,121.51394700702,24.999990013894
地瓜圓,新北市中和區店家,新北市中和區安平路218號1樓,合格,己二烯酸未檢出苯甲酸未檢出去水醋酸未檢出水楊酸未檢出對羥苯甲酸未檢出順丁烯二酸與順丁烯二酸酐總量未檢出,110,新北市,121.51394700702,24.999990013894
粿仔條,新北市樹林區店家,新北市樹林區俊英街219巷45弄8-1號,合格,己二烯酸未檢出苯甲酸未檢出去水醋酸未檢出水楊酸未檢出對羥苯甲酸未檢出順丁烯二酸與順丁烯二酸酐總量未檢出,110,新北市,121.420660867086,25.010195986838
澱粉條(粿仔條),屏東縣新園鄉店家,屏東縣新園鄉田洋村仙隆路245-6號,合格,己二烯酸未檢出苯甲酸未檢出去水醋酸未檢出水楊酸未檢出對羥苯甲酸未檢出順丁烯二酸與順丁烯二酸酐總量未檢出,110,新北市,120.453676991376,22.544784980148
肉圓,新北市永和區店家,新北市永和區永貞路309號,合格,己二烯酸未檢出苯甲酸未檢出去水醋酸未檢出水楊酸未檢出對羥苯甲酸未檢出順丁烯二酸與順丁烯二酸酐總量未檢出,110,新北市,121.510103988233,25.006382011346
芋圓,新北市金山區店家,新北市金山區民生路204號,合格,己二烯酸未檢出苯甲酸未檢出去水醋酸未檢出水楊酸未檢出對羥苯甲酸未檢出順丁烯二酸與順丁烯二酸酐總量未檢出,110,新北市,121.641165018846,25.220876003253
地瓜圓,新北市金山區店家,新北市金山區民生路204號,合格,己二烯酸未檢出苯甲酸未檢出去水醋酸未檢出水楊酸未檢出對羥苯甲酸未檢出順丁烯二酸與順丁烯二酸酐總量未檢出,110,新北市,121.641165018846,25.220876003253
甜不辣,甜不,桃園市蘆竹區西溪路521-1號,合格,己二烯酸未檢出苯甲酸未檢出去水醋酸未檢出水楊酸未檢出對羥苯甲酸未檢出順丁烯二酸與順丁烯二酸酐總量未檢出,110,新北市,121.271815030496,25.070637010536
茶湯會波霸粉圓,台中市南屯區店家,台中市南屯區雅富路3段565賀2樓-1,合格,己二烯酸未檢出苯甲酸未檢出去水醋酸未檢出水楊酸未檢出對羥苯甲酸未檢出順丁烯二酸與順丁烯二酸酐總量未檢出,110,新北市,120.642966,24.1382471
北海翅(強強滾),北海,新北市林口區粉寮路1段102號,合格,己二烯酸未檢出苯甲酸未檢出去水醋酸未檢出水楊酸未檢出對羥苯甲酸未檢出順丁烯二酸與順丁烯二酸酐總量未檢出,110,新北市,121.399962008651,25.081792988387
迷你地芋圓,臺北市中正區店家,臺北市中正區博愛路53號3樓,合格,己二烯酸未檢出苯甲酸未檢出去水醋酸未檢出水楊酸未檢出對羥苯甲酸未檢出順丁烯二酸與順丁烯二酸酐總量未檢出,110,新北市,121.511577862087,25.044508522863
粉條,臺北市中正區店家,臺北市中正區博愛路53號3樓,合格,己二烯酸0.34苯甲酸0.21去水醋酸未檢出水楊酸未檢出對羥苯甲酸未檢出順丁烯二酸與順丁烯二酸酐總量未檢出,110,新北市,121.511577862087,25.044508522863
粉圓,桃園市中壢區店家,桃園市中壢區松江路19號,合格,己二烯酸0.15苯甲酸0.48去水醋酸未檢出水楊酸未檢出對羥苯甲酸未檢出順丁烯二酸與順丁烯二酸酐總量未檢出,110,新北市,121.2249491,24.9653288
粉圓,嘉義市東區店家,嘉義市東區後湖里保成路560號,合格,己二烯酸0.70苯甲酸未檢出去水醋酸未檢出水楊酸未檢出對羥苯甲酸未檢出順丁烯二酸與順丁烯二酸酐總量未檢出,110,新北市,120.455148357845,23.50490074546
YQ粉圓,台中市大里區店家,台中市大里區爽文路1111號,合格,己二烯酸未檢出苯甲酸未檢出去水醋酸未檢出水楊酸未檢出對羥苯甲酸未檢出順丁烯二酸與順丁烯二酸酐總量未檢出,110,新北市,120.674370993243,24.113744988159
基隆甜不辣條,基隆,新北市土城區永豐路195巷7弄3號,合格,己二烯酸1.44苯甲酸未檢出去水醋酸未檢出水楊酸未檢出對羥苯甲酸未檢出順丁烯二酸與順丁烯二酸酐總量未檢出,110,新北市,121.471295022159,24.97900801477
珍珠粉圓,珍珠,台中市西屯區朝馬路201號,合格,己二烯酸未檢出苯甲酸未檢出去水醋酸未檢出水楊酸未檢出對羥苯甲酸未檢出順丁烯二酸與順丁烯二酸酐總量未檢出,110,新北市,120.623925708208,24.173392265448
肉圓,新北市蘆洲區店家,新北市蘆洲區長安街41號,合格,己二烯酸未檢出苯甲酸未檢出去水醋酸未檢出水楊酸未檢出對羥苯甲酸未檢出順丁烯二酸與順丁烯二酸酐總量未檢出,110,新北市,121.463505970996,25.079411983061
阿豐師手作甜不辣(條),桃園市龍潭區店家,桃園市龍潭區公二路298巷15號1F,合格,己二烯酸未檢出苯甲酸未檢出去水醋酸未檢出水楊酸未檢出對羥苯甲酸未檢出順丁烯二酸與順丁烯二酸酐總量未檢出,110,新北市,121.2167099,24.8643643
厚燒黑輪,雲林縣斗六市店家,雲林縣斗六市工二路33號,合格,己二烯酸1.06苯甲酸未檢出去水醋酸未檢出水楊酸未檢出對羥苯甲酸未檢出順丁烯二酸與順丁烯二酸酐總量未檢出,110,新北市,120.5275761,23.6974698
珍珠粉圓,珍珠,新北市泰山區台麗街24-7號,合格,己二烯酸未檢出苯甲酸未檢出去水醋酸未檢出水楊酸未檢出對羥苯甲酸未檢出順丁烯二酸與順丁烯二酸酐總量未檢出,110,新北市,121.426198003425,25.037312804917
大珍珠粉圓,臺北市中正區店家,臺北市中正區博愛路53號5樓,合格,己二烯酸未檢出苯甲酸未檢出去水醋酸未檢出水楊酸未檢出對羥苯甲酸未檢出順丁烯二酸與順丁烯二酸酐總量未檢出,110,新北市,121.511577862087,25.044508522863
冷凍小芋圓,臺北市士林區店家,臺北市士林區大南路361號5樓,合格,己二烯酸未檢出苯甲酸未檢出去水醋酸未檢出水楊酸未檢出對羥苯甲酸未檢出順丁烯二酸與順丁烯二酸酐總量未檢出,110,新北市,121.516241804471,25.088700766251
珍珠粉圓,珍珠,新北市新莊區民樂街42號,合格,己二烯酸0.92苯甲酸未檢出去水醋酸未檢出水楊酸未檢出對羥苯甲酸未檢出順丁烯二酸與順丁烯二酸酐總量未檢出,110,新北市,121.458079023966,25.041265019701
珍珠粉圓,珍珠,新北市泰山區同一街201號,合格,己二烯酸0.41苯甲酸0.46去水醋酸未檢出水楊酸未檢出對羥苯甲酸未檢出順丁烯二酸與順丁烯二酸酐總量未檢出,110,新北市,121.7640013,25.128364
粉圓,臺北市中正區店家,臺北市中正區南昌路2段156號,合格,己二烯酸未檢出苯甲酸未檢出去水醋酸未檢出水楊酸未檢出對羥苯甲酸未檢出順丁烯二酸與順丁烯二酸酐總量未檢出,110,新北市,121.523312694171,25.024894492247
地瓜圓,臺北市中正區店家,臺北市中正區南昌路2段156號,合格,己二烯酸未檢出苯甲酸未檢出去水醋酸未檢出水楊酸未檢出對羥苯甲酸未檢出順丁烯二酸與順丁烯二酸酐總量未檢出,110,新北市,121.523312694171,25.024894492247
紅麴小粉圓,紅麴,彰化縣田中鎮田中工業區新工三路83號,合格,己二烯酸0.60苯甲酸未檢出去水醋酸未檢出水楊酸未檢出對羥苯甲酸未檢出順丁烯二酸與順丁烯二酸酐總量未檢出,110,新北市,120.571701983256,23.848826011572
龍新竹調合米粉,桃園市桃園區店家,桃園市桃園區新埔七街118巷33號1樓,合格,己二烯酸未檢出苯甲酸未檢出去水醋酸未檢出水楊酸未檢出對羥苯甲酸未檢出順丁烯二酸與順丁烯二酸酐總量未檢出,110,新北市,121.301371716569,25.021311312458
雙色轉轉QQ球,台南市關廟區店家,台南市關廟區關新路2段766巷31號,合格,己二烯酸未檢出苯甲酸未檢出去水醋酸未檢出水楊酸未檢出對羥苯甲酸未檢出順丁烯二酸與順丁烯二酸酐總量未檢出,110,新北市,120.308086099247,22.99708421016
珍珠粉圓,珍珠,臺北市士林區後港街116號3樓,合格,己二烯酸0.79苯甲酸未檢出去水醋酸未檢出水楊酸未檢出對羥苯甲酸未檢出順丁烯二酸與順丁烯二酸酐總量未檢出,110,新北市,121.521523576938,25.086339081212
甜不辣,甜不,新北市板橋區大觀路1段28巷1號,合格,己二烯酸未檢出苯甲酸未檢出去水醋酸未檢出水楊酸未檢出對羥苯甲酸未檢出順丁烯二酸與順丁烯二酸酐總量未檢出,110,新北市,121.4506779711,25.008373006717
河粉皮,新北市土城區店家,新北市土城區中華路2段243號,合格,己二烯酸未檢出苯甲酸未檢出去水醋酸未檢出水楊酸未檢出對羥苯甲酸未檢出順丁烯二酸與順丁烯二酸酐總量未檢出,110,新北市,121.43773606114,24.972529180801
肉圓,桃園市新屋區店家,桃園市新屋區民族路6段495號,合格,己二烯酸未檢出苯甲酸未檢出去水醋酸未檢出水楊酸未檢出對羥苯甲酸未檢出順丁烯二酸與順丁烯二酸酐總量未檢出,110,新北市,121.154058008061,24.963196015434
台灣黑輪,雲林縣土庫鎮店家,雲林縣土庫鎮埤腳里118-4號,合格,己二烯酸未檢出苯甲酸未檢出去水醋酸未檢出水楊酸未檢出對羥苯甲酸未檢出順丁烯二酸與順丁烯二酸酐總量未檢出,110,新北市,120.347421,23.670144
白玉粉圓,臺北市大安區店家,臺北市大安區麗林街16號,合格,己二烯酸0.34苯甲酸0.30去水醋酸未檢出水楊酸未檢出對羥苯甲酸未檢出順丁烯二酸與順丁烯二酸酐總量未檢出,110,新北市,121.5345625,25.0264562
粉圓(無防腐劑),臺北市中山區店家,臺北市中山區雙城街13巷9號2樓之1,合格,己二烯酸未檢出苯甲酸未檢出去水醋酸未檢出水楊酸未檢出對羥苯甲酸未檢出順丁烯二酸與順丁烯二酸酐總量未檢出,110,新北市,121.524771481409,25.064184011901
小芋圓,桃園市平鎮店家,桃園市平鎮區平東路659巷16號,合格,己二烯酸未檢出苯甲酸未檢出去水醋酸未檢出水楊酸未檢出對羥苯甲酸未檢出順丁烯二酸與順丁烯二酸酐總量未檢出,110,新北市,121.240279209446,24.911584320903
粉條,臺北市中正區店家,臺北市中正區博愛路52號,合格,己二烯酸0.39苯甲酸0.22去水醋酸未檢出水楊酸未檢出對羥苯甲酸未檢出順丁烯二酸與順丁烯二酸酐總量未檢出,110,新北市,121.51125214133,25.045642384815
小湯匙餅乾-原味蛋奶素,新北市中和區店家,新北市中和區中正路756號3樓,合格,規定外煤焦色素未檢出食用色素黃色四號未檢出甜味劑(13項)甜未劑10項 未檢出食用色素綠色三號未檢出食用色素藍色一號未檢出食用色素紅色六號未檢出食用色素黃色五號未檢出食用色素紅色四十號未檢出食用色素藍色二號未檢出食用色素紅色七號未檢出防腐劑(14項)防腐劑12 項 未檢出丙酸 未檢出,107,新北市,121.485398999176,24.999043990392
清檸薄荷味無糖口香糖,新北市淡水區店家,新北市淡水區小坑子頭5之1號,合格,防腐劑(14項)防腐劑12項 未檢出丙酸 未檢出食用色素藍色二號未檢出食用色素綠色三號未檢出食用色素紅色四十號未檢出食用色素黃色四號未檢出食用色素黃色五號未檢出規定外煤焦色素未檢出食用色素紅色六號未檢出食用色素藍色一號檢出,107,新北市,121.480435,25.208179
巧克力棒棒糖,新北市新莊區店家,新北市新莊區五權一路5號6樓之6,合格,食用色素紅色四十號檢出食用色素黃色四號檢出食用色素藍色二號未檢出食用色素藍色一號檢出食用色素綠色三號未檢出防腐劑(14項)防腐劑12 項 未檢出丙酸 未檢出規定外煤焦色素未檢出食用色素紅色七號檢出食用色素紅色六號檢出食用色素黃色五號檢出甜味劑(13項)甜味劑10項 未檢出,107,新北市,121.458200980657,25.06606501763
小餅乾,新北市樹林區店家,新北市樹林區三俊街159巷35號,合格,食用色素紅色六號未檢出甜味劑(13項)甜味劑10項 未檢出食用色素紅色七號未檢出食用色素綠色三號未檢出食用色素紅色四十號未檢出規定外煤焦色素未檢出食用色素黃色四號未檢出食用色素黃色五號未檢出食用色素藍色一號未檢出食用色素藍色二號未檢出防腐劑(14項)防腐劑12項 未檢出丙酸 未檢出,107,新北市,121.419053972428,25.016603993725
素蝦餅,新北市樹林區店家,新北市樹林區佳園路3段101巷62弄52之15號,合格,規定外煤焦色素未檢出食用色素黃色四號未檢出食用色素綠色三號未檢出食用色素紅色四十號未檢出食用色素黃色五號檢出食用色素藍色二號未檢出食用色素紅色六號未檢出防腐劑(14項)防腐劑 12 項 未檢出 丙酸 未檢出食用色素紅色七號未檢出食用色素藍色一號未檢出甜味劑(13項)甜味劑10項 蔗糖素0.02g/kg 符合 其餘未檢出,107,新北市,121.397073185722,24.945236907781
鮮肉湯圓,新北市中和區店家,新北市中和區民享街30巷,合格,己二烯酸未檢出苯甲酸未檢出去水醋酸未檢出糖精(Saccharin)未檢出醋磺內酯鉀(Acesulfame potassium)未檢出環己基(代)磺醯胺酸(cyclamate)未檢出甘精(dulcin)未檢出,108,新北市,121.473516253686,25.003492389027
小湯圓,臺北市南港區店家,臺北市南港區南港路2段20巷5號B1,合格,己二烯酸未檢出苯甲酸未檢出去水醋酸未檢出環己基(代)磺醯胺酸(cyclamate)未檢出甘精(dulcin)未檢出醋磺內酯鉀(Acesulfame potassium)未檢出糖精(Saccharin)未檢出,108,新北市,121.60564251876,25.054304035051
西北芝麻湯圓,新北市林口區店家,新北市林口區粉寮路一段102號,合格,己二烯酸未檢出苯甲酸未檢出糖精(Saccharin)未檢出甘精(dulcin)未檢出環己基(代)磺醯胺酸(cyclamate)未檢出醋磺內酯鉀(Acesulfame potassium)未檢出去水醋酸未檢出,108,新北市,121.399962008651,25.081792988387
西北鮮肉湯圓,新北市林口區店家,新北市林口區粉寮路一段102號,合格,己二烯酸未檢出苯甲酸未檢出醋磺內酯鉀(Acesulfame potassium)未檢出環己基(代)磺醯胺酸(cyclamate)未檢出甘精(dulcin)未檢出去水醋酸未檢出糖精(Saccharin)未檢出,108,新北市,121.399962008651,25.081792988387
抹茶湯圜,桃園市蘆竹區店家,桃園市蘆竹區南工路一段11號,合格,糖精(Saccharin)未檢出己二烯酸未檢出苯甲酸未檢出去水醋酸未檢出環己基(代)磺醯胺酸(cyclamate)未檢出甘精(dulcin)未檢出醋磺內酯鉀(Acesulfame potassium)未檢出,108,新北市,121.278934367597,25.060315283509
招牌鹹湯圓,新北市三重區店家,新北市三重區龍門路124號,合格,己二烯酸未檢出環己基(代)磺醯胺酸(cyclamate)未檢出甘精(dulcin)未檢出苯甲酸未檢出醋磺內酯鉀(Acesulfame potassium)未檢出去水醋酸未檢出糖精(Saccharin)未檢出,108,新北市,121.497941008535,25.073056991712
紅白小湯圓,新北市三重區店家,新北市三重區中央北路54號,合格,去水醋酸未檢出糖精(Saccharin)未檢出環己基(代)磺醯胺酸(cyclamate)未檢出甘精(dulcin)未檢出醋磺內酯鉀(Acesulfame potassium)未檢出苯甲酸未檢出己二烯酸未檢出,108,新北市,121.500604609726,25.065153904755
義美小湯圓,義美,臺北市大安區信義路2段88號10F,合格,去水醋酸未檢出糖精(Saccharin)未檢出甘精(dulcin)未檢出己二烯酸未檢出苯甲酸未檢出環己基(代)磺醯胺酸(cyclamate)未檢出醋磺內酯鉀(Acesulfame potassium)未檢出,108,新北市,121.526880618896,25.033967860525
芝麻湯圓,芝麻,台中市大甲區工七路26號,合格,去水醋酸未檢出糖精(Saccharin)未檢出醋磺內酯鉀(Acesulfame potassium)未檢出己二烯酸未檢出環己基(代)磺醯胺酸(cyclamate)未檢出甘精(dulcin)未檢出苯甲酸未檢出,108,新北市,120.654082093692,24.4053472925
香椿素燥湯圓,台中市大甲區店家,台中市大甲區工七路26號,合格,糖精(Saccharin)未檢出去水醋酸未檢出苯甲酸未檢出醋磺內酯鉀(Acesulfame potassium)未檢出環己基(代)磺醯胺酸(cyclamate)未檢出甘精(dulcin)未檢出己二烯酸未檢出,108,新北市,120.654082093692,24.4053472925
紅白小湯圓,新北市三重區店家,新北市三重區三和路4段89巷18號,合格,環己基(代)磺醯胺酸(cyclamate)未檢出甘精(dulcin)未檢出醋磺內酯鉀(Acesulfame potassium)未檢出己二烯酸未檢出苯甲酸未檢出去水醋酸未檢出糖精(Saccharin)未檢出,108,新北市,121.489417870291,25.075931481587
桂冠鮮肉湯圓,桂冠,臺北市松山區羅斯福路3段126號,合格,環己基(代)磺醯胺酸(cyclamate)未檢出甘精(dulcin)未檢出己二烯酸未檢出醋磺內酯鉀(Acesulfame potassium)未檢出苯甲酸未檢出去水醋酸未檢出糖精(Saccharin)未檢出,108,新北市,121.52794763517,25.020581793515
桂冠抹茶湯圓,桂冠,臺北市松山區羅斯福路3段126號,合格,己二烯酸未檢出苯甲酸未檢出去水醋酸未檢出醋磺內酯鉀(Acesulfame potassium)未檢出環己基(代)磺醯胺酸(cyclamate)未檢出甘精(dulcin)未檢出糖精(Saccharin)未檢出,108,新北市,121.52794763517,25.020581793515
芝麻湯圓,芝麻,新北市新店區中華路97號1樓,合格,去水醋酸未檢出己二烯酸未檢出糖精(Saccharin)未檢出環己基(代)磺醯胺酸(cyclamate)未檢出甘精(dulcin)未檢出醋磺內酯鉀(Acesulfame potassium)未檢出苯甲酸未檢出,108,新北市,121.539059188934,24.969014984075
湯圓,新北市土城區店家,新北市土城區亞洲路126號,合格,己二烯酸未檢出苯甲酸未檢出醋磺內酯鉀(Acesulfame potassium)未檢出環己基(代)磺醯胺酸(cyclamate)未檢出甘精(dulcin)未檢出去水醋酸未檢出糖精(Saccharin)未檢出,108,新北市,121.433865298253,24.971970191678
義美湯圓-鮮肉,義美湯,臺北市大安區信義路2段88號,合格,去水醋酸未檢出糖精(Saccharin)未檢出己二烯酸未檢出苯甲酸未檢出環己基(代)磺醯胺酸(cyclamate)未檢出甘精(dulcin)未檢出醋磺內酯鉀(Acesulfame potassium)未檢出,108,新北市,121.526880618896,25.033967860525
桂冠粉紅湯圓(芝麻),桂冠,臺北市松山區羅斯福路3段126號,合格,醋磺內酯鉀(Acesulfame potassium)未檢出環己基(代)磺醯胺酸(cyclamate)未檢出甘精(dulcin)未檢出糖精(Saccharin)未檢出己二烯酸未檢出苯甲酸未檢出去水醋酸未檢出,108,新北市,121.52794763517,25.020581793515
紫糯湯圓(花生),臺北市松山區店家,臺北市松山區羅斯福路3段126號,合格,醋磺內酯鉀(Acesulfame potassium)未檢出環己基(代)磺醯胺酸(cyclamate)未檢出甘精(dulcin)未檢出己二烯酸未檢出苯甲酸未檢出去水醋酸未檢出糖精(Saccharin)未檢出,108,新北市,121.52794763517,25.020581793515
黃金流沙湯圓,黃金,臺北市松山區羅斯福路3段126號,合格,己二烯酸未檢出苯甲酸未檢出甘精(dulcin)未檢出去水醋酸未檢出糖精(Saccharin)未檢出環己基(代)磺醯胺酸(cyclamate)未檢出醋磺內酯鉀(Acesulfame potassium)未檢出,108,新北市,121.52794763517,25.020581793515
紅白小湯圓,新北市三重區店家,新北市三重區中興北街170巷11號,合格,醋磺內酯鉀(Acesulfame potassium)未檢出己二烯酸未檢出苯甲酸未檢出甘精(dulcin)未檢出去水醋酸未檢出糖精(Saccharin)未檢出環己基(代)磺醯胺酸(cyclamate)未檢出,108,新北市,121.468253983868,25.057379982927
義美湯圓-芝麻,義美湯,臺北市信義區信義路2段88號10號,合格,環己基(代)磺醯胺酸(cyclamate)未檢出甘精(dulcin)未檢出醋磺內酯鉀(Acesulfame potassium)未檢出己二烯酸未檢出苯甲酸未檢出去水醋酸未檢出糖精(Saccharin)未檢出,108,新北市,121.526880618896,25.033967860525
小湯圓,新北市樹林區店家,新北市樹林區保安街1段16巷25號,合格,己二烯酸未檢出苯甲酸未檢出甘精(dulcin)未檢出環己基(代)磺醯胺酸(cyclamate)未檢出醋磺內酯鉀(Acesulfame potassium)未檢出去水醋酸未檢出糖精(Saccharin)未檢出,108,新北市,121.428380013177,24.994143007786
包肉鹹湯圓(金滿),新北市土城區店家,新北市土城區中央路1段,合格,己二烯酸未檢出苯甲酸未檢出環己基(代)磺醯胺酸(cyclamate)未檢出甘精(dulcin)未檢出醋磺內酯鉀(Acesulfame potassium)未檢出糖精(Saccharin)未檢出去水醋酸未檢出,108,新北市,121.445261415545,24.985864638775
客家鹹湯圓(紅白小湯圓)(金滿),客家,新北市土城區中央路1段,合格,己二烯酸未檢出苯甲酸未檢出糖精(Saccharin)未檢出甘精(dulcin)未檢出環己基(代)磺醯胺酸(cyclamate)未檢出去水醋酸未檢出醋磺內酯鉀(Acesulfame potassium)未檢出,108,新北市,121.445261415545,24.985864638775
紅白湯圓,新北市中和區店家,新北市中和區中山路2段340巷35號,合格,糖精(Saccharin)未檢出環己基(代)磺醯胺酸(cyclamate)未檢出醋磺內酯鉀(Acesulfame potassium)未檢出甘精(dulcin)未檢出己二烯酸未檢出苯甲酸未檢出去水醋酸未檢出,108,新北市,121.493239012311,25.003548006063
芝麻湯圓,芝麻,新北市蘆洲區重陽二街,合格,苯甲酸未檢出環己基(代)磺醯胺酸(cyclamate)未檢出甘精(dulcin)未檢出醋磺內酯鉀(Acesulfame potassium)未檢出去水醋酸未檢出糖精(Saccharin)未檢出己二烯酸未檢出,108,新北市,121.48248482815,25.084762428884
鹹肉湯圓,台中市大甲區店家,台中市大甲區工七路26號,合格,醋磺內酯鉀(Acesulfame potassium)未檢出甘精(dulcin)未檢出去水醋酸未檢出糖精(Saccharin)未檢出己二烯酸未檢出苯甲酸未檢出環己基(代)磺醯胺酸(cyclamate)未檢出,108,新北市,120.654082093692,24.4053472925
紅白湯圓,新北市淡水區店家,新北市淡水區中山北路1段,合格,甘精(dulcin)未檢出去水醋酸未檢出糖精(Saccharin)未檢出環己基(代)磺醯胺酸(cyclamate)未檢出苯甲酸未檢出醋磺內酯鉀(Acesulfame potassium)未檢出己二烯酸未檢出,108,新北市,121.444556094232,25.179491879342
蕃薯芋圓-地瓜湯圓,台中市大里區店家,台中市大里區東興路501巷2-1號,合格,己二烯酸未檢出苯甲酸未檢出順丁烯二酸與順丁烯二酸酐總量未檢出去水醋酸未檢出,108,新北市,120.66639401981,24.104243011262
鹹湯圓,新北市新莊區店家,新北市新莊區中信街85號1樓,合格,醋磺內酯鉀(Acesulfame potassium)未檢出糖精(Saccharin)未檢出去水醋酸未檢出環己基(代)磺醯胺酸(cyclamate)未檢出甘精(dulcin)未檢出苯甲酸未檢出己二烯酸未檢出,108,新北市,121.447788980532,25.053048005818
八仙果(清涼型),八仙,台南市永康區四維街58巷27號,合格,己二烯酸未檢出苯甲酸0.34去水醋酸未檢出糖精(Saccharin)未檢出環己基(代)磺醯胺酸(cyclamate)未檢出甘精(dulcin)未檢出醋磺內酯鉀(Acesulfamepotassium)未檢出水楊酸未檢出對羥苯甲酸未檢出食品中著色劑(8項)未檢出,109,新北市,120.25388301362,23.032748998624
八仙果,八仙,彰化縣秀水鄉福安村彰水路2段374巷6號1樓,合格,己二烯酸未檢出苯甲酸0.41去水醋酸未檢出糖精(Saccharin)0.42環己基(代)磺醯胺酸(cyclamate)未檢出甘精(dulcin)未檢出醋磺內酯鉀(Acesulfamepotassium)未檢出水楊酸未檢出對羥苯甲酸未檢出食品中著色劑(8項)未檢出,109,新北市,120.494629615796,24.027888222399
葉氏八仙粒,新北市淡水區店家,新北市淡水區沙林路4號2F,合格,己二烯酸未檢出苯甲酸0.29去水醋酸未檢出糖精(Saccharin)未檢出環己基(代)磺醯胺酸(cyclamate)未檢出甘精(dulcin)未檢出醋磺內酯鉀(Acesulfamepotassium)3.62水楊酸未檢出對羥苯甲酸未檢出食品中著色劑(8項)未檢出,109,新北市,121.4404435,25.1694686
葉氏八仙果,新北市淡水區店家,新北市淡水區沙林路4號2F,合格,己二烯酸未檢出苯甲酸0.64去水醋酸未檢出糖精(Saccharin)未檢出環己基(代)磺醯胺酸(cyclamate)未檢出甘精(dulcin)未檢出醋磺內酯鉀(Acesulfamepotassium)2.96水楊酸未檢出對羥苯甲酸未檢出食品中著色劑(8項)未檢出,109,新北市,121.4404435,25.1694686
八仙菓,八仙,台中市豐原區西安里西勢路114巷17號,合格,己二烯酸未檢出苯甲酸0.41去水醋酸未檢出糖精(Saccharin)未檢出環己基(代)磺醯胺酸(cyclamate)0.02甘精(dulcin)未檢出醋磺內酯鉀(Acesulfamepotassium)未檢出水楊酸未檢出對羥苯甲酸未檢出食品中著色劑(8項)未檢出,109,新北市,120.707539022298,24.245193011242
烏梅八蔘果(無皮)(純素),台南市柳營區店家,台南市柳營區東昇里十美街208巷36號1樓,合格,己二烯酸未檢出苯甲酸未檢出去水醋酸未檢出糖精(Saccharin)未檢出環己基(代)磺醯胺酸(cyclamate)未檢出甘精(dulcin)未檢出醋磺內酯鉀(Acesulfamepotassium)未檢出水楊酸未檢出對羥苯甲酸未檢出食品中著色劑(8項)未檢出,109,新北市,120.320198284611,23.281570194886
八仙菓,八仙,臺北市松山區延平北路8段2巷61弄4號,合格,己二烯酸未檢出苯甲酸0.46去水醋酸未檢出糖精(Saccharin)未檢出環己基(代)磺醯胺酸(cyclamate)未檢出甘精(dulcin)未檢出醋磺內酯鉀(Acesulfamepotassium)未檢出水楊酸未檢出對羥苯甲酸未檢出食品中著色劑(8項)未檢出,109,新北市,121.486672964639,25.106339685203
八仙菓,八仙,新北市板橋區龍泉街55巷87號2樓,合格,己二烯酸未檢出苯甲酸未檢出去水醋酸未檢出糖精(Saccharin)未檢出環己基(代)磺醯胺酸(cyclamate)未檢出甘精(dulcin)未檢出醋磺內酯鉀(Acesulfamepotassium)2.73水楊酸未檢出對羥苯甲酸未檢出食品中著色劑(8項)未檢出,109,新北市,121.456840011038,25.024885984615
八仙果,八仙,臺北市中山區中山北路2段116巷2之8號,合格,己二烯酸未檢出苯甲酸0.44去水醋酸未檢出糖精(Saccharin)未檢出環己基(代)磺醯胺酸(cyclamate)未檢出甘精(dulcin)未檢出醋磺內酯鉀(Acesulfamepotassium)未檢出水楊酸未檢出對羥苯甲酸未檢出食品中著色劑(8項)檢出細項食用紅色六號(New,109,新北市,121.522715620376,25.061020348984
八仙菓(棠素香)赤色,八仙,臺北市中山區中山北路116巷2-8號,合格,己二烯酸未檢出苯甲酸0.34去水醋酸未檢出糖精(Saccharin)未檢出環己基(代)磺醯胺酸(cyclamate)未檢出甘精(dulcin)未檢出醋磺內酯鉀(Acesulfamepotassium)未檢出水楊酸未檢出對羥苯甲酸未檢出食品中著色劑(8項)未檢出,109,新北市,121.5538134,24.9895521
八仙菓角(赤色),八仙,臺北市中山區中山北路116巷2-8號,合格,己二烯酸未檢出苯甲酸0.36去水醋酸未檢出糖精(Saccharin)未檢出環己基(代)磺醯胺酸(cyclamate)未檢出甘精(dulcin)未檢出醋磺內酯鉀(Acesulfamepotassium)未檢出水楊酸未檢出對羥苯甲酸未檢出食品中著色劑(8項)未檢出,109,新北市,121.5538134,24.9895521
八仙果(帶皮),八仙,台中市沙鹿區鎮南路1段319號,合格,己二烯酸未檢出苯甲酸0.47去水醋酸未檢出糖精(Saccharin)0.41環己基(代)磺醯胺酸(cyclamate)未檢出甘精(dulcin)未檢出醋磺內酯鉀(Acesulfamepotassium)未檢出水楊酸未檢出對羥苯甲酸未檢出食品中著色劑(8項)未檢出,109,新北市,120.571660828112,24.213197107526
切片柑蔘,臺北市大同區店家,臺北市大同區甘州街17號,合格,己二烯酸未檢出苯甲酸0.20去水醋酸未檢出糖精(Saccharin)0.41環己基(代)磺醯胺酸(cyclamate)未檢出甘精(dulcin)未檢出醋磺內酯鉀(Acesulfamepotassium)未檢出水楊酸未檢出對羥苯甲酸未檢出食品中著色劑(8項)未檢出,109,新北市,121.512921900262,25.058716812664
八仙菓(棠素香)赤色,八仙,臺北市松山區中山北路2段116巷2-8號,合格,己二烯酸未檢出苯甲酸0.30去水醋酸未檢出糖精(Saccharin)未檢出環己基(代)磺醯胺酸(cyclamate)未檢出甘精(dulcin)未檢出醋磺內酯鉀(Acesulfamepotassium)未檢出水楊酸未檢出對羥苯甲酸未檢出食品中著色劑(8項)未檢出,109,新北市,121.521961615198,25.060753321769
八仙果,八仙,臺北市中山區中山北路2段116巷2之8號1樓,不合格,己二烯酸未檢出苯甲酸1.60去水醋酸未檢出糖精(Saccharin)未檢出環己基(代)磺醯胺酸(cyclamate)未檢出甘精(dulcin)未檢出醋磺內酯鉀(Acesulfamepotassium)3.17水楊酸未檢出對羥苯甲酸未檢出食品中著色劑(8項)檢出細項食用紅色六號(NewCoccine)檢出食用黃色五號(SunsetYellow FCF)檢出食用藍色一號(BrilliantBlue FCF)檢出,109,新北市,121.522197649592,25.060937514091
原切梅花豬,新北市樹林區店家,新北市樹林區俊英街116巷1號,合格,鉛未檢出鎘未檢出,108,新北市,121.427617511445,25.005791590086
紅蘋果,彰化縣員林鎮店家,彰化縣員林鎮惠明街313-1號,合格,鉛未檢出鎘未檢出,108,新北市,120.564814824874,23.951828788944
活凍軟絲,新北市瑞芳區店家,新北市瑞芳區中山路87號,合格,鉛未檢出甲基汞0.04 mg/kg鎘未檢出無機砷未檢出,108,新北市,121.80377997542,25.105987980545
洋蔥,新北市板橋區店家,新北市板橋區松柏街19號,合格,鉛未檢出鎘未檢出,108,新北市,121.474576034338,25.029968980248
鯛魚腹片(中),雲林縣口湖鄉店家,雲林縣口湖鄉崙東村民生路1-90號,合格,無機砷未檢出甲基汞未檢出鎘未檢出鉛未檢出,108,新北市,120.166785987172,23.615642010055
美國基棒棒腿-解凍肉,彰化縣秀水鄉店家,彰化縣秀水鄉埔崙村彰水路2段90號,合格,鎘未檢出鉛未檢出,108,新北市,120.491274101888,24.02188590915
海茸,臺北市萬華區店家,臺北市萬華區環河南路101號,合格,鉛未檢出鎘0.289 mg/kg(標準 1.0 mg/kg)汞未檢出無機砷未檢出,110,新北市,121.4998912,25.0348867
澎湖海菜,新北市三重區店家,新北市三重區力行路1段6號,合格,鉛0.032 mg/kg(標準 1.0 mg/kg)鎘0.008 mg/kg(標準 1.0 mg/kg)汞未檢出無機砷未檢出,110,新北市,121.488005771063,25.066615918217
冷凍鱸魚片,嘉義縣義竹鄉店家,嘉義縣義竹鄉義竹工業區義工三路3號,合格,鉛未檢出鎘未檢出甲基汞未檢出無機砷未檢出,110,新北市,120.219482425702,23.359604204707
冷凍鮭魚切片,臺北市南港區店家,臺北市南港區南港路2段20巷5號地下1樓,合格,鉛未檢出鎘未檢出甲基汞未檢出無機砷未檢出,110,新北市,121.605578223991,25.054442503049
蛤蜊,新北市三重區店家,新北市三重區力行路一段6號,合格,鉛0.1 3 mg/kg(標準 1.5 mg/kg)鎘0.2 mg/kg (標準 1 mg/kg)甲基汞未檢出無機砷.1 3 mg/kg(標準 0.5 mg/kg),110,新北市,121.488005771063,25.066615918217
海菜150g,台中市西屯區店家,台中市西屯區西安街227巷2號,合格,鉛0.057 mg/kg(標準 1.0 mg/kg)鎘0.009 mg/kg(標準 1.0 mg/kg)汞未檢出無機砷未檢出,110,新北市,120.646458585116,24.18198038553
腿瘦肉,雲林縣水林鄉店家,雲林縣水林鄉順興段68、69地號,合格,氯黴素類抗生素(4項)未檢出四環黴素類(7項)動物用藥多重殘留(48項)未檢出乙型受體素類(β-agonist)(21項)未檢出,109,新北市,120.207414,23.55933
牛肉,牛肉,臺北市萬華區富民路145巷32號,合格,氯黴素類抗生素(4項)未檢出動物用藥多重殘留(48項)未檢出乙型受體素類(β-agonist)(21項)未檢出,109,新北市,121.500809714897,25.0186760421
牛肚,臺北市萬華區店家,臺北市萬華區富民路145巷32號,合格,氯黴素類抗生素(4項)未檢出動物用藥多重殘留(48項)未檢出乙型受體素類(β-agonist)(21項)未檢出,109,新北市,121.500809714897,25.0186760421
豬肉,豬肉,新北市三重區力行路1段38巷2號,合格,氯黴素類抗生素(4項)未檢出四環黴素類(7項)動物用藥多重殘留(48項)未檢出乙型受體素類(β-agonist)(21項)未檢出,109,新北市,121.486066518906,25.067777543824
豬胰臟,新北市三重區店家,新北市三重區力行路1段38巷2號,合格,氯黴素類抗生素(4項)未檢出四環黴素類(7項)動物用藥多重殘留(48項)未檢出乙型受體素類(β-agonist)(21項)未檢出,109,新北市,121.486066518906,25.067777543824
豬肉,豬肉,新北市樹林區柑園街1段1-1號,合格,氯黴素類抗生素(4項)未檢出四環黴素類(7項)動物用藥多重殘留(48項)未檢出乙型受體素類(β-agonist)(21項)未檢出,109,新北市,121.408416834384,24.959627084881
豬肝,新北市樹林區店家,新北市樹林區柑園街1段1-1號,合格,氯黴素類抗生素(4項)未檢出四環黴素類(7項)動物用藥多重殘留(48項)未檢出乙型受體素類(β-agonist)(21項)未檢出,109,新北市,121.408416834384,24.959627084881
家樂福美國無骨肩小排燒肉片,家樂福,基隆市七堵區工建南路21號,合格,氯黴素類抗生素(4項)未檢出動物用藥多重殘留(48項)未檢出乙型受體素類(β-agonist)(21項)未檢出,109,新北市,121.70302698468,25.08355000293
澳洲冷凍牛肚,澳洲冷,基隆市七堵區工建南路23號,合格,氯黴素類抗生素(4項)未檢出動物用藥多重殘留(48項)未檢出乙型受體素類(β-agonist)(21項)未檢出,109,新北市,121.703376426223,25.083415515294
美國冷凍大牛排,美國冷,基隆市七堵區工建南路23號,合格,氯黴素類抗生素(4項)未檢出動物用藥多重殘留(48項)未檢出乙型受體素類(β-agonist)(21項)檢出細項Ractopamine0.005,109,新北市,121.703376426223,25.083415515294
牛肚(澳洲),新北市三重區店家,新北市三重區中正北路530巷18號,合格,氯黴素類抗生素(4項)未檢出動物用藥多重殘留(48項)未檢出乙型受體素類(β-agonist)(21項)未檢出,109,新北市,121.472033886924,25.069475614032
澳洲草飼YP骰子牛肝,新北市三重區店家,新北市三重區中正北路530巷18號,合格,氯黴素類抗生素(4項)未檢出動物用藥多重殘留(48項)未檢出乙型受體素類(β-agonist)(21項)未檢出,109,新北市,121.472033886924,25.069475614032
進口雪花豬頸肉,彰化縣秀水鄉店家,彰化縣秀水鄉彰水路2段90號,合格,氯黴素類抗生素(4項)未檢出動物用藥多重殘留(48項)未檢出乙型受體素類(β-agonist)(21項)未檢出,109,新北市,120.491274101888,24.02188590915
有心鴨櫻桃鴨肝,台中市東區店家,台中市東區自由路四段278號,合格,氯黴素類抗生素(4項)未檢出動物用藥多重殘留(48項)未檢出乙型受體素類(β-agonist)(21項)未檢出,109,新北市,120.704023987383,24.142426016807
澳洲草飼VP骰子牛心,新北市三重區店家,新北市三重區中正北路530巷18號,合格,氯黴素類抗生素(4項)未檢出動物用藥多重殘留(48項)未檢出乙型受體素類(β-agonist)(21項)未檢出,109,新北市,121.472033886924,25.069475614032
美國菲力牛排,新北市三重區店家,新北市三重區中正北路530巷18號,合格,氯黴素類抗生素(4項)未檢出動物用藥多重殘留(48項)未檢出乙型受體素類(β-agonist)(21項)檢出細項Ractopamine0.004,109,新北市,121.472033886924,25.069475614032
牛肚,臺北市南港區店家,臺北市南港區南港路二段99之18號,合格,氯黴素類抗生素(4項)未檢出動物用藥多重殘留(48項)未檢出乙型受體素類(β-agonist)(21項)未檢出,109,新北市,121.597075318873,25.053383891222
美國冷藏霜降牛排,美國冷,基隆市七堵區建南路23號,合格,氯黴素類抗生素(4項)未檢出動物用藥多重殘留(48項)未檢出乙型受體素類(β-agonist)(21項)未檢出,109,新北市,121.7132415,25.0958929
小白豆干,新北市深坑區店家,新北市深坑區王軍寮1號之10,合格,己二烯酸未檢出苯甲酸未檢出過氧化氫陰性去水醋酸未檢出對羥苯甲酸乙酯未檢出對羥苯甲酸異丙酯未檢出對羥苯甲酸丙酯未檢出對羥苯甲酸甲酯未檢出對羥苯甲酸丁酯未檢出水楊酸未檢出對羥苯甲酸未檢出芥黃(Auramine)未檢出二甲基黃(dimethyl yellow)未檢出二乙基黃(diethyl yellow)未檢出規定外煤焦色素未檢出皂黃(Metanil Yellow)未檢出對羥苯甲酸第二丁酯未檢出對羥苯甲酸異丁酯未檢出,107,新北市,121.621744,24.986375
小板豆腐,新北市深坑區店家,新北市深坑區王軍寮1號之10,合格,對羥苯甲酸丁酯未檢出苯甲酸未檢出過氧化氫陰性對羥苯甲酸甲酯未檢出對羥苯甲酸乙酯未檢出水楊酸未檢出對羥苯甲酸未檢出規定外煤焦色素未檢出對羥苯甲酸丙酯未檢出去水醋酸未檢出對羥苯甲酸異丙酯未檢出己二烯酸未檢出對羥苯甲酸第二丁酯未檢出對羥苯甲酸異丁酯未檢出,107,新北市,121.621744,24.986375
香香臭豆腐,新北市深坑區店家,新北市深坑區王軍寮1號之10,合格,動物性成分陰性,107,新北市,121.621744,24.986375
長條壽司皮,新北市樹林區店家,新北市樹林區佳園路1段90號,合格,動物性成分陰性,107,新北市,121.393246008732,24.969251982388
御膳火腿,新北市樹林區店家,新北市樹林區東興街6巷18號,合格,動物性成分陰性,107,新北市,121.408780022249,24.978873988138
黃豆皮,新北市鶯歌區店家,新北市鶯歌區中正三路171之1號,合格,對羥苯甲酸丙酯未檢出去水醋酸未檢出對羥苯甲酸異丙酯未檢出規定外煤焦色素未檢出皂黃(Metanil Yellow)未檢出己二烯酸未檢出苯甲酸未檢出對羥苯甲酸第二丁酯未檢出對羥苯甲酸異丁酯未檢出過氧化氫陰性對羥苯甲酸丁酯未檢出水楊酸未檢出芥黃(Auramine)未檢出二甲基黃(dimethyl yellow)未檢出對羥苯甲酸未檢出二乙基黃(diethyl yellow)未檢出對羥苯甲酸甲酯未檢出對羥苯甲酸乙酯未檢出,107,新北市,121.337591596571,24.938799312775
黃豆皮(全素),新北市鶯歌區店家,新北市鶯歌區中正三路171之1號,合格,動物性成分陰性,107,新北市,121.337591596571,24.938799312775
豆皮,豆皮,新北市鶯歌區尖山路204號,合格,對羥苯甲酸異丙酯未檢出對羥苯甲酸異丁酯未檢出規定外煤焦色素未檢出皂黃(Metanil Yellow)未檢出己二烯酸未檢出苯甲酸未檢出對羥苯甲酸第二丁酯未檢出過氧化氫陰性對羥苯甲酸丙酯未檢出對羥苯甲酸丁酯未檢出水楊酸未檢出對羥苯甲酸未檢出芥黃(Auramine)未檢出二甲基黃(dimethyl yellow)未檢出二乙基黃(diethyl yellow)未檢出對羥苯甲酸甲酯未檢出去水醋酸未檢出對羥苯甲酸乙酯未檢出,107,新北市,121.343699992329,24.947112987259
手工臭豆干非基因改造,新北市樹林區店家,新北市樹林區俊安街26號,合格,對羥苯甲酸丁酯未檢出水楊酸未檢出對羥苯甲酸未檢出芥黃(Auramine)未檢出二甲基黃(dimethyl yellow)未檢出二乙基黃(diethyl yellow)未檢出對羥苯甲酸丙酯未檢出規定外煤焦色素未檢出去水醋酸未檢出對羥苯甲酸甲酯未檢出對羥苯甲酸乙酯未檢出對羥苯甲酸異丙酯未檢出皂黃(Metanil Yellow)未檢出己二烯酸未檢出苯甲酸未檢出過氧化氫陰性對羥苯甲酸第二丁酯未檢出對羥苯甲酸異丁酯未檢出,107,新北市,121.419571219673,25.013930292341
手工臭豆干基因改造,新北市樹林區店家,新北市樹林區俊安街26號,合格,對羥苯甲酸異丙酯未檢出對羥苯甲酸丙酯未檢出對羥苯甲酸丁酯未檢出水楊酸未檢出芥黃(Auramine)未檢出對羥苯甲酸未檢出二甲基黃(dimethyl yellow)未檢出二乙基黃(diethyl yellow)未檢出去水醋酸未檢出對羥苯甲酸乙酯未檢出規定外煤焦色素未檢出己二烯酸未檢出苯甲酸未檢出過氧化氫陰性對羥苯甲酸甲酯未檢出對羥苯甲酸第二丁酯未檢出對羥苯甲酸異丁酯未檢出皂黃(Metanil Yellow)未檢出,107,新北市,121.419571219673,25.013930292341
白米,花蓮縣富里鄉店家,花蓮縣富里鄉富里鄰富南村公埔路186號,合格,黃麴毒素G1未檢出黃麴毒素G2未檢出黃麴毒素B1未檢出黃麴毒素B2未檢出,107,新北市,121.2503379,23.1794603
白米,苗栗縣苑裡鎮店家,苗栗縣苑裡鎮五田里7鄰91-1號,合格,黃麴毒素G2未檢出黃麴毒素G1未檢出黃麴毒素B1未檢出黃麴毒素B2未檢出,107,新北市,120.6532517,24.4396396
桂格免浸泡五榖飯,桃園市大園區店家,桃園市大園區和平西路一段369號,合格,黃麴毒素G1未檢出黃麴毒素G2未檢出黃麴毒素B1未檢出黃麴毒素B2未檢出,107,新北市,121.187807992654,25.047286998037
白米,臺東縣關山鎮店家,臺東縣關山鎮新福里1鄰順興路36號,合格,黃麴毒素B1未檢出黃麴毒素B2未檢出黃麴毒素G1未檢出黃麴毒素G2未檢出,107,新北市,121.170024,23.043639
糙米,臺東縣關山鎮店家,臺東縣關山鎮新福里1鄰順興路36號,合格,黃麴毒素B1未檢出黃麴毒素B2未檢出黃麴毒素G1未檢出黃麴毒素G2未檢出,107,新北市,121.170024,23.043639
黑糯糙米,臺東縣關山鎮店家,臺東縣關山鎮新福里1鄰順興路36號,合格,黃麴毒素G1未檢出黃麴毒素G2未檢出黃麴毒素B1未檢出黃麴毒素B2未檢出,107,新北市,121.170024,23.043639
白米,彰化縣花壇鄉店家,彰化縣花壇鄉金墩村金墩街63號,合格,黃麴毒素B1未檢出黃麴毒素B2未檢出黃麴毒素G1未檢出黃麴毒素G2未檢出,107,新北市,120.548461983236,24.017353981741
黑糯糙米,臺東縣池上鄉店家,臺東縣池上鄉中山路143號,合格,黃麴毒素G1未檢出黃麴毒素G2未檢出黃麴毒素B1未檢出黃麴毒素B2未檢出,107,新北市,121.216398999661,23.123133994231
珍珠大麥,珍珠,高雄市仁武區仁雄路86-28號,合格,黃麴毒素B1未檢出黃麴毒素B2未檢出黃麴毒素G1未檢出黃麴毒素G2未檢出,107,新北市,120.344989020538,22.677310999798
蕎麥,高雄市仁武區店家,高雄市仁武區仁雄路86-28號,合格,黃麴毒素B1未檢出黃麴毒素B2未檢出黃麴毒素G1未檢出黃麴毒素G2未檢出,107,新北市,120.344989020538,22.677310999798
油豆腐,臺北市松山區店家,臺北市松山區信義路3段88號10樓,合格,二乙基黃(diethylyellow)二甲基黃(dimethylyellow),108,新北市,121.536365185987,25.033384122995
手打滷香豆干,手打,彰化縣田尾鄉饒平村光復路2段698號,合格,二甲基黃(dimethylyellow)二乙基黃(diethylyellow),108,新北市,120.530806007111,23.891388980621
國產非基改黃豆使用-白玉豆干,台南市西港區店家,台南市西港區劉厝里63-9號,合格,二甲基黃(dimethylyellow)二乙基黃(diethylyellow),108,新北市,120.180787,23.126582
客家小炒豆干,客家,彰化縣田尾鄉光復路2段698號,合格,二甲基黃(dimethylyellow)二乙基黃(diethylyellow),108,新北市,120.530806007111,23.891388980621
串燒滷香豆干(含基因改造),彰化縣田尾鄉店家,彰化縣田尾鄉饒平村光復路2段698號,合格,二乙基黃(diethylyellow)二甲基黃(dimethylyellow),108,新北市,120.530806007111,23.891388980621
春豐五香豆干,雲林縣元長鄉店家,雲林縣元長鄉西莊村西庄109之86號,合格,二甲基黃(dimethylyellow)二乙基黃(diethylyellow),108,新北市,120.32823372185,23.687870229458
義美大黑豆乾,義美,臺北市松山區信義路2段88號10樓,合格,二乙基黃(diethylyellow)二甲基黃(dimethylyellow),108,新北市,121.526880618896,25.033967860525
春豐大黑干,雲林縣元長鄉店家,雲林縣元長鄉西莊村西庄109之86號,合格,二甲基黃(dimethylyellow)二乙基黃(diethylyellow),108,新北市,120.32823372185,23.687870229458
手打豆干(含基因改造),手打,彰化縣田尾鄉饒平村光復路2段698號,合格,二甲基黃(dimethylyellow)二乙基黃(diethylyellow),108,新北市,120.530806007111,23.891388980621
角螺,新北市樹林區店家,新北市樹林區俊英街219巷32-6號,合格,二甲基黃(dimethylyellow)二乙基黃(diethylyellow),108,新北市,121.41947197794,25.011368992278
義美古早統豆乾(五香滷汁),義美,臺北市信義區信義路2段88號10樓,合格,二乙基黃(diethylyellow)二甲基黃(dimethylyellow),108,新北市,121.526880618896,25.033967860525
義美滷油豆腐,義美,臺北市大安區信義路2段88號10F,合格,二甲基黃(dimethylyellow)二乙基黃(diethylyellow),108,新北市,121.526880618896,25.033967860525
中華板豆腐,屏東縣潮州鎮店家,屏東縣潮州鎮介壽路468號,合格,二乙基黃(diethylyellow)二甲基黃(dimethylyellow),108,新北市,120.528687091503,22.528851419441
義美黑豆豆腐,義美,臺北市大安區信義路2段88號10F,合格,二甲基黃(dimethylyellow)二乙基黃(diethylyellow),108,新北市,121.526880618896,25.033967860525
大溪名產串燒豆干,大溪,桃園市大溪區中華路52巷47號,合格,二甲基黃(dimethylyellow)二乙基黃(diethylyellow),108,新北市,121.29348702789,24.883215015234
古味滷香豆干,彰化縣田尾鄉店家,彰化縣田尾鄉饒平村光復路2段698號,合格,二乙基黃(diethylyellow)二甲基黃(dimethylyellow),108,新北市,120.530806007111,23.891388980621
五香豆干,五香,桃園市八德區和平路1447號後棟,合格,二甲基黃(dimethylyellow)二乙基黃(diethylyellow),108,新北市,121.323139770573,24.969832513002
豆干,豆干,台南市東區崇明路18街17號,合格,二甲基黃(dimethylyellow)二乙基黃(diethylyellow),108,新北市,120.216174934939,22.981553703458
豆干(特選五香),豆干,桃園市大溪區美華里美山路1段601巷255號,合格,二乙基黃(diethylyellow)二甲基黃(dimethylyellow),108,新北市,121.306882759372,24.873524039243
有機豆干(特選原味),桃園市大溪區店家,桃園市大溪區美華里美山路1段601巷255號,合格,二甲基黃(dimethylyellow)二乙基黃(diethylyellow),108,新北市,121.306882759372,24.873524039243
森產業香菇醬油湯露(葷食),臺北市松山區店家,臺北市松山區南京東路3段346之12號9F,合格,3-單氯丙二醇未檢出,109,新北市,121.548090941062,25.051561726747
萬家香大吟釀醬油,萬家香,臺北市中山區德惠街9號5樓之6,合格,3-單氯丙二醇未檢出,109,新北市,121.524364859383,25.066758494988
龜甲萬甘醇醬油,龜甲萬,台南市永康區中正路301號,合格,3-單氯丙二醇未檢出,109,新北市,120.244271988163,23.033431998004
金蘭醬油(釀造),金蘭,桃園市桃園區介壽路236號,合格,3-單氯丙二醇未檢出,109,新北市,121.308108322526,24.982546449642
金味王醬油,臺北市中山區店家,臺北市中山區中山北路2段79號5樓,合格,3-單氯丙二醇未檢出,109,新北市,121.523093842679,25.05820296009
里肌火鍋肉片,屏東縣長治鄉店家,屏東縣長治鄉繁昌村中山路122號,合格,動物用藥多重殘留(48項)未檢出β-內醯胺類抗生素(8項)未檢出乙型受體素類(β-agonist)(21項)未檢出,109,新北市,120.579003040017,22.711979012337
土魠切片100-120g,嘉義縣民雄鄉店家,嘉義縣民雄鄉民雄工業區中正路28號,合格,孔雀綠(2項)未檢出氯黴素類抗生素(4項)未檢出動物用藥多重殘留(48項)未檢出β-內醯胺類抗生素(8項)未檢出,109,新北市,120.430129962242,23.558945014867
台灣鯛魚下巴,嘉義縣六腳鄉店家,嘉義縣六腳鄉潭墘村潭子墘75之20號,合格,孔雀綠(2項)未檢出氯黴素類抗生素(4項)未檢出動物用藥多重殘留(48項)未檢出β-內醯胺類抗生素(8項)未檢出,109,新北市,120.275517,23.507945
梅花肉片,梅花,台南市東區生產路68號,合格,動物用藥多重殘留(48項)未檢出β-內醯胺類抗生素(8項)未檢出乙型受體素類(β-agonist)(21項)未檢出,109,新北市,120.221047997578,22.963620006556
台糖安心豚-里肌肉塊,臺北市內湖區店家,臺北市內湖區民善街55號2樓,合格,動物用藥多重殘留(48項)未檢出β-內醯胺類抗生素(8項)未檢出乙型受體素類(β-agonist)(21項)未檢出,109,新北市,121.576201728457,25.059039735567
愛麵族日式拉麵,愛麵族,屏東縣內埔鄉北寧路2段88號,合格,己二烯酸苯甲酸過氧化氫去水醋酸,108,新北市,120.568103967499,22.630019002887
媽咪廚房鐵板麵蘑菇醬風味,屏東縣內埔鄉店家,屏東縣內埔鄉北寧路2段88號,合格,己二烯酸苯甲酸去水醋酸過氧化氫,108,新北市,120.568103967499,22.630019002887
愛麵族日式拉麵,愛麵族,屏東縣內埔鄉北寧路2段88號,合格,過氧化氫己二烯酸苯甲酸去水醋酸,108,新北市,120.568103967499,22.630019002887
高級拉麵,高級,新北市樹林區東順街80-2號,合格,過氧化氫去水醋酸己二烯酸苯甲酸,108,新北市,121.409879895584,24.977447220579
雞旦麵(黃細),新北市板橋區店家,新北市板橋區干城路139號3樓,合格,過氧化氫己二烯酸苯甲酸去水醋酸,108,新北市,121.459928993816,24.993268020914
三洋讚岐烏龍麵1食,臺北市北投區店家,臺北市北投區立功街120號,合格,己二烯酸苯甲酸過氧化氫去水醋酸,108,新北市,121.4731700539,25.125111083093
油麵,新北市樹林區店家,新北市樹林區東順街80-2號,合格,己二烯酸過氧化氫去水醋酸苯甲酸,108,新北市,121.409879895584,24.977447220579
火鍋麵,高雄市鳳山區店家,高雄市鳳山區鎮北北巷21之30號,合格,苯甲酸去水醋酸過氧化氫己二烯酸,108,新北市,120.372391244778,22.642326353448
功夫拉麵,屏東縣內埔鄉店家,屏東縣內埔鄉北寧路3段88號,合格,去水醋酸己二烯酸苯甲酸過氧化氫,108,新北市,120.566077977682,22.619032004205
手打味拉麵,手打,新北市樹林區東順街80-2號,合格,過氧化氫己二烯酸苯甲酸去水醋酸,108,新北市,121.409879895584,24.977447220579
信成芝蔴香油,新北市板橋區店家,新北市板橋區觀光街58號,合格,鉛0.02(標準0.1)砷未檢出(標準0.1)汞未檢出(標準0.05)黃麴毒素B1未檢出(標準10)黃麴毒素B2未檢出(標準10)芥酸未檢出(標準5)銅0.04(標準0.4)黃麴毒素G1未檢出(標準10)黃麴毒素G2未檢出(標準10),107,新北市,121.470144019215,25.016710988719
愛羅莉人造奶油,桃園市平鎮店家,桃園市平鎮區關爺東路35號,合格,芥酸未檢出(標準5)砷未檢出(標準0.1)汞未檢出(標準0.05)鉛未檢出(標準0.1)銅0.05 (標準0.4),107,新北市,121.221330995309,24.928775981501
第一雪白油,新北市樹林區店家,新北市樹林區太順街116號,合格,黃麴毒素G1未檢出(標準 10ppb )黃麴毒素G2未檢出(標準 10ppb )砷未檢出(標準0.1ppm )汞未檢出(標準0.05ppm)黃麴毒素B2未檢出(標準 10ppb )鉛0.02 ppm ( 標準0.1ppm)黃麴毒素B1未檢出(標準 10ppb )芥酸未檢出 ( 標準 5%)銅0.10ppm(標準 0.4ppm),107,新北市,121.414973410505,24.977360803158
純正黑蔴油,新北市三重區店家,新北市三重區仁興街24巷2號1樓,合格,銅0.05(標準0.4)砷未檢出(標準0.1)黃麴毒素G2未檢出(標準10)黃麴毒素G1未檢出(標準10)黃麴毒素B1未檢出(標準10)黃麴毒素B2未檢出(標準10)鉛未檢出(標準0.1)汞未檢出(標準0.05)芥酸未檢出(標準5),107,新北市,121.498677023453,25.075065002346
黑麻油,新北市汐止區店家,新北市汐止區大安街56巷7弄13號,合格,黃麴毒素G1未檢出(標準10ppb)黃麴毒素G2未檢出(標準10ppb)銅0.06ppm(標準0.4ppm)砷未檢出(標準0.1ppm)黃麴毒素B1未檢出(標準10ppb)黃麴毒素B2未檢出(標準10ppb)鉛0.05ppm(標準0.1ppm)芥酸未檢出(標準5%)汞未檢出(標準0.05ppm),107,新北市,121.677485062591,25.073590793215
道地的偉特焦糖夾心鮮奶油糖,臺北市中山區店家,臺北市中山區南京東路3段70號4F,合格,醋磺內酯鉀(Acesulfamepotassium)環己基(代)磺醯胺酸(cyclamate)甘精(dulcin)己二烯酸苯甲酸去水醋酸糖精(Saccharin)食品中著色劑(8項),未知,新北市,121.538889958309,25.051752415044
英國威格太妃糖,臺北市北投區店家,臺北市北投區大業路416號1F,合格,食品中著色劑(8項)己二烯酸苯甲酸醋磺內酯鉀(Acesulfamepotassium)環己基(代)磺醯胺酸(cyclamate)甘精(dulcin)糖精(Saccharin)去水醋酸,未知,新北市,121.49583701003,25.13318485826
森永牛奶糖,臺北市北投區店家,臺北市北投區中央南路2段22號,合格,環己基(代)磺醯胺酸(cyclamate)甘精(dulcin)醋磺內酯鉀(Acesulfamepotassium)去水醋酸糖精(Saccharin)己二烯酸苯甲酸食品中著色劑(8項),未知,新北市,121.499955096049,25.125782305899
維纖水果風味凍,台中市豐原區店家,台中市豐原區工業區18路8號,合格,食品中著色劑(8項)去水醋酸糖精(Saccharin)環己基(代)磺醯胺酸(cyclamate)醋磺內酯鉀(Acesulfamepotassium)甘精(dulcin)己二烯酸苯甲酸,未知,新北市,120.610568113909,24.159565080963
比菲多益生菌小Q果凍(原味),台南市新市店家,台南市新市區中山路259號,合格,食品中著色劑(8項)甘精(dulcin)環己基(代)磺醯胺酸(cyclamate)醋磺內酯鉀(Acesulfamepotassium)己二烯酸苯甲酸去水醋酸糖精(Saccharin),未知,新北市,120.289885969968,23.066015012127
乖乖QQ水果軟糖經濟包,桃園市中壢區店家,桃園市中壢區東園路48號,合格,醋磺內酯鉀(Acesulfamepotassium)環己基(代)磺醯胺酸(cyclamate)甘精(dulcin)己二烯酸苯甲酸去水醋酸糖精(Saccharin)食品中著色劑(8項),未知,新北市,121.24033000378,24.981492997604
台灣荔枝軟糖,南投縣南投市店家,南投縣南投市南崗三路107號,合格,去水醋酸糖精(Saccharin)己二烯酸苯甲酸食品中著色劑(8項)醋磺內酯鉀(Acesulfamepotassium)環己基(代)磺醯胺酸(cyclamate)甘精(dulcin),未知,新北市,120.663650036167,23.943346009563
黑糖話梅糖,黑糖,新北市新莊區民安路43號,合格,己二烯酸苯甲酸食品中著色劑(8項)糖精(Saccharin)去水醋酸環己基(代)磺醯胺酸(cyclamate)甘精(dulcin)醋磺內酯鉀(Acesulfamepotassium),未知,新北市,121.423836015828,25.026544008882
水果味果凍條(綜合口味),水果,台中市西屯區工業區35路20號,合格,苯甲酸環己基(代)磺醯胺酸(cyclamate)甘精(dulcin)醋磺內酯鉀(Acesulfamepotassium)食品中著色劑(8項)去水醋酸糖精(Saccharin)己二烯酸,未知,新北市,120.592805771433,24.171227912498
呦皮水果味軟糖,新北市林口區店家,新北市林口區粉寮路2段458之12號,合格,去水醋酸糖精(Saccharin)環己基(代)磺醯胺酸(cyclamate)醋磺內酯鉀(Acesulfamepotassium)甘精(dulcin)己二烯酸苯甲酸食品中著色劑(8項),未知,新北市,121.404439034594,25.098758002323
哈瑞寶快樂可樂風味Q軟糖隨手杯175g,臺北市中山區店家,臺北市中山區南京東路3段70號4樓,合格,糖精(Saccharin)去水醋酸己二烯酸苯甲酸食品中著色劑(8項)醋磺內酯鉀(Acesulfamepotassium)環己基(代)磺醯胺酸(cyclamate)甘精(dulcin),未知,新北市,121.538889958309,25.051752415044
柑梅糖,新北市三峽區店家,新北市三峽區嘉添里嘉添181-22號,合格,己二烯酸苯甲酸食品中著色劑(8項)糖精(Saccharin)甘精(dulcin)醋磺內酯鉀(Acesulfamepotassium)去水醋酸環己基(代)磺醯胺酸(cyclamate),未知,新北市,121.3688816,24.9341956
紅心梅,新北市三峽區店家,新北市三峽區嘉添里嘉添181-22號,合格,去水醋酸糖精(Saccharin)苯甲酸己二烯酸醋磺內酯鉀(Acesulfamepotassium)環己基(代)磺醯胺酸(cyclamate)甘精(dulcin)食品中著色劑(8項),未知,新北市,121.3688816,24.9341956
哈瑞寶金熊Q軟糖分享包250g,臺北市中山區店家,臺北市中山區南京東路3段70號4樓,合格,去水醋酸糖精(Saccharin)食品中著色劑(8項)苯甲酸己二烯酸醋磺內酯鉀(Acesulfamepotassium)環己基(代)磺醯胺酸(cyclamate)甘精(dulcin),未知,新北市,121.538889958309,25.051752415044
M&M牛奶巧克力分享包-季節限定版,臺北市南港區店家,臺北市南港區三重路19-11號15樓,合格,苯甲酸食品中著色劑(8項)醋磺內酯鉀(Acesulfamepotassium)環己基(代)磺醯胺酸(cyclamate)甘精(dulcin)己二烯酸糖精(Saccharin)去水醋酸,未知,新北市,121.613742616779,25.058543852092
關東煮,關東,新北市泰山區台麗街5號,合格,大腸桿菌群陰性大腸桿菌陰性,107,新北市,121.424314035766,25.038443000539
關東煮(米血糕、白蘿蔔高麗菜捲),關東,新北市三重區大同南路220號,合格,大腸桿菌陰性大腸桿菌群陰性,107,新北市,121.496983040821,25.056362000786
關東煮(嚴選大黑輪+正宗川丸子),關東,新北市三重區大同南路148號,合格,大腸桿菌群陰性大腸桿菌陰性,107,新北市,121.496635024201,25.057891991482
豬血糕,新北市汐止區店家,新北市汐止區南昌街35號,合格,大腸桿菌群陰性大腸桿菌陰性,107,新北市,121.663082019269,25.068972993209
竹輪捲,新北市汐止區店家,新北市汐止區南昌街35號,合格,大腸桿菌陰性大腸桿菌群陰性,107,新北市,121.663082019269,25.068972993209
關東煮(米血糕),關東,新北市淡水區北新路182巷34號1樓,合格,大腸桿菌陰性大腸桿菌群陰性,107,新北市,121.448651981283,25.177917995107
白蘿蔔,白蘿,新北市新店區中興路3段1號1樓,合格,大腸桿菌陰性大腸桿菌群陰性,107,新北市,121.545527084519,24.977591305495
百頁豆腐,新北市新店區店家,新北市新店區中興路3段1號1樓,合格,大腸桿菌陰性大腸桿菌群陰性,107,新北市,121.545527084519,24.977591305495
甜不辣,甜不,新北市三峽區民生路55號,合格,大腸桿菌陰性大腸桿菌群陰性,107,新北市,121.522789998689,24.997688008006
甜不辣,甜不,新北市板橋區北門街8號,合格,大腸桿菌陰性大腸桿菌群陰性,107,新北市,121.457840977916,25.010643999563
蘿蔔,蘿蔔,新北市板橋區北門街8號,合格,大腸桿菌群陰性大腸桿菌陰性,107,新北市,121.457840977916,25.010643999563
米血糕,新北市板橋區店家,新北市板橋區北門街8號,合格,大腸桿菌陰性大腸桿菌群陰性,107,新北市,121.457840977916,25.010643999563
石安香滷玉子,新北市永和區店家,新北市永和區林森路62號,合格,大腸桿菌陰性大腸桿菌群陰性,107,新北市,121.52389800247,25.004242991565
關東煮,關東,新北市新莊區中正路677號,合格,大腸桿菌陰性大腸桿菌群陰性,107,新北市,121.426332984784,25.029827996637
中島甜不辣,新北市三重區店家,新北市三重區三和路2段119號,合格,大腸桿菌陰性大腸桿菌群陰性,107,新北市,121.498847008449,25.069151988751
油豆腐,新北市土城區店家,新北市土城區學府路1段146號,合格,大腸桿菌陰性大腸桿菌群陰性,107,新北市,121.454798011787,24.987193990958
高麗菜捲,新北市中和區店家,新北市中和區中安街84號1樓,合格,大腸桿菌群陰性大腸桿菌陰性,107,新北市,121.511914814595,25.001982182731
米血糕,新北市中和區店家,新北市中和區南華路14號,合格,大腸桿菌陰性大腸桿菌群陰性,107,新北市,121.502457010328,24.995499996001
甜不辣,甜不,新北市樹林區保安二街89之1號,合格,大腸桿菌群陰性大腸桿菌陰性,107,新北市,121.424159976386,24.995080020742
甜不辣(關東煮),甜不,新北市新莊區中港路296號,合格,大腸桿菌大腸桿菌群,107,新北市,121.452954076907,25.04481869519
小松菜-有機,桃園市觀音區店家,桃園市觀音區廣福里11鄰廣坪路558巷39號,合格,鉛未檢出鎘0.03mg/kg,108,新北市,121.152046107195,25.014068564206
有機筊白筍,桃園市大溪區店家,桃園市大溪區康莊路5段246號,合格,鎘未檢出鉛未檢出,108,新北市,121.258004524931,24.822310861387
特選草蝦,台南市永康區店家,台南市永康區中正二街380號,合格,鉛未檢出鎘未檢出甲基汞未檢出,109,新北市,120.237614661566,23.031620417271
秋刀魚,新北市新莊區店家,新北市新莊區永樂街10號,合格,鉛未檢出鎘0.03甲基汞未檢出,109,新北市,121.452101302078,25.045173082056
秋刀魚,新北市五股區店家,新北市五股區工商路128號,合格,鉛未檢出鎘0.02甲基汞未檢出,109,新北市,121.436068230046,25.086072997696
虱目魚柳,台南市學甲區店家,台南市學甲區光華里筏仔頭21-6號,合格,鉛未檢出鎘未檢出甲基汞未檢出,109,新北市,120.182505,23.230472
冷凍草蝦,新北市林口區店家,新北市林口區工九路18號,合格,鉛未檢出鎘未檢出甲基汞未檢出,109,新北市,121.403293982802,25.075353004539
KEY DRIP ON 特級綜合隨身包,臺北市松山區店家,臺北市松山區復興北路191號14樓,合格,赭麴毒素 A未檢出,108,新北市,121.544327550355,25.055244986459
炭燒瀘掛式咖啡,臺北市內湖區店家,臺北市內湖區瑞光路26巷36弄6號2樓,合格,赭麴毒素 A未檢出,108,新北市,121.581767248726,25.069239286272
西雅圖極品大瀘掛式咖啡(藍山特調),西雅圖極,臺北市內湖區環山路1段28巷15號1樓,合格,赭麴毒素 A未檢出,108,新北市,121.564117978124,25.085613920859
"行家首選,經典V.21",新北市深坑區店家,新北市深坑區北深路3段270巷18號1樓,合格,赭麴毒素 A未檢出,108,新北市,121.598847891017,25.006006711631
"行家首選,台北曼波",新北市深坑區店家,新北市深坑區北深路3段270巷18號1樓,合格,赭麴毒素 A未檢出,108,新北市,121.598847891017,25.006006711631
澤井經濟包香醇掛耳咖啡20P,臺北市信義區店家,臺北市信義區松仁路100號,合格,赭麴毒素 A未檢出,108,新北市,121.568126204222,25.034460003969
伯朗認證豆濾掛咖啡-印尼珍彼得莊園,伯朗,桃園市平鎮區中興路527號,合格,赭麴毒素 A未檢出,108,新北市,121.225816989888,24.871318999152
摩卡伊索比亞濾掛咖啡,基隆市安樂區店家,基隆市安樂區武訓街65號,合格,赭麴毒素 A未檢出,108,新北市,121.698741988139,25.149426020286
摩卡哥倫比亞濾掛咖啡,基隆市安樂區店家,基隆市安樂區武訓街65號,合格,赭麴毒素 A未檢出,108,新北市,121.698741988139,25.149426020286
伯朗認證豆濾掛咖啡-宏都拉斯,伯朗,桃園市平鎮區中興路527號,合格,赭麴毒素 A未檢出,108,新北市,121.225816989888,24.871318999152
伯朗大濾掛咖啡-精選深烘焙,伯朗,桃園市平鎮區中興路527號,合格,赭麴毒素 A未檢出,108,新北市,121.225816989888,24.871318999152
伯朗濾掛咖啡,伯朗,桃園市平鎮區中興路527號,合格,赭麴毒素 A未檢出,108,新北市,121.225816989888,24.871318999152
麥斯威爾手沖濾掛式咖啡(曼特寧風味),臺北市內湖區店家,臺北市內湖區瑞光路30號,合格,赭麴毒素 A未檢出,108,新北市,121.582747009389,25.070130911223
麥斯威爾手沖濾掛式咖啡(藍山風味),臺北市內湖區店家,臺北市內湖區瑞光路30號,合格,赭麴毒素 A1.4,108,新北市,121.582747009389,25.070130911223
經典風味濾掛式咖啡,經典,臺北市內湖區瑞光路26巷36弄6號2樓,合格,赭麴毒素 A未檢出,108,新北市,121.581767248726,25.069239286272
法式深培濾掛式咖啡,法式,臺北市內湖區瑞光路26巷36弄6號2樓,合格,赭麴毒素 A未檢出,108,新北市,121.581767248726,25.069239286272
伯朗大濾掛咖啡義式中深培,伯朗,桃園市平鎮區中興路527號,合格,赭麴毒素 A未檢出,108,新北市,121.225816989888,24.871318999152
西雅圖極品濾掛咖啡(極品綜合),西雅圖極,臺北市內湖區環山路1段28巷15號,合格,赭麴毒素 A0.8,108,新北市,121.564117978124,25.085613920859
摩卡研磨瀘掛咖啡,基隆市中正區店家,基隆市中正區武訓街5號,合格,赭麴毒素 A未檢出,108,新北市,121.696822029397,25.143049990359
咖啡人瀘掛咖啡-瓜地馬拉特選小農綜合,咖啡,臺北市內湖區民善街83號7樓,合格,赭麴毒素 A未檢出,108,新北市,121.575832358364,25.06007195686
滷美腱,新北市新店區店家,新北市新店區中興路3段1號1-3樓,合格,大腸桿菌陰性大腸桿菌群陰性,110,新北市,121.545527084519,24.977591305495
綜合滷味,綜合,新北市永和區竹林路223之1號,合格,大腸桿菌陰性大腸桿菌群陰性,110,新北市,121.520822933652,25.008610088848
豬血糕,新北市淡水區店家,新北市淡水區民族路91號,合格,大腸桿菌陰性大腸桿菌群陰性,110,新北市,121.462776996876,25.133765984855
糯米腸,新北市淡水區店家,新北市淡水區民族路91號,合格,大腸桿菌陰性大腸桿菌群陰性,110,新北市,121.462776996876,25.133765984855
綜合滷味,綜合,新北市中和區中和路378巷14弄2號之1,合格,大腸桿菌陰性大腸桿菌群陰性,110,新北市,121.511137979809,25.001695018728
滷味,新北市泰山區店家,新北市泰山區明志路3段114號,合格,大腸桿菌陰性大腸桿菌群陰性,110,新北市,121.424853997969,25.040677993112
滷味,新北市新莊區店家,新北市新莊區新泰路66號,合格,大腸桿菌陰性大腸桿菌群陰性,110,新北市,121.449217089195,25.034921092463
滷味,新北市林口區店家,新北市林口區仁愛路2段23號1樓,合格,大腸桿菌陰性大腸桿菌群陰性,110,新北市,121.385644963656,25.076014001424
米血,新北市蘆洲區店家,新北市蘆洲區富興路323巷160之5號,合格,大腸桿菌陰性大腸桿菌群陰性,110,新北市,121.480703923596,25.0941562335
滷味煮,新北市汐止區店家,新北市汐止區新台五路1段99號B1樓,合格,大腸桿菌陰性大腸桿菌群陰性,110,新北市,121.648248984315,25.061621980305
王子麵,新北市汐止區店家,新北市汐止區新台五路1段99號B1樓,合格,大腸桿菌陰性大腸桿菌群陰性,110,新北市,121.648248984315,25.061621980305
滷百頁豆腐,新北市中和區店家,新北市中和區中山路2段291號B2樓,合格,大腸桿菌陰性大腸桿菌群陰性,110,新北市,121.496137725886,25.002218887677
滷味,新北市蘆洲區店家,新北市蘆洲區復興路58號,合格,大腸桿菌陰性大腸桿菌群陰性,110,新北市,121.47400631638,25.086003218352
滷味,新北市三重區店家,新北市三重區中華路48號,合格,大腸桿菌陰性大腸桿菌群陰性,110,新北市,121.483381139805,25.061689999449
滷蛋,新北市三峽區店家,新北市三峽區文化路140號,合格,大腸桿菌陰性大腸桿菌群陰性,110,新北市,121.370557035026,24.936442992155
焦糖豆干,新北市新店區店家,新北市新店區北宜路1段2722-1號,合格,大腸桿菌陰性大腸桿菌群3.6,110,新北市,121.541628547338,24.952854796879
滷味,新北市三重區店家,新北市三重區中正北路147號,合格,大腸桿菌陰性大腸桿菌群陰性,110,新北市,121.482649986391,25.067546016102
豆干,豆干,新北市土城區青雲路295巷16弄40號,合格,大腸桿菌陰性大腸桿菌群陰性,110,新北市,121.460167039866,24.978927003676
海帶,新北市土城區店家,新北市土城區青雲路295巷16弄40號,合格,大腸桿菌陰性大腸桿菌群陰性,110,新北市,121.460167039866,24.978927003676
豆腐,新北市新莊區店家,新北市新莊區瓊林里10鄰瓊林路136號,不合格,苯甲酸0.44g/kg(標準：不得檢出),108,新北市,121.448398009617,25.030334012131
春捲皮,臺北市萬華區店家,臺北市萬華區興義街89號1樓,不合格,己二烯酸0.36 g/kg(標準：不得檢出),108,新北市,121.490862742761,25.025818638981
手打豆干(含基因改造),手打,彰化縣田尾鄉饒平村光復路 2段698 號,合格,己二烯酸水楊酸對羥苯甲酸二甲基黃二乙基黃過氧化氫苯甲酸去水醋酸皂黃,108,新北市,120.465563665898,23.923773596401
大漢雞蛋豆腐,大漢,桃園市大園區大觀路548 號,合格,,108,新北市,121.18109178012,25.064490611243
義美古早傳統豆乾(五香滷汁),義美,桃園市蘆竹區南工路 1段 11號,合格,,108,新北市,121.268963004122,25.054802002876
大漢超嫩豆腐,大漢,桃園市大園區大觀路548 號,合格,,108,新北市,121.18109178012,25.064490611243
水豆腐(非基改),新北市五股區店家,新北市五股區五工六路35 號,合格,,108,新北市,121.447093919956,25.064583829959
鴻運三角壽司豆皮80片(6*6),桃園市平鎮店家,桃園市平鎮區工業南路2號,合格,,108,新北市,121.204610607216,24.896042302668
豆干(特選五香),豆干,桃園市大溪區美華里美山路 1段601巷255號,合格,己二烯酸水楊酸對羥苯甲酸二甲基黃二乙基黃過氧化氫苯甲酸去水醋酸皂黃,108,新北市,121.2870907,24.8805684
有機嫩豆腐,桃園市大溪區店家,桃園市大溪區美華里美山路 1段601巷255號,合格,,108,新北市,121.2870907,24.8805684
有機豆腐,屏東縣潮州鎮店家,屏東縣潮州鎮介壽路418 號,合格,,108,新北市,120.530976472153,22.532973188004
中華非基因改造黃豆超嫩豆腐,高雄市大樹區店家,高雄市大樹區龍目路110-6號,合格,,108,新北市,120.416563013762,22.684951020724
中華非基因改造黃豆火鍋豆腐,高雄市大樹區店家,高雄市大樹區龍目路110-6號,合格,,108,新北市,120.416563013762,22.684951020724
鱈魚火腿,鱈魚,桃園市八德區介壽路 2段 133巷130 號,合格,,108,新北市,121.310156272543,24.983781652819
中華百頁豆腐,高雄市大樹區店家,高雄市大樹區龍目路110-6號,合格,己二烯酸水楊酸對羥苯甲酸二甲基黃二乙基黃過氧化氫苯甲酸去水醋酸皂黃,108,新北市,120.416563013762,22.684951020724
素鮭魚,桃園市八德區店家,桃園市八德區介壽路 2段 133巷130 號,合格,,108,新北市,121.310156272543,24.983781652819
基改豆干-台灣,新北市中和區店家,新北市中和區景新街467 巷32弄 11號1樓,合格,,108,新北市,121.513403296584,24.988157558078
嫩嫩油豆腐,雲林縣元長鄉店家,雲林縣元長鄉西莊村西莊 109之86 號,合格,,108,新北市,120.32823372185,23.687870229458
百頁豆腐,嘉義縣民雄鄉店家,嘉義縣民雄鄉工業區成功一街 7號,合格,,108,新北市,120.453612366902,23.522397905366
茶燻百頁,台南市東區店家,台南市東區崇明路529 號,合格,,108,新北市,120.225735247957,22.971691260525
百頁豆腐(全素),台中市大里區店家,台中市大里區仁化路756 號,合格,己二烯酸水楊酸對羥苯甲酸二甲基黃二乙基黃過氧化氫苯甲酸去水醋酸皂黃,108,新北市,120.691757012429,24.09252186557
屏干(非基改),台中市西屯區店家,台中市西屯區工業39路62 號,合格,,108,新北市,120.6398842,24.1814451
三角油豆腐(非基改),台中市西屯區店家,台中市西屯區工業39路62 號,合格,,108,新北市,120.6398842,24.1814451
辣印干,台南市新營區店家,台南市新營區仁和路111 巷83號,合格,,108,新北市,120.235289018711,22.971332991948
大漢嫩豆腐,大漢,桃園市大園區大關路548 號,合格,,108,新北市,121.1954452,25.063879
中華雞蛋豆腐,高雄市大樹區店家,高雄市大樹區龍目路110-6號,合格,,108,新北市,120.416563013762,22.684951020724
中華板豆腐,屏東縣潮州鎮店家,屏東縣潮州鎮介壽路418 號,合格,己二烯酸水楊酸對羥苯甲酸二甲基黃二乙基黃過氧化氫苯甲酸去水醋酸皂黃,108,新北市,120.530976472153,22.532973188004
豆皮(純素),豆皮,新北市五股區民義路 1段 247-9號,合格,,108,新北市,121.4693072,25.0817761
大沙茶,新北市新店區店家,新北市新店區中正路501之5號5樓,合格,,108,新北市,121.533580106466,24.983617181416
五香豆干,五香,台中市霧峰區本堂里文化巷29之7號,合格,,108,新北市,120.701874029218,24.061745001963
黑面豆乾,台中市龍井區店家,台中市龍井區工業路246巷3號,合格,,108,新北市,120.511882016674,24.21585702068
潤餅皮,潤餅皮,新北市中和區和平路218-1號,合格,甲醛己二烯酸苯甲酸二氧化硫去水醋酸,108,新北市,121.464266963985,24.996086016761
龐德冷凍小麥Q皮,新北市汐止區店家,新北市汐止區福德 1路342巷2弄3號 5樓,合格,,108,新北市,121.6587593,25.0637969
黃薄餅(越南潤餅皮),臺北市大同區店家,臺北市大同區重慶北路3段338號7樓,合格,,108,新北市,121.513652718399,25.07606881907
潤餅皮,潤餅皮,新北市三重區三民街316 號,合格,,108,新北市,121.476859149198,25.069058304156
薄餅皮(400公克),薄餅,桃園市八德區建國路366 號,合格,,108,新北市,121.288328377013,24.939305443399
薄餅皮(100公克),薄餅,桃園市八德區建國路366 號,合格,,108,新北市,121.288328377013,24.939305443399
春捲皮,新北市新莊區店家,新北市新莊區五權一路5號3樓之7,合格,,108,新北市,121.457847012886,25.066418985401
薄餅皮,薄餅,高雄市苓雅區四維四路199 號12樓,合格,甲醛己二烯酸苯甲酸二氧化硫去水醋酸,108,新北市,120.293779073817,22.613783806694
澱粉皮,屏東縣新園鄉店家,屏東縣新園鄉田洋村仙隆路245-6號,合格,,108,新北市,120.453676991376,22.544784980148
潤餅皮,潤餅皮,新北市新莊區四維路155 號,合格,,108,新北市,121.422628618304,25.021921903057
潤餅皮,潤餅皮,臺北市萬華區興義街 89號 1F,合格,,108,新北市,121.490862742761,25.025818638981
春捲皮,基隆市七堵區店家,基隆市七堵區百五街 8樓 5樓,合格,,108,新北市,121.695541777506,25.083583698181
荷葉餅皮,新北市新店區店家,新北市新店區北新路 1段107號1樓,合格,,108,新北市,121.446923766298,25.178449814422
春捲皮,新北市三重區店家,新北市三重區三和路 4段 167巷47 號,合格,,108,新北市,121.440575011745,25.034377987047
潤餅皮,潤餅皮,新北市三重區大智街 73號,合格,甲醛己二烯酸苯甲酸二氧化硫去水醋酸,108,新北市,121.492335024053,25.068501008241
潤餅皮,潤餅皮,新北市泰山區明志路 2段255巷3弄 5號,合格,,108,新北市,121.431372,25.0593538
潤餅皮,潤餅皮,新北市板橋區中興路 85號,合格,,108,新北市,121.454888033427,25.007175987124
潤餅皮,潤餅皮,新北市板橋區莒光路 50號,合格,,108,新北市,121.470654980033,25.024197998002
潤餅皮,潤餅皮,新北市板橋區自由路 1號,合格,,108,新北市,121.465245970276,25.022397984295
日本青森王林蘋果#40,新北市新店區店家,新北市新店區寶中路95-4 號,合格,二硫代胺基甲酸鹽類農藥多重殘留分析(373項),108,新北市,121.549834125466,24.981115392866
有機紫高麗菜,桃園市大溪區店家,桃園市大溪區康莊路 5段246號,合格,,108,新北市,121.289165905346,24.884400300162
台灣網室香菜,雲林縣西螺鎮店家,雲林縣西螺鎮新安里振安路98 號,合格,,108,新北市,120.458182708671,23.787795859753
有機黃豆芽,台中市后里區店家,台中市后里區后里區后里里三豐路 4段129巷93弄33 號,合格,,108,新北市,120.7106878,24.3049319
芹菜,雲林縣二崙鄉店家,雲林縣二崙鄉永定村尖厝崙156 號,合格,,108,新北市,120.422283,23.792732
有機綠豆芽,台中市后里區店家,台中市后里區后里里三豐路4段 129巷93弄 33號,合格,,108,新北市,120.722094364801,24.314191497077
高麗菜,新北市五股區店家,新北市五股區五權三路20號,合格,二硫代胺基甲酸鹽類農藥多重殘留分析(373項),108,新北市,121.453366969458,25.064397982817
日本青森縣蜜富士蘋果,新北市中和區店家,新北市中和區連城路 194巷4 號,合格,,108,新北市,121.491985163415,24.997434581163
高麗菜,新北市五股區店家,新北市五股區五權三路35號,合格,,108,新北市,121.454972774468,25.066885815499
香菜,臺北市萬華區店家,臺北市萬華區萬大路 533號,合格,,108,新北市,121.497131987241,25.018499812586
甜椒-彩色甜椒,雲林縣西螺鎮店家,雲林縣西螺鎮正興里 13鄰光復西路155巷18號,合格,,108,新北市,120.459735011896,23.796410995441
Zespri陽光圓頭#52,新北市新店區店家,新北市新店區寶中路95-4 號,合格,,108,新北市,121.549834125466,24.981115392866
有機芽菜,桃園市大溪區店家,桃園市大溪區美山路 1段601巷62弄31-1 號,合格,二硫代胺基甲酸鹽類農藥多重殘留分析(373項),108,新北市,121.2870907,24.8805684
茂谷柑,新北市泰山區店家,新北市泰山區全興路235-1 號,合格,,108,新北市,121.435443359164,25.053906019336
履歷紅蘿蔔,履歷,彰化縣社頭鄉中山路 3段208號,合格,,108,新北市,120.365173984489,23.89940099041
法國加拉蘋果,法國,臺北市中山區敬業四路33號,合格,,108,新北市,121.558003044481,25.081043352876
Zespri法國金圓頭奇異果#22,新北市中和區店家,新北市中和區連城路 194巷4 號,合格,,108,新北市,121.491985163415,24.997434581163
履歷西芹,履歷,新北市五股區五權三路20號,合格,二硫代胺基甲酸鹽類農藥多重殘留分析(373項),108,新北市,121.453366969458,25.064397982817
青蔥,雲林縣西螺鎮店家,雲林縣西螺鎮新安里114-2 號,合格,,108,新北市,120.465427,23.79766
紅肉火龍果(S),新北市新店區店家,新北市新店區寶中路95-4 號,合格,,108,新北市,121.549834125466,24.981115392866
三層糕,桃園市龜山區店家,桃園市龜山區南上路 400巷8 號,合格,己二烯酸苯甲酸去水醋酸硼酸及其鹽類,108,新北市,121.304680848423,25.04518127058
壽桃糕,桃園市龜山區店家,桃園市龜山區南上路 400巷8 號,合格,,108,新北市,121.304680848423,25.04518127058
芋頭糕(純素),芋頭,雲林縣西螺鎮福安街 103號,合格,,108,新北市,120.461557992018,23.794876981431
素食蘿蔔糕,桃園市八德區店家,桃園市八德區介壽路 2段133巷 130號,合格,,108,新北市,121.309723025798,24.983399712939
綠豆灣糕,綠豆,新北市淡水區奎柔山路256號,合格,,108,新北市,121.456399961122,25.20508801807
紅龜粿,新北市三重區店家,新北市三重區自由街 18巷11號 1樓,合格,己二烯酸苯甲酸去水醋酸硼酸及其鹽類,108,新北市,121.479293034169,25.066508001213
龍鳳手工蘿蔔糕,臺北市松山區店家,臺北市松山區八德路 4段111號 7樓,合格,,108,新北市,121.5315979,25.1046726
年糕(傳統口味),新北市樹林區店家,新北市樹林區俊英街 219巷45弄8-1號,合格,,108,新北市,121.420660867086,25.010195986838
米麻糬龜,高雄市三民區店家,高雄市三民區銀杉街 5號,合格,,108,新北市,120.319090029373,22.654668000832
米麻糬桃,高雄市三民區店家,高雄市三民區銀杉街 5號,合格,,108,新北市,120.319090029373,22.654668000832
特A花生粉(熟),新北市樹林區店家,新北市樹林區大安路173號,合格,黃麴毒素B1黃麴毒素B2黃麴毒素G1黃麴毒素G2,108,新北市,121.421380202017,24.996351303997
炒熟花生粉(調和粉),南投縣南投市店家,南投縣南投市自強三路 28號,合格,,108,新北市,120.665783984897,23.927273584496
花生粉,花生,桃園市新屋區快速路2 段616巷6 號,合格,,108,新北市,121.261525081729,24.898437589473
高級花生粉,高級,彰化縣芳苑鄉仁愛村芳漢路芳2段 758號,合格,,108,新北市,120.321713090869,23.930630632276
花生粉,花生,新北市三重區光復路2 段99號,合格,,108,新北市,121.464739236984,25.085937285451
花生粉,花生,新北市土城區亞洲路42 號,合格,黃麴毒素B1黃麴毒素B2黃麴毒素G1黃麴毒素G2,108,新北市,121.435811671194,24.974021690105
花生粉,花生,新北市樹林區東和街11 之2號,合格,,108,新北市,121.403909237237,24.980781816633
花生粉,花生,雲林縣虎尾鎮光復路197號,合格,,108,新北市,120.444187000601,23.709183001755
花生粉,花生,新北市新莊區瓊林南路118-21號,合格,,108,新北市,121.433762368482,25.011003080295
一級花生粉,彰化縣芳苑鄉店家,彰化縣芳苑鄉仁愛村芳漢路2段758號,合格,,108,新北市,120.320285,23.9241781
香菇素肉,香菇,台中市豐原區振興路 375巷4 號,合格,動物性成分(定性篩選)植物性成分(蔥蒜蕎韭洋蔥),108,新北市,120.702670433326,24.131704971791
香菇火腿,香菇,彰化縣大村鄉黃厝村山腳路47-10號,合格,,108,新北市,120.591025036104,23.988704008045
春餃,新北市樹林區店家,新北市樹林區中山路 2段151巷 14弄23號,合格,,108,新北市,121.369945994285,24.934404010388
燻茶鵝,新竹縣關西鎮店家,新竹縣關西鎮北山里 6鄰崁下34 之2號,合格,,108,新北市,121.1757,24.7924691
提拉米蘇,提拉,新北市新莊區五權三路12巷3號,合格,沙門氏桿菌陰性去水醋酸未檢出大腸桿菌陰性大腸桿菌群陰性己二烯酸未檢出苯甲酸未檢出金黃色葡萄球菌陰性,109,新北市,121.452411696955,25.063030828405
提拉米蘇捲,提拉,桃園市蘆竹區蘆竹街195號,合格,大腸桿菌陰性大腸桿菌群陰性沙門氏桿菌陰性金黃色葡萄球菌陰性己二烯酸未檢出苯甲酸未檢出去水醋酸未檢出,109,新北市,121.274123993364,25.052123984812
巧克力杏仁咖啡,新北市新店區店家,新北市新店區大豐路8之1號,合格,大腸桿菌群陰性金黃色葡萄球菌陰性己二烯酸未檢出苯甲酸未檢出大腸桿菌陰性沙門氏桿菌陰性去水醋酸未檢出,109,新北市,121.541310987222,24.980417012694
提拉米蘇,提拉,新北市三重區中興北街177號7樓,合格,去水醋酸未檢出大腸桿菌群43己二烯酸未檢出苯甲酸未檢出大腸桿菌陰性金黃色葡萄球菌陰性沙門氏桿菌陰性,109,新北市,121.469164007096,25.056104005806
咖啡慕斯,咖啡,新北市中和區永和路458巷1弄19號,合格,去水醋酸未檢出大腸桿菌群150己二烯酸未檢出苯甲酸未檢出大腸桿菌陰性金黃色葡萄球菌陰性沙門氏桿菌陰性,109,新北市,121.497704515512,25.005132541254
提拉米蘇蛋糕,提拉,臺北市北投區北投路1段7號,合格,苯甲酸未檢出大腸桿菌陰性大腸桿菌群陰性沙門氏桿菌陰性己二烯酸未檢出金黃色葡萄球菌50去水醋酸未檢出金黃色葡萄球菌腸毒素陰性,109,新北市,121.501865247964,25.121871687063
WE SWEET 草莓慕斯奶凍捲(非素食),桃園市龍潭區店家,桃園市龍潭區龍祥里工一路210之1號1樓,合格,去水醋酸未檢出大腸桿菌群陰性大腸桿菌陰性金黃色葡萄球菌陰性苯甲酸未檢出己二烯酸0.20沙門氏桿菌陰性,109,新北市,121.207942832824,24.878920295685
提拉蜜絲,提拉,新北市中和區景安路1號1樓,合格,沙門氏桿菌陰性大腸桿菌群460金黃色葡萄球菌陰性去水醋酸未檢出大腸桿菌陰性苯甲酸未檢出己二烯酸未檢出,109,新北市,121.508342028367,24.999029992613
虎皮香草捲,新北市三重區店家,新北市三重區光復路1段99巷9號,合格,大腸桿菌陰性大腸桿菌群陰性己二烯酸未檢出苯甲酸未檢出金黃色葡萄球菌陰性沙門氏桿菌陰性去水醋酸未檢出,109,新北市,121.47301247412,25.050920385425
瑪格麗特,臺北市士林區店家,臺北市士林區大東路82-1號,合格,己二烯酸0.07去水醋酸未檢出大腸桿菌群240苯甲酸未檢出大腸桿菌陰性金黃色葡萄球菌陰性沙門氏桿菌陰性,109,新北市,121.525783260132,25.090897327797
阿默提拉米蘇,新北市土城區店家,新北市土城區忠承路101號4樓,合格,沙門氏桿菌陰性去水醋酸未檢出金黃色葡萄球菌陰性己二烯酸未檢出苯甲酸未檢出大腸桿菌群23大腸桿菌陰性,109,新北市,121.438593781292,24.964846202622
日本經典乳酪蛋糕,新北市土城區店家,新北市土城區忠承路101號4樓,合格,金黃色葡萄球菌陰性去水醋酸未檢出大腸桿菌陰性大腸桿菌群陰性沙門氏桿菌陰性己二烯酸未檢出苯甲酸未檢出,109,新北市,121.438593781292,24.964846202622
荷蘭貴族手工蛋糕,新北市土城區店家,新北市土城區忠承路101號4樓,合格,去水醋酸未檢出大腸桿菌陰性大腸桿菌群陰性沙門氏桿菌陰性金黃色葡萄球菌陰性苯甲酸未檢出己二烯酸未檢出,109,新北市,121.438593781292,24.964846202622
水果森林,水果,新北市板橋區國慶路27號,合格,去水醋酸未檢出大腸桿菌群9.2大腸桿菌陰性己二烯酸未檢出苯甲酸未檢出沙門氏桿菌陰性金黃色葡萄球菌陰性,109,新北市,121.458700961181,24.995771988759
絹絲芋泥,新北市板橋區店家,新北市板橋區國慶路27號,合格,沙門氏桿菌陰性金黃色葡萄球菌陰性去水醋酸未檢出大腸桿菌群93己二烯酸未檢出苯甲酸未檢出大腸桿菌陰性,109,新北市,121.458700961181,24.995771988759
巧克力協奏曲,新北市新莊區店家,新北市新莊區五權二路24號之1,合格,大腸桿菌陰性大腸桿菌群23沙門氏桿菌陰性金黃色葡萄球菌陰性己二烯酸未檢出苯甲酸未檢出去水醋酸未檢出,109,新北市,121.458494011992,25.067745002484
提拉米蘇,提拉,新北市淡水區民權路99之5號,合格,大腸桿菌陰性大腸桿菌群陰性沙門氏桿菌陰性金黃色葡萄球菌陰性己二烯酸未檢出苯甲酸未檢出去水醋酸未檢出,109,新北市,121.460042987699,25.137971981958
草莓舒芙蕾慕斯,草莓,新北市汐止區中興路109號1樓,合格,大腸桿菌陰性大腸桿菌群9.2沙門氏桿菌陰性金黃色葡萄球菌陰性己二烯酸0.09苯甲酸未檢出去水醋酸未檢出,109,新北市,121.632064032197,25.064815988329
藍莓慕斯長條蛋糕,新北市淡水區店家,新北市淡水區中山北路2段383號,合格,大腸桿菌陰性大腸桿菌群陰性沙門氏桿菌陰性金黃色葡萄球菌陰性己二烯酸0.23苯甲酸未檢出去水醋酸未檢出,109,新北市,121.443591910155,25.188174091833
年年有魚(芒果慕思蛋糕),新北市新莊區店家,新北市新莊區五權三路12巷3號,合格,大腸桿菌陰性大腸桿菌群21沙門氏桿菌陰性金黃色葡萄球菌陰性己二烯酸未檢出苯甲酸未檢出去水醋酸未檢出,109,新北市,121.452411696955,25.063030828405
藍莓慕斯長條蛋糕,臺北市松山區店家,臺北市松山區三民路160號,合格,大腸桿菌陰性大腸桿菌群陰性沙門氏桿菌陰性金黃色葡萄球菌陰性己二烯酸0.16苯甲酸未檢出去水醋酸未檢出,109,新北市,121.563538872434,25.061650646414
提拉米蘇,提拉,新北市新店區民族路65號,合格,大腸桿菌陰性大腸桿菌群240沙門氏桿菌陰性金黃色葡萄球菌陰性己二烯酸未檢出苯甲酸未檢出去水醋酸未檢出,109,新北市,121.539751031222,24.978304982641
提拉米蘇,提拉,新北市汐止區環河街166號,合格,大腸桿菌陰性大腸桿菌群93沙門氏桿菌陰性金黃色葡萄球菌陰性己二烯酸未檢出苯甲酸未檢出去水醋酸未檢出,109,新北市,121.628212966783,25.057611994006
巧克力慕斯蛋糕,新北市新莊區店家,新北市新莊區建福路62號,合格,大腸桿菌陰性大腸桿菌群23 MPN/g沙門氏桿菌陰性金黃色葡萄球菌陰性己二烯酸未檢出苯甲酸未檢出去水醋酸未檢出,109,新北市,121.426694915363,25.027201820643
提拉米蘇,提拉,新北市三重區中興北街180巷12號,合格,大腸桿菌陰性大腸桿菌群陰性沙門氏桿菌陰性金黃色葡萄球菌陰性己二烯酸未檢出苯甲酸未檢出去水醋酸未檢出,109,新北市,121.468378036035,25.057514009558
草莓慕斯蛋糕,草莓,新北市新莊區幸福路651號1樓,合格,大腸桿菌陰性大腸桿菌群23沙門氏桿菌陰性金黃色葡萄球菌陰性己二烯酸未檢出苯甲酸未檢出去水醋酸未檢出,109,新北市,121.451131012966,25.049026997317
清檸重乳酪,新北市三重區店家,新北市三重區頂崁街210巷12弄3號1樓,合格,大腸桿菌陰性大腸桿菌群陰性沙門氏桿菌陰性金黃色葡萄球菌陰性己二烯酸未檢出苯甲酸未檢出去水醋酸未檢出,109,新北市,121.476299018355,25.066926006725
提拉米蘇切片,提拉,新北市淡水區北新路184巷258號,合格,大腸桿菌陰性大腸桿菌群240沙門氏桿菌陰性金黃色葡萄球菌陰性己二烯酸未檢出苯甲酸未檢出去水醋酸未檢出,109,新北市,121.451654965734,25.176707019646
提米奶凍捲,新北市永和區店家,新北市永和區得和路219號,合格,大腸桿菌陰性大腸桿菌群23沙門氏桿菌陰性金黃色葡萄球菌陰性己二烯酸未檢出苯甲酸未檢出去水醋酸未檢出,109,新北市,121.519503035359,25.000291008037
烏骨雞切半,屏東縣里港鄉店家,屏東縣里港鄉戴興村新民路11-6號,合格,氯黴素類抗生素(4項)未檢出乙型受體素類(β-agonist)(20項)未檢出動物用藥多重殘留(48項)未檢出可利斯汀(1項)未檢出,107,新北市,120.530758984634,22.772457000228
大比目魚切片4入,臺北市士林區店家,臺北市士林區萬大路493巷12弄9號,合格,汞0.122鎘未檢出鉛未檢出,107,新北市,121.498193722916,25.01967068064
鯰魚排,新北市樹林區店家,新北市樹林區中正路657巷1號,合格,汞0.045鉛未檢出鎘未檢出,107,新北市,121.412031194853,25.012685998815
冷凍涮涮鍋台灣鯛魚片,嘉義縣六腳鄉店家,嘉義縣六腳鄉潭墘村子墘75之20號,合格,鉛未檢出汞0.043鎘未檢出,107,新北市,120.2906872,23.4939808
吳郭魚(大),新北市中和區店家,新北市中和區連城路114號,合格,鉛未檢出鎘未檢出汞0.043,107,新北市,121.496151136931,24.999672507401
曼波魚皮,新北市中和區店家,新北市中和區中山路2段390號,合格,鉛未檢出鎘未檢出汞未檢出,107,新北市,121.4904542088,25.003705292476
雞蛋,新北市汐止區店家,新北市汐止區長江街246號,合格,鉛未檢出銅0.54 mg/kg,109,新北市,121.662563095643,25.080043601375
AAG蛋,新北市三峽區店家,新北市三峽區隆恩街163號,合格,鉛未檢出銅0.63 mg/kg,109,新北市,121.362473108509,24.942686210825
雞蛋,臺北市士林區店家,臺北市士林區華齡街175號2樓,合格,鉛未檢出銅0.62 mg/kg,109,新北市,121.519387951828,25.087059170514
勤億黃金葉黃素是好蛋,嘉義市西區店家,嘉義市西區新民路37號,合格,鉛未檢出銅0.53 mg/kg,109,新北市,120.431309966571,23.452029984189
香草園A++優質紅鮮蛋,香草,台南市永康區承大一路101巷8號,合格,鉛未檢出銅0.52 mg/kg,109,新北市,120.2570108,23.0260648
向陽喫好蛋,台南市永康區店家,台南市永康區永大一路101巷8號,合格,鉛未檢出銅0.56 mg/kg,109,新北市,120.258909746444,23.017386537571
冠軍e能卵,冠軍,新北市新莊區幸福路745號4F之4,合格,鉛未檢出銅0.59 mg/kg,109,新北市,121.44863496602,25.049053400312
安心蛋白殼蛋,台南市後壁區店家,台南市後壁區新嘉里白沙屯130-9號,合格,鉛未檢出銅0.55 mg/kg,109,新北市,120.311625,23.37264
優質紅雞蛋(紅殼),優質,新北市三峽區隆恩街163號,合格,鉛未檢出銅0.51 mg/kg,109,新北市,121.362473108509,24.942686210825
鮮葡萄,新北市中和區店家,新北市中和區建八路 152巷10號1樓,合格,殺菌劑二硫代胺基甲酸鹽類(1項)未檢出農藥多重殘留分析(310項)未檢出,未知,新北市,121.489704782837,24.998128099832
日本蜜柑,新北市中和區店家,新北市中和區連城路 194巷4號,合格,,未知,新北市,121.491985163415,24.997434581163
美國綠西洋梨,台中市西屯區店家,台中市西屯區工業區二路 9-1號,合格,,未知,新北市,120.612309202837,24.168042495925
蘋果,蘋果,臺北市中正區新生南路1段50號14樓之 1,合格,,未知,新北市,121.532582911445,25.04201385893
美國青無籽葡萄,新北市板橋區店家,新北市板橋區民族路 60號11樓,合格,,未知,新北市,121.462671887811,25.009488218934
智利藍莓,智利,臺北市士林區華齡街 175號2樓,合格,,未知,新北市,121.519387951828,25.087059170514
進口葡萄,新北市中和區店家,新北市中和區福祥路 110號1樓,合格,,未知,新北市,121.499114977894,25.006285996645
奇異果,奇異,桃園市龜山區萬壽路二段 1341號,合格,,未知,新北市,121.326051979012,24.99255501432
牛腹脅肉,新北市五股區店家,新北市五股區五公一路 10號,合格,,未知,新北市,121.438063,25.0830431
牛肉,牛肉,新北市泰山區泰林路 2段48號,合格,,未知,新北市,121.431372,25.0593538
969G 美胸腹肉(牛五花),臺北市南港區店家,臺北市南港區重陽路263巷5號1樓,合格,,未知,新北市,121.603188040481,25.058348637567
雞肉,雞肉,臺北市北投區承德路 7段401巷362 號,合格,,未知,新北市,121.5026806,25.1323027
美國冷凍霜降牛排,美國冷,基隆市七堵區工建南路 2號,合格,,未知,新北市,121.70176743609,25.086464181117
紐西蘭冷凍帶骨牛小排,紐西,基隆市七堵區工建南路 2號,合格,,未知,新北市,121.70176743609,25.086464181117
肉魚,新北市三重區店家,新北市三重區重陽路2段34巷82號 1樓,合格,動物用藥多重殘留(48項)氯黴素類抗生素(4項)孔雀綠(2項),未知,新北市,121.48446198622,25.06455099446
小花枝,新北市三重區店家,新北市三重區仁義街167巷30號5樓,合格,,未知,新北市,121.498089284402,25.082240498197
冷凍象拔蚌肉,新北市中和區店家,新北市中和區橋安街 12號4樓,合格,,未知,新北市,121.492772727037,25.004969409204
鮭魚切片,鮭魚,新北市中和區立德街98巷125號,合格,,未知,新北市,121.489112014644,25.007706016771
吳郭魚,新北市中和區店家,新北市中和區連城路 114號,合格,,未知,新北市,121.496151136931,24.999672507401
冷凍台灣鯛魚下巴,嘉義縣朴子市店家,嘉義縣朴子市義竹工業區義工三路 3號,合格,,未知,新北市,120.219482425702,23.359604204707
冷凍白蝦,臺北市士林區店家,臺北市士林區中山北路 6段290巷 7弄11之1號,合格,,未知,新北市,121.5198273,25.0928568
南蝦,新北市新莊區店家,新北市新莊區建國一路 99號,合格,,未知,新北市,121.434932600118,25.02879082515
鯛魚腹片,新北市五股區店家,新北市五股區五工六路 35號,合格,,未知,新北市,121.447377932001,25.063950389188
花鯧,臺北市萬華區店家,臺北市萬華區萬大路493巷12弄9號,合格,,未知,新北市,121.498193722916,25.01967068064
冷凍大比目魚(扁鱈)切片,新北市新莊區店家,新北市新莊區新北大道二段 217號 14樓,合格,,未知,新北市,121.462772973563,25.060654289583
海上青大比目魚切片,新北市林口區店家,新北市林口區民享路 135號,合格,,未知,新北市,121.381504561036,25.082302920968
菌沛尖吻鱸魚排,雲林縣元長鄉店家,雲林縣元長鄉元長工業區興工街3號,合格,,未知,新北市,120.332982363334,23.613454417146
源牧鮮蛋(雞蛋),屏東縣新埤鄉店家,屏東縣新埤鄉萬隆村平山路68-30號,合格,芬普尼及其代謝物,未知,新北市,120.599493609015,22.513369454341
土雞蛋,彰化縣永靖鄉店家,彰化縣永靖鄉崙子村九分路 160巷 25-1號,合格,,未知,新北市,120.570170925781,23.927431193399
優質紅雞蛋(紅殼),優質,新北市三峽區隆恩街 163號,合格,,未知,新北市,121.362473108509,24.942686210825
信優洗選蛋,屏東縣鹽埔鄉店家,屏東縣鹽埔鄉洛陽村洛寧路51號,合格,,未知,新北市,120.517341988402,22.737276979134
金大安鮮蛋,台南市關廟區店家,台南市關廟區關廟鄉埤頭村100-17號,合格,,未知,新北市,120.3275611,22.9628922
AAG蛋,新北市三峽區店家,新北市三峽區隆恩街 163號,合格,,未知,新北市,121.362473108509,24.942686210825
陳皮梅,新北市三峽區店家,新北市三峽區嘉添里181之22號,合格,,未知,新北市,121.3688816,24.9341956
金棗,臺北市大同區店家,臺北市大同區民生西路 423巷23號,合格,,未知,新北市,121.508784173759,25.057628338718
SUNSWEET 太陽牌去籽加州梅,臺北市中山區店家,臺北市中山區復興北路 420號8F,合格,,未知,新北市,121.543835700277,25.062616493116
黑糖蜜棗,黑糖,高雄市湖內區民生街 249號,合格,,未知,新北市,120.246184989925,22.87742998585
化應子,臺北市士林區店家,臺北市士林區延平北路 8段146號,合格,,未知,新北市,121.5198273,25.0928568
敬洋青黃蕉 QQ,新北市新店區店家,新北市新店區民權路 95號10F,合格,苯甲酸己二烯酸去水醋酸規定煤焦色素,未知,新北市,121.53712900427,24.98279101913
棉花甜甜圈,新北市泰山區店家,新北市泰山區中港西路 120巷13之 5號,合格,,未知,新北市,121.443712291891,25.063594665838
彩色糖,彩色,台中市后里區中和里犁份路14號,合格,,未知,新北市,120.699776038853,24.305988002711
原味牛軋糖,新北市三重區店家,新北市三重區仁愛街 2600巷18號,合格,,未知,新北市,121.496672658947,25.071233885862
可樂糖,台南市南區店家,台南市南區工業區新和一路 3號,合格,,未知,新北市,120.18076859423,22.965276312532
百靈造型 QQ糖,新北市新店區店家,新北市新店區民權路 95號10樓,合格,,未知,新北市,121.53712900427,24.98279101913
水果風味糖,水果,台中市龍井區中華路 2段91號,合格,,未知,新北市,120.535449573984,24.194158591837
韓式泡菜,韓式,臺北市信義區基隆路 2段141號,合格,二氧化硫苯甲酸己二烯酸去水醋酸,未知,新北市,121.5677202,25.0331314
潮式泡菜,新北市深坑區店家,新北市深坑區北深路 3段236號,合格,,未知,新北市,121.6159209,25.0024909
韓國正安泡菜(Kimchi)白菜切塊,韓國,新北市五股區五權八路 39號,合格,,未知,新北市,121.448841328476,25.069251817218
小蘿蔔決泡菜,臺北市士林區店家,臺北市士林區延平北路 8段2巷196 號,合格,,未知,新北市,121.5198273,25.0928568
德式香腸,台中市西屯區店家,台中市西屯區文化路 3段179-15,合格,亞硝酸鹽苯甲酸己二烯酸去水醋酸,未知,新北市,120.711119985424,24.308576995764
進發原味牛肉乾,屏東縣竹田鄉店家,屏東縣竹田鄉泗洲村平洋路 102號,合格,,未知,新北市,120.518668895904,22.570135495303
QB優質火腿,新北市新莊區店家,新北市新莊區頭前路 24號,合格,,未知,新北市,121.467800019992,25.0530400011
東豪心心腸,雲林縣斗南鎮店家,雲林縣斗南鎮小東里德業陸33巷2號,合格,,未知,新北市,120.4732056,23.6922278
辣味牛肉乾,桃園市大園區店家,桃園市大園區大工路 11號,合格,,未知,新北市,121.180315996139,25.065559002136
雞翅,新北市三重區店家,新北市三重區中興北街 137之2號 1樓,合格,,未知,新北市,121.469316809191,25.051264294913
高梁香腸,臺北市中山區店家,臺北市中山區龍江路370巷48之1號,合格,,未知,新北市,121.538266500919,25.066371665148
中式原味香腸,新北市樹林區店家,新北市樹林區俊安街 43號,合格,,未知,新北市,121.420258116638,25.012775685178
高山脫水高麗菜,高山,新北市土城區慶祥街 35號,合格,二氧化硫,未知,新北市,121.43640291944,24.973692211776
紫菜,新北市中和區店家,新北市中和區建一路 150號4F-1,合格,,未知,新北市,121.48784500616,24.998416982125
早煮昆布,新北市新店區店家,新北市新店區中正路538巷1號1樓,合格,,未知,新北市,121.534149992063,24.984546985936
登豐紫菜,登豐,新北市三芝區中山路 1段55號,合格,,未知,新北市,121.36764197674,24.934575001213
深海海帶芽,高雄市岡山區店家,高雄市岡山區竹園西街 230號,合格,,未知,新北市,120.2949477,22.7973967
香菇絲,香菇,臺北市大安區敦化南路一段 205號 1500室,合格,,未知,新北市,121.549182520479,25.042048127169
魔味一根昆布,臺北市大同區店家,臺北市大同區迪化街一段 163號,合格,,未知,新北市,121.509646839234,25.058538445764
真好家海帶嫩芽,真好家,新北市五股區五工路 144號,合格,,未知,新北市,121.449644985352,25.070356007232
曼波魚皮,新北市中和區店家,新北市中和區中山路2段390號,合格,汞未檢出鉛未檢出鎘未檢出,108,新北市,121.4904312,25.0037372
精選鮭魚菲力,臺北市大安區店家,臺北市大安區敦化南路1段205號11樓1105室,合格,鉛未檢出汞未檢出鎘未檢出,108,新北市,121.5493769,25.0419105
冷凍台灣鯛魚喉,雲林縣口湖鄉店家,雲林縣口湖鄉崙背村民生路1-90號,合格,鉛0.02汞未檢出鎘未檢出,108,新北市,120.552068,23.622112
冷凍透抽,台中市北屯區店家,台中市北屯區文心路4段83號19樓306室,合格,汞未檢出鎘0.03鉛未檢出,108,新北市,120.673008,24.1741733
特級白鯰魚排(無刺),特級,新北市中和區中山路2段390號,合格,鉛未檢出汞未檢出鎘未檢出,108,新北市,121.4904312,25.0037372
飲品調棒,桃園市蘆竹區店家,桃園市蘆竹區南崁路2段9賀5樓之12,合格,耐熱溫度標示符合性未變形溶出試驗-重金屬(比色法)(60℃，30分鐘)未檢出溶出試驗-蒸發殘渣(水；60℃，30分鐘)未檢出,108,新北市,121.2799188,25.0564265
點心叉子,桃園市蘆竹區店家,桃園市蘆竹區南崁路2段9賀5樓之12,合格,溶出試驗-重金屬(比色法)(60℃，30分鐘)未檢出溶出試驗-蒸發殘渣(水；60℃，30分鐘)未檢出耐熱溫度標示符合性未變形,108,新北市,121.2799188,25.0564265
WX005(內襯),新北市新莊區店家,新北市新莊區新樹路244巷72號,合格,溶出試驗-蒸發殘渣(水；60℃，30分鐘)未檢出溶出試驗-重金屬(比色法)(60℃，30分鐘)未檢出耐熱溫度標示符合性未變形,108,新北市,121.4311745,25.0198545
小圓盤,彰化縣芳苑鄉店家,彰化縣芳苑鄉工業路11號,合格,耐熱溫度標示符合性未變形溶出試驗-重金屬(比色法)(60℃，30分鐘)未檢出溶出試驗-蒸發殘渣(水；60℃，30分鐘)未檢出,108,新北市,120.3510497,23.9139594
沛旺透明塑膠杯(7oz),基隆市七堵區店家,基隆市七堵區麗景一街57號,合格,耐熱溫度標示符合性未變形溶出試驗-蒸發殘渣(水；60℃，30分鐘)未檢出溶出試驗-重金屬(比色法)(60℃，30分鐘)未檢出,108,新北市,121.66802,25.0869389
藝術之吸管,高雄市仁武區店家,高雄市仁武區鳳仁路255號M區,合格,耐熱溫度標示符合性未變形溶出試驗-重金屬(比色法)(95℃，30分鐘)未檢出溶出試驗-蒸發殘渣(水；95℃，30分鐘)未檢出,108,新北市,120.3461552,22.6992165
塑膠湯匙,塑膠,彰化縣和美鎮大佃路255巷46弄15號,合格,溶出試驗-蒸發殘渣(水；95℃，30分鐘)未檢出溶出試驗-重金屬(比色法)(95℃，30分鐘)未檢出耐熱溫度標示符合性未變形,108,新北市,120.49584,24.0906586
冰棒袋冷凍袋(PE冷凍袋),桃園市大溪區店家,桃園市大溪區仁和路1段16巷11弄40號,合格,耐熱溫度標示符合性未變形溶出試驗-蒸發殘渣(水；60℃，30分鐘)未檢出溶出試驗-重金屬(比色法)(60℃，30分鐘)未檢出,108,新北市,121.269985,24.885424
200cc航空杯25入,新北市土城區店家,新北市土城區中興路17-1號,合格,耐熱溫度標示符合性未變形溶出試驗-重金屬(比色法)(60℃，30分鐘)未檢出溶出試驗-蒸發殘渣(水；60℃，30分鐘)未檢出,108,新北市,121.4252385,24.9664583
咖啡調味棒,咖啡,高雄市阿蓮區成功街180巷50號,合格,溶出試驗-蒸發殘渣(水；60℃，30分鐘)未檢出溶出試驗-重金屬(比色法)(60℃，30分鐘)未檢出耐熱溫度標示符合性未變形,108,新北市,120.3313194,22.8867618
西式塑膠湯匙,高雄市阿蓮區店家,高雄市阿蓮區成功街180巷50號,合格,耐熱溫度標示符合性未變形溶出試驗-蒸發殘渣(水；60℃，30分鐘)未檢出溶出試驗-重金屬(比色法)(60℃，30分鐘)未檢出,108,新北市,120.3313194,22.8867618
塑膠免洗小橢圓盤,塑膠,彰化縣芳苑鄉工業路11號,合格,溶出試驗-蒸發殘渣(水；60℃，30分鐘)未檢出溶出試驗-重金屬(比色法)(60℃，30分鐘)未檢出耐熱溫度標示符合性未變形,108,新北市,120.3510497,23.9139594
耐熱袋,桃園市新屋區店家,桃園市新屋區中山西路2段1175號,合格,耐熱溫度標示符合性未變形溶出試驗-蒸發殘渣(水；95℃，30分鐘)未檢出溶出試驗-重金屬(比色法)(95℃，30分鐘)未檢出,108,新北市,121.0499196,24.9858809
YS-180PP,彰化縣鹿港鎮店家,彰化縣鹿港鎮鹿和路3段432巷96號,合格,耐熱溫度標示符合性未變形溶出試驗-蒸發殘渣(水；95℃，30分鐘)未檢出溶出試驗-重金屬(比色法)(95℃，30分鐘)未檢出,108,新北市,120.4751956,24.0784286
106如意碗,桃園市中壢區店家,桃園市中壢區復興里長春路45號,合格,溶出試驗-蒸發殘渣(水；95℃，30分鐘)未檢出耐熱溫度標示符合性未變形溶出試驗-重金屬(比色法)(95℃，30分鐘)未檢出,108,新北市,121.2494808,24.9786676
調味碟,桃園市中壢區店家,桃園市中壢區復興里長春路45號,合格,耐熱溫度標示符合性未變形溶出試驗-蒸發殘渣(水；60℃，30分鐘)未檢出溶出試驗-重金屬(比色法)(60℃，30分鐘)未檢出,108,新北市,121.2494808,24.9786676
白色湯匙,桃園市中壢區店家,桃園市中壢區復興里長春路45號,合格,溶出試驗-重金屬(比色法)(60℃，30分鐘)未檢出耐熱溫度標示符合性未變形溶出試驗-蒸發殘渣(水；60℃，30分鐘)11.00,108,新北市,121.2494808,24.9786676
冰匙,桃園市中壢區店家,桃園市中壢區復興里長春路45號,合格,耐熱溫度標示符合性未變形溶出試驗-重金屬(比色法)(60℃，30分鐘)未檢出溶出試驗-蒸發殘渣(水；60℃，30分鐘)16.00,108,新北市,121.2494808,24.9786676
一次性吸管,桃園市龜山區店家,桃園市龜山區大同路678號,合格,耐熱溫度標示符合性未變形溶出試驗-蒸發殘渣(水；60℃，30分鐘)未檢出溶出試驗-重金屬(比色法)(60℃，30分鐘)未檢出,108,新北市,121.354629,24.9884212
吸管(5.5mm),台中市北屯區店家,台中市北屯區東山路1段384巷74號,合格,耐熱溫度標示符合性未變形溶出試驗-蒸發殘渣(水；60℃，30分鐘)未檢出溶出試驗-重金屬(比色法)(60℃，30分鐘)未檢出,108,新北市,120.6980241,24.170491
耐熱袋6兩(ozHDPE)(-10°C~+110°C),桃園市新屋區店家,桃園市新屋區中山西路2段1175號,合格,耐熱溫度標示符合性未變形溶出試驗-蒸發殘渣(水；95℃，30分鐘)12.00溶出試驗-重金屬(比色法)(95℃，30分鐘)未檢出,108,新北市,121.0499196,24.9858809
大飯碗(PP)(90°C),彰化縣芳苑鄉店家,彰化縣芳苑鄉工業路11號,合格,耐熱溫度標示符合性未變形溶出試驗-蒸發殘渣(水；60℃，30分鐘)未檢出溶出試驗-重金屬(比色法)(60℃，30分鐘)未檢出,108,新北市,120.3510497,23.9139594
明橋彎型湯匙(HIPS)(80°C),台中市東區店家,台中市東區東英13街11號,合格,溶出試驗-重金屬(比色法)(60℃，30分鐘)未檢出溶出試驗-蒸發殘渣(水；60℃，30分鐘)未檢出耐熱溫度標示符合性未變形,108,新北市,120.7073843,24.1457274
A-170高級捲邊杯,彰化縣鹿港鎮店家,彰化縣鹿港鎮東石里工業西路五路5號,合格,溶出試驗-重金屬(比色法)(60℃，30分鐘)未檢出耐熱溫度標示符合性未變形溶出試驗-蒸發殘渣(水；60℃，30分鐘)9.00,108,新北市,120.4393568,24.0585546
CK-170耐熱杯(紅色),彰化縣芳苑鄉店家,彰化縣芳苑鄉工業路11號,合格,溶出試驗-重金屬(比色法)(60℃，30分鐘)未檢出耐熱溫度標示符合性未變形溶出試驗-蒸發殘渣(水；60℃，30分鐘)未檢出,108,新北市,120.3510497,23.9139594
CK-170耐熱杯(透明),彰化縣芳苑鄉店家,彰化縣芳苑鄉工業路11號,合格,溶出試驗-重金屬(比色法)(60℃，30分鐘)未檢出耐熱溫度標示符合性未變形溶出試驗-蒸發殘渣(水；60℃，30分鐘)未檢出,108,新北市,120.3510497,23.9139594
妙潔密實袋,苗栗縣竹南鎮店家,苗栗縣竹南鎮和誠街38號,合格,耐熱溫度標示符合性未變形溶出試驗-蒸發殘渣(水；60℃，30分鐘)未檢出溶出試驗-重金屬(比色法)(60℃，30分鐘)未檢出,108,新北市,120.8772095,24.7141775
妙潔PE保鮮袋,苗栗縣竹南鎮店家,苗栗縣竹南鎮和誠街38號,合格,耐熱溫度標示符合性未變形溶出試驗-重金屬(比色法)(60℃，30分鐘)未檢出溶出試驗-蒸發殘渣(水；60℃，30分鐘)未檢出,108,新北市,120.8772095,24.7141775
食物保鮮袋,臺北市松山區店家,臺北市松山區敦化南路2段95號6樓,合格,溶出試驗-蒸發殘渣(水；95℃，30分鐘)10.00溶出試驗-重金屬(比色法)(95℃，30分鐘)未檢出耐熱溫度標示符合性未變形,108,新北市,121.5494189,25.0293075
Fami叉子,台中市烏日區店家,台中市烏日區中山路1段和平巷81號,合格,溶出試驗-蒸發殘渣(水；95℃，30分鐘)未檢出耐熱溫度標示符合性未變形溶出試驗-重金屬(比色法)(95℃，30分鐘)未檢出,108,新北市,120.6458538,24.1079046
Fami湯匙,台中市烏日區店家,台中市烏日區中山路1段和平巷81號,合格,溶出試驗-重金屬(比色法)(95℃，30分鐘)未檢出耐熱溫度標示符合性未變形溶出試驗-蒸發殘渣(水；95℃，30分鐘)5.00,108,新北市,120.6458538,24.1079046
透明啤酒杯,新北市新莊區店家,新北市新莊區福營路125巷35號,合格,溶出試驗-重金屬(比色法)(60℃，30分鐘)未檢出溶出試驗-蒸發殘渣(水；60℃，30分鐘)未檢出耐熱溫度標示符合性未變形,108,新北市,121.4338732,25.0302582
彎型湯匙,新北市板橋區店家,新北市板橋區大同街26巷29號,合格,溶出試驗-蒸發殘渣(水；60℃，30分鐘)未檢出耐熱溫度標示符合性未變形溶出試驗-重金屬(比色法)(60℃，30分鐘)未檢出,108,新北市,121.4785159,25.0265544
中華免洗湯匙,台南市南區店家,台南市南區新仁路2-1號,合格,溶出試驗-重金屬(比色法)(60℃，30分鐘)未檢出溶出試驗-蒸發殘渣(水；60℃，30分鐘)未檢出耐熱溫度標示符合性未變形,108,新北市,120.1832288,22.9764926
A-170高級捲邊杯,彰化縣鹿港鎮店家,彰化縣鹿港鎮東石里工業西五路9號,合格,溶出試驗-重金屬(比色法)(60℃，30分鐘)未檢出耐熱溫度標示符合性未變形溶出試驗-蒸發殘渣(水；60℃，30分鐘)未檢出,108,新北市,120.4004243,24.0700493
可微波500湯碗附蓋,新北市新莊區店家,新北市新莊區福營路125巷35號,合格,溶出試驗-蒸發殘渣(水；60℃，30分鐘)未檢出耐熱溫度標示符合性未變形溶出試驗-重金屬(比色法)(60℃，30分鐘)未檢出,108,新北市,121.4338732,25.0302582
86120072晶鑽杯,桃園市蘆竹區店家,桃園市蘆竹區南崁路二段9號5樓之12,合格,溶出試驗-蒸發殘渣(水；60℃，30分鐘)未檢出耐熱溫度標示符合性未變形溶出試驗-重金屬(比色法)(60℃，30分鐘)未檢出,108,新北市,121.2799188,25.0564265
塑膠湯匙,塑膠,桃園市蘆竹區南崁路二段9號5樓之12,合格,耐熱溫度標示符合性未變形溶出試驗-重金屬(比色法)(60℃，30分鐘)未檢出溶出試驗-蒸發殘渣(水；60℃，30分鐘)未檢出,108,新北市,121.2799188,25.0564265
菲力家族免洗PP塑膠碗(200C.C),台中市南區店家,台中市南區忠明路789號28樓,合格,耐熱溫度標示符合性未變形溶出試驗-蒸發殘渣(水；60℃，30分鐘)未檢出溶出試驗-重金屬(比色法)(60℃，30分鐘)未檢出,108,新北市,120.6711007,24.1192362
KY102耐熱碗,彰化縣芳苑鄉店家,彰化縣芳苑鄉工區三路22號,合格,耐熱溫度標示符合性未變形溶出試驗-重金屬(比色法)(60℃，30分鐘)未檢出溶出試驗-蒸發殘渣(水；60℃，30分鐘)未檢出,108,新北市,120.3502786,23.9120851
食尚達人免洗湯匙,高雄市田寮區店家,高雄市田寮區西德里(路)44-1號,合格,溶出試驗-重金屬(比色法)(60℃，30分鐘)未檢出耐熱溫度標示符合性未變形溶出試驗-蒸發殘渣(水；60℃，30分鐘)未檢出,108,新北市,120.369492,22.8887761
家是美彩色湯匙(三包)117CM,臺北市士林區店家,臺北市士林區通河西街2段108巷2弄9號1樓,合格,溶出試驗-蒸發殘渣(水；60℃，30分鐘)未檢出耐熱溫度標示符合性未變形溶出試驗-重金屬(比色法)(60℃，30分鐘)未檢出,108,新北市,121.507595,25.0924683
歐式攪拌棒(咖啡棒),彰化縣北斗鎮店家,彰化縣北斗鎮中山路2段351號,合格,耐熱溫度標示符合性未變形溶出試驗-蒸發殘渣(水；60℃，30分鐘)未檢出溶出試驗-重金屬(比色法)(60℃，30分鐘)未檢出,108,新北市,120.5210786,23.8795207
家是美彩色叉子(三色)/17cm,臺北市士林區店家,臺北市士林區通河西街2段108巷2弄9號1樓,合格,溶出試驗-重金屬(比色法)(60℃，30分鐘)未檢出耐熱溫度標示符合性未變形溶出試驗-蒸發殘渣(水；60℃，30分鐘)未檢出,108,新北市,121.507595,25.0924683
免洗湯匙,台南市佳里區店家,台南市佳里區頂?里頂?1之5號,合格,溶出試驗-重金屬(比色法)(60℃，30分鐘)未檢出耐熱溫度標示符合性未變形溶出試驗-蒸發殘渣(水；60℃，30分鐘)未檢出,108,新北市,120.1704766,23.1694465
食尚達人-塑膠調味碟,高雄市田寮區店家,高雄市田寮區西德里(路)44-1號,合格,溶出試驗-蒸發殘渣(水；60℃，30分鐘)未檢出耐熱溫度標示符合性未變形溶出試驗-重金屬(比色法)(60℃，30分鐘)未檢出,108,新北市,120.369492,22.8887761
蛋糕托刀,台中市南屯區店家,台中市南屯區工業23路35號,合格,溶出試驗-蒸發殘渣(水；60℃，30分鐘)未檢出溶出試驗-重金屬(比色法)(60℃，30分鐘)未檢出耐熱溫度標示符合性未變形,108,新北市,120.6084832,24.1471183
85度C小叉匙,台中市南屯區店家,台中市南屯區工業23路35號,合格,溶出試驗-蒸發殘渣(水；60℃，30分鐘)1.00耐熱溫度標示符合性未變形溶出試驗-重金屬(比色法)(60℃，30分鐘)未檢出,108,新北市,120.6084832,24.1471183
珍珠吸管加長,珍珠,台南市新化區中山路100~2號,合格,溶出試驗-蒸發殘渣(水；60℃，30分鐘)未檢出耐熱溫度標示符合性未變形溶出試驗-重金屬(比色法)(60℃，30分鐘)未檢出,108,新北市,120.3120623,23.0420795
直吸管加長,台南市新化區店家,台南市新化區中山路100~2號,合格,耐熱溫度標示符合性未變形溶出試驗-蒸發殘渣(水；60℃，30分鐘)未檢出溶出試驗-重金屬(比色法)(60℃，30分鐘)未檢出,108,新北市,120.3120623,23.0420795
免洗紙碗,台南市佳里區店家,台南市佳里區六安里117-26號,合格,螢光增白劑未檢出,107,新北市,120.1791357,23.1703108
7吋紙盤,桃園市中壢區店家,桃園市中壢區復興里長春路45號,合格,螢光增白劑未檢出,107,新北市,121.2494808,24.9786676
紙飯碗500,桃園市中壢區店家,桃園市中壢區復興里長春路45號,合格,螢光增白劑未檢出,107,新北市,121.2494808,24.9786676
UNIDESIGN免洗紙盤(22cm),台南市佳里區店家,台南市佳里區六安里117-26號,合格,螢光增白劑未檢出,107,新北市,120.1791357,23.1703108
漿塑10吋紙盤,臺北市士林區店家,臺北市士林區華齡街175號2F,合格,螢光增白劑未檢出,107,新北市,121.5192471,25.0871324
6B號防油紙,新北市中和區店家,新北市中和區中山路2段380巷4號,合格,螢光增白劑未檢出,107,新北市,121.4910501,25.004454
自然風環保植纖園紙盤,自然風環,台南市佳里區成功路202巷4弄7號,合格,螢光增白劑未檢出,107,新北市,120.1726956,23.1506962
自然風環保植纖湯碗,自然風環,台南市佳里區成功路202巷4弄7號,合格,螢光增白劑未檢出,107,新北市,120.1726956,23.1506962
自然風環保植纖隨圓大紙盤,自然風環,台南市佳里區成功路202巷4弄7號,合格,螢光增白劑未檢出,107,新北市,120.1726956,23.1506962
自然風環保植纖大飯碗,自然風環,台南市佳里區成功路202巷4弄7號,合格,螢光增白劑未檢出,107,新北市,120.1726956,23.1506962
兩塊蛋糕紙盒,臺北市內湖區店家,臺北市內湖區內湖路1段314號4樓,合格,螢光增白劑未檢出,107,新北市,121.5683655,25.0823089
家是美植纖碗(10*8吋植纖圓盤),臺北市士林區店家,臺北市士林區通河西街108巷2弄9號1樓,合格,螢光增白劑未檢出,107,新北市,121.5079897,25.092743
津好環保紙餐具9吋紙漿圓盤,台中市豐原區店家,台中市豐原區社光路50號,合格,螢光增白劑未檢出,107,新北市,120.7234816,24.2521213
免洗餐盤,新北市林口區店家,新北市林口區南勢街3鄰71-79號附6,合格,螢光增白劑未檢出,107,新北市,121.3650291,25.0737177
愛屋族紙飯盒,台中市烏日區店家,台中市烏日區五光路636-1號,合格,螢光增白劑未檢出,107,新北市,120.6429316,24.0939018
愛屋族(850)湯杯(5入),台中市烏日區店家,台中市烏日區五光路636-1號,合格,螢光增白劑未檢出,107,新北市,120.6429316,24.0939018
300ml碗,臺北市士林區店家,臺北市士林區通河西街2段108巷2弄9號1樓,合格,螢光增白劑未檢出,107,新北市,121.507595,25.0924683
7吋植纖圓盤6入,臺北市士林區店家,臺北市士林區通河西街2段108巷2弄9號1樓,合格,螢光增白劑未檢出,107,新北市,121.507595,25.0924683
家是美500ml碗,臺北市士林區店家,臺北市士林區通河西街2段108巷2弄9號1樓,合格,螢光增白劑未檢出,107,新北市,121.507595,25.0924683
咖啡濾紙2-4杯,咖啡,高雄市仁武區京富路100號,合格,螢光增白劑未檢出,107,新北市,120.3380139,22.6809211
掛川酵母黃金雞雞胸肉,新北市三重區店家,新北市三重區光復路1段111-1號,合格,動物用藥多重殘留(48項)未檢出安保寧(1項)未檢,110,新北市,121.4762091,25.0553152
後腿肉,後腿,新北市樹林區俊安街43號,合格,氯黴素類抗生素(4項)未檢出乙型受體素類(β-agonist)(21項)未檢出,110,新北市,121.4215545,25.0127449
雞肉,雞肉,新北市泰山區中港南路103號,合格,動物用藥多重殘留(48項)未檢出安保寧(1項)未檢,110,新北市,121.446322,25.0629701
梅肉卷,臺北市南港區店家,臺北市南港區重陽路263巷5號1F,合格,氯黴素類抗生素(4項)未檢出乙型受體素類(β-agonist)(21項)未檢出,110,新北市,121.6032763,25.0583329
豬肉,豬肉,新北市樹林區俊安街43號,合格,氯黴素類抗生素(4項)未檢出乙型受體素類(β-agonist)(21項)未檢出,110,新北市,121.4215545,25.0127449
豬肉,豬肉,新北市樹林區柑園街1段1-1號,合格,氯黴素類抗生素(4項)未檢出乙型受體素類(β-agonist)(21項)未檢出,110,新北市,121.4065995,24.960914
雞胸肉,新北市泰山區店家,新北市泰山區中港路103號,合格,動物用藥多重殘留(48項)未檢出安保寧(1項)未檢,110,新北市,121.4446797,25.0659855
牛肉,牛肉,台中市西屯區工業區一路130-3號,合格,氯黴素類抗生素(4項)未檢出乙型受體素類(β-agonist)(21項)未檢出,110,新北市,120.5966115,24.1772732
美國牛梅花火鍋片,新北市板橋區店家,新北市板橋區干城路142號,合格,氯黴素類抗生素(4項)未檢出乙型受體素類(β-agonist)(21項)檢出細項Ractopamine0.001,110,新北市,121.4595491,24.9932599
澳洲100%穀飼沙朗牛排,新北市汐止區店家,新北市汐止區湖前街110巷97弄24號B1-6,合格,氯黴素類抗生素(4項)未檢出乙型受體素類(β-agonist)(21項)未檢出,110,新北市,121.6325656,25.0761918
奇美天津蔥抓餅,高雄市湖內區店家,高雄市湖內區中山路2段51號,合格,生菌數2100大腸桿菌陰性,107,新北市,120.2283215,22.9068506
原味蛋餅皮,台南市安南區店家,台南市安南區安通路二段2號,合格,生菌數5100大腸桿菌陰性,107,新北市,120.2255448,23.0454213
龍鳳蔥抓餅,臺北市松山區店家,臺北市松山區八路德路四段111號7樓,合格,生菌數<10大腸桿菌陰性,107,新北市,121.5741938,25.0505444
義美蔥抓餅,義美,臺北市信義區二段88號10樓,合格,生菌數120大腸桿菌陰性,107,新北市,121.5731167,25.0332738
義美香酥蔥油餅,義美,臺北市信義區信義路2段88號5樓,合格,生菌數2600大腸桿菌陰性,107,新北市,121.5267953,25.0339389
金品蔥抓餅,台中市太平區店家,台中市太平區田堤路608號,合格,生菌數1800大腸桿菌陰性,107,新北市,120.7277463,24.1128809
香蔥蛋餅皮,高雄市大寮區店家,高雄市大寮區河堤路2段370號,合格,大腸桿菌陰性生菌數20,107,新北市,120.4339521,22.6007622
義美九層塔蛋餅皮,義美,桃園市蘆竹區南工路1段11號,合格,大腸桿菌陰性生菌數<10,107,新北市,121.2727696,25.0543353
紅象黃金抓餅,新北市板橋區店家,新北市板橋區信義路163巷4號,合格,大腸桿菌陰性生菌數1600,107,新北市,121.4592424,24.9923755
蔥抓餅,台南市安南區店家,台南市安南區安通路二段2號,合格,生菌數60大腸桿菌陰性,107,新北市,120.2255448,23.0454213
八仙果(甘蔘粒)100,八仙,新北市汐止區民生街6號,合格,己二烯酸醋磺內酯鉀(Acesulfamepotassium)甘精(dulcin)去水醋酸苯甲酸糖精(Saccharin)環己基(代)磺醯胺酸(cyclamate),108,新北市,121.6601512,25.0689043
帶皮甘蔘果50,新北市汐止區店家,新北市汐止區民生街6號,合格,己二烯酸醋磺內酯鉀(Acesulfamepotassium)甘精(dulcin)去水醋酸苯甲酸糖精(Saccharin)環己基(代)磺醯胺酸(cyclamate),108,新北市,121.6601512,25.0689043
八仙果-赤角,八仙,新北市土城區金城路2段46巷3號之2,合格,己二烯酸醋磺內酯鉀(Acesulfamepotassium)甘精(dulcin)去水醋酸苯甲酸糖精(Saccharin)環己基(代)磺醯胺酸(cyclamate),108,新北市,121.4525703,24.9787944
八仙果-黑角,八仙,新北市土城區金城路2段46巷3號之2,合格,己二烯酸醋磺內酯鉀(Acesulfamepotassium)甘精(dulcin)去水醋酸苯甲酸糖精(Saccharin)環己基(代)磺醯胺酸(cyclamate),108,新北市,121.4525703,24.9787944
八仙菓,八仙,臺北市松山區中山北路2段116巷2之8號,合格,己二烯酸醋磺內酯鉀(Acesulfamepotassium)甘精(dulcin)去水醋酸苯甲酸糖精(Saccharin)環己基(代)磺醯胺酸(cyclamate),108,新北市,121.5638621,25.0541591
八仙菓角(赤色),八仙,臺北市松山區中山北路2段116巷2之8號,合格,己二烯酸醋磺內酯鉀(Acesulfamepotassium)甘精(dulcin)去水醋酸苯甲酸糖精(Saccharin)環己基(代)磺醯胺酸(cyclamate),108,新北市,121.5638621,25.0541591
八仙果,八仙,彰化縣秀水鄉福安村彰水路2段374巷6號1樓,合格,己二烯酸醋磺內酯鉀(Acesulfamepotassium)甘精(dulcin)去水醋酸苯甲酸糖精(Saccharin)環己基(代)磺醯胺酸(cyclamate),108,新北市,120.4948557,24.0277437
八仙果(甘蔘切片),八仙,臺北市松山區民生西路423巷23號1樓,合格,己二烯酸醋磺內酯鉀(Acesulfamepotassium)甘精(dulcin)去水醋酸苯甲酸糖精(Saccharin)環己基(代)磺醯胺酸(cyclamate),108,新北市,121.508826,25.05763
八仙果,八仙,臺北市大同區迪化街1段46巷18弄6號,合格,己二烯酸醋磺內酯鉀(Acesulfamepotassium)甘精(dulcin)去水醋酸苯甲酸糖精(Saccharin)環己基(代)磺醯胺酸(cyclamate),108,新北市,121.5097974,25.0564363
八仙果,八仙,新北市板橋區雙十路2段47巷5號,合格,己二烯酸醋磺內酯鉀(Acesulfamepotassium)甘精(dulcin)去水醋酸苯甲酸糖精(Saccharin)環己基(代)磺醯胺酸(cyclamate),108,新北市,121.4761264,25.0259472
八仙果,八仙,彰化縣員林鎮山腳路2段562巷19號,合格,己二烯酸醋磺內酯鉀(Acesulfamepotassium)甘精(dulcin)去水醋酸苯甲酸糖精(Saccharin)環己基(代)磺醯胺酸(cyclamate),108,新北市,120.6035754,23.9555934
八仙果-原味甘草,八仙,桃園市龍潭區湧光路577巷3弄29號,合格,己二烯酸醋磺內酯鉀(Acesulfamepotassium)甘精(dulcin)去水醋酸苯甲酸糖精(Saccharin)環己基(代)磺醯胺酸(cyclamate),108,新北市,121.2015253,24.8886646
八仙果-清涼薄荷,八仙,桃園市龍潭區湧光路577巷3弄29號,合格,己二烯酸醋磺內酯鉀(Acesulfamepotassium)甘精(dulcin)去水醋酸苯甲酸糖精(Saccharin)環己基(代)磺醯胺酸(cyclamate),108,新北市,121.2015253,24.8886646
八仙果,八仙,新北市板橋區龍泉街55巷7號2樓,合格,己二烯酸醋磺內酯鉀(Acesulfamepotassium)甘精(dulcin)去水醋酸苯甲酸糖精(Saccharin)環己基(代)磺醯胺酸(cyclamate),108,新北市,121.4574507,25.0253444
黑角八仙菓,新北市板橋區店家,新北市板橋區龍泉街55巷8弄7號2樓,合格,己二烯酸醋磺內酯鉀(Acesulfamepotassium)甘精(dulcin)去水醋酸苯甲酸糖精(Saccharin)環己基(代)磺醯胺酸(cyclamate),108,新北市,121.4570764,25.0254016
生鵝肉,彰化縣大城鄉店家,彰化縣大城鄉豐美村過湖路256號,合格,四環黴素類(7項)未檢出動物用藥多重殘留(48項)未檢出Clenbuterol未檢出Salbutamol未檢出Terbutaline未檢出Tulobuterol未檢出Cimaterol未檢出Ractopamine未檢出氯黴素類抗生素(4項)未檢出Zilpaterol未檢出,107,新北市,120.3164675,23.8920808
鵝肉,雲林縣土庫鎮店家,雲林縣土庫鎮馬光厝東平里新光36-12號,合格,四環黴素類(7項)未檢出動物用藥多重殘留(48項)未檢出Zilpaterol未檢出Terbutaline未檢出Ractopamine未檢出氯黴素類抗生素(4項)未檢出Cimaterol未檢出Tulobuterol未檢出Salbutamol未檢出Clenbuterol未檢出,107,新北市,120.3617266,23.7184431
灌風鵝,雲林縣東勢鄉店家,雲林縣東勢鄉隴潭村和平路77之11號1樓,合格,Ractopamine未檢出氯黴素類抗生素(4項)未檢出Zilpaterol未檢出四環黴素類(7項)未檢出動物用藥多重殘留(48項)未檢出Terbutaline未檢出Cimaterol未檢出Tulobuterol未檢出Clenbuterol未檢出Salbutamol未檢出,107,新北市,120.234826,23.6993914
生鵝肉,雲林縣東勢鄉店家,雲林縣東勢鄉龍潭村和平路77之11號,合格,動物用藥多重殘留(48項)未檢出Clenbuterol未檢出Zilpaterol未檢出Terbutaline未檢出Ractopamine未檢出氯黴素類抗生素(4項)未檢出Salbutamol未檢出Cimaterol未檢出Tulobuterol未檢出四環黴素類(7項)未檢出,107,新北市,120.234826,23.6993914
鵝肉,高雄市阿蓮區店家,高雄市阿蓮區港後村7之5號,合格,Cimaterol未檢出Terbutaline未檢出Tulobuterol未檢出Ractopamine未檢出氯黴素類抗生素(4項)未檢出四環黴素類(7項)未檢出動物用藥多重殘留(48項)未檢出Clenbuterol未檢出Salbutamol未檢出Zilpaterol未檢出,107,新北市,120.31426,22.872542
生鵝肉,雲林縣東勢鄉店家,雲林縣東勢鄉和平路77-11號,合格,Tulobuterol未檢出Ractopamine未檢出氯黴素類抗生素(4項)未檢出四環黴素類(7項)未檢出動物用藥多重殘留(48項)未檢出Clenbuterol未檢出Salbutamol未檢出Zilpaterol未檢出Terbutaline未檢出Cimaterol未檢出,107,新北市,120.236242,23.701064
生鵝肉,桃園市桃園區店家,桃園市桃園區大園區田溪路171巷22號,合格,Zilpaterol未檢出Cimaterol未檢出Tulobuterol未檢出Terbutaline未檢出Ractopamine未檢出氯黴素類抗生素(4項)未檢出四環黴素類(7項)未檢出動物用藥多重殘留(48項)未檢出Clenbuterol未檢出Salbutamol未檢出,107,新北市,121.1970243,25.0322857
PE耐熱袋半斤,桃園市桃園區店家,桃園市桃園區民有五街268號1F,合格,耐熱溫度標示符合性未變形溶出試驗-重金屬(比色法)(95℃，30分鐘)未檢出溶出試驗-蒸發殘渣(水；95℃，30分鐘)22.00,109,新北市,121.3163402,25.0119505
PP飯碗,新北市新莊區店家,新北市新莊區福營路125巷35號,合格,耐熱溫度標示符合性未變形溶出試驗-重金屬(比色法)(60℃，30分鐘)未檢出溶出試驗-蒸發殘渣(水；60℃，30分鐘)未檢出,109,新北市,121.4338732,25.0302582
AB300,新北市林口區店家,新北市林口區工二工業區工二路15號,合格,耐熱溫度標示符合性未變形溶出試驗-重金屬(比色法)(60℃，30分鐘)未檢出溶出試驗-蒸發殘渣(水；60℃，30分鐘)21.00,109,新北市,121.4011753,25.0822869
CB300,新北市林口區店家,新北市林口區工二工業區工二路15號,合格,耐熱溫度標示符合性未變形溶出試驗-重金屬(比色法)(60℃，30分鐘)未檢出溶出試驗-蒸發殘渣(水；60℃，30分鐘)未檢出,109,新北市,121.4011753,25.0822869
紙包直吸管100入,新北市新莊區店家,新北市新莊區中正路70號,合格,耐熱溫度標示符合性未變形溶出試驗-重金屬(比色法)(60℃，30分鐘)未檢出溶出試驗-蒸發殘渣(水；60℃，30分鐘)7.00,109,新北市,121.4595735,25.038679
PP10吋圓盤,新北市新莊區店家,新北市新莊區福營路125巷35號,合格,耐熱溫度標示符合性未變形溶出試驗-重金屬(比色法)(60℃，30分鐘)未檢出溶出試驗-蒸發殘渣(水；60℃，30分鐘)28.00,109,新北市,121.4338732,25.0302582
透明啤酒杯,新北市新莊區店家,新北市新莊區福營路125巷35號,合格,耐熱溫度標示符合性未變形溶出試驗-重金屬(比色法)(60℃，30分鐘)未檢出溶出試驗-蒸發殘渣(水；60℃，30分鐘)11.00,109,新北市,121.4338732,25.0302582
西餐叉,新北市新莊區店家,新北市新莊區福營路125巷35號,合格,耐熱溫度標示符合性未變形溶出試驗-重金屬(比色法)(95℃，30分鐘)未檢出溶出試驗-蒸發殘渣(水；95℃，30分鐘)未檢出,109,新北市,121.4338732,25.0302582
醬油碟(小),基隆市七堵區店家,基隆市七堵區工建路5號,合格,耐熱溫度標示符合性未變形溶出試驗-重金屬(比色法)(60℃，30分鐘)未檢出溶出試驗-蒸發殘渣(水；60℃，30分鐘)26.00,109,新北市,121.701763,25.0890075
厚口藏鮮PE密實袋小16入,新北市永和區店家,新北市永和區永和路1段67號13樓,合格,耐熱溫度標示符合性未變形溶出試驗-重金屬(比色法)(60℃，30分鐘)未檢出溶出試驗-蒸發殘渣(水；60℃，30分鐘)15.00,109,新北市,121.4964767,25.0065527
A-170高級捲邊杯,彰化縣鹿港鎮店家,彰化縣鹿港鎮東石里工業西路7號,合格,耐熱溫度標示符合性未變形溶出試驗-重金屬(比色法)(60℃，30分鐘)未檢出溶出試驗-蒸發殘渣(水；60℃，30分鐘)21.00,109,新北市,120.394255,24.074109
耐熱碗,彰化縣芳苑鄉店家,彰化縣芳苑鄉工區三路22號,合格,耐熱溫度標示符合性未變形溶出試驗-重金屬(比色法)(60℃，30分鐘)未檢出溶出試驗-蒸發殘渣(水；60℃，30分鐘)未檢出,109,新北市,120.3502786,23.9120851
114大醬油碟,台中市大雅區店家,台中市大雅區中和五路25號,合格,耐熱溫度標示符合性未變形溶出試驗-重金屬(比色法)(60℃，30分鐘)未檢出溶出試驗-蒸發殘渣(水；60℃，30分鐘)未檢出,109,新北市,120.6430708,24.2160933
15入紅運杯,台中市東區店家,台中市東區東英13街11號1樓,合格,耐熱溫度標示符合性未變形溶出試驗-重金屬(比色法)(60℃，30分鐘)未檢出溶出試驗-蒸發殘渣(水；60℃，30分鐘)11.00,109,新北市,120.7073843,24.1457274
彩色斜口吸管 材質：PP 耐熱100度,彩色,新北市新莊區福營路125巷35號,合格,耐熱溫度標示符合性未變形溶出試驗-重金屬(比色法)(95℃，30分鐘)未檢出溶出試驗-蒸發殘渣(水；95℃，30分鐘)17.00,109,新北市,121.4338732,25.0302582
西餐匙 材質：PP(聚丙烯) 耐熱100度,新北市新莊區店家,新北市新莊區福營路125巷35號,合格,耐熱溫度標示符合性未變形溶出試驗-重金屬(比色法)(95℃，30分鐘)未檢出溶出試驗-蒸發殘渣(水；95℃，30分鐘)未檢出,109,新北市,121.4338732,25.0302582
彎曲湯匙 材質：HIPS 耐熱90度,新北市新莊區店家,新北市新莊區福營路125巷35號,合格,耐熱溫度標示符合性未變形溶出試驗-重金屬(比色法)(60℃，30分鐘)未檢出溶出試驗-蒸發殘渣(水；60℃，30分鐘)未檢出,109,新北市,121.4338732,25.0302582
PP飯碗,臺北市士林區店家,臺北市士林區華齡街175號2樓,合格,耐熱溫度標示符合性未變形溶出試驗-重金屬(比色法)(60℃，30分鐘)未檢出溶出試驗-蒸發殘渣(水；60℃，30分鐘)20.00,109,新北市,121.5192471,25.0871324
中圓龍鳳盤,彰化縣芳苑鄉店家,彰化縣芳苑鄉工業路11號,合格,耐熱溫度標示符合性未變形溶出試驗-重金屬(比色法)(60℃，30分鐘)未檢出溶出試驗-蒸發殘渣(水；60℃，30分鐘)7.00,109,新北市,120.3510497,23.9139594
大飯碗,彰化縣芳苑鄉店家,彰化縣芳苑鄉工業路11號,合格,耐熱溫度標示符合性未變形溶出試驗-重金屬(比色法)(60℃，30分鐘)未檢出溶出試驗-蒸發殘渣(水；60℃，30分鐘)未檢出,109,新北市,120.3510497,23.9139594
塑膠西餐刀,塑膠,新北市蘆洲區長樂路42號,合格,耐熱溫度標示符合性未變形溶出試驗-重金屬(比色法)(95℃，30分鐘)未檢出溶出試驗-蒸發殘渣(水；95℃，30分鐘)未檢出,109,新北市,121.4631683,25.0861583
3M立體密實袋(中),臺北市南港區店家,臺北市南港區經貿二路198號3樓,合格,耐熱溫度標示符合性未變形溶出試驗-重金屬(比色法)(60℃，30分鐘)未檢出溶出試驗-蒸發殘渣(水；60℃，30分鐘)13.00,109,新北市,121.6147007,25.0598662
楓康耐熱袋 中,台中市大肚區店家,台中市大肚區中和里南榮路59號,合格,耐熱溫度標示符合性未變形溶出試驗-重金屬(比色法)(95℃，30分鐘)未檢出溶出試驗-蒸發殘渣(水；95℃，30分鐘)3.00,109,新北市,120.5833474,24.112503
妙潔耐熱袋,苗栗縣竹南鎮店家,苗栗縣竹南鎮和誠街38號,合格,耐熱溫度標示符合性未變形溶出試驗-重金屬(比色法)(95℃，30分鐘)未檢出溶出試驗-蒸發殘渣(水；95℃，30分鐘)未檢出,109,新北市,120.8772095,24.7141775
妙潔立體密實袋,苗栗縣竹南鎮店家,苗栗縣竹南鎮和誠街38號,合格,耐熱溫度標示符合性未變形溶出試驗-重金屬(比色法)(60℃，30分鐘)未檢出溶出試驗-蒸發殘渣(水；60℃，30分鐘)未檢出,109,新北市,120.8772095,24.7141775
高效鎖鮮立體袋L款,臺北市內湖區店家,臺北市內湖區基湖路37號8樓,合格,耐熱溫度標示符合性未變形溶出試驗-重金屬(比色法)(60℃，30分鐘)未檢出溶出試驗-蒸發殘渣(水；60℃，30分鐘)5.00,109,新北市,121.5650878,25.0794926
OP蔬果保鮮袋,臺北市中正區店家,臺北市中正區羅斯福路2段1023號24樓之1,合格,耐熱溫度標示符合性未變形溶出試驗-重金屬(比色法)(60℃，30分鐘)未檢出溶出試驗-蒸發殘渣(水；60℃，30分鐘)4.00,109,新北市,121.5247702,25.0235819
萬里城耐熱袋,新北市土城區店家,新北市土城區自強街2號,合格,耐熱溫度標示符合性未變形溶出試驗-重金屬(比色法)(95℃，30分鐘)未檢出溶出試驗-蒸發殘渣(水；95℃，30分鐘)7.00,109,新北市,121.429109,24.9690753
麗潔超薄耐熱捲筒袋-2斤,新北市蘆洲區店家,新北市蘆洲區民權路103號,合格,耐熱溫度標示符合性未變形溶出試驗-重金屬(比色法)(95℃，30分鐘)未檢出溶出試驗-蒸發殘渣(水；95℃，30分鐘)3.00,109,新北市,121.4726209,25.0891319
冷凍袋,新北市土城區店家,新北市土城區延吉街32號,合格,耐熱溫度標示符合性未變形溶出試驗-重金屬(比色法)(60℃，30分鐘)未檢出溶出試驗-蒸發殘渣(水；60℃，30分鐘)未檢出,109,新北市,121.4719798,24.9873117
PT.102耐熱碗,彰化縣福興鄉店家,彰化縣福興鄉新生路30-1號,合格,耐熱溫度標示符合性未變形溶出試驗-重金屬(比色法)(95℃，30分鐘)未檢出溶出試驗-蒸發殘渣(水；95℃，30分鐘)未檢出,109,新北市,120.4110293,24.0421773
醬油碟,彰化縣福興鄉店家,彰化縣福興鄉復興路5號之9,合格,耐熱溫度標示符合性未變形溶出試驗-重金屬(比色法)(60℃，30分鐘)未檢出溶出試驗-蒸發殘渣(水；60℃，30分鐘)未檢出,109,新北市,120.439483,24.049497
彩色水果叉,彩色,新北市新莊區福營路125巷25號,合格,耐熱溫度標示符合性未變形溶出試驗-重金屬(比色法)(60℃，30分鐘)未檢出溶出試驗-蒸發殘渣(水；60℃，30分鐘)未檢出,109,新北市,121.433703,25.030471
6H透明餐盒(大)-25入,彰化縣溪湖鎮店家,彰化縣溪湖鎮崙仔腳路2-15號,合格,耐熱溫度標示符合性未變形溶出試驗-重金屬(比色法)(60℃，30分鐘)未檢出溶出試驗-蒸發殘渣(水；60℃，30分鐘)12.00,109,新北市,120.482132,23.94662
白色西餐匙,彰化縣溪湖鎮店家,彰化縣溪湖鎮崙仔腳路2-15號,合格,耐熱溫度標示符合性未變形溶出試驗-重金屬(比色法)(60℃，30分鐘)未檢出溶出試驗-蒸發殘渣(水；60℃，30分鐘)未檢出,109,新北市,120.482132,23.94662
食物保鮮袋,臺北市南港區店家,臺北市南港區經貿二路198號3樓,合格,耐熱溫度標示符合性未變形溶出試驗-重金屬(比色法)(60℃，30分鐘)未檢出溶出試驗-蒸發殘渣(水；60℃，30分鐘)14.00,109,新北市,121.6147007,25.0598662
點心叉子,桃園市蘆竹區店家,桃園市蘆竹區南崁路2段9號5樓之12,合格,耐熱溫度標示符合性未變形溶出試驗-重金屬(比色法)(60℃，30分鐘)未檢出溶出試驗-蒸發殘渣(水；60℃，30分鐘)未檢出,109,新北市,121.2799188,25.0564265
菲力家族免洗PP塑膠碗,台中市南區店家,台中市南區忠明南路789號28樓,合格,耐熱溫度標示符合性未變形溶出試驗-重金屬(比色法)(95℃，30分鐘)未檢出溶出試驗-蒸發殘渣(水；95℃，30分鐘)6.00,109,新北市,120.6609427,24.1234128
塑包斜口吸管,台中市東區店家,台中市東區東真13街11號,合格,耐熱溫度標示符合性未變形溶出試驗-重金屬(比色法)(60℃，30分鐘)未檢出溶出試驗-蒸發殘渣(水；60℃，30分鐘)4.00,109,新北市,120.6944233,24.1427702
一次性吸管,桃園市龜山區店家,桃園市龜山區大同路678號,合格,耐熱溫度標示符合性未變形溶出試驗-重金屬(比色法)(60℃，30分鐘)未檢出溶出試驗-蒸發殘渣(水；60℃，30分鐘)16.00,109,新北市,121.354629,24.9884212
PLA96-160Z,彰化縣鹿港鎮店家,彰化縣鹿港鎮鹿工路17號,合格,耐熱溫度標示符合性未變形溶出試驗-重金屬(比色法)(60℃，30分鐘)未檢出溶出試驗-蒸發殘渣(水；60℃，30分鐘)12.00,109,新北市,120.3936283,24.0768487
85度C小叉匙,台中市南屯區店家,台中市南屯區工業23路35號,合格,耐熱溫度標示符合性未變形溶出試驗-重金屬(比色法)(60℃，30分鐘)未檢出溶出試驗-蒸發殘渣(水；60℃，30分鐘)未檢出,109,新北市,120.6084832,24.1471183
可彎吸管,新北市新莊區店家,新北市新莊區福營路125巷35號,合格,耐熱溫度標示符合性未變形溶出試驗-重金屬(比色法)(60℃，30分鐘)未檢出溶出試驗-蒸發殘渣(水；60℃，30分鐘)14.00,109,新北市,121.4338732,25.0302582
金優豆平底匙,桃園市桃園區店家,桃園市桃園區民有五街268號,合格,耐熱溫度標示符合性未變形溶出試驗-重金屬(比色法)(60℃，30分鐘)未檢出溶出試驗-蒸發殘渣(水；60℃，30分鐘)12.00,109,新北市,121.3163402,25.0119505
塑膠杯(飲料杯),塑膠,高雄市大寮區幸東路37號,合格,耐熱溫度標示符合性未變形溶出試驗-重金屬(比色法)(60℃，30分鐘)未檢出溶出試驗-蒸發殘渣(水；60℃，30分鐘)28.00,109,新北市,120.4011911,22.584481
KW-170耐熱杯,彰化縣芳苑鄉店家,彰化縣芳苑鄉後寮村工區三路22號,合格,耐熱溫度標示符合性未變形溶出試驗-重金屬(比色法)(60℃，30分鐘)未檢出溶出試驗-蒸發殘渣(水；60℃，30分鐘)29.00,109,新北市,120.3502786,23.9120851
86120072晶鑽杯,桃園市蘆竹區店家,桃園市蘆竹區南崁路二段9號5F之2,合格,耐熱溫度標示符合性未變形溶出試驗-重金屬(比色法)(60℃，30分鐘)未檢出溶出試驗-蒸發殘渣(水；60℃，30分鐘)未檢出,109,新北市,121.2799188,25.0564265
塑膠湯匙,塑膠,桃園市蘆竹區南崁路二段9號5F之2,合格,耐熱溫度標示符合性未變形溶出試驗-重金屬(比色法)(60℃，30分鐘)未檢出溶出試驗-蒸發殘渣(水；60℃，30分鐘)13.00,109,新北市,121.2799188,25.0564265
萬里城耐熱袋1斤,新北市土城區店家,新北市土城區自強街2號,合格,耐熱溫度標示符合性未變形溶出試驗-重金屬(比色法)(95℃，30分鐘)未檢出溶出試驗-蒸發殘渣(水；95℃，30分鐘)5.00,109,新北市,121.429109,24.9690753
萬里城耐熱袋半斤,新北市土城區店家,新北市土城區自強街2號,合格,耐熱溫度標示符合性未變形溶出試驗-重金屬(比色法)(95℃，30分鐘)未檢出溶出試驗-蒸發殘渣(水；95℃，30分鐘)26.00,109,新北市,121.429109,24.9690753
有機糙米,花蓮縣富里鄉店家,花蓮縣富里鄉學日村6鄰民權路10號,合格,汞未檢出鎘0.02 mg/kg鉛未檢出無機砷0.09 mg/kg,108,新北市,121.2253144,23.1530993
冷凍水鲨切片,雲林縣斗六市店家,雲林縣斗六市斗工六路6號,合格,鉛未檢出甲基汞0.96 mg/kg無機砷未檢出鎘未檢出,108,新北市,120.5928398,23.7175975
有機白米,花蓮縣富里鄉店家,花蓮縣富里鄉富里村3鄰公埔路2段75號,合格,無機砷0.05 mg/kg鎘未檢出鉛未檢出汞未檢出,108,新北市,121.2483291,23.1759054
去刺金目鱸魚排,新北市瑞芳區店家,新北市瑞芳區中山路87號,合格,鉛未檢出甲基汞0.08 mg/kg鎘未檢出無機砷未檢出,108,新北市,121.8037927,25.1061092
冷凍草蝦,新北市林口區店家,新北市林口區工九路18號,合格,鎘未檢出甲基汞未檢出無機砷未檢出鉛未檢出,108,新北市,121.4033001,25.0753653
養力幼秀卵,屏東縣九如鄉店家,屏東縣九如鄉三塊村三民路317號,合格,禽畜產品中殘留農藥(126項),108,新北市,120.4849186,22.7467926
石安牧場動福蛋,高雄市阿蓮區店家,高雄市阿蓮區石安里230之53號,合格,禽畜產品中殘留農藥(126項),108,新北市,120.3060706,22.891346
金大安鮮蛋,彰化縣二林鎮店家,彰化縣二林鎮西庄巷5-6號,合格,禽畜產品中殘留農藥(126項),108,新北市,120.3720457,23.8996947
優鮮冷藏白鮮蛋,桃園市龍潭區店家,桃園市龍潭區工五路90巷16號,合格,禽畜產品中殘留農藥(126項),108,新北市,121.2098263,24.8893997
白大之白蛋(冷藏白蛋),桃園市龍潭區店家,桃園市龍潭區工五路90巷16號,合格,禽畜產品中殘留農藥(126項),108,新北市,121.2098263,24.8893997
木崗高品質雞蛋冷藏白殼蛋,臺北市中山區店家,臺北市中山區松江路125號,合格,禽畜產品中殘留農藥(126項),108,新北市,121.5334641,25.0531691
冠軍養力土雞蛋(粉殼蛋),冠軍,屏東縣九如鄉九清段690至696等7筆地號,合格,禽畜產品中殘留農藥(126項),108,新北市,120.4912825,22.7510399
大武山牧場履歷蛋(白殼),屏東縣新埤鄉店家,屏東縣新埤鄉萬隆村平山路68-30號,合格,禽畜產品中殘留農藥(126項),108,新北市,120.6051596,22.5167283
每日G蛋(紅殼),新北市三峽區店家,新北市三峽區隆恩街163號,合格,禽畜產品中殘留農藥(126項),108,新北市,121.3629265,24.9424252
AAG蛋,新北市三峽區店家,新北市三峽區隆街163號,合格,禽畜產品中殘留農藥(126項),108,新北市,121.3698182,24.9337605
幸福牧場放山雞蛋,桃園市桃園區店家,桃園市桃園區中正路1067號3F,合格,禽畜產品中殘留農藥(126項),108,新北市,121.2982101,25.0162465
EIYO機能蛋(DHA),台南市永康區店家,台南市永康區鳶松二街3號,合格,禽畜產品中殘留農藥(126項),108,新北市,120.2659765,23.0029497
大成溯源蛋(白蛋),嘉義縣義竹鄉店家,嘉義縣義竹鄉埤前村4-3號,合格,禽畜產品中殘留農藥(126項),108,新北市,120.2310784,23.3526364
土雞蛋,彰化縣永靖鄉店家,彰化縣永靖鄉崙子村九分路162巷25-1號,合格,禽畜產品中殘留農藥(126項),108,新北市,120.5671588,23.9311815
益鮮紅蛋,彰化縣埤頭鄉店家,彰化縣埤頭鄉元埔村文化路66號,合格,禽畜產品中殘留農藥(126項),108,新北市,120.5039621,23.8695637
源牧鮮蛋(雞蛋),台南市關廟區店家,台南市關廟區關新路2段387號,合格,禽畜產品中殘留農藥(126項),108,新北市,120.3084848,23.0047367
優質紅雞蛋(紅殼),優質,新北市三峽區隆恩街163號,合格,禽畜產品中殘留農藥(126項),108,新北市,121.3629265,24.9424252
一品蛋(洗選蛋),新北市三峽區店家,新北市三峽區隆恩街163號,合格,禽畜產品中殘留農藥(126項),108,新北市,121.3629265,24.9424252
殼蛋,嘉義縣義竹鄉店家,嘉義縣義竹鄉溯源編號:5170011815 蘇俊宏登記號,合格,禽畜產品中殘留農藥(126項),108,新北市,120.2166519,23.3530108
台農農選白玉(雞蛋),彰化縣芳苑鄉店家,彰化縣芳苑鄉草湖段 5-3582 地號,合格,抗原蟲(7 項)未檢出氯黴素類抗生素(4 項)未檢出四環黴素類(7 項)未檢出動物用藥多重殘留(48 項)未檢出離子型抗球蟲藥(5 項)未檢出禽畜產品中殘留農藥(126 項)未檢出,109,新北市,120.380082,23.959326
台農洗選蛋(雞蛋),彰化縣芳苑鄉店家,彰化縣芳苑鄉王功段 731.732 地段,合格,抗原蟲(7 項)未檢出氯黴素類抗生素(4 項)未檢出四環黴素類(7 項)未檢出動物用藥多重殘留(48 項)未檢出離子型抗球蟲藥(5 項)未檢出禽畜產品中殘留農藥(126 項)未檢出,109,新北市,120.340798,23.963596
QQ 鮮饌白殼蛋,台南市新化區店家,台南市新化區山腳里頂山腳 53 號,合格,抗原蟲(7 項)未檢出氯黴素類抗生素(4 項)未檢出四環黴素類(7 項)未檢出動物用藥多重殘留(48 項)未檢出離子型抗球蟲藥(5 項)未檢出禽畜產品中殘留農藥(126 項)未檢出,109,新北市,120.3349024,23.0087025
上鮮蛋,桃園市龍潭區店家,桃園市龍潭區工五路 90 巷 16 號,合格,抗原蟲(7 項)未檢出氯黴素類抗生素(4 項)未檢出四環黴素類(7 項)未檢出動物用藥多重殘留(48 項)未檢出離子型抗球蟲藥(5 項)未檢出禽畜產品中殘留農藥(126 項)未檢出,109,新北市,121.2098263,24.8893997
特選白鮮蛋,新北市汐止區店家,新北市汐止區大同路 2 段 169 巷 72 號,合格,抗原蟲(7 項)未檢出氯黴素類抗生素(4 項)未檢出四環黴素類(7 項)未檢出動物用藥多重殘留(48 項)未檢出離子型抗球蟲藥(5 項)未檢出禽畜產品中殘留農藥(126 項)未檢出,109,新北市,121.6489938,25.0665694
寶貝土雞蛋,台南市後壁區店家,台南市後壁區新嘉里白沙屯 130-9 號,合格,抗原蟲(7 項)未檢出氯黴素類抗生素(4 項)未檢出四環黴素類(7 項)未檢出動物用藥多重殘留(48 項)未檢出離子型抗球蟲藥(5 項)未檢出禽畜產品中殘留農藥(126 項)未檢出,109,新北市,120.3133388,23.3679349
悠活鮮蛋,桃園市龍潭區店家,桃園市龍潭區工五路 90 巷 16 號,合格,抗原蟲(7 項)未檢出氯黴素類抗生素(4 項)未檢出四環黴素類(7 項)未檢出動物用藥多重殘留(48 項)未檢出離子型抗球蟲藥(5 項)檢出細項拉薩羅(lasalocid)0.034禽畜產品中殘留農藥(126 項)未檢出,109,新北市,121.2098263,24.8893997
OKEGG 褐殼雞蛋 8入(紙盒),嘉義縣大林鎮店家,嘉義縣大林鎮中坑里沙崙 234 之 89 號,合格,抗原蟲(7 項)未檢出氯黴素類抗生素(4 項)未檢出四環黴素類(7 項)未檢出動物用藥多重殘留(48 項)未檢出離子型抗球蟲藥(5 項)未檢出禽畜產品中殘留農藥(126 項)未檢出,109,新北市,120.4970903,23.5871046
好華雞元選蛋,桃園市蘆竹區店家,桃園市蘆竹區南崁路 2 段 142 巷 3 號,合格,抗原蟲(7 項)未檢出氯黴素類抗生素(4 項)未檢出四環黴素類(7 項)未檢出動物用藥多重殘留(48 項)未檢出離子型抗球蟲藥(5 項)未檢出禽畜產品中殘留農藥(126 項)未檢出,109,新北市,121.2764424,25.0592674
冠軍洗選蛋,冠軍,台南市將軍區巷口段一小段1791.1792.1793.1794.1795.1796.1797 地號,合格,抗原蟲(7 項)未檢出氯黴素類抗生素(4 項)未檢出四環黴素類(7 項)未檢出動物用藥多重殘留(48 項)未檢出離子型抗球蟲藥(5 項)未檢出禽畜產品中殘留農藥(126 項)未檢出,109,新北市,120.158297,23.222733
排骨便當,新北市土城區店家,新北市土城區延峰街27巷9號,合格,大腸桿菌陰性大腸桿菌群陰性,107,新北市,121.4698908,24.985638
宮保雞丁便當,新北市土城區店家,新北市土城區延峰街27巷9號,合格,大腸桿菌陰性大腸桿菌群3.6,107,新北市,121.4698908,24.985638
排骨便當,新北市蘆洲區店家,新北市蘆洲區仁愛路118巷11弄13號1樓,合格,大腸桿菌陰性大腸桿菌群陰性,107,新北市,121.4698166,25.0950492
(黑)糙米,臺東縣關山鎮店家,臺東縣關山鎮新福里1鄰順興路36號,合格,黃麴毒素B1黃麴毒素B2黃麴毒素G1黃麴毒素G2,109,新北市,121.1675302,23.0510036
糙米,臺北市萬華區店家,臺北市萬華區西昌街142號8F之5,合格,黃麴毒素B1黃麴毒素B2黃麴毒素G1黃麴毒素G2,109,新北市,121.5005386,25.0390106
香米,臺東縣池上鄉店家,臺東縣池上鄉半山路143號,合格,黃麴毒素B1黃麴毒素B2黃麴毒素G1黃麴毒素G2,109,新北市,121.2161784,23.120733
黑糯糙米,花蓮縣富里鄉店家,花蓮縣富里鄉民權路10號,合格,黃麴毒素B1黃麴毒素B2黃麴毒素G1黃麴毒素G2,109,新北市,121.2253144,23.1530993
白米,臺北市萬華區店家,臺北市萬華區西昌街142號8樓之5,合格,黃麴毒素B1黃麴毒素B2黃麴毒素G1黃麴毒素G2,109,新北市,121.5005386,25.0390106
十六穀米,臺北市萬華區店家,臺北市萬華區西昌街142號8樓之5,合格,黃麴毒素B1黃麴毒素B2黃麴毒素G1黃麴毒素G2,109,新北市,121.5005386,25.0390106
水稻-富里契作米,花蓮縣富里鄉店家,花蓮縣富里鄉南村公埔路186號,合格,黃麴毒素B1黃麴毒素B2黃麴毒素G1黃麴毒素G2,109,新北市,121.242596,23.172341
有機白米,臺北市士林區店家,臺北市士林區華齡街175號2樓,合格,黃麴毒素B1黃麴毒素B2黃麴毒素G1黃麴毒素G2,109,新北市,121.5192471,25.0871324
糙米,臺北市萬華區店家,臺北市萬華區西昌街142號8F-5,合格,黃麴毒素B1黃麴毒素B2黃麴毒素G1黃麴毒素G2,109,新北市,121.5005386,25.0390106
白米,臺北市萬華區店家,臺北市萬華區西昌街142號8F-5,合格,黃麴毒素B1黃麴毒素B2黃麴毒素G1黃麴毒素G2,109,新北市,121.5005386,25.0390106
VV洗選盒蛋,新北市三峽區店家,新北市三峽區隆思街163號,合格,鉛未檢出銅0.6 mg/kg,109,新北市,121.3744903,24.9358605
林老師的第一粒米,宜蘭縣南澳鄉店家,宜蘭縣南澳鄉蘇花路2段33巷30號,合格,鉛未檢出鎘0.02 mg/kg汞未檢出無機砷0.11 mg/kg,109,新北市,121.789312,24.4611419
能恩水解1部分水解蛋白嬰兒營養配方奶粉,臺北市內湖區店家,臺北市內湖區瑞光路339號8樓及8樓之1,合格,鉛未檢出鎘未檢出錫未檢出,109,新北市,121.5736779,25.077045
優生A+育嬰配方奶粉(新升級),臺北市大安區店家,臺北市大安區仁愛路3段136號6F,合格,鉛未檢出鎘未檢出錫未檢出,109,新北市,121.5415053,25.0374263
悠活鮮蛋,桃園市龍潭區店家,桃園市龍潭區工五路90巷16號,合格,鉛未檢出銅0.6 mg/kg,109,新北市,121.2098263,24.8893997
有機白米,宜蘭縣冬山鄉店家,宜蘭縣冬山鄉柯林村柯林路355巷20號,合格,鉛未檢出鎘未檢出汞未檢出無機砷0.09 mg/kg,109,新北市,121.7359607,24.68092
湯圓,臺北市萬華區店家,臺北市萬華區富民路155巷15號,合格,去水醋酸糖精醋磺內酯鉀環己基(代)磺醯胺酸甘精己二烯酸苯甲酸著色劑(8項),未知,新北市,121.5005966,25.0181781
冷凍小湯圓,臺北市中正區店家,臺北市中正區羅斯福路三段126號,合格,,未知,新北市,121.527709,25.020609
花好月圓,新北市新莊區店家,新北市新莊區化成路455號,合格,,未知,新北市,121.4645263,25.0614941
義美小湯圓,義美,桃園市蘆竹區南工路一段11號,合格,,未知,新北市,121.2781037,25.0597243
有機湯圓,台中市大甲區店家,台中市大甲區工七路26號,合格,,未知,新北市,120.6544183,24.4057399
蓮發糯米湯圓,桃園市八德區店家,桃園市八德區和平路1447號後棟,合格,去水醋酸糖精醋磺內酯鉀環己基(代)磺醯胺酸甘精己二烯酸苯甲酸著色劑(8項),未知,新北市,121.3231012,24.969923
湯圓,桃園市平鎮店家,桃園市平鎮區平東路659巷16號,合格,,未知,新北市,121.2401976,24.9115703
紅白小湯圓,新北市林口區店家,新北市林口區寶林路280號,合格,,未知,新北市,121.373262,25.09105
紅白小湯圓,新北市汐止區店家,新北市汐止區中興路250號,合格,,未知,新北市,121.629517,25.0683778
義美鮮肉湯圓,義美,桃園市蘆竹區南工路一段11號,合格,去水醋酸糖精醋磺內酯鉀環己基(代)磺醯胺酸甘精己二烯酸苯甲酸,未知,新北市,121.2781037,25.0597243
香椿素燥湯圓,台中市大甲區店家,台中市大甲區工七路26號,合格,,未知,新北市,120.6544183,24.4057399
桂冠花生湯圓,桂冠,新北市中和區橋和路60號,合格,,未知,新北市,121.4897034,25.0051693
桂冠芝麻湯圓,桂冠,新北市中和區橋和路60號,合格,,未知,新北市,121.4897034,25.0051693
桂冠鮮肉湯圓,桂冠,新北市中和區橋和路60號,合格,,未知,新北市,121.4897034,25.0051693
桂冠流沙湯圓,桂冠,新北市中和區橋和路60號,合格,去水醋酸糖精醋磺內酯鉀環己基(代)磺醯胺酸甘精己二烯酸苯甲酸,未知,新北市,121.4897034,25.0051693
義美草莓煉乳湯圓,義美,桃園市蘆竹區南工路1段11號,合格,,未知,新北市,121.2727696,25.0543353
義美奶茶湯圓,義美,桃園市蘆竹區南工路1段11號,合格,,未知,新北市,121.2727696,25.0543353
小湯圓,台南市安南區店家,台南市安南區安通路2段2號,合格,,未知,新北市,120.2255448,23.0454213
芝麻湯圓,芝麻,台南市安南區安通路2段2號,合格,去水醋酸糖精醋磺內酯鉀環己基(代)磺醯胺酸甘精己二烯酸苯甲酸,未知,新北市,120.2255448,23.0454213
花生湯圓,花生,台南市安南區安通路2段2號,合格,,未知,新北市,120.2255448,23.0454213
西北鮮肉湯圓,新北市林口區店家,新北市林口區粉?路1段102號,合格,,未知,新北市,121.3934391,25.0771823
桂冠抹茶湯圓,桂冠,新北市中和區橋和路60號,合格,,未知,新北市,121.4897034,25.0051693
桂冠紅豆湯圓,桂冠,新北市中和區橋和路60號,合格,去水醋酸糖精醋磺內酯鉀環己基(代)磺醯胺酸甘精己二烯酸苯甲酸,未知,新北市,121.4897034,25.0051693
鮮肉湯圓,新北市板橋區店家,新北市板橋區民享街85號,合格,,未知,新北市,121.4768654,25.0157567
鹹湯圓,新北市鶯歌區店家,新北市鶯歌區建國路143號,合格,,未知,新北市,121.3512908,24.953828
鹹湯圓,新北市三重區店家,新北市三重區龍門路124號,合格,,未知,新北市,121.4979979,25.0730417
鮮肉大湯圓,新北市蘆洲區店家,新北市蘆洲區長榮路464號,合格,,未知,新北市,121.459627,25.0890396
合興花生湯圓,臺北市大安區店家,臺北市大安區杭州南路2段55號,合格,,未知,新北市,121.523184,25.0326486
合興芝麻湯圓,臺北市大安區店家,臺北市大安區杭州南路2段55號,合格,,未知,新北市,121.523184,25.0326486
金針,花蓮縣玉里鎮店家,花蓮縣玉里鎮高寮106-3號,合格,二氧化硫0.496,110,新北市,121.356292,23.383577
金針,新北市新莊區店家,新北市新莊區中華路1段224號,合格,二氧化硫1.088,110,新北市,121.4519024,25.0363397
金針,新北市中和區店家,新北市中和區景平路 632號,合格,二氧化硫2.368,110,新北市,121.5002754,24.9980685
金針,臺北市大同區店家,臺北市大同區迪化街1段210號,合格,二氧化硫0.576,110,新北市,121.5097974,25.0564363
雪針,臺北市大同區店家,臺北市大同區歸綏街 240號,合格,二氧化硫0.960,110,新北市,121.5092109,25.0580249
金針,臺北市大同區店家,臺北市大同區安西街 146號,合格,二氧化硫0.064,110,新北市,121.5096796,25.062284
高山針,高山,新北市蘆洲區民權路131巷3號1樓,合格,二氧化硫0.160,110,新北市,121.4717401,25.0899378
平地針,新北市蘆洲區店家,新北市蘆洲區民權路131巷3號1樓,合格,二氧化硫0.064,110,新北市,121.4717401,25.0899378
無毒炭焙金針(無農藥種植),台中市豐原區店家,台中市豐原區西勢路 701號,合格,二氧化硫未檢出,110,新北市,120.7006678,24.2341442
特A花生粉(熟),新北市樹林區店家,新北市樹林區大安路173號,合格,黃麴毒素B2未檢出黃麴毒素B10.3黃麴毒素G1未檢出黃麴毒素G2未檢出,108,新北市,121.4214393,24.9962982
炒熟花生粉(調和粉),南投縣南投市店家,南投縣南投市自強三路28號,合格,黃麴毒素G1未檢出黃麴毒素B1未檢出黃麴毒素B2未檢出黃麴毒素G2未檢出,108,新北市,120.6658078,23.9266711
花生粉,花生,桃園市新屋區快速路2段616巷6號,合格,黃麴毒素B2未檢出黃麴毒素G1未檢出黃麴毒素G2未檢出黃麴毒素B1未檢出,108,新北市,121.2259653,24.9159974
高級花生粉,高級,彰化縣芳苑鄉仁愛村芳漢路芳2段758號,合格,黃麴毒素B1未檢出黃麴毒素B2未檢出黃麴毒素G1未檢出黃麴毒素G2未檢出,108,新北市,120.3228578,23.9208264
花生粉,花生,新北市三重區光復路2段99號,合格,黃麴毒素B2未檢出黃麴毒素G2未檢出黃麴毒素B1未檢出黃麴毒素G1未檢出,108,新北市,121.4722159,25.0578838
花生粉,花生,新北市土城區亞洲路42號,合格,黃麴毒素B1未檢出黃麴毒素B2未檢出黃麴毒素G2未檢出黃麴毒素G1未檢出,108,新北市,121.43542,24.974088
花生粉,花生,新北市樹林區東和街11之2號,合格,黃麴毒素B1未檢出黃麴毒素G1未檢出黃麴毒素G2未檢出黃麴毒素B2未檢出,108,新北市,121.4044651,24.9805296
花生粉,花生,雲林縣虎尾鎮光復路197號,合格,黃麴毒素B1未檢出黃麴毒素G1未檢出黃麴毒素G2未檢出黃麴毒素B2未檢出,108,新北市,120.4439359,23.709292
花生粉,花生,新北市新莊區瓊林南路118-21號,合格,黃麴毒素B10.9黃麴毒素G1未檢出黃麴毒素G2未檢出黃麴毒素B2未檢出,108,新北市,121.433592,25.010886
一級花生粉,彰化縣芳苑鄉店家,彰化縣芳苑鄉仁愛村芳漢路2段758號,合格,黃麴毒素G1未檢出黃麴毒素G2未檢出黃麴毒素B1未檢出黃麴毒素B2未檢出,108,新北市,120.3175903,23.9245676
晶晶心型椰果蒟蒻果凍,晶晶,台中市南屯區工業區 18路8號,合格,己二烯酸苯甲酸去水醋酸糖精(Saccharin)環己基(代)磺醯胺酸(cyclamate)甘精(dulcin)醋磺內酯鉀(Acesulfamepotassium)食品中著色劑(8項),110,新北市,120.6434025,24.140628
晶晶無色蒟蒻條(綜合口味),晶晶,台中市南屯區04-23591941,合格,,110,新北市,120.6084832,24.1471183
可康海鹽檸檬糖,臺北市松山區店家,臺北市松山區松江路301號2樓,合格,,110,新北市,121.5334279,25.0612955
乖乖桶軟糖,桃園市中壢區店家,桃園市中壢區東園路 48號,合格,,110,新北市,121.239944,24.9812459
晶晶果凍條(綜合口味),晶晶,台中市南屯區工業區 18路8號,合格,,110,新北市,120.6434025,24.140628
巧益辣味橄欖,新北市泰山區店家,新北市泰山區中港西路 120巷13-5號,合格,己二烯酸苯甲酸去水醋酸糖精(Saccharin)環己基(代)磺醯胺酸(cyclamate)甘精(dulcin)醋磺內酯鉀(Acesulfamepotassium)食品中著色劑(8項),110,新北市,121.4434806,25.0640634
QQ糖-大海星,臺北市北投區店家,臺北市北投區大度路 11-11號,合格,,110,新北市,121.515018,25.1151759
泡泡糖,臺北市北投區店家,臺北市北投區大度路 11-11號,合格,,110,新北市,121.515018,25.1151759
晶晶象皮糖(綜合口味),晶晶,台中市南屯區工業區 18路8號,合格,,110,新北市,120.6434025,24.140628
乳酸棒,台中市龍井區店家,台中市龍井區中華路 2段91號,合格,,110,新北市,120.5363239,24.1964506
三色軟糖,桃園市龍潭區店家,桃園市龍潭區健行路 267巷61 號,合格,己二烯酸苯甲酸去水醋酸糖精(Saccharin)環己基(代)磺醯胺酸(cyclamate)甘精(dulcin)醋磺內酯鉀(Acesulfamepotassium)食品中著色劑(8項),110,新北市,121.2286025,24.8666528
荷包蛋,新北市土城區店家,新北市土城區中華路1段118之 1號,合格,,110,新北市,121.4472623,24.9896576
小熊QQ糖,新北市土城區店家,新北市土城區中華路1段118之 1號,合格,,110,新北市,121.4472623,24.9896576
德國Cavendish&Harvey硬糖-縵紛莓果口味(大),臺北市南港區店家,臺北市南港區南港路 2段20巷 5號b1,合格,,110,新北市,121.6055443,25.0544429
曼陀珠,台南市新營區店家,台南市新營區國華街 102巷51 號4樓之3,合格,,110,新北市,120.2475983,23.0147079
進口碗豆,彰化縣二林鎮店家,彰化縣二林鎮太平路8號,合格,二硫代胺基甲酸鹽類1.7農藥多重殘留分析(380項)檢出細項待克利(Difenoconazole)0.08依普同(Iprodione)0.23撲滅寧(Procymidone)0.39得克利(Tebuconazole)0.09,109,新北市,120.3775301,23.902969
蘋果,蘋果,新北市板橋區板城路1000號,合格,二硫代胺基甲酸鹽類0.24農藥多重殘留分析(380項)檢出細項亞滅培(Acetamiprid)0.02芬殺?(Fenazaquin)0.03因得克(Indoxacarb)0.03,109,新北市,121.449148,25.0202341
蘋果,蘋果,台南市安南區安吉路1段650-號,合格,二硫代胺基甲酸鹽類0.44農藥多重殘留分析(380項)檢出細項亞滅培(Acetamiprid)0.11派美尼(Pyrimethanil)1.21剋安勃(Chlorantraniliprole)0.02,109,新北市,120.2119855,23.0335419
木瓜,高雄市六龜區店家,高雄市六龜區光復路107號,合格,二硫代胺基甲酸鹽類未檢出農藥多重殘留分析(380項)檢出細項亞滅培(Acetamiprid)0.16亞托敏(Azoxystrobin)0.19可尼丁(Clothianidin)0.02賽芬?(Cyflumetofen)0.02賽普洛(Cyprodinil)0.05達特南(Dinotefuran)0.05護汰寧(Fludioxonil)0.03益達胺(Imidacloprid)0.03,109,新北市,120.6351895,22.9954991
釋迦,臺東縣卑南鄉店家,臺東縣卑南鄉吉村環山路5號,合格,二硫代胺基甲酸鹽類未檢出農藥多重殘留分析(380項)未檢出,109,新北市,121.1376798,22.837471
台東釋迦,臺東縣台東市店家,臺東縣台東市山西路2段505巷75號,合格,二硫代胺基甲酸鹽類未檢出農藥多重殘留分析(380項)檢出細項達特南(Dinotefuran)0.04益達胺(Imidacloprid)0.02納乃得(Methomyl)0.02,109,新北市,121.0976829,22.7551822
葡萄,葡萄,新北市三重區中正北路111號,合格,二硫代胺基甲酸鹽類未檢出農藥多重殘留分析(380項)檢出細項安美速(Amisulbrom)0.04貝芬替(Carbendazim)0.21撲克拉(Prochloraz)0.05百克敏(Pyraclostrobin)0.13得芬諾(Tebufenozide)0.22邁克尼(Myclobutanil)0.03得克利(Tebuconazole)0.07賽普洛(Cyprodinil)0.13達滅芬(Dimethomorph)0.20氟比來(Fluopicolide)0.19曼普胺(Mandipropamid)0.19納乃得(Methomyl)0.03,109,新北市,121.4853918,25.0659487
紅柿,新北市三重區店家,新北市三重區中正北路111號1樓,合格,二硫代胺基甲酸鹽類未檢出農藥多重殘留分析(380項)檢出細項貝芬替(Carbendazim)0.02陶斯松(Chlorpyrifos)0.02,109,新北市,121.4853918,25.0659487
茄子,南投縣名間鄉店家,南投縣名間鄉新民村外埔巷2-1號,合格,二硫代胺基甲酸鹽類未檢出農藥多重殘留分析(380項)檢出細項益達胺(Imidacloprid)0.02,109,新北市,120.6935675,23.8193188
木瓜,新北市三重區店家,新北市三重區中正北路111號,合格,二硫代胺基甲酸鹽類未檢出農藥多重殘留分析(380項)檢出細項亞托敏(Azoxystrobin)0.13益達胺(Imidacloprid)0.02,109,新北市,121.4853918,25.0659487
綠無子葡萄,新北市板橋區店家,新北市板橋區板城路1000號,合格,二硫代胺基甲酸鹽類未檢出農藥多重殘留分析(380項)未檢出,109,新北市,121.449148,25.0202341
蘋果,蘋果,台南市安南區安吉路1段650-1號,合格,二硫代胺基甲酸鹽類未檢出農藥多重殘留分析(380項)檢出細項亞滅培(Acetamiprid)0.07派美尼(Pyrimethanil)1.02剋安勃(Chlorantraniliprole)0.02,109,新北市,120.2119855,23.0335419
早秋甜柿,台中市東勢區店家,台中市東勢區東關路6段43號,合格,二硫代胺基甲酸鹽類未檢出農藥多重殘留分析(380項)未檢出,109,新北市,120.8375617,24.2171339
木瓜,嘉義縣中埔鄉店家,嘉義縣中埔鄉中埔村20巷87弄16號,合格,二硫代胺基甲酸鹽類未檢出農藥多重殘留分析(380項)檢出細項亞滅培(Acetamiprid)0.02,109,新北市,120.5264703,23.4222641
蔥,新北市板橋區店家,新北市板橋區四維路269巷32號,合格,二硫代胺基甲酸鹽類未檢出農藥多重殘留分析(380項)檢出細項賽速安(Thiamethoxam)0.03福多寧(Flutolanil)0.02可尼丁(Clothianidin)0.03,109,新北市,121.4618072,25.0278426
老松盛特沙釀造醬油,新北市三重區店家,新北市三重區中央南街29號,合格,己二烯酸未檢出3-單氯丙二醇未檢出去水醋酸未檢出苯甲酸0.83,107,新北市,121.4867114,25.0614534
龜甲萬甘醇醬油特製品,龜甲萬,台南市新市區大營里大營7之2號,合格,苯甲酸未檢出去水醋酸未檢出3-單氯丙二醇未檢出己二烯酸未檢出,107,新北市,120.307701,23.100596
味原液,臺北市大同區店家,臺北市大同區哈密街50-3號1樓,合格,己二烯酸未檢出去水醋酸未檢出3-單氯丙二醇未檢出苯甲酸未檢出,107,新北市,121.5182779,25.0736052
金蘭醬油,金蘭,桃園市大溪區介壽路236號,合格,3-單氯丙二醇未檢出去水醋酸未檢出苯甲酸未檢出己二烯酸未檢出,107,新北市,121.2920536,24.9196793
金蘭醬油,金蘭,桃園市大溪區介壽路236號,合格,己二烯酸未檢出3-單氯丙二醇未檢出去水醋酸未檢出苯甲酸未檢出,107,新北市,121.2920536,24.9196793
紅人牛排醬,臺北市南港區店家,臺北市南港區成功路1段38號1樓,合格,己二烯酸未檢出苯甲酸未檢出去水醋酸未檢出,107,新北市,121.5264722,24.9943097
熊貓牌鮮味蠔油,臺北市中山區店家,臺北市中山區南京東路3段70號4樓,合格,己二烯酸未檢出苯甲酸未檢出3-單氯丙二醇未檢出去水醋酸未檢出,107,新北市,121.5281453,25.0523713
梅林醬,彰化縣永靖鄉店家,彰化縣永靖鄉永福2段291號,合格,己二烯酸未檢出去水醋酸未檢出苯甲酸未檢出,107,新北市,120.5451797,23.9202279
味王特選醬油,雲林縣大埤鄉店家,雲林縣大埤鄉豐田路14號,合格,己二烯酸未檢出苯甲酸未檢出去水醋酸未檢出3-單氯丙二醇未檢出,107,新北市,120.4682676,23.6420561
智利進口盒裝藍莓,智利,新北市三重區穀保街100號2F,合格,二硫代胺基甲酸鹽類未檢出農藥多重殘留分析(380項)未檢出,110,新北市,121.4721317,25.0683768
油菜,彰化縣田尾鄉店家,彰化縣田尾鄉海豐村光華巷108號,合格,二硫代胺基甲酸鹽類0.65農藥多重殘留分析(380項)檢出細項亞滅培(Acetamiprid)0.32普拔克(Propamocarbhydrochloride)0.07魚藤精(Rotenone)0.03克凡派(Chlorfenapyr)0.16待克利(Difenoconazole)0.11達滅芬,110,新北市,120.4980223,23.9177917
南非小蜜蘋果,新北市汐止區店家,新北市汐止區湖前街110巷97弄24號B1-6,合格,二硫代胺基甲酸鹽類未檢出農藥多重殘留分析(380項)未檢出,110,新北市,121.6325656,25.0761918
有機黑葉白菜,新竹縣竹北市店家,新竹縣竹北市中正西路56巷25號3樓,合格,二硫代胺基甲酸鹽類未檢出農藥多重殘留分析(380項)未檢出,110,新北市,121.0039286,24.8404427
屏東蕉,屏東縣竹田鄉店家,屏東縣竹田鄉南進路15號,合格,二硫代胺基甲酸鹽類未檢出農藥多重殘留分析(380項)未檢出,110,新北市,120.5315407,22.5739616
菠菜-菠菜,雲林縣西螺鎮店家,雲林縣西螺鎮新豐里新社239號1樓,合格,二硫代胺基甲酸鹽類未檢出農藥多重殘留分析(380項)未檢出,110,新北市,120.448883,23.789182
台灣菠菜,新北市永和區店家,新北市永和區永和路1段40號10F,合格,二硫代胺基甲酸鹽類未檢出農藥多重殘留分析(380項)檢出細項克凡派(Chlorfenapyr)0.02待克利(Difenoconazole)0.03達滅芬(Dimethomorph)0.10達特南(Dinotefuran)0.06,110,新北市,121.4964767,25.0065527
義大利奇異果,新北市板橋區店家,新北市板橋區民族路60號11F,合格,二硫代胺基甲酸鹽類未檢出農藥多重殘留分析(380項)未檢出,110,新北市,121.4625148,25.0094762
台灣大蒜,新北市永和區店家,新北市永和區永和路1段40號10F,合格,二硫代胺基甲酸鹽類未檢出農藥多重殘留分析(380項)檢出細項百克敏(Pyraclostrobin)0.21克凡派(Chlorfenapyr)0.04待克利(Difenoconazole)0.02依普同(Iprodione)0.05撲滅寧(Procymidone)0.16,110,新北市,121.4964767,25.0065527
水晶芭,屏東縣高樹鄉店家,屏東縣高樹鄉新豐村維興路58-5號,合格,二硫代胺基甲酸鹽類未檢出農藥多重殘留分析(380項)檢出細項亞托敏(Azoxystrobin)0.03,110,新北市,120.6373149,22.8748476
有機包心白菜,臺北市中山區店家,臺北市中山區松江路100巷13-3號1F,合格,二硫代胺基甲酸鹽類未檢出農藥多重殘留分析(380項)未檢出,110,新北市,121.5310441,25.051109
大蒜,新北市五股區店家,新北市五股區五工六路35號,合格,二硫代胺基甲酸鹽類未檢出農藥多重殘留分析(380項)檢出細項百克敏(Pyraclostrobin)0.61克凡派(Chlorfenapyr)0.13四氯異苯?(Chlorothalonil)0.13待克利(Difenoconazole)0.08依普同(Iprodione)0.10撲滅寧,110,新北市,121.4475269,25.0642062
韭菜,屏東縣里港鄉店家,屏東縣里港鄉鐵店村鐵店路53-66號,合格,二硫代胺基甲酸鹽類未檢出農藥多重殘留分析(380項)檢出細項亞托敏(Azoxystrobin)0.16賽洛寧(λ-Cyhalothrin)0.20益達胺(Imidacloprid)0.02,110,新北市,120.5025624,22.7773147
亞培心美力1High QPlus添加鐵質嬰兒配方食品,臺北市中山區店家,臺北市中山區民生東路3段51號6樓,合格,生菌數<10大腸桿菌陰性大腸桿菌群陰性沙門氏桿菌陰性三聚氰胺未檢出,110,新北市,121.5374986,25.0581396
明治嬰兒配方食品,臺北市松山區店家,臺北市松山區八德路4段760號4樓之1,合格,生菌數<10大腸桿菌陰性大腸桿菌群陰性沙門氏桿菌陰性三聚氰胺未檢出,110,新北市,121.5792484,25.050142
優生A+育嬰配方奶粉(新升級),臺北市大安區店家,臺北市大安區仁愛路3段136號6F,合格,生菌數<10大腸桿菌陰性大腸桿菌群陰性沙門氏桿菌陰性三聚氰胺未檢出,110,新北市,121.5415053,25.0374263
S-26金愛兒樂,臺北市內湖區店家,臺北市內湖區瑞光路399號8樓及8樓之1,合格,生菌數<10大腸桿菌陰性大腸桿菌群陰性沙門氏桿菌陰性三聚氰胺未檢出,110,新北市,121.5725155,25.0777641
桂格愛力心嬰兒配方奶粉,臺北市大安區店家,臺北市大安區仁愛路3段136號5F,合格,生菌數15大腸桿菌陰性大腸桿菌群陰性沙門氏桿菌陰性三聚氰胺未檢出,110,新北市,121.5415053,25.0374263
卡洛塔妮A3育嬰配方奶粉添加鐵質配方,臺北市大安區店家,臺北市大安區復興南路1段368號7樓,合格,生菌數25大腸桿菌陰性大腸桿菌群陰性沙門氏桿菌陰性三聚氰胺未檢出,110,新北市,121.5442137,25.047407
雀巢寶兒1號嬰兒配方奶粉(創新配方),臺北市內湖區店家,臺北市內湖區瑞光路399號8F及8F之1,合格,生菌數<10 CFU/g大腸桿菌陰性大腸桿菌群陰性沙門氏桿菌陰性三聚氰胺未檢出,110,新北市,121.5725155,25.0777641
諾優貝金版初生嬰兒配方奶粉,臺北市松山區店家,臺北市松山區南京東路4段126號10F.10F之1-3,合格,生菌數<10 CFU/g大腸桿菌陰性大腸桿菌群陰性沙門氏桿菌陰性三聚氰胺未檢出,110,新北市,121.550072,25.051152
豐力富全護幼兒成長奶粉,臺北市松山區店家,臺北市松山區敦化南路1段2號11樓,合格,生菌數<10 CFU/g大腸桿菌陰性大腸桿菌群陰性沙門氏桿菌陰性三聚氰胺未檢出,110,新北市,121.5481508,25.0480051
佑爾康金貝親金配方嬰兒奶粉,高雄市三民區店家,高雄市三民區大昌二路65號10樓,合格,生菌數<10大腸桿菌陰性大腸桿菌群陰性沙門氏桿菌陰性三聚氰胺未檢出,110,新北市,120.3321659,22.6398947
VV鹼性離子水,高雄市仁武區店家,高雄市仁武區竹後里竹工三巷33-7號,合格,鉛未檢出鋅未檢出銅未檢出鎘未檢出砷未檢出汞未檢出,108,新北市,120.3319181,22.7133659
悅氏Light鹼性水,宜蘭縣頭城鎮店家,宜蘭縣頭城鎮吉祥路93號,合格,鋅未檢出鉛未檢出汞未檢出鎘未檢出砷未檢出銅未檢出,108,新北市,121.814505,24.861
悅氏礦泉水,宜蘭縣頭城鎮店家,宜蘭縣頭城鎮吉祥路236巷1號,合格,鉛未檢出鋅未檢出銅未檢出鎘未檢出汞未檢出砷未檢出,108,新北市,121.814445,24.861942
舒跑天然水(包裝飲用水),南投縣埔里鎮店家,南投縣埔里鎮水頭里水頭路37-3號,合格,鉛未檢出汞未檢出鋅未檢出銅未檢出鎘未檢出砷未檢出,108,新北市,120.9717397,23.9467815
泰山純水(包裝飲用水),泰山,宜蘭縣頭城鎮復興路37巷29號,合格,銅未檢出鎘未檢出砷未檢出鉛未檢出鋅未檢出汞未檢出,108,新北市,121.814411,24.86386
"FUJI Water,斐濟天然深層礦泉水",臺北市南港區店家,臺北市南港區忠孝東路6段21號6樓之5,合格,砷未檢出鋅未檢出銅未檢出鎘未檢出鉛未檢出汞未檢出,108,新北市,121.5217777,25.0443856
深命力鹼性元素海洋深層水,花蓮縣花蓮市店家,花蓮縣花蓮市華東15號,合格,鉛未檢出鋅未檢出砷未檢出銅未檢出鎘未檢出汞未檢出,108,新北市,121.633701,24.004855
波爾天然水(包裝飲用水),宜蘭縣員山鄉店家,宜蘭縣員山鄉員山路2段326號,合格,銅未檢出鉛未檢出鋅未檢出鎘未檢出砷未檢出汞未檢出,108,新北市,121.6911055,24.7136119
微鹼性竹炭離子水,台中市沙鹿區店家,台中市沙鹿區興安路81號1樓,合格,汞未檢出鎘未檢出砷未檢出銅未檢出鉛未檢出鋅未檢出,108,新北市,120.5494418,24.228405
頂好牌竹炭水(包裝飲用水),臺北市士林區店家,臺北市士林區華齡街175號2樓,合格,鉛未檢出鋅未檢出銅未檢出鎘未檢出砷未檢出汞未檢出,108,新北市,121.5192471,25.0871324
冷凍鯛魚下巴,嘉義縣義竹鄉店家,嘉義縣義竹鄉義工三路3號,合格,鉛0.060鎘未檢出汞未檢出,108,新北市,120.2194368,23.3596462
冷凍台灣鯛魚片,雲林縣口湖鄉店家,雲林縣口湖鄉崙東村民生路1-90號,合格,汞未檢出鎘未檢出鉛未檢出,108,新北市,120.1585553,23.6149134
藍鑽蝦(冷凍),新北市新莊區店家,新北市新莊區新北大道2段217號14樓,合格,鎘未檢出汞未檢出鉛未檢出,108,新北市,121.4627868,25.0606504
大比目魚片,台南市關廟區店家,台南市關廟區關新一街67號,合格,鎘未檢出鉛未檢出汞0.096,108,新北市,120.3268724,22.9991488
鹹水虱目魚,臺北市萬華區店家,臺北市萬華區桂林路244巷82號,合格,鎘未檢出汞未檢出鉛未檢出,108,新北市,121.4936314,25.03682
大豆沙拉油,高雄市小港區店家,高雄市小港區小港路133號,合格,汞未檢出銅0.02砷0.01鉛0.01,108,新北市,120.3391127,22.5631156
紅花籽油,台南市東區店家,台南市東區生產路68號,合格,鉛0.01銅0.03砷0.02汞未檢出,108,新北市,120.2216471,22.9636366
健康好理由純芥花油,健康,彰化縣田中鎮興工路6號,合格,砷0.01汞未檢出銅0.05鉛0.01,108,新北市,120.5927671,23.8482281
統一大豆沙拉油,統一,台南市永康區中正路301號,合格,銅0.05砷0.03鉛未檢出汞未檢出,108,新北市,120.2447232,23.0343175
泰山均衡369健康調合油,泰山,彰化縣田中鎮興工路6號,合格,鉛未檢出汞未檢出銅0.02砷0.02,108,新北市,120.5927671,23.8482281
統一綺麗健康油,統一,台南市永康區中正路301號,合格,汞未檢出砷未檢出銅0.02鉛未檢出,108,新北市,120.2447232,23.0343175
福壽大豆沙拉油,台中市梧棲區店家,台中市梧棲區自強路98號,合格,砷0.01鉛0.01汞未檢出銅0.02,108,新北市,120.5275142,24.2356067
得意的一天葵花油,桃園市大園區店家,桃園市大園區和平西路1段369號,合格,鉛未檢出砷0.01銅0.01汞未檢出,108,新北市,121.1992623,25.05994
泰山純葵花油,泰山,彰化縣田中鎮興工路6號,合格,汞未檢出砷0.02銅0.03鉛未檢出,108,新北市,120.5927671,23.8482281
維義油之鑽127鑽石級調合油,高雄市大社區店家,高雄市大社區旗楠路103巷23號,合格,銅0.09鉛0.05砷0.01汞未檢出,108,新北市,120.3480647,22.7510183
泰國蝦,屏東縣屏東市店家,屏東縣屏東市北極街39號,合格,氯黴素類抗生素(4項)未檢出四環黴素類(7項)未檢出動物用藥多重殘留(48項)未檢出,109,新北市,120.4801681,22.6706328
泰國蝦,屏東縣鹽埔鄉店家,屏東縣鹽埔鄉新二村維新路173號,合格,氯黴素類抗生素(4項)未檢出四環黴素類(7項)未檢出動物用藥多重殘留(48項)未檢出,109,新北市,120.5576491,22.7427782
泰國蝦,新北市五股區店家,新北市五股區西雲路116號8樓,合格,氯黴素類抗生素(4項)未檢出四環黴素類(7項)未檢出動物用藥多重殘留(48項)未檢出,109,新北市,121.4445093,25.093338
泰國蝦,新北市蘆洲區店家,新北市蘆洲區光華路158號,合格,氯黴素類抗生素(4項)未檢出四環黴素類(7項)未檢出動物用藥多重殘留(48項)未檢出,109,新北市,121.4657304,25.0823649
泰國蝦,台中市大里區店家,台中市大里區立仁路245巷1號,合格,氯黴素類抗生素(4項)未檢出四環黴素類(7項)未檢出動物用藥多重殘留(48項)未檢出,109,新北市,120.7052715,24.1054014
日本山藥,新北市中和區店家,新北市中和區橋和路120號3樓,合格,二硫代胺基甲酸鹽類未檢出農藥多重殘留分析(380項)未檢出,110,新北市,121.49224,25.00566
有機菠菜,桃園市平鎮店家,桃園市平鎮區新富里環南路2段271號17樓之1,合格,二硫代胺基甲酸鹽類未檢出農藥多重殘留分析(380項)未檢出,110,新北市,121.215539,24.9405356
胡瓜-溫室小黃瓜,雲林縣西螺鎮店家,雲林縣西螺鎮興農西路316號,合格,二硫代胺基甲酸鹽類未檢出農藥多重殘留分析(380項)檢出細項普拔克(Propamocarbhydrochloride)0.02,110,新北市,120.4519499,23.7924186
家樂福非基改黃豆,家樂福,新北市土城區忠義路55巷54號1樓,合格,二硫代胺基甲酸鹽類未檢出農藥多重殘留分析(380項)未檢出極性農藥及其代謝物多重殘留分析(10項)未檢出,110,新北市,121.4429573,24.9672831
大蒜,桃園市八德區店家,桃園市八德區福園街166號,合格,二硫代胺基甲酸鹽類未檢出農藥多重殘留分析(380項)檢出細項第滅寧(Deltamethrin)0.02待克利(Difenoconazole)0.02依普同(Iprodione)0.11撲滅寧(Procymidone)0.02賓克隆(Pencycuron)0.16,110,新北市,121.2912463,24.9469059
澳洲甜桃,新北市五股區店家,新北市五股區工商路128號,合格,二硫代胺基甲酸鹽類0.22農藥多重殘留分析(380項)檢出細項毆?多(Propargite)0.65三氟敏(Trifloxystrobin)0.04依普同(Iprodione)1.46可尼丁(Clothianidin)0.09氟派瑞(Fluopyram)0.11,110,新北市,121.4361038,25.0860925
蘋果,蘋果,臺北市松山區四維路146號,合格,二硫代胺基甲酸鹽類未檢出農藥多重殘留分析(380項)檢出細項亞滅培(Acetamiprid)0.07貝芬替(Carbendazim)0.02派美尼(Pyrimethanil)0.58,110,新北市,121.5638621,25.0541591
白米,臺北市南港區店家,臺北市南港區忠孝東路7段511號,合格,二硫代胺基甲酸鹽類未檢出農藥多重殘留分析(380項)未檢出極性農藥及其代謝物多重殘留分析(10項)未檢出,110,新北市,121.595822,25.0507014
美國華盛頓富士蘋果,新北市五股區店家,新北市五股區五工六路35號,合格,二硫代胺基甲酸鹽類未檢出農藥多重殘留分析(380項)檢出細項Diphenylamine0.66派美尼(Pyrimethanil)1.48,110,新北市,121.4475269,25.0642062
肚臍丁,臺北市中山區店家,臺北市中山區民族東路336號,合格,二硫代胺基甲酸鹽類未檢出農藥多重殘留分析(380項)檢出細項賽速安(Thiamethoxam)0.53依滅列(Imazalil)1.12,110,新北市,121.5373211,25.067861
奇異果,奇異,臺北市中山區民族東路336號,合格,二硫代胺基甲酸鹽類未檢出農藥多重殘留分析(380項)檢出細項腐絕(Thiabendazole)0.03護汰寧(Fludioxonil)4.06,110,新北市,121.5373211,25.067861
大蒜,桃園市大園區店家,桃園市大園區大觀路269-5號,合格,二硫代胺基甲酸鹽類未檢出農藥多重殘留分析(380項)檢出細項百克敏(Pyraclostrobin)0.18三氟敏(Trifloxystrobin)0.09待克利(Difenoconazole)0.18福多寧(Flutolanil)0.16依普同(Iprodione)1.00撲滅寧(Procymidone)1.29普克利(Propiconazole)0.06達特南(Dinotefuran)0.08益達胺(Imidacloprid)0.12,110,新北市,121.1891428,25.0657408
大紅玫瑰,高雄市左營區店家,高雄市左營區民族一路960巷3號3樓,合格,二硫代胺基甲酸鹽類未檢出農藥多重殘留分析(380項)未檢出,110,新北市,120.3193986,22.6764334
家樂福有機小黃瓜,家樂福,雲林縣西螺鎮市場北路260號,合格,二硫代胺基甲酸鹽類未檢出農藥多重殘留分析(380項)未檢出,110,新北市,120.4534952,23.7858469
紅豆,紅豆,屏東縣潮州鎮璟龍路40號,合格,二硫代胺基甲酸鹽類未檢出固殺草(Glufosinate)1.0ppm (標準 : 2.0ppm)益達胺(Imidacloprid)0.01ppm (標準 1.0 ppm),110,新北市,120.5624474,22.5294168
西雅圖白鷹藍山綜合(掛耳咖啡),西雅圖,臺北市內湖區環山路1段28巷15號1F,合格,赭麴毒素 A未檢出,109,新北市,121.5657043,25.0826143
經典風味濾掛式咖啡,經典,臺北市內湖區瑞光路26巷36弄6號2F,合格,赭麴毒素 A未檢出,109,新北市,121.5817279,25.069214
西雅圖濾泡咖啡(尼加拉瓜甜蜜蠻牛),西雅圖,臺北市內湖區環山路1段28巷15號1樓,合格,赭麴毒素 A未檢出,109,新北市,121.5657043,25.0826143
麥斯威爾手沖濾掛式咖啡(曼特寧風味),臺北市內湖區店家,臺北市內湖區瑞光路70號,合格,赭麴毒素 A未檢出,109,新北市,121.5812978,25.0706874
片岡匠摩卡濾掛咖啡,臺北市內湖區店家,臺北市內湖區民權東路6段123巷20弄12號5樓,合格,赭麴毒素 A未檢出,109,新北市,121.5927169,25.069782
雲谷陳年阿拉比卡風味濾掛式咖啡,臺北市松山區店家,臺北市松山區長安東路2段106號,合格,赭麴毒素 A未檢出,109,新北市,121.5638621,25.0541591
伯朗大濾掛咖啡義式中深焙,伯朗,桃園市平鎮區中興路527號,合格,赭麴毒素 A未檢出,109,新北市,121.1935579,24.8984239
伯朗精品濾掛咖啡巴西喜拉朵,伯朗,桃園市平鎮區中興路527號,合格,赭麴毒素 A未檢出,109,新北市,121.1935579,24.8984239
伯朗精品濾掛咖啡衣索比亞,伯朗,桃園市平鎮區中興路527號,合格,赭麴毒素 A未檢出,109,新北市,121.1935579,24.8984239
法式深焙濾掛式咖啡,法式,臺北市內湖區瑞光路26巷36弄6號2樓,合格,赭麴毒素 A未檢出,109,新北市,121.5817279,25.069214
伯朗大濾掛咖啡-精選深烘焙,伯朗,桃園市平鎮區中興路527號,合格,赭麴毒素 A未檢出,109,新北市,121.1935579,24.8984239
炭燒濾掛式咖啡,臺北市內湖區店家,臺北市內湖區瑞光路26巷36弄6號2樓,合格,赭麴毒素 A未檢出,109,新北市,121.5817279,25.069214
伯朗精品濾掛咖啡-印尼弗洛勒斯,伯朗,桃園市平鎮區中興路572號,合格,赭麴毒素 A未檢出,109,新北市,121.1935582,24.898423
伯朗精品濾掛咖啡瓜地馬拉湖濱莊園,伯朗,桃園市平鎮區中興路527號,合格,赭麴毒素 A未檢出,109,新北市,121.1935579,24.8984239
產地嚴選耶加雪菲濾掛式咖啡,臺北市內湖區店家,臺北市內湖區瑞光路26巷36弄6號2F,合格,赭麴毒素 A未檢出,109,新北市,121.5817279,25.069214
產地嚴選薇薇特南果濾掛式咖啡,臺北市內湖區店家,臺北市內湖區瑞光路26巷36弄6號2F,合格,赭麴毒素 A未檢出,109,新北市,121.5817279,25.069214
西雅圖極品大濾掛咖啡(黃金曼特寧),西雅圖極,臺北市內湖區環山路1段28巷15號1樓,合格,赭麴毒素 A未檢出,109,新北市,121.5657043,25.0826143
西雅圖極品濾掛咖啡(藍山綜合),西雅圖極,臺北市內湖區環山路1段28巷15號1樓,合格,赭麴毒素 A未檢出,109,新北市,121.5657043,25.0826143
經典風味濾掛式咖啡,經典,臺北市內湖區瑞光路26巷36弄6號2樓,合格,赭麴毒素 A未檢出,109,新北市,121.5817279,25.069214
摩卡衣索比亞濾掛咖啡,基隆市安樂區店家,基隆市安樂區武訓街65號,合格,赭麴毒素 A1.2,109,新北市,121.6987052,25.1497367
火山烏骨雞切,雲林縣斗六市店家,雲林縣斗六市八德里引善路196號,合格,動物用藥多重殘留(48項)未檢出抗原蟲(7項)未檢出硝基?喃代謝物(4項)未檢出禽畜產品中殘留農藥(123項)未檢出,108,新北市,120.5663142,23.7088943
冷凍鱸魚片,嘉義縣義竹鄉店家,嘉義縣義竹鄉義竹工業區義工三路3號,合格,孔雀綠(2項)未檢出動物用藥多重殘留(48項)未檢出氯黴素類抗生素(4項)未檢出,108,新北市,120.2194368,23.3596462
特選白鮮蛋,新北市汐止區店家,新北市汐止區大同路2段169巷72號,合格,禽畜產品中殘留農藥(123項)未檢出安保寧(1項)未檢出β-內醯胺類抗生素(8項)未檢出氯黴素類抗生素(4項)未檢出,108,新北市,121.6489938,25.0665694
香草園洗選蛋,香草,台南市新化區山腳里頂山路53號,合格,β-內醯胺類抗生素(8項)未檢出氯黴素類抗生素(4項)未檢出禽畜產品中殘留農藥(123項)未檢出安保寧(1項)未檢出,108,新北市,120.3349024,23.0087025
本地冷凍烏骨雞,雲林縣斗六市店家,雲林縣斗六市八德里引善路196號,合格,抗原蟲(7項)未檢出硝基?喃代謝物(4項)未檢出三甲氧芐氨嘧啶(trimethoprim)0.01動物用藥多重殘留(48項)檢出細項禽畜產品中殘留農藥(123項)未檢出,108,新北市,120.5663142,23.7088943
大七星鱸,臺北市內湖區店家,臺北市內湖區新湖一路128巷36號2樓,合格,氯黴素類抗生素(4項)未檢出孔雀綠(2項)未檢出動物用藥多重殘留(48項)未檢出,108,新北市,121.576814,25.0599741
烏骨雞(半),苗栗縣後龍鎮店家,苗栗縣後龍鎮大山里下大山腳34-2號,合格,抗原蟲(7項)未檢出硝基?喃代謝物(4項)未檢出禽畜產品中殘留農藥(123項)未檢出動物用藥多重殘留(48項)未檢出,108,新北市,120.7949296,24.6339911
木崗高品質雞蛋冷藏白殼蛋,臺北市中山區店家,臺北市中山區松江路125號,合格,禽畜產品中殘留農藥(123項)未檢出安保寧(1項)未檢出氯黴素類抗生素(4項)未檢出β-內醯胺類抗生素(8項)未檢出,108,新北市,121.5334641,25.0531691
金針,桃園市復興區店家,桃園市復興區忠孝路9號,合格,二氧化硫0.256,109,新北市,121.3511677,24.8142242
高山有機金針,高山,花蓮縣富里鄉竹田村25鄰8號,合格,二氧化硫未檢出,109,新北市,121.3255688,23.2041991
特選高山金針,新北市八里區店家,新北市八里區龍米路二段62號,合格,二氧化硫未檢出,109,新北市,121.4482936,25.1412588
金針,臺北市大同區店家,臺北市大同區保安街33號,合格,二氧化硫0.264,109,新北市,121.512563,25.059195
金針花乾,花蓮縣玉里鎮店家,花蓮縣玉里鎮觀音里高寮268-2號,合格,二氧化硫未檢出,109,新北市,121.356292,23.383577
金針,新北市新莊區店家,新北市新莊區化成路585-3號,合格,二氧化硫0.448,109,新北市,121.4628469,25.0665692
乾金針,臺北市大同區店家,臺北市大同區南京西路163號2樓之76,合格,二氧化硫未檢出,109,新北市,121.5132416,25.0542016
金針,新北市鶯歌區店家,新北市鶯歌區中正一路184號,合格,二氧化硫0.360,109,新北市,121.3527664,24.9563653
金針,臺北市大同區店家,臺北市大同區安西街46號,合格,二氧化硫0.224,109,新北市,121.510037,25.059454
特選結條金針,花蓮縣玉里鎮店家,花蓮縣玉里鎮高寮106-3號,合格,二氧化硫1.512,109,新北市,121.356292,23.383577
台灣白玉蘿蔔乾,臺北市北投區店家,臺北市北投區裕民三路155號3樓,合格,己二烯酸未檢出苯甲酸未檢出甲醛未檢出去水醋酸未檢出,107,新北市,121.5161479,25.1160963
碎脯,屏東縣萬巒鄉店家,屏東縣萬巒鄉佳和村佳興路77-5號,合格,苯甲酸未檢出甲醛未檢出己二烯酸未檢出去水醋酸未檢出,107,新北市,120.5897975,22.5707272
乾碎脯,嘉義縣布袋鎮店家,嘉義縣布袋鎮江山里110號,合格,甲醛未檢出己二烯酸0.47苯甲酸0.04去水醋酸未檢出,107,新北市,120.2022239,23.380229
高級珍珠脯,高級,嘉義縣布袋鎮見龍里內田38-2號,合格,己二烯酸0.23甲醛未檢出去水醋酸未檢出苯甲酸未檢出,107,新北市,120.1772208,23.3828202
菜脯,新北市八里區店家,新北市八里區龍米路2段62號,合格,己二烯酸0.77苯甲酸0.04甲醛未檢出去水醋酸未檢出,107,新北市,121.4482936,25.1412588
特級碎脯,特級,嘉義縣布袋鎮振寮里222號,合格,苯甲酸0.47甲醛未檢出去水醋酸未檢出己二烯酸未檢出,107,新北市,120.1849082,23.3946385
特選菜脯,雲林縣西螺鎮店家,雲林縣西螺鎮福來路38號,合格,苯甲酸0.98己二烯酸未檢出甲醛未檢出去水醋酸未檢出,107,新北市,120.4460734,23.782799
好手切脯,嘉義縣布袋鎮店家,嘉義縣布袋鎮貝龍里內181-1號,合格,甲醛未檢出去水醋酸未檢出苯甲酸0.07己二烯酸0.05,107,新北市,120.1704766,23.3627901
乾大脯,嘉義縣布袋鎮店家,嘉義縣布袋鎮見龍里25號,合格,去水醋酸未檢出己二烯酸未檢出甲醛未檢出苯甲酸0.60,107,新北市,120.1805789,23.3781041
珍珠脯,珍珠,嘉義縣布袋鎮振?里222-7號,合格,去水醋酸未檢出己二烯酸未檢出甲醛未檢出苯甲酸0.45,107,新北市,120.1704766,23.3627901
特製手切脯,嘉義縣布袋鎮店家,嘉義縣布袋鎮江山里110號,合格,甲醛未檢出己二烯酸0.57去水醋酸未檢出苯甲酸0.04,107,新北市,120.2022239,23.380229
蘿蔔乾,蘿蔔,嘉義縣布袋鎮振寮里222號,合格,己二烯酸未檢出甲醛未檢出苯甲酸0.52去水醋酸未檢出,107,新北市,120.1849082,23.3946385
小蘿蔔干,新北市土城區店家,新北市土城區中央路2段278巷5弄2號1F,合格,去水醋酸未檢出甲醛未檢出己二烯酸0.12苯甲酸未檢出,107,新北市,121.4402403,24.9744591
高級手切脯,高級,嘉義縣布袋鎮見龍里內田38-2號,合格,去水醋酸未檢出苯甲酸未檢出己二烯酸0.05甲醛未檢出,107,新北市,120.1772208,23.3828202
碎脯,嘉義縣布袋鎮店家,嘉義縣布袋鎮見龍里內田41號,合格,己二烯酸0.22去水醋酸未檢出苯甲酸未檢出甲醛未檢出,107,新北市,120.1788469,23.3762881
高級大脯,高級,嘉義縣布袋鎮見龍里內田38-2號,合格,去水醋酸未檢出甲醛未檢出己二烯酸未檢出苯甲酸未檢出,107,新北市,120.1772208,23.3828202
汫度碎脯,嘉義縣布袋鎮店家,嘉義縣布袋鎮見龍里25號,合格,去水醋酸未檢出甲醛未檢出苯甲酸0.63己二烯酸未檢出,107,新北市,120.1805789,23.3781041
珍珠脯,珍珠,嘉義縣布袋鎮見龍里內田41號,合格,甲醛未檢出去水醋酸未檢出己二烯酸1.80苯甲酸未檢出,107,新北市,120.1788469,23.3762881
傳統蘿蔔乾,傳統,屏東縣恆春鎮省北路2段568號,合格,己二烯酸未檢出去水醋酸未檢出苯甲酸未檢出甲醛未檢出,107,新北市,120.7241133,22.0515753
菜脯,嘉義縣布袋鎮店家,嘉義縣布袋鎮江山里110號,合格,甲醛未檢出苯甲酸0.04去水醋酸未檢出己二烯酸0.46,107,新北市,120.2022239,23.380229
新鮮甲魚,屏東縣屏東市店家,屏東縣屏東市中正路463-1號,合格,氟甲磺氯黴素胺0.009氯黴素類抗生素(4項)檢出細項孔雀綠(2項)未檢出動物用藥多重殘留(48項)未檢出,108,新北市,120.4995334,22.6901401
冷凍肉-本草豬後腿火鍋片,台中市南屯區店家,台中市南屯區大墩六街410號,合格,氯黴素類抗生素(4項)未檢出卡巴得(3項)未檢出,108,新北市,120.6438617,24.1430638
澳洲冷凍沙朗牛排,澳洲冷,新北市板橋區干城路142號,合格,四環黴素類(7項)未檢出抗生素及其代謝物多重殘留分析-畜禽水產品(16項)未檢出,108,新北市,121.4595491,24.9932599
安格斯牛小排火鍋片,新北市瑞芳區店家,新北市瑞芳區中山路87號,合格,四環黴素類(7項)未檢出抗生素及其代謝物多重殘留分析-畜禽水產品(16項)未檢出,108,新北市,121.8037927,25.1061092
素鮮雞蛋,臺北市北投區店家,臺北市北投區明德路337巷13號,合格,禽畜產品中殘留農藥(123項)未檢出抗原蟲(7項)未檢出動物用藥多重殘留(48項)未檢出,108,新北市,121.5194144,25.1168801
冷藏肉台灣珍豬大里肌肉,桃園市龜山區店家,桃園市龜山區東舊路街24-9號,合格,氯黴素類抗生素(4項)未檢出卡巴得(3項)未檢出,108,新北市,121.3645582,25.0155798
美國梅花牛排,新北市中和區店家,新北市中和區健康路264號,合格,四環黴素類(7項)未檢出抗生素及其代謝物多重殘留分析-畜禽水產品(16項)未檢出,108,新北市,121.4890296,25.0000194
美國骰子牛肉,基隆市七堵區店家,基隆市七堵區工建南路23號,合格,四環黴素類(7項)未檢出抗生素及其代謝物多重殘留分析-畜禽水產品(16項)未檢出,108,新北市,121.7036399,25.0835493
台灣特選豬梅花火鍋片,新北市板橋區店家,新北市板橋區干城路142號,合格,氯黴素類抗生素(4項)未檢出卡巴得(3項)未檢出,108,新北市,121.4595491,24.9932599
美國冷藏牛肋條,美國冷,新北市中和區建康路264號,合格,四環黴素類(7項)未檢出抗生素及其代謝物多重殘留分析-畜禽水產品(16項)未檢出,108,新北市,121.492811,24.9991861
盤古蛋,台南市後壁區店家,台南市後壁區新嘉里130-9號,合格,動物用藥多重殘留(48項)未檢出抗原蟲(7項)未檢出禽畜產品中殘留農藥(123項)未檢出,108,新北市,120.3060706,23.3689041
牛肉片,牛肉,臺北市士林區華齡街175號2樓,合格,抗生素及其代謝物多重殘留分析-畜禽水產品(16項)未檢出四環黴素類(7項)未檢出,108,新北市,121.5192471,25.0871324
梅花肉片,梅花,台南市東區生產路68號,合格,氯黴素類抗生素(4項)未檢出卡巴得(3項)未檢出,108,新北市,120.2216471,22.9636366
雞蛋,新北市汐止區店家,新北市汐止區大同路2段169巷72號,合格,抗原蟲(7項)未檢出動物用藥多重殘留(48項)未檢出禽畜產品中殘留農藥(123項)未檢出,108,新北市,121.6489938,25.0665694
鱉(甲魚),臺北市萬華區店家,臺北市萬華區長順街111號,合格,孔雀綠(2項)未檢出氯黴素類抗生素(4項)未檢出動物用藥多重殘留(48項)未檢出,108,新北市,121.489336,25.0322164
家福進口12個月baby鱈魚白鱈魚蔬菜泥,臺北市南港區店家,臺北市南港區南港路2段20巷5號B1,合格,大腸桿菌陰性大腸桿菌群陰性,109,新北市,121.6055443,25.0544429
家福baby6個月法國進口蘋果草莓香蕉泥,臺北市南港區店家,臺北市南港區南港路2段20巷5號B1,合格,大腸桿菌陰性大腸桿菌群陰性,109,新北市,121.6055443,25.0544429
寶寶即食麵條,嘉義縣民雄鄉店家,嘉義縣民雄鄉西安村西安路3巷2號之25,合格,大腸桿菌群陰性大腸桿菌陰性,109,新北市,120.4264139,23.5568358
寶寶即時點心泥赤心地瓜,嘉義市東區店家,嘉義市東區保康路2號,合格,大腸桿菌群23大腸桿菌陰性,109,新北市,120.455555,23.5076984
芮芙迪蔬果泥-藍莓.香蕉.蘋果,桃園市大溪區店家,桃園市大溪區永昌路52巷117號2樓,合格,大腸桿菌陰性大腸桿菌群陰性,109,新北市,121.262092,24.9023263
生機鮮蔬鱈魚泥,生機,台中市豐原區豐南街92巷96號1樓,合格,大腸桿菌群陰性大腸桿菌陰性,109,新北市,120.7142207,24.2373902
kewpie綜合蔬菜雞肉泥p73,台中市豐原區店家,台中市豐原區豐南街92巷96號1樓,合格,大腸桿菌陰性大腸桿菌群陰性,109,新北市,120.7142207,24.2373902
Hipp喜寶有機蔬菜羊肉全餐,臺北市中山區店家,臺北市中山區南京東路3段68號12樓,合格,大腸桿菌群陰性大腸桿菌陰性,109,新北市,121.5281453,25.0523713
即食好粥道寶寶活力粥,新北市永和區店家,新北市永和區環河東路2段22號1樓,合格,大腸桿菌陰性大腸桿菌群陰性,109,新北市,121.5223454,25.0127537
順樂寶寶即食粥,臺北市中山區店家,臺北市中山區錦州街48號8樓之2,合格,大腸桿菌陰性大腸桿菌群陰性,109,新北市,121.5261296,25.0601761
白蘿蔔(熟),白蘿,新北市深坑區文化街90號1樓,合格,大腸桿菌陰性大腸桿菌群陰性,110,新北市,121.6174568,25.0021244
甜不辣(熟),甜不,新北市深坑區文化街90號1樓,合格,大腸桿菌陰性大腸桿菌群陰性,110,新北市,121.6174568,25.0021244
關東煮,關東,新北市中和區圓通路8號,合格,大腸桿菌陰性大腸桿菌群陰性,110,新北市,121.5017281,24.9979426
關東煮,關東,新北市蘆洲區中正路381號,合格,大腸桿菌陰性大腸桿菌群陰性,110,新北市,121.4642933,25.0909129
關東煮,關東,新北市蘆洲區長樂路35號,合格,大腸桿菌陰性大腸桿菌群陰性,110,新北市,121.4631935,25.0856544
甜不辣(小),甜不,新北市淡水區新市2路2段112號,合格,大腸桿菌陰性大腸桿菌群陰性,110,新北市,121.428069,25.1950141
綜合關東煮,綜合,新北市新莊區建安街91號,合格,大腸桿菌陰性大腸桿菌群陰性,110,新北市,121.4270989,25.0244686
甜不辣(關東煮),甜不,新北市新莊區民安路138號1樓,合格,大腸桿菌陰性大腸桿菌群陰性,110,新北市,121.4242188,25.0253453
米血糕,新北市蘆洲區店家,新北市蘆洲區正和街28號,合格,大腸桿菌陰性大腸桿菌群陰性,110,新北市,121.4697198,25.0821508
甜不辣(關東煮),甜不,新北市新莊區中正路143號,合格,大腸桿菌陰性大腸桿菌群陰性,110,新北市,121.458861,25.0378023
關東煮,關東,新北市中和區連城路215號,合格,大腸桿菌陰性大腸桿菌群陰性,110,新北市,121.4945223,24.9976796
甜不辣,甜不,新北市板橋區四維路262號,合格,大腸桿菌陰性大腸桿菌群陰性,110,新北市,121.4635242,25.0283223
米血糕,新北市板橋區店家,新北市板橋區四維路262號,合格,大腸桿菌陰性大腸桿菌群陰性,110,新北市,121.4635242,25.0283223
大根煮,新北市板橋區店家,新北市板橋區縣民大道2段7號B1樓,合格,大腸桿菌陰性大腸桿菌群陰性,110,新北市,121.4637594,25.0140885
甜不辣(關東煮),甜不,新北市中和區員山路479號,合格,大腸桿菌陰性大腸桿菌群陰性,110,新北市,121.4800088,25.0053723
原味貢丸,雲林縣元長鄉店家,雲林縣元長鄉興工街3號,合格,大腸桿菌陰性大腸桿菌群陰性,110,新北市,120.3326635,23.6137575
北港可口米血糕,新北市三重區店家,新北市三重區光華路52號,合格,大腸桿菌陰性大腸桿菌群陰性,110,新北市,121.4678246,25.0595543
米血關東煮,新北市樹林區店家,新北市樹林區大有路65號1樓,合格,大腸桿菌陰性大腸桿菌群陰性,110,新北市,121.3835585,24.948303
高麗菜捲關東煮,新北市樹林區店家,新北市樹林區大有路65號1樓,合格,大腸桿菌陰性大腸桿菌群陰性,110,新北市,121.3835585,24.948303
關東煮(豬血糕),關東,新北市土城區學府路1段202號,合格,大腸桿菌陰性大腸桿菌群陰性,110,新北市,121.459747,24.9885054
鴨肉,新北市新莊區店家,新北市新莊區新樹路417號,合格,Terbutaline未檢出Ractopamine未檢出氯黴素類抗生素(4項)未檢出Cimaterol未檢出Tulobuterol未檢出Clenbuterol未檢出Salbutamol未檢出動物用藥多重殘留(48項)未檢出四環黴素類(7項)未檢出Zilpaterol未檢出,107,新北市,121.4327899,25.0141703
鴨肉,宜蘭縣壯圍鄉店家,宜蘭縣壯圍鄉新南村96-7號,合格,"氯四環黴素(Chlortetracycline,CTC)0.014Zilpaterol未檢出Cimaterol未檢出Tulobuterol未檢出4-epimer-chlortetracycline0.010Terbutaline未檢出Ractopamine未檢出氯黴素類抗生素(4項)未檢出Salbutamol未檢出四環黴素類(7項)檢出細項脫氧羥四環黴素(Doxycycline)0.027Clenbuterol未檢出動物用藥多重殘留(48項)未檢出",107,新北市,121.8050125,24.7205496
法式特級煙燻鴨胸,法式,宜蘭縣宜蘭市津梅路69巷2號,合格,Ractopamine未檢出氯黴素類抗生素(4項)未檢出Zilpaterol未檢出四環黴素類(7項)未檢出動物用藥多重殘留(48項)未檢出Clenbuterol未檢出Salbutamol未檢出Cimaterol未檢出Tulobuterol未檢出Terbutaline未檢出,107,新北市,121.7525492,24.7671291
太空鴨,臺北市北投區店家,臺北市北投區大業路136號5樓,合格,Terbutaline未檢出氯黴素類抗生素(4項)未檢出Cimaterol未檢出Tulobuterol未檢出動物用藥多重殘留(48項)未檢出Zilpaterol未檢出四環黴素類(7項)未檢出Ractopamine未檢出Clenbuterol未檢出Salbutamol未檢出,107,新北市,121.4993064,25.1244713
一番鴨(國產),屏東縣里港鄉店家,屏東縣里港鄉戴興村新民路11-6號,合格,Clenbuterol未檢出Salbutamol未檢出四環黴素類(7項)未檢出動物用藥多重殘留(48項)未檢出Zilpaterol未檢出Ractopamine未檢出氯黴素類抗生素(4項)未檢出Terbutaline未檢出Cimaterol未檢出Tulobuterol未檢出,107,新北市,120.5299417,22.7704155
鴨肉塊,桃園市大園區店家,桃園市大園區21-25號,合格,Salbutamol未檢出Clenbuterol未檢出Cimaterol未檢出Tulobuterol未檢出Terbutaline未檢出Ractopamine未檢出氯黴素類抗生素(4項)未檢出Zilpaterol未檢出四環黴素類(7項)未檢出動物用藥多重殘留(48項)未檢出,107,新北市,121.193945,25.0492632
鴨,新北市三重區店家,新北市三重區成功路32號17樓-1,合格,Cimaterol未檢出Terbutaline未檢出Clenbuterol未檢出Salbutamol未檢出四環黴素類(7項)未檢出動物用藥多重殘留(48項)未檢出Ractopamine未檢出氯黴素類抗生素(4項)未檢出Zilpaterol未檢出Tulobuterol未檢出,107,新北市,121.4892817,25.0503569
鴨肉,桃園市大園區店家,桃園市大園區田心村30鄰崁腳38之2號,合格,Zilpaterol未檢出四環黴素類(7項)未檢出Terbutaline未檢出Ractopamine未檢出氯黴素類抗生素(4項)未檢出Cimaterol未檢出Tulobuterol未檢出Clenbuterol未檢出Salbutamol未檢出動物用藥多重殘留(48項)未檢出,107,新北市,121.2515922,25.0921261
土番鴨肉火鍋片,台南市安南區店家,台南市安南區怡安路2段545巷10號6樓,合格,Ractopamine未檢出氯黴素類抗生素(4項)未檢出Terbutaline未檢出Cimaterol未檢出Tulobuterol未檢出四環黴素類(7項)未檢出動物用藥多重殘留(48項)未檢出Clenbuterol未檢出Salbutamol未檢出Zilpaterol未檢出,107,新北市,120.1949988,23.043878
真好家白胡椒粉,真好家,新北市五股區五工路144號,合格,黃麴毒素B1未檢出黃麴毒素B2未檢出黃麴毒素G1未檢出黃麴毒素G2未檢出,109,新北市,121.4496011,25.0704916
韓國辣椒粉,韓國,新北市三芝區中山路1段55號,合格,黃麴毒素G1未檢出黃麴毒素G2未檢出黃麴毒素B10.3黃麴毒素B2未檢出,109,新北市,121.5024439,25.2558123
新疆孜然,台中市西屯區店家,台中市西屯區工業一路70號7樓之1,合格,黃麴毒素B1未檢出黃麴毒素B2未檢出黃麴毒素G1未檢出黃麴毒素G2未檢出,109,新北市,120.6142106,24.1774466
紅辣椒粉,台中市西屯區店家,台中市西屯區工業一路70號7樓之1,合格,黃麴毒素G1未檢出黃麴毒素G2未檢出黃麴毒素B1未檢出黃麴毒素B2未檢出,109,新北市,120.6142106,24.1774466
胡椒鹽,台中市西屯區店家,台中市西屯區工業一路70號7樓之1,合格,黃麴毒素G1未檢出黃麴毒素G2未檢出黃麴毒素B1未檢出黃麴毒素B2未檢出,109,新北市,120.6142106,24.1774466
咖哩粉,臺北市大同區店家,臺北市大同區安西街116號,合格,黃麴毒素B1未檢出黃麴毒素B2未檢出黃麴毒素G1未檢出黃麴毒素G2未檢出,109,新北市,121.5097332,25.061381
七味唐辛子,台中市西屯區店家,台中市西屯區工業區一路70號7樓之1,合格,黃麴毒素B1未檢出黃麴毒素B2未檢出黃麴毒素G1未檢出黃麴毒素G2未檢出,109,新北市,120.6142106,24.1774466
細粉紅辣椒,臺北市大同區店家,臺北市大同區安溪街116號,合格,黃麴毒素G2未檢出黃麴毒素G1未檢出黃麴毒素B1未檢出黃麴毒素B2未檢出,109,新北市,121.5113064,25.0627243
真好家白胡椒鹽,真好家,新北市五股區五工路144號,合格,黃麴毒素B1未檢出黃麴毒素B2未檢出黃麴毒素G1未檢出黃麴毒素G2未檢出,109,新北市,121.4496011,25.0704916
泰式辣椒粉,泰式,新北市林口區工四路8號,合格,黃麴毒素B2未檢出黃麴毒素B1未檢出黃麴毒素G1未檢出黃麴毒素G2未檢出,109,新北市,121.4012059,25.0777745
豬肉卷(重組),豬肉,臺北市萬華區大理街168號,合格,ZilpaterolSalbutamolClenbuterolTulobuterolCimaterolTerbutalineRactopamine氯黴素類抗生素(4項)四環黴素類(7項)動物用藥多重殘留(48項),107,新北市,121.4938054,25.0338886
白杏菜(莧菜),臺北市松山區店家,臺北市松山區八德區蔬菜產銷班第一班,合格,農藥多重殘留分析(373項)未檢出二硫代胺基甲酸鹽類未檢出,107,新北市,121.5638621,25.0541591
魷魚羹,新北市林口區店家,新北市林口區粉寮路1段102號,合格,硼酸及其鹽類陰性對羥苯甲酸丁酯未檢出水楊酸未檢出對羥苯甲酸乙酯未檢出對羥苯甲酸異丙酯未檢出對羥苯甲酸丙酯未檢出二氧化硫未檢出對羥苯甲酸未檢出對羥苯甲酸第二丁酯未檢出對羥苯甲酸異丁酯未檢出去水醋酸未檢出對羥苯甲酸甲酯未檢出己二烯酸未檢出苯甲酸未檢出,107,新北市,121.396476,25.076391
魚漿製品-切片魚板,台中市東區店家,台中市東區十全街96號,合格,對羥苯甲酸丁酯未檢出水楊酸未檢出對羥苯甲酸未檢出去水醋酸未檢出對羥苯甲酸甲酯未檢出對羥苯甲酸乙酯未檢出對羥苯甲酸異丙酯未檢出對羥苯甲酸第二丁酯未檢出對羥苯甲酸異丁酯未檢出己二烯酸0.68 g/kg苯甲酸未檢出硼酸及其鹽類陰性對羥苯甲酸丙酯未檢出二氧化硫未檢出,107,新北市,120.710296,24.1449818
花枝酥排,花枝,桃園市龜山區復興三路452號,合格,動物性成分動物性成分檢驗(牛成分) 陽性動物性成分動物性成分檢驗(雞成分) 陰性動物性成分動物性成分檢驗 陽性,107,新北市,121.3705571,25.043938
雞蛋(鴻盛),屏東縣長治鄉店家,屏東縣長治鄉德和村德和路212號,合格,離子型抗球蟲藥(5項)四環黴素類(7項)動物用藥多重殘留(48項)禽畜產品中殘留農藥(123項)氯黴素類抗生素(4項)抗原蟲(7項),108,新北市,120.5346334,22.7201158
殼蛋,彰化縣竹塘鄉店家,彰化縣竹塘鄉東陽路永吉巷,合格,氯黴素類抗生素(4項)四環黴素類(7項)離子型抗球蟲藥(5項)動物用藥多重殘留(48項)禽畜產品中殘留農藥(123項)抗原蟲(7項),108,新北市,120.3828756,23.8466223
殼蛋(白),彰化縣竹塘鄉店家,彰化縣竹塘鄉(林淑娟),合格,離子型抗球蟲藥(5項)四環黴素類(7項)動物用藥多重殘留(48項)氯黴素類抗生素(4項)禽畜產品中殘留農藥(123項)抗原蟲(7項),108,新北市,120.4242401,23.8448257
殼蛋(雞蛋),彰化縣芳苑鄉店家,彰化縣芳苑鄉登記號碼:09002,合格,四環黴素類(7項)動物用藥多重殘留(48項)禽畜產品中殘留農藥(123項)離子型抗球蟲藥(5項)抗原蟲(7項)氯黴素類抗生素(4項),108,新北市,120.3550808,23.9455949
雞蛋,彰化縣芳苑鄉店家,彰化縣芳苑鄉登記號06171,合格,抗原蟲(7項)氯黴素類抗生素(4項)禽畜產品中殘留農藥(123項)四環黴素類(7項)動物用藥多重殘留(48項)離子型抗球蟲藥(5項),108,新北市,120.3550808,23.9455949
古早蛋,台南市後壁區店家,台南市後壁區新嘉里白沙屯130-9號,合格,氯黴素類抗生素(4項)動物用藥多重殘留(48項)禽畜產品中殘留農藥(123項)四環黴素類(7項)抗原蟲(7項)離子型抗球蟲藥(5項),108,新北市,120.3133388,23.3679349
冠軍元氣滿滿雞蛋,冠軍,嘉義縣義竹鄉平溪村48之3號,合格,禽畜產品中殘留農藥(123項)抗原蟲(7項)氯黴素類抗生素(4項)動物用藥多重殘留(48項)四環黴素類(7項)離子型抗球蟲藥(5項),108,新北市,120.2137665,23.3563067
殼蛋,屏東縣屏東市店家,屏東縣屏東市萬隆村平山路68-30號,合格,動物用藥多重殘留(48項)禽畜產品中殘留農藥(123項)氯黴素類抗生素(4項)抗原蟲(7項)離子型抗球蟲藥(5項)四環黴素類(7項),108,新北市,120.6051596,22.5167283
殼蛋,彰化縣芳苑鄉店家,彰化縣芳苑鄉文津村芳東路27號,合格,離子型抗球蟲藥(5項)禽畜產品中殘留農藥(123項)四環黴素類(7項)動物用藥多重殘留(48項)氯黴素類抗生素(4項)抗原蟲(7項),108,新北市,120.3695816,23.9394506
原味粳粽,嘉義市西區店家,嘉義市西區文化路716-1號,合格,硼酸及其鹽類未檢出,109,新北市,120.4425973,23.4975996
雙味鹼粽,臺北市中正區店家,臺北市中正區羅斯福路1段8號,合格,硼酸及其鹽類未檢出,109,新北市,121.531919,25.0166334
原味鹼粽,高雄市三民區店家,高雄市三民區灣興街50巷1號,合格,硼酸及其鹽類未檢出,109,新北市,120.3128279,22.6518418
紅豆沙鹼粽,紅豆,高雄市三民區灣興街50巷1號,合格,硼酸及其鹽類未檢出,109,新北市,120.3128279,22.6518418
原味鹼粽,臺北市中正區店家,臺北市中正區羅斯福路1段8號,合格,硼酸及其鹽類未檢出,109,新北市,121.531919,25.0166334
豆沙鹼粽,臺北市松山區店家,臺北市松山區羅斯福路1段8號(南門市場內194號),合格,硼酸及其鹽類未檢出,109,新北市,121.531919,25.0166334
傳統冰鎮鹼粽,傳統,新北市泰山區新北大道5段330號,合格,硼酸及其鹽類未檢出,109,新北市,121.4341454,25.046971
鹼粽(原味),新北市泰山區店家,新北市泰山區全興路212號2樓,合格,硼酸及其鹽類未檢出,109,新北市,121.4336188,25.0561541
鹼粽,新北市汐止區店家,新北市汐止區信義路6號,合格,硼酸及其鹽類未檢出,109,新北市,121.6619936,25.0695288
鹼粽,新北市板橋區店家,新北市板橋區文華街,合格,硼酸及其鹽類未檢出,109,新北市,121.4574067,25.0007006
鹼粽,新北市鶯歌區店家,新北市鶯歌區建國路71號,合格,硼酸及其鹽類未檢出,109,新北市,121.3536944,24.9540919
原味鹼粽,新北市板橋區店家,新北市板橋區德興街31號,合格,硼酸及其鹽類未檢出,109,新北市,121.4535668,24.9939334
紅豆鹼粽,紅豆,新北市板橋區德興街31號,合格,硼酸及其鹽類未檢出,109,新北市,121.4535668,24.9939334
鹼粽(原味),新北市蘆洲區店家,新北市蘆洲區仁勇街81之1號,合格,硼酸及其鹽類未檢出,109,新北市,121.4842126,25.0848112
鹼粽(紅豆),新北市蘆洲區店家,新北市蘆洲區仁勇街81之1號,合格,硼酸及其鹽類未檢出,109,新北市,121.4842126,25.0848112
焿粽,新北市三重區店家,新北市三重區大同南路3號,合格,硼酸及其鹽類未檢出,109,新北市,121.4954678,25.0612677
鹼粽,新北市新店區店家,新北市新店區建國路40號,合格,硼酸及其鹽類未檢出,109,新北市,121.5405894,24.9748172
紅豆鹼粽,紅豆,新北市板橋區新海路112號,合格,硼酸及其鹽類未檢出,109,新北市,121.4613686,25.0228053
客家小炒豆干,客家,彰化縣田尾鄉饒平村光復路2段698號,合格,己二烯酸苯甲酸去水醋酸水楊酸對羥苯甲酸,109,新北市,120.530833,23.8913028
大漢超嫩豆腐,大漢,桃園市大園區大觀路548號,合格,己二烯酸苯甲酸去水醋酸水楊酸對羥苯甲酸,109,新北市,121.1805095,25.0644032
優質豆皮,優質,桃園市大溪區美山路1段601巷255號,合格,己二烯酸苯甲酸去水醋酸水楊酸對羥苯甲酸,109,新北市,121.297988,24.880474
中華雞蛋豆腐,高雄市大樹區店家,高雄市大樹區龍目路110-6號,合格,己二烯酸苯甲酸去水醋酸水楊酸對羥苯甲酸,109,新北市,120.41625,22.6851785
春豐豆干,雲林縣元長鄉店家,雲林縣元長鄉西莊村西庄109之86號,合格,己二烯酸苯甲酸去水醋酸水楊酸對羥苯甲酸,109,新北市,120.304432,23.622327
傳統板豆腐,傳統,台中市神岡區豐工中路11號,合格,己二烯酸苯甲酸去水醋酸水楊酸對羥苯甲酸,109,新北市,120.7090801,24.2779357
手打豆干,手打,彰化縣田尾鄉光復路2段698號,合格,己二烯酸苯甲酸去水醋酸水楊酸對羥苯甲酸,109,新北市,120.530833,23.8913028
雅方火鍋小豆皮,彰化縣芬園鄉店家,彰化縣芬園鄉彰南路2段761號,合格,己二烯酸苯甲酸去水醋酸水楊酸對羥苯甲酸,109,新北市,120.6303264,23.9996285
豆包,雲林縣西螺鎮店家,雲林縣西螺鎮福田里新厝路4之10巷,合格,己二烯酸苯甲酸去水醋酸水楊酸對羥苯甲酸,109,新北市,120.4318801,23.7747932
義美湯豆腐,義美湯,桃園市蘆竹區南工路1段11號,合格,己二烯酸苯甲酸去水醋酸水楊酸對羥苯甲酸,109,新北市,121.2727696,25.0543353
芫荽,臺北市萬華區店家,臺北市萬華區萬大路533號,合格,農藥多重殘留分析(310項)多重殘留分析方法(五) 未檢出二硫代胺基甲酸鹽類未檢出,107,新北市,121.4984156,25.0185059
八角粒,台中市西屯區店家,台中市西屯區工業區一路70號7樓之1,合格,二硫代胺基甲酸鹽類未檢出農藥多重殘留分析(310項)多重殘留分析方法(五) 未檢出,107,新北市,120.6142106,24.1774466
結球萵苣,雲林縣二崙鄉店家,雲林縣二崙鄉大庄村酒姑路54-80號,合格,鉛未檢出鎘0.01,107,新北市,120.3658794,23.8047901
美生菜,雲林縣西螺鎮店家,雲林縣西螺鎮新安里振安路98號,合格,鉛未檢出鎘0.03,107,新北市,120.4586209,23.788367
結球萵苣,雲林縣二崙鄉店家,雲林縣二崙鄉庄西村9鄰洲子18號,合格,鉛未檢出鎘未檢出,107,新北市,120.3579632,23.7975513
結球萵苣,臺北市中山區店家,臺北市中山區民族東路336號,合格,鉛未檢出鎘未檢出,107,新北市,121.5373211,25.067861
結球萵苣,新北市中和區店家,新北市中和區橋安街41號4樓,合格,鎘0.03鉛未檢出,107,新北市,121.4920311,25.0053652
三效卵磷脂膠囊食品,臺北市松山區店家,臺北市松山區中山北路2段81號,合格,砷未檢出重金屬<40ppm鉛未檢出,107,新北市,121.5231474,25.0582922
養生蛋,彰化縣大城鄉店家,彰化縣大城鄉城潭段478地號,合格,鉛未檢出銅0.7ppm,107,新北市,120.3089541,23.8483614
極鮮生凍小卷,新北市瑞芳區店家,新北市瑞芳區中山路87號,合格,鎘0.03ppm甲基汞未檢出鉛未檢出,107,新北市,121.8037927,25.1061092
松花皮旦,嘉義縣溪口鄉店家,嘉義縣溪口鄉溪西村143之2號,合格,鉛未檢出銅2.5ppm,107,新北市,120.3939874,23.598127
虱目魚皮,嘉義縣民雄鄉店家,嘉義縣民雄鄉東莞村建國路1段301號,合格,鉛未檢出鎘未檢出甲基汞未檢出,107,新北市,120.4403808,23.5202655
台灣鯛魚下巴,嘉義縣六腳鄉店家,嘉義縣六腳鄉潭墘村潭子墘75之20號,合格,鎘未檢出鉛未檢出甲基汞未檢出,107,新北市,120.2755227,23.5064808
活凍白蝦,新北市中和區店家,新北市中和區中山路2段390號,合格,甲基汞未檢出鎘未檢出鉛未檢出,107,新北市,121.4904312,25.0037372
雞蛋,彰化縣芳苑鄉店家,彰化縣芳苑鄉三成村5鄰上城路1之86號,合格,鉛未檢出銅0.8ppm,107,新北市,120.3407186,23.8824019
厚切扁鱈,臺北市士林區店家,臺北市士林區大南路361號5樓之2,合格,鉛未檢出甲基汞0.10ppm(標準:1ppm以下)鎘未檢出,107,新北市,121.516528,25.08897
卵磷寶膠囊食品100粒,臺北市中山區店家,臺北市中山區長安東路1段43巷4號1樓,合格,砷未檢出鉛未檢出重金屬<40ppm,107,新北市,121.522081,25.049818
爭鮮煙燻鮭魚片,臺北市信義區店家,臺北市信義區忠孝東路 4段559 巷16弄21號,合格,一氧化碳(第一日)未檢出一氧化碳(第二日)未檢出一氧化碳(第三日)未檢出,110,新北市,121.557158,25.041012
冷凍鮭魚切片10公克,臺北市信義區店家,臺北市信義區忠孝東路 4段89巷 16弄21號,合格,,110,新北市,121.557158,25.041012
鮭魚切片,鮭魚,新北市中和區建康路 258號,合格,,110,新北市,121.4925892,24.9991802
花枝片,花枝,台中市西區五權七街 60號,合格,,110,新北市,120.6623999,24.1352639
鮭魚肚片,鮭魚,新北市中和區建康路 258號,合格,,110,新北市,121.4925892,24.9991802
特級綠茶,特級,新北市新莊區中港路302號,合格,大腸桿菌陰性大腸桿菌群陰性生菌數<10,107,新北市,121.4527936,25.04498
錫蘭紅茶,新北市板橋區店家,新北市板橋區南雅南路1段81號,合格,大腸桿菌陰性大腸桿菌群陰性生菌數<10,107,新北市,121.4567596,25.0071892
特級綠茶,特級,新北市板橋區南雅南路1段81號,合格,生菌數5100大腸桿菌陰性大腸桿菌群陰性,107,新北市,121.4567596,25.0071892
烏龍綠茶,烏龍,新北市八里區中山路2段181號,合格,生菌數<10大腸桿菌陰性大腸桿菌群陰性,107,新北市,121.404999,25.1502762
特選普洱,新北市三重區店家,新北市三重區五華街136之1號,合格,生菌數680大腸桿菌陰性大腸桿菌群陰性,107,新北市,121.4914264,25.0837815
烏龍奶茶,烏龍,新北市三重區五華街136之1號,合格,生菌數<10大腸桿菌陰性大腸桿菌群陰性,107,新北市,121.4914264,25.0837815
碧螺春,新北市汐止區店家,新北市汐止區新台五路1段152號之1,合格,大腸桿菌陰性大腸桿菌群陰性生菌數10,107,新北市,121.6483007,25.0607984
四季春,四季,新北市汐止區新台五路1段152號之1,合格,生菌數<10大腸桿菌陰性大腸桿菌群陰性,107,新北市,121.6483007,25.0607984
海神,新北市板橋區店家,新北市板橋區南雅南路1段77號,合格,大腸桿菌陰性大腸桿菌群陰性生菌數<10,107,新北市,121.4567596,25.0071892
日月潭紅茶,新北市新店區店家,新北市新店區中正路151號,合格,生菌數120大腸桿菌陰性大腸桿菌群3.6,107,新北市,121.541318,24.9717119
包種綠茶,新北市中和區店家,新北市中和區中山路3段119號1樓,合格,生菌數<10大腸桿菌陰性大腸桿菌群陰性,107,新北市,121.4744782,25.0059398
日月潭紅茶,新北市中和區店家,新北市中和區中山路3段119號1樓,合格,生菌數<10大腸桿菌陰性大腸桿菌群陰性,107,新北市,121.4744782,25.0059398
鮮活綠茶,新北市新莊區店家,新北市新莊區中平路52號,合格,大腸桿菌陰性大腸桿菌群陰性生菌數<10,107,新北市,121.4449462,25.0441316
美式咖啡,新北市土城區店家,新北市土城區青雲路380巷1號,合格,大腸桿菌陰性大腸桿菌群陰性生菌數1900,107,新北市,121.4584665,24.9730643
綠茶,新北市新莊區店家,新北市新莊區中平路60號,合格,生菌數<10大腸桿菌陰性大腸桿菌群陰性,107,新北市,121.4449497,25.044285
四季春茶,四季,新北市八里區龍米路2段230之1號,合格,大腸桿菌陰性大腸桿菌群陰性生菌數<10,107,新北市,121.431817,25.158653
紅茶,新北市永和區店家,新北市永和區安樂路152號,合格,大腸桿菌陰性大腸桿菌群陰性生菌數80,107,新北市,121.5144384,25.0005724
豆漿,新北市土城區店家,新北市土城區永平街40號,合格,大腸桿菌陰性大腸桿菌群陰性生菌數<10,107,新北市,121.4276104,24.9606329
碧蘿村有機高麗菜,桃園市大溪區店家,桃園市大溪區康莊路5段246號,合格,農藥多重殘留分析(373項)未檢出二硫代胺基甲酸鹽類未檢出,108,新北市,121.2566308,24.8222725
有機小芥菜,臺北市大安區店家,臺北市大安區文昌街106號1樓,合格,農藥多重殘留分析(373項)未檢出二硫代胺基甲酸鹽類未檢出,108,新北市,121.551838,25.0326611
紐西蘭綠奇異果5入,紐西,桃園市大園區大觀路269-5號,合格,二硫代胺基甲酸鹽類未檢出農藥多重殘留分析(373項)未檢出,108,新北市,121.1891428,25.0657408
澳洲迷你茂谷柑,桃園市大園區店家,桃園市大園區大觀路269-5號,合格,腐絕(Thiabendazole)0.05農藥多重殘留分析(373項)檢出細項依滅列(Imazalil)0.47二硫代胺基甲酸鹽類未檢,108,新北市,121.1891428,25.0657408
格藍芽2(芥藍),雲林縣二崙鄉店家,雲林縣二崙鄉龍結路15-10號,合格,二硫代胺基甲酸鹽類未檢出達特南(Dinotefuran)0.05農藥多重殘留分析(373項)檢出細項剋安勃(Chlorantraniliprole)0.75賽滅寧(Cypermethrin)0.14加保扶(Carbofuran)0.03依普同(Iprodione)2.74佈飛松(Profenophos)0.86賽速安(Thiamethoxam)0.19貝芬替(Carbendazim)0.20可尼丁(Clothianidin)0.04歐殺滅(Oxamyl)0.14,108,新北市,120.380742,23.775694
香菜,雲林縣虎尾鎮店家,雲林縣虎尾鎮文科路88號,合格,貝芬替(Carbendazim)0.01農藥多重殘留分析(373項)檢出細項二硫代胺基甲酸鹽類未檢,108,新北市,120.4448446,23.7109354
蘋果,蘋果,台中市和平區南勢村,合格,撲滅寧(Procymidone)0.56亞滅培(Acetamiprid)0.05待克利(Difenoconazole)0.04百克敏(Pyraclostrobin)0.03貝芬替(Carbendazim)0.03農藥多重殘留分析(373項)檢出細項,108,新北市,120.888074,24.175387
絲瓜,新北市樹林區店家,新北市樹林區日新街148巷2號,合格,農藥多重殘留分析(373項)未檢出二硫代胺基甲酸鹽類未檢出,108,新北市,121.4204527,24.9887205
蘋果,蘋果,臺北市萬華區萬大路533號(0424攤),合格,二硫代胺基甲酸鹽類未檢出農藥多重殘留分析(373項)檢出細項派美尼(Pyrimethanil)0.66亞滅培,108,新北市,121.4984156,25.0185059
芫荽(香菜),彰化縣北斗鎮店家,彰化縣北斗鎮中家里3號路360號,合格,二硫代胺基甲酸鹽類未檢出農藥多重殘留分析(373項)檢出細項施得圃(Pendimethalin)0.02,108,新北市,120.5080868,23.8912099
蘋果,蘋果,新北市板橋區板城路1000號,合格,護汰寧(Fludioxonil)1.90亞滅培(Acetamiprid)0.07諾伐隆(Novaluron)0.02農藥多重殘留分析(373項)檢出細項派美尼(Pyrimethanil)1.83,108,新北市,121.449148,25.0202341
芫荌(香菜),彰化縣北斗鎮店家,彰化縣北斗鎮中?里中?路46號,合格,農藥多重殘留分析(373項)未檢出二硫代胺基甲酸鹽類未檢出,108,新北市,120.5336665,23.869208
格藍芽(芥藍),雲林縣二崙鄉店家,雲林縣二崙鄉龍結路15-10號,不合格,農藥多重殘留分析(373項)檢出細項賜諾特J(SpinetoramJ)0.02納乃得(Methomyl)0.40護賽寧(Flucythrinate)0.12二硫代胺基甲酸鹽類未檢出達滅芬(Dimethomorph)0.05脫芬瑞(Tolfenpyrad)0.92,108,新北市,120.380742,23.775694
涼拌青木瓜,新北市蘆洲區店家,新北市蘆洲區長榮路693號,合格,大腸桿菌群460大腸桿菌陰性,108,新北市,121.4605922,25.0927549
凱撒脆雞沙拉,新北市三重區店家,新北市三重區五華街89之1號1.2樓,合格,大腸桿菌陰性大腸桿菌群240,108,新北市,121.4919908,25.0834527
水果優格沙拉,水果,新北市蘆洲區長樂路166號,合格,大腸桿菌群3.6大腸桿菌陰性,108,新北市,121.4625535,25.0908896
佛系主廚沙拉,新北市三芝區店家,新北市三芝區北勢子41之7號,合格,大腸桿菌群93大腸桿菌陰性,108,新北市,121.4727323,25.2533712
豆芽炸蝦(沙拉),新北市石碇區店家,新北市石碇區番子坑17號,合格,大腸桿菌陰性大腸桿菌群陰性,108,新北市,121.675508,25.010981
四季沙拉,四季,新北市土城區裕民路180號,合格,大腸桿菌陰性大腸桿菌群9.2,108,新北市,121.452771,24.9851678
經典凱薩沙拉,經典,新北市蘆洲區中山一路8號5樓,合格,大腸桿菌陰性大腸桿菌群93,108,新北市,121.4805085,25.0805505
四季沙拉,四季,新北市泰山區泰林路2段194號1~3樓,合格,大腸桿菌群93大腸桿菌陰性,108,新北市,121.4335907,25.0612529
四季沙拉,四季,新北市新店區安德街1號1樓,合格,大腸桿菌陰性大腸桿菌群陰性,108,新北市,121.5124824,24.9625487
莫札瑞拉番茄沙拉,新北市樹林區店家,新北市樹林區學成路736號1樓,合格,大腸桿菌陰性大腸桿菌群陰性,108,新北市,121.3831642,24.9461965
漢堡肉餡,新北市土城區店家,新北市土城區永豐路195巷18號,合格,亞硝酸鹽0.002苯甲酸未檢出對羥苯甲酸丙酯未檢出己二烯酸未檢出對羥苯甲酸丁酯未檢出水楊酸未檢出對羥苯甲酸未檢出去水醋酸未檢出丙酸及其鹽類未檢出對羥苯甲酸甲酯未檢出對羥苯甲酸乙酯未檢出對羥苯甲酸異丙酯未檢出對羥苯甲酸第二丁酯未檢出對羥苯甲酸異丁酯未檢出,107,新北市,121.4731801,24.9790409
港式蘿蔔糕,港式,新北市中和區中安街56號,合格,大腸桿菌陰性大腸桿菌群陰性,107,新北市,121.512634,25.0024205
台畜培根,屏東縣屏東市店家,屏東縣屏東市建國路480號,合格,對羥苯甲酸丙酯未檢出水楊酸未檢出對羥苯甲酸未檢出對羥苯甲酸甲酯未檢出亞硝酸鹽0.002對羥苯甲酸異丁酯未檢出己二烯酸未檢出去水醋酸未檢出丙酸及其鹽類未檢出對羥苯甲酸乙酯未檢出對羥苯甲酸異丙酯未檢出對羥苯甲酸丁酯未檢出苯甲酸未檢出對羥苯甲酸第二丁酯未檢出,107,新北市,120.4613704,22.6541176
豆漿,新北市板橋區店家,新北市板橋區文化路1段270巷1號,合格,基因改造黃豆(14項)未檢出,107,新北市,121.4623951,25.0193771
火腿蛋三明治,火腿,新北市三重區雙園街57巷4號,合格,大腸桿菌群43大腸桿菌陰性,107,新北市,121.4947102,25.0676519
紅茶,新北市新莊區店家,新北市新莊區建中街88號1樓,合格,生菌數<10大腸桿菌陰性大腸桿菌群陰性,107,新北市,121.4470387,25.03674
德式香腸,桃園市桃園區店家,桃園市桃園區永安路1061號,合格,亞硝酸鹽0.002對羥苯甲酸甲酯未檢出對羥苯甲酸乙酯未檢出對羥苯甲酸異丙酯未檢出對羥苯甲酸第二丁酯未檢出對羥苯甲酸異丁酯未檢出苯甲酸未檢出己二烯酸未檢出去水醋酸未檢出丙酸及其鹽類未檢出對羥苯甲酸丁酯未檢出水楊酸未檢出對羥苯甲酸未檢出對羥苯甲酸丙酯未檢出,107,新北市,121.2835486,25.0095426
蛋,新北市新店區店家,新北市新店區安康路3段525巷70-1號,合格,農藥多重殘留分析(373項)未檢出抗原蟲(7項)未檢出四環黴素類(7項)未檢出離子型抗球蟲藥(5項)未檢出動物用藥多重殘留(48項)未檢出氯黴素類抗生素(4項)未檢出,107,新北市,121.4816669,24.9440745
雞蛋,桃園縣平鎮店家,桃園縣平鎮市廣西路25號,合格,四環黴素類(7項)未檢出動物用藥多重殘留(48項)未檢出離子型抗球蟲藥(5項)未檢出農藥多重殘留分析(373項)未檢出抗原蟲(7項)未檢出氯黴素類抗生素(4項)未檢出,107,新北市,121.2101308,24.9551545
雞蛋,台南市永康區店家,台南市永康區蔦松二街3號,合格,抗原蟲(7項)未檢出四環黴素類(7項)未檢出動物用藥多重殘留(48項)未檢出離子型抗球蟲藥(5項)未檢出農藥多重殘留分析(373項)未檢出氯黴素類抗生素(4項)未檢出,107,新北市,120.2532863,23.040778
非基因豆漿,新北市土城區店家,新北市土城區永平路40號,合格,基因改造黃豆(14項)未檢出,107,新北市,121.5129355,25.0088282
高山香菇,高山,新北市八里區龍米路2段2-1號,合格,己二烯酸未檢出苯甲酸未檢出去水醋酸未檢出二氧化硫未檢出,107,新北市,121.4494894,25.1382317
高山椴木香菇,高山,桃園市大溪區康莊路5段246號,合格,己二烯酸未檢出苯甲酸未檢出去水醋酸未檢出二氧化硫未檢出,107,新北市,121.2566308,24.8222725
高山香菇,高山,新北市八里區龍米路2段62號,合格,二氧化硫未檢出去水醋酸未檢出己二烯酸未檢出苯甲酸未檢出,107,新北市,121.4482936,25.1412588
香菇 -小,香菇,臺北市松山區迪化街1段224巷14號,合格,去水醋酸未檢出己二烯酸未檢出苯甲酸未檢出二氧化硫未檢出,107,新北市,121.5638621,25.0541591
乾香菇絲,新北市三重區店家,新北市三重區中興北街150巷32號1樓,合格,二氧化硫未檢出去水醋酸未檢出己二烯酸未檢出苯甲酸未檢出,107,新北市,121.4675715,25.056198
登豐高山菇,登豐,新北市三芝區中山路一段55號,合格,苯甲酸未檢出去水醋酸未檢出二氧化硫未檢出己二烯酸未檢出,107,新北市,121.500686,25.2573322
坤松香菇-大菇,台中市新社區店家,台中市新社區中興嶺169-31號,合格,去水醋酸未檢出二氧化硫未檢出己二烯酸未檢出苯甲酸未檢出,107,新北市,120.7974977,24.2066298
乾香菇3.5-4,新北市汐止區店家,新北市汐止區南陽街23號,合格,二氧化硫未檢出去水醋酸未檢出己二烯酸未檢出苯甲酸未檢出,107,新北市,121.6250637,25.0658944
小菇(乾香菇),臺北市大同區店家,臺北市大同區迪化街1段159號1樓,合格,去水醋酸未檢出二氧化硫未檢出己二烯酸未檢出苯甲酸未檢出,107,新北市,121.5097974,25.0564363
冰塊(食用),新北市土城區店家,新北市土城區亞洲路32巷22號,合格,大腸桿菌群陰性大腸桿菌陰性生菌數<10,107,新北市,121.4354591,24.9748895
永勝衛生冰塊,新北市樹林區店家,新北市樹林區俊德街35號1-4樓,合格,生菌數20大腸桿菌陰性大腸桿菌群陰性,107,新北市,121.4153771,25.0139222
食用冰塊,新北市泰山區店家,新北市泰山區明志路1段369號,合格,大腸桿菌群陰性大腸桿菌陰性生菌數<10,107,新北市,121.4327919,25.0581641
食用冰塊,新北市板橋區店家,新北市板橋區中山路1段1號,合格,生菌數20大腸桿菌陰性大腸桿菌群陰性,107,新北市,121.4618415,25.0114095
食用冰塊,新北市新店區店家,新北市新店區安康路2段60號,合格,生菌數80大腸桿菌陰性大腸桿菌群陰性,107,新北市,121.5148693,24.9637756
食用冰塊,新北市新店區店家,新北市新店區安康路2段62號,合格,大腸桿菌陰性大腸桿菌群陰性生菌數<10,107,新北市,121.5148646,24.9637777
富利衛生冰塊,新北市中和區店家,新北市中和區中山路2段380巷21號,合格,大腸桿菌陰性大腸桿菌群陰性生菌數<10,107,新北市,121.4907401,25.0044389
食用冰塊,新北市汐止區店家,新北市汐止區新台五路1段99號,合格,生菌數28大腸桿菌陰性大腸桿菌群陰性,107,新北市,121.6483007,25.0607984
食用冰塊,新北市泰山區店家,新北市泰山區全興路81號,合格,大腸桿菌群陰性生菌數<10大腸桿菌陰性,107,新北市,121.4330173,25.058009
食用冰塊,新北市泰山區店家,新北市泰山區全興路83號,合格,生菌數<10大腸桿菌陰性大腸桿菌群陰性,107,新北市,121.4331091,25.0579103
食用冰塊,新北市板橋區店家,新北市板橋區中山路1段152號12樓,合格,大腸桿菌群陰性生菌數<10大腸桿菌陰性,107,新北市,121.412267,24.9607949
食用冰塊,新北市板橋區店家,新北市板橋區中山路1段152號12樓,合格,大腸桿菌陰性大腸桿菌群陰性生菌數64,107,新北市,121.412267,24.9607949
食用冰塊,新北市淡水區店家,新北市淡水區民生路26號1樓,合格,大腸桿菌陰性大腸桿菌群陰性生菌數<10,107,新北市,121.4612103,25.1377369
食用冰塊,新北市淡水區店家,新北市淡水區民生路18號,合格,大腸桿菌群陰性生菌數<10大腸桿菌陰性,107,新北市,121.4610444,25.1377303
純水冰塊,新北市三重區店家,新北市三重區中興北街108號,合格,生菌數<10大腸桿菌陰性大腸桿菌群陰性,107,新北市,121.4689424,25.0547345
ok咖啡特級冰塊,新北市林口區店家,新北市林口區俊英街116巷9號,合格,大腸桿菌陰性大腸桿菌群陰性生菌數<10,107,新北市,121.4277322,25.0060276
特級冰塊,特級,新北市林口區俊英街116巷9號,合格,生菌數<10大腸桿菌陰性大腸桿菌群陰性,107,新北市,121.4277322,25.0060276
食用冰塊,新北市中和區店家,新北市中和區員山路291號,合格,生菌數<10大腸桿菌陰性大腸桿菌群陰性,107,新北市,121.4811684,24.9999998
食用冰塊,新北市中和區店家,新北市中和區員山路240號,合格,大腸桿菌群陰性生菌數<10大腸桿菌陰性,107,新北市,121.4813691,25.0012742
上鮮蛋,彰化縣大城鄉店家,彰化縣大城鄉永基段1946.1947.1948地號,合格,硝基呋喃代謝物(4項)硝基呋喃代謝物 未檢出抗原蟲(7項)抗原蟲劑 未檢出氯黴素類抗生素(4項)氯黴素類 未檢出動物用藥多重殘留(48項)未檢出,109,新北市,120.3089541,23.8483614
勁鮮白殼蛋,彰化縣二林鎮店家,彰化縣二林鎮振興里7鄰民保巷565號,合格,硝基呋喃代謝物(4項)硝基呋喃代謝物 未檢出抗原蟲(7項)抗原蟲劑 未檢出氯黴素類抗生素(4項)氯黴素類 未檢出動物用藥多重殘留(48項)未檢出,109,新北市,120.4156391,23.9674229
冠軍蛋,冠軍,臺北市信義區吳興街156巷7弄2號,合格,硝基呋喃代謝物(4項)硝基呋喃代謝物 未檢出抗原蟲(7項)抗原蟲劑 未檢出氯黴素類抗生素(4項)氯黴素類 未檢出動物用藥多重殘留(48項)未檢出,109,新北市,121.5615282,25.028721
鄉野土雞蛋,彰化縣永靖鄉店家,彰化縣永靖鄉永社路9巷18號,合格,抗原蟲(7項)抗原蟲劑 未檢出胺基醣苷類抗生素(7項)胺基醣苷類 未檢出泰妙素未檢出,109,新北市,120.5601615,23.9038447
斑頭,基隆市仁愛區店家,基隆市仁愛區孝一路,合格,孔雀綠(2項)孔雀綠及其代謝物 未檢出氯黴素類抗生素(4項)氯黴素類 未檢出動物用藥多重殘留(48項)未檢出,109,新北市,121.7407381,25.1290479
有機莧菜,桃園市新屋區店家,桃園市新屋區中山東路1段163號,合格,二硫代胺基甲酸鹽類未檢出農藥多重殘留分析(380項)未檢出,109,新北市,121.1190793,24.9705098
彩色甜椒,彩色,南投縣信義鄉同富村2-1號,合格,二硫代胺基甲酸鹽類未檢出農藥多重殘留分析(380項)檢出細項賽速安(Thiamethoxam)0.04納乃得(Methomyl)0.03,109,新北市,120.8843434,23.5304918
甜椒,臺北市南港區店家,臺北市南港區玉成街166巷2號5樓,合格,二硫代胺基甲酸鹽類未檢出農藥多重殘留分析(380項)檢出細項百克敏(Pyraclostrobin)0.41畢達本(Pyridaben)0.06賽洛寧(λ-Cyhalothrin)0.03剋安勃(Chlorantraniliprole)0.03賽座滅(Cyazofamid)0.02賽普洛(Cyprodinil)0.12達滅芬(Dimethomorph)0.13依殺?(Etoxazole)0.03護汰寧(Fludioxonil)0.10,109,新北市,121.5840328,25.0445527
羅勒,新北市中和區店家,新北市中和區勵力街111號,合格,二硫代胺基甲酸鹽類未檢出農藥多重殘留分析(380項)檢出細項亞滅培(Acetamiprid)0.03普拔克(Propamocarbhydrochloride)0.18畢芬寧(Bifenthrin)0.04克凡派(Chlorfenapyr)0.02氟比來(Fluopicolide)0.02,109,新北市,121.4853103,24.9962178
奇異果,奇異,新北市板橋區板城路1000號,合格,二硫代胺基甲酸鹽類未檢出農藥多重殘留分析(380項)未檢出,109,新北市,121.449148,25.0202341
甜椒-彩色甜椒,新北市永和區店家,新北市永和區永和路1段40號10樓,合格,二硫代胺基甲酸鹽類未檢出農藥多重殘留分析(380項)檢出細項滅脫定(Ametoctradin)0.04亞托敏(Azoxystrobin)0.07百克敏(Pyraclostrobin)0.27三氟敏(Trifloxystrobin)0.13克凡派(Chlorfenapyr)0.19待克利(Difenoconazole)0.11氟克殺(Fluxapyroxad)0.02克收欣(Kresoxim-methyl)0.07得克利(Tebuconazole)0.02賽普洛(Cyprodinil)0.20達滅芬(Dimethomorph)0.06達特南(Dinotefuran)0.06護汰寧(Fludioxonil)0.11氟比來(Fluopicolide)0.06氟派瑞(Fluopyram)0.27,109,新北市,121.4964767,25.0065527
埔里百香果,南投縣埔里鎮店家,南投縣埔里鎮西安路三段221號,合格,二硫代胺基甲酸鹽類未檢出農藥多重殘留分析(380項)檢出細項亞托敏(Azoxystrobin)0.02待克利(Difenoconazole)0.05氟比來(Fluopicolide)0.18益達胺(Imidacloprid)0.03滅達樂(Metalaxyl)0.08,109,新北市,120.9246785,24.0363325
國姓絲瓜,南投縣國姓鄉店家,南投縣國姓鄉柑林村中正路二段357號,合格,二硫代胺基甲酸鹽類未檢出農藥多重殘留分析(380項)未檢出,109,新北市,120.8467068,24.0244958
紅莧菜,桃園市八德區店家,桃園市八德區廣興路980巷80號,合格,二硫代胺基甲酸鹽類未檢出農藥多重殘留分析(380項)未檢出,109,新北市,121.2865988,24.9533082
白莧菜,桃園市八德區店家,桃園市八德區廣興路980巷80號,合格,二硫代胺基甲酸鹽類未檢出農藥多重殘留分析(380項)未檢出,109,新北市,121.2865988,24.9533082
奇異果,奇異,新北市新莊區中和街204巷10號4樓,合格,二硫代胺基甲酸鹽類未檢出農藥多重殘留分析(380項)未檢出,109,新北市,121.4482208,25.0501485
百香果,百香果,臺北市中山區民族東路336號,合格,二硫代胺基甲酸鹽類未檢出農藥多重殘留分析(380項)檢出細項亞托敏(Azoxystrobin)0.14普拔克(Propamocarbhydrochloride)0.11百克敏(Pyraclostrobin)0.03三落松(Triazophos)0.02氟比來(Fluopicolide)0.02,109,新北市,121.5373211,25.067861
有機白莧菜,臺北市士林區店家,臺北市士林區華齡街175號2樓,合格,二硫代胺基甲酸鹽類未檢出農藥多重殘留分析(380項)未檢出,109,新北市,121.5192471,25.0871324
履歷彩色甜椒,履歷,台中市大肚區南榮路60號,合格,二硫代胺基甲酸鹽類未檢出農藥多重殘留分析(380項)檢出細項賽速安(Thiamethoxam)0.04克收欣(Kresoxim-methyl)0.11達滅芬(Dimethomorph)0.09達特南(Dinotefuran)0.02依殺?(Etoxazole)0.03,109,新北市,120.5829685,24.1129748
百香果-履歷百香果,百香果,臺北市北投區大業路136號,合格,二硫代胺基甲酸鹽類未檢出農藥多重殘留分析(380項)檢出細項百克敏(Pyraclostrobin)0.03賽速安(Thiamethoxam)0.09賽洛寧(λ-Cyhalothrin)0.06待克利(Difenoconazole)0.05賽普洛(Cyprodinil)0.02氟比來(Fluopicolide)0.08,109,新北市,121.4993493,25.1243329
甜玉米-履歷玉米筍,臺北市北投區店家,臺北市北投區大業路136號,合格,二硫代胺基甲酸鹽類未檢出農藥多重殘留分析(380項)未檢出,109,新北市,121.4993493,25.1243329
梨,臺北市北投區店家,臺北市北投區大業路136號,合格,二硫代胺基甲酸鹽類未檢出農藥多重殘留分析(380項)檢出細項亞滅培(Acetamiprid)0.05,109,新北市,121.4993493,25.1243329
伯爵紅茶,臺北市大安區店家,臺北市大安區永康街2-7號,合格,二硫代胺基甲酸鹽類未檢出農藥多重殘留分析(380項)未檢出,109,新北市,121.5297549,25.0329942
絲瓜,南投縣埔里鎮店家,南投縣埔里鎮一新里永豐路79號之1,不合格,二硫代胺基甲酸鹽類未檢出農藥多重殘留分析(380項)檢出細項加保利(Carbaryl)0.55達滅芬(Dimethomorph)0.14益達胺(Imidacloprid)0.10,109,新北市,120.9346108,24.0026862
百香果,百香果,臺北市萬華區萬大路533號,不合格,二硫代胺基甲酸鹽類未檢出農藥多重殘留分析(380項)檢出細項加保利(Carbaryl)0.30待克利(Difenoconazole)0.04滅達樂(Metalaxyl)0.09,109,新北市,121.4984156,25.0185059
特選百香果,南投縣埔里鎮店家,南投縣埔里鎮合成里西安路3段360號,不合格,二硫代胺基甲酸鹽類0.83農藥多重殘留分析(380項)檢出細項亞托敏(Azoxystrobin)0.17克凡派(Chlorfenapyr)0.04待克利(Difenoconazole)0.10百利普芬(Pyriproxyfen)0.04得克利(Tebuconazole)0.02氟比來(Fluopicolide)0.13,109,新北市,120.9262706,24.0394301
羅勒,新北市三重區店家,新北市三重區重安街70-4號,不合格,二硫代胺基甲酸鹽類未檢出農藥多重殘留分析(380項)檢出細項草脫淨(Atrazine)0.02撲滅寧(Procymidone)0.72托福松(Terbufos)0.02達滅芬(Dimethomorph)0.19益達胺(Imidacloprid)0.28賓克隆(Pencycuron)0.02,109,新北市,121.4913596,25.057089
鳳梨酥,鳳梨酥,新北市五股區成泰路1段87號,合格,去水醋酸未檢出大腸桿菌陰性大腸桿菌群陰性己二烯酸未檢出苯甲酸未檢出,107,新北市,121.4384396,25.084046
手造麻糬(綠茶),新北市板橋區店家,新北市板橋區國際路55號1-2樓,合格,大腸桿菌陰性大腸桿菌群陰性己二烯酸0.47苯甲酸未檢出去水醋酸未檢出,107,新北市,121.4666084,24.977783
香菇素餅(奶),香菇,新北市三重區重新路2段63號,合格,大腸桿菌群陰性大腸桿菌陰性,107,新北市,121.4967755,25.0620265
棗泥蛋黃酥,新北市三重區店家,新北市三重區重新路2段63號,合格,大腸桿菌陰性大腸桿菌群陰性,107,新北市,121.4967755,25.0620265
豆蛋小月餅蛋(奶),新北市三重區店家,新北市三重區重新路2段63號,合格,大腸桿菌陰性大腸桿菌群陰性,107,新北市,121.4967755,25.0620265
桂元旦黃,新北市新莊區店家,新北市新莊區幸福路651號,合格,大腸桿菌群陰性大腸桿菌陰性,107,新北市,121.4510751,25.049107
棗泥蛋酥,新北市新莊區店家,新北市新莊區幸福路651號,合格,大腸桿菌群陰性大腸桿菌陰性,107,新北市,121.4510751,25.049107
黃金綠豆凸,黃金,新北市新莊區中華路2段191號,合格,大腸桿菌陰性大腸桿菌群陰性,107,新北市,121.4522029,25.0525767
蛋黃酥,蛋黃,新北市三重區光復路2段37號,合格,大腸桿菌群陰性大腸桿菌陰性,107,新北市,121.4724425,25.0551627
蛋黃酥(綠豆),蛋黃,新北市板橋區中正路135巷11之1號,合格,大腸桿菌陰性大腸桿菌群陰性,107,新北市,121.4559504,25.0154461
鳳凰酥,新北市板橋區店家,新北市板橋區中正路135巷11之1號,合格,大腸桿菌陰性大腸桿菌群陰性,107,新北市,121.4559504,25.0154461
豆沙蛋黃小月餅,新北市新店區店家,新北市新店區寶元路2段21號,合格,大腸桿菌陰性大腸桿菌群陰性,107,新北市,121.5465702,24.981948
核桃棗泥小月餅,新北市新店區店家,新北市新店區寶元路2段21號,合格,大腸桿菌陰性大腸桿菌群陰性,107,新北市,121.5465702,24.981948
QQ酥餅,新北市淡水區店家,新北市淡水區中正路97號,合格,大腸桿菌群陰性大腸桿菌陰性,107,新北市,121.4403023,25.1698059
金月娘,新北市永和區店家,新北市永和區中山路1段283號,合格,大腸桿菌陰性大腸桿菌群陰性,107,新北市,121.5061052,25.0057564
滷肉酥,新北市永和區店家,新北市永和區中山路1段283號,合格,大腸桿菌陰性大腸桿菌群陰性,107,新北市,121.5061052,25.0057564
台灣紅藜咖啡酥(奶素),台中市大甲區店家,台中市大甲區工七路26號,合格,大腸桿菌陰性大腸桿菌群陰性,107,新北市,120.6544183,24.4057399
正紅豆沙月,新北市五股區店家,新北市五股區中興路1段10號7樓,合格,大腸桿菌陰性大腸桿菌群陰性,107,新北市,121.4685807,25.0726319
松子豆沙酥(奶蛋素),新北市土城區店家,新北市土城區裕生路1號,合格,大腸桿菌陰性大腸桿菌群陰性,107,新北市,121.4486443,24.9877502
蛋黃酥(奶蛋素),蛋黃,新北市土城區裕生路1號,合格,大腸桿菌陰性大腸桿菌群陰性,107,新北市,121.4486443,24.9877502
紅豆蛋黃酥,紅豆,新北市汐止區大同路2段334號,合格,大腸桿菌陰性大腸桿菌群陰性,107,新北市,121.6564509,25.066909
鳳梨大餅,鳳梨,新北市板橋區陽明街3號,合格,大腸桿菌陰性大腸桿菌群陰性,107,新北市,121.4667357,25.021567
義美小蜂蜜蛋糕,義美,桃園市蘆竹區南工路一段11號,合格,丙酸及其鹽類己二烯酸苯甲酸去水醋酸,108,新北市,121.2781037,25.0597243
義美核棗糕(6入),義美,桃園市蘆竹區南工路一段11號,合格,己二烯酸苯甲酸去水醋酸丙酸及其鹽類,108,新北市,121.2781037,25.0597243
老婆餅,台南市新營區店家,台南市新營區民權路4段275號,合格,去水醋酸丙酸及其鹽類己二烯酸苯甲酸,108,新北市,120.1786509,22.9988705
鳳梨酥,鳳梨酥,桃園市楊梅區電研路90巷268號,合格,己二烯酸苯甲酸去水醋酸丙酸及其鹽類,108,新北市,121.1662571,24.9528287
QQ小蘋果麵包,雲林縣西螺鎮店家,雲林縣西螺鎮西崙路68-41號,合格,去水醋酸丙酸及其鹽類己二烯酸苯甲酸,108,新北市,120.447285,23.7755286
金桔麵包,雲林縣西螺鎮店家,雲林縣西螺鎮西崙路68-41號,合格,去水醋酸己二烯酸苯甲酸丙酸及其鹽類,108,新北市,120.447285,23.7755286
蘋果麵包,蘋果,桃園市八德區和成路25號,合格,丙酸及其鹽類苯甲酸己二烯酸去水醋酸,108,新北市,121.3226258,24.9619082
土鳳梨酥,新北市汐止區店家,新北市汐止區大同路1段302巷18號,合格,己二烯酸丙酸及其鹽類去水醋酸苯甲酸,108,新北市,121.3789988,24.9293019
鳳梨酥,鳳梨酥,新北市蘆洲區長榮路211巷5號,合格,苯甲酸去水醋酸己二烯酸丙酸及其鹽類,108,新北市,121.4604171,25.0847706
歐力麵包,新北市蘆洲區店家,新北市蘆洲區長安街243號,合格,己二烯酸去水醋酸丙酸及其鹽類苯甲酸,108,新北市,121.4590916,25.0830492
食用冰塊,新北市樹林區店家,新北市樹林區日新街58號,合格,腸桿菌科沙門氏桿菌,112,新北市,121.4220699,24.9911434
食用冰塊,新北市樹林區店家,新北市樹林區樹林區中山路1段73號,合格,,112,新北市,121.4239162,24.9926446
食用冰塊,新北市中和區店家,新北市中和區中和區民享街52號1樓,合格,,112,新北市,121.4739336,25.0024915
食用冰塊,新北市板橋區店家,新北市板橋區板橋區館前西路77號,合格,,112,新北市,121.4573971,25.007129
食用冰塊,新北市中和區店家,新北市中和區民享街51號,合格,,112,新北市,121.4741834,25.0027096
食用冰塊,新北市永和區店家,新北市永和區永和路1段146號,合格,,112,新北市,121.4964767,25.0065527
食用冰塊,新北市新莊區店家,新北市新莊區建國一路64號,合格,,112,新北市,121.434154,25.03067
食用冰塊,新北市土城區店家,新北市土城區裕民路85號,合格,,112,新北市,121.4501617,24.9874353
自製冰塊,新北市淡水區店家,新北市淡水區中山北路2段183號1樓,合格,,112,新北市,121.444057,25.1849782
食用冰塊,新北市新莊區店家,新北市新莊區建國一路30號,合格,腸桿菌科沙門氏桿菌,112,新北市,121.4336768,25.031569
食用冰塊,新北市新莊區店家,新北市新莊區建國一路22號,合格,,112,新北市,121.4336414,25.0316638
食用冰塊,新北市板橋區店家,新北市板橋區忠孝路160號1樓,合格,,112,新北市,121.4641282,25.0023942
食用冰塊,新北市板橋區店家,新北市板橋區莊敬路41號,合格,,112,新北市,121.4732683,25.0270361
食用冰塊,新北市淡水區店家,新北市淡水區大忠街77號,合格,,112,新北市,121.4458624,25.1774237
自製冰塊,新北市蘆洲區店家,新北市蘆洲區長安街138號,合格,,112,新北市,121.4602728,25.0821595
大正醇香紅茶,新北市樹林區店家,新北市樹林區日新街58號,合格,腸桿菌科沙門氏桿菌,112,新北市,121.4220699,24.9911434
錫蘭紅茶,新北市樹林區店家,新北市樹林區鎮前街73號,合格,,112,新北市,121.4249558,24.9908304
紅茶,新北市中和區店家,新北市中和區民享街52號1樓,合格,,112,新北市,121.4739336,25.0024915
蜂蜜四季春,新北市板橋區店家,新北市板橋區館前西路77號,合格,,112,新北市,121.4573971,25.007129
四季春,四季,新北市中和區民享街43號,合格,,112,新北市,121.4741169,25.0029354
阿薩姆紅茶,新北市中和區店家,新北市中和區民享街51號,合格,,112,新北市,121.4741834,25.0027096
阿薩姆紅茶,新北市永和區店家,新北市永和區永和路144號,合格,,112,新北市,121.5145353,25.0103251
紅茶,新北市新莊區店家,新北市新莊區建國一路64號,合格,,112,新北市,121.434154,25.03067
茉莉綠茶,新北市新莊區店家,新北市新莊區建國一路28號,合格,,112,新北市,121.433668,25.0315927
美式咖啡,新北市淡水區店家,新北市淡水區中山北路2段183號1樓,合格,腸桿菌科沙門氏桿菌,112,新北市,121.444057,25.1849782
錫蘭紅茶,新北市板橋區店家,新北市板橋區莊敬路41號,合格,,112,新北市,121.4732683,25.0270361
糖心蜜紅茶,新北市新店區店家,新北市新店區北新路3段80號1樓,合格,,112,新北市,121.5421298,24.9805514
大吉嶺,新北市板橋區店家,新北市板橋區民權路88號,合格,,112,新北市,121.4624905,25.0113936
英式伯爵茶,新北市淡水區店家,新北市淡水區大忠街 77 號,合格,,112,新北市,121.4458624,25.1774237
茉香綠茶,新北市蘆洲區店家,新北市蘆洲區長安街 138 號,合格,,112,新北市,121.4602728,25.0821595
熟成紅茶,新北市新莊區店家,新北市新莊區建國一路 22 號,合格,,112,新北市,121.4336414,25.0316638
碧玉茉莉,新北市土城區店家,新北市土城區裕民路 85 號,合格,,112,新北市,121.4501617,24.9874353
茉莉綠茶,新北市新莊區店家,新北市新莊區建國一路 30 號,合格,腸桿菌科沙門氏桿菌,112,新北市,121.4336768,25.031569
熟成紅茶,新北市板橋區店家,新北市板橋區忠孝路 160 號 1樓,合格,,112,新北市,121.4641282,25.0023942
黑糖冬瓜露,黑糖,新北市蘆洲區中華街 29 號,合格,,112,新北市,121.4633811,25.0813765
芭樂檸檬,芭樂,新北市樹林區中山路1段73號,合格,腸桿菌科沙門氏桿菌病原性大腸桿菌(O157:H7),112,新北市,121.4239162,24.9926446
西瓜汁,西瓜,新北市新莊區昌明街42號,合格,,112,新北市,121.4562132,25.0523828
芭樂汁,芭樂,新北市新莊區昌明街42號,合格,,112,新北市,121.4562132,25.0523828
天天5蔬果汁,新北市永和區店家,新北市永和區永和路1段146號,合格,,112,新北市,121.4964767,25.0065527
鮮柚汁,新北市土城區店家,新北市土城區裕民路89號1樓,合格,,112,新北市,121.4503338,24.9873266
新鮮果汁(蘋果汁),新北市板橋區店家,新北市板橋區民權路88號,合格,,112,新北市,121.4624905,25.0113936
西瓜原汁,西瓜,新北市淡水區北新路29號,合格,腸桿菌科沙門氏桿菌病原性大腸桿菌(O157:H7),112,新北市,121.4451392,25.1778637
蘋果汁,蘋果,新北市淡水區北新路29號,合格,,112,新北市,121.4451392,25.1778637
養生蔬果原汁,新北市板橋區店家,新北市板橋區四維路127號,合格,,112,新北市,121.4651214,25.025052
金桔檸檬,新北市永和區店家,新北市永和區永和路144號,合格,,112,新北市,121.5145353,25.0103251
迷客夏冰糖洛神脆果冰棒,台南市北區店家,台南市北區西門路4段271號7樓之6,合格,腸桿菌科沙門氏桿菌,112,新北市,120.2089484,23.0130657
牛奶雪花冰,牛奶,新北市永和區永平路,合格,,112,新北市,121.5091544,25.0104549
嗨嗨蘇打冰淇淋,新北市淡水區店家,新北市淡水區中山北路2段188巷16號1樓,合格,,112,新北市,121.4454161,25.1850451
統一冰淇淋-香草風味,統一,台南市永康區經中路1號,合格,,112,新北市,120.2680699,23.0462121
明果白玉荔枝冰淇淋,新北市板橋區店家,新北市板橋區民權路88號,合格,,112,新北市,121.4624905,25.0113936
蛋捲冰淇淋,新北市新店區店家,新北市新店區北新路 3 段 51號,合格,,112,新北市,121.5416864,24.98058
綠豆沙,綠豆,新北市永和區仁愛路 101 號,合格,腸桿菌科沙門氏桿菌,112,新北市,121.5127699,25.0130798
黑糖刨冰,黑糖,新北市新莊區龍安路 328 號1 樓,合格,,112,新北市,121.4232521,25.0186501
龍虎斑切片,高雄市永安區店家,高雄市永安區永達路78號,合格,孔雀綠(2項)未檢出動物用藥多重殘留(48項)未檢出氯黴素類抗生素(4項)未檢出,108,新北市,120.2116946,22.830967
履歷石斑魚(三去),履歷,高雄市鼓山區明華路311號,合格,孔雀綠(2項)未檢出動物用藥多重殘留(48項)未檢出氯黴素類抗生素(4項)未檢出,108,新北市,120.3007523,22.6632694
大漢家常火鍋豆腐,大漢,桃園市大園區大觀路548號,合格,己二烯酸苯甲酸去水醋酸,108,新北市,121.1805095,25.0644032
百頁豆腐(全素),台中市大里區店家,台中市大里區仁化路756號,合格,去水醋酸己二烯酸苯甲酸,108,新北市,120.6919797,24.092735
大漢傳統板豆腐,大漢,桃園市大園區大觀路548號,合格,苯甲酸去水醋酸己二烯酸,108,新北市,121.1805095,25.0644032
北屋傳統豆腐,臺北市萬華區店家,臺北市萬華區環南市場丙棟351號,合格,己二烯酸苯甲酸去水醋酸,108,新北市,121.4897587,25.0286603
豆皮捲(非基改),豆皮,臺北市萬華區艋舺大道275巷15號,合格,去水醋酸己二烯酸苯甲酸,108,新北市,121.4976515,25.0336771
大漢超嫩豆腐,大漢,桃園市大園區大觀路548號,合格,己二烯酸苯甲酸去水醋酸,108,新北市,121.1805095,25.0644032
百頁豆腐,彰化縣大村鄉店家,彰化縣大村鄉黃厝村山腳路47-10號,合格,苯甲酸己二烯酸去水醋酸,108,新北市,120.588086,23.985651
義美黑豆豆腐,義美,臺北市信義區信義路2段88號10樓,合格,己二烯酸苯甲酸去水醋酸,108,新北市,121.526813,25.0339597
大溪大黑干,大溪,桃園市大溪區中華路52巷47號,合格,己二烯酸苯甲酸去水醋酸,108,新北市,121.2934315,24.8832163
中華板豆腐,屏東縣潮州鎮店家,屏東縣潮州鎮介壽路468號,合格,己二烯酸苯甲酸去水醋酸,108,新北市,120.528121,22.529039
千浦高質海帶芽,臺北市北投區店家,臺北市北投區和順路318號,合格,鉛0.5 mg/kg(標準 鮮濕重計1.0mg/kg 換算脫水重計 6.12mg/kg)水分 8.2%鎘3.4 mg/kg(標準 鮮濕重計1.0mg/kg 換算脫水重計 6.12mg/kg)水分 8.2%汞0.04 mg/kg(標準 鮮濕重計0.5mg/kg 換算脫水重計 3.06mg/kg)水分 8.2%無機砷未檢出,109,新北市,121.515018,25.1151759
鯰魚排,高雄市前鎮店家,高雄市前鎮區漁港東二路3號332空,合格,鎘未檢出無機砷未檢出甲基汞未檢出鉛未檢出,109,新北市,120.3176426,22.5712805
鮭魚厚切(智利),鮭魚,嘉義縣民雄鄉民雄工業區中正路28號,合格,鉛未檢出甲基汞未檢出無機砷未檢出鎘未檢出,109,新北市,120.4568477,23.520189
海帶芽,新北市樹林區店家,新北市樹林區八德街280巷3號4F,合格,鉛0.62 mg/kg(標準 鮮濕重計1.0mg/kg 換算脫水重計 6.21mg/kg)水分 6.9%鎘1.87 mg/kg(標準 鮮濕重計1.0mg/kg 換算脫水重計 6.21mg/kg)水分 6.9%汞0.03 mg/kg(標準 鮮濕重計0.5mg/kg 換算脫水重計 3.1mg/kg)水分 6.9%,109,新北市,121.4105554,24.9706559
乾燥-多綠海帶芽,桃園市龍潭區店家,桃園市龍潭區聖德里湧光路1段161號,合格,鎘2.07 mg/kg(標準 鮮濕重計1.0mg/kg 換算脫水重計 5.82mg/kg)水分 12.7%汞0.02 mg/kg(標準 鮮濕重計0.5mg/kg 換算脫水重計 2.91mg/kg)水分 12.7%無機砷未檢出鉛0.56 mg/kg(標準 鮮濕重計1.0mg/kg 換算脫水重計 5.82mg/kg),109,新北市,121.2018633,24.8896431
鯛魚腹片,嘉義縣六腳鄉店家,嘉義縣六腳鄉潭墘村潭子墘75-20號,合格,甲基汞未檢出無機砷未檢出鎘未檢出鉛未檢出,109,新北市,120.2755227,23.5064808
豆皮烏龍麵,豆皮,新北市泰山區中港西路452號2樓,合格,過氧化氫己二烯酸苯甲酸去水醋酸水楊酸對羥苯甲酸,109,新北市,121.4332879,25.0533653
營養鮮麵,新北市樹林區店家,新北市樹林區東順街80-2號,合格,過氧化氫己二烯酸苯甲酸去水醋酸水楊酸對羥苯甲酸,109,新北市,121.4091483,24.9772726
鐵板油麵,鐵板,新北市土城區中華路2段243號,合格,過氧化氫己二烯酸苯甲酸去水醋酸水楊酸對羥苯甲酸,109,新北市,121.4377796,24.9725612
高級拉麵,高級,新北市樹林區東順街80支1號,合格,過氧化氫己二烯酸苯甲酸去水醋酸水楊酸對羥苯甲酸,109,新北市,121.4098076,24.9774957
鐵板麵,鐵板麵,新北市樹林區東順街80支1號,合格,過氧化氫己二烯酸苯甲酸去水醋酸水楊酸對羥苯甲酸,109,新北市,121.4098076,24.9774957
南僑讚岐烏龍麵,桃園市中壢區店家,桃園市中壢區中壢工業區吉林路16號1、2樓,合格,過氧化氫己二烯酸苯甲酸去水醋酸水楊酸對羥苯甲酸,109,新北市,121.242369,24.979051
安卡蘿義大利麵,新北市八里區店家,新北市八里區中華路1段309巷19-7號,合格,過氧化氫己二烯酸苯甲酸去水醋酸水楊酸對羥苯甲酸,109,新北市,121.4007361,25.144838
油麵,新北市五股區店家,新北市五股區五工五路5號4樓,合格,過氧化氫己二烯酸苯甲酸去水醋酸水楊酸對羥苯甲酸,109,新北市,121.4561603,25.0638083
JA010002B烏龍麵,桃園市中壢區店家,桃園市中壢區中壢工業區吉林路16號1.2樓,合格,過氧化氫己二烯酸苯甲酸去水醋酸水楊酸對羥苯甲酸,109,新北市,121.242369,24.979051
沖繩意麵(生),新北市淡水區店家,新北市淡水區東順街80-2號,合格,過氧化氫己二烯酸苯甲酸去水醋酸水楊酸對羥苯甲酸,109,新北市,121.4433706,25.1719805
谷香全麥刀削麵,高雄市岡山區店家,高雄市岡山區本洲路192號,合格,己二烯酸未檢出苯甲酸未檢出去水醋酸未檢出過氧化氫未檢出二氧化硫未檢出水楊酸未檢出對羥苯甲酸未檢出,109,新北市,120.2658693,22.8074328
高級拉麵,高級,新北市樹林區東順街80-2號,合格,己二烯酸未檢出苯甲酸未檢出去水醋酸未檢出過氧化氫未檢出二氧化硫未檢出水楊酸未檢出對羥苯甲酸未檢出,109,新北市,121.4091483,24.9772726
南僑讚岐細烏龍麵,桃園市中壢區店家,桃園市中壢區中壢工業區吉林路16號,合格,己二烯酸未檢出苯甲酸未檢出去水醋酸未檢出過氧化氫未檢出二氧化硫未檢出水楊酸未檢出對羥苯甲酸未檢出,109,新北市,121.242369,24.979051
伊勢烏龍麵,高雄市鳳山區店家,高雄市鳳山區鎮北北巷21-3號,合格,己二烯酸未檢出苯甲酸未檢出去水醋酸未檢出過氧化氫未檢出二氧化硫未檢出水楊酸未檢出對羥苯甲酸未檢出,109,新北市,120.3709021,22.6443535
陽春麵,新北市新莊區店家,新北市新莊區中港路615巷27號,合格,己二烯酸未檢出苯甲酸未檢出去水醋酸未檢出過氧化氫未檢出二氧化硫未檢出水楊酸未檢出對羥苯甲酸未檢出,109,新北市,121.4496254,25.0529833
濕麵-白麵,新竹市香山區店家,新竹市香山區瑞光街87號,合格,己二烯酸未檢出苯甲酸未檢出去水醋酸未檢出過氧化氫未檢出二氧化硫未檢出水楊酸未檢出對羥苯甲酸未檢出,109,新北市,120.9258211,24.7931823
沖繩意麵(生),新北市樹林區店家,新北市樹林區東順街80-2號,合格,己二烯酸未檢出苯甲酸未檢出去水醋酸未檢出過氧化氫未檢出二氧化硫未檢出水楊酸未檢出對羥苯甲酸未檢出,109,新北市,121.4091483,24.9772726
媽咪廚房鐵板麵黑胡椒醬風味,屏東縣內埔鄉店家,屏東縣內埔鄉北華路2段88號,合格,己二烯酸未檢出苯甲酸未檢出去水醋酸未檢出過氧化氫未檢出二氧化硫未檢出水楊酸未檢出對羥苯甲酸未檢出,109,新北市,120.5396046,22.5551386
VV烏龍麵,高雄市鳳山區店家,高雄市鳳山區鎮北北巷21-30號,合格,己二烯酸未檢出苯甲酸未檢出去水醋酸未檢出過氧化氫未檢出二氧化硫未檢出水楊酸未檢出對羥苯甲酸未檢出,109,新北市,120.3706556,22.6449678
鐵板麵(蘑菇口味),鐵板麵,新北市汐止區大安街52巷13號,合格,己二烯酸未檢出苯甲酸未檢出去水醋酸未檢出過氧化氫未檢出二氧化硫未檢出水楊酸未檢出對羥苯甲酸未檢出,109,新北市,121.678347,25.0732529
什錦海鮮鍋燒麵,什錦,屏東縣內埔鄉北寧路2段88號,合格,己二烯酸未檢出苯甲酸未檢出去水醋酸未檢出過氧化氫未檢出二氧化硫未檢出水楊酸未檢出對羥苯甲酸未檢出,109,新北市,120.5684768,22.6299072
鍋燒麵,屏東縣內埔鄉店家,屏東縣內埔鄉北寧路二段88號,合格,己二烯酸未檢出苯甲酸未檢出去水醋酸未檢出過氧化氫未檢出二氧化硫未檢出水楊酸未檢出對羥苯甲酸未檢出,109,新北市,120.5684768,22.6299072
手打風烏龍麵,手打,新北市樹林區東順街822號,合格,己二烯酸未檢出苯甲酸未檢出去水醋酸未檢出過氧化氫未檢出二氧化硫未檢出水楊酸未檢出對羥苯甲酸未檢出,109,新北市,121.4091429,24.9764988
火鍋麵,高雄市鳳山區店家,高雄市鳳山區鎮本北北巷21之30號,合格,己二烯酸未檢出苯甲酸未檢出去水醋酸未檢出過氧化氫未檢出二氧化硫未檢出水楊酸未檢出對羥苯甲酸未檢出,109,新北市,120.3722054,22.6442859
刀削麵,高雄市鳳山區店家,高雄市鳳山區鎮本北北巷21之30號,合格,己二烯酸未檢出苯甲酸未檢出去水醋酸未檢出過氧化氫未檢出二氧化硫未檢出水楊酸未檢出對羥苯甲酸未檢出,109,新北市,120.3722054,22.6442859
白油麵,新北市中和區店家,新北市中和區華順街1號,合格,己二烯酸未檢出苯甲酸未檢出去水醋酸未檢出過氧化氫未檢出二氧化硫未檢出水楊酸未檢出對羥苯甲酸未檢出,109,新北市,121.4680614,24.9986545
黃油麵,新北市中和區店家,新北市中和區華順街1號,合格,己二烯酸未檢出苯甲酸未檢出去水醋酸未檢出過氧化氫未檢出二氧化硫未檢出水楊酸未檢出對羥苯甲酸未檢出,109,新北市,121.4680614,24.9986545
高森博多拉麵5入,臺北市北投區店家,臺北市北投區立功街120號,合格,己二烯酸未檢出苯甲酸未檢出去水醋酸未檢出過氧化氫未檢出二氧化硫未檢出水楊酸未檢出對羥苯甲酸未檢出,109,新北市,121.4732676,25.1253901
蕎麥麵,高雄市鳳山區店家,高雄市鳳山區鎮北北巷21之30號,合格,己二烯酸未檢出苯甲酸未檢出去水醋酸未檢出過氧化氫未檢出二氧化硫未檢出水楊酸未檢出對羥苯甲酸未檢出,109,新北市,120.3722054,22.6442859
手打味拉麵,手打,新北市樹林區東順街80-2號,合格,己二烯酸未檢出苯甲酸未檢出去水醋酸未檢出過氧化氫未檢出二氧化硫未檢出水楊酸未檢出對羥苯甲酸未檢出,109,新北市,121.4091483,24.9772726
豆芽麵,新北市三重區店家,新北市三重區力行路1段19號,合格,己二烯酸未檢出苯甲酸未檢出去水醋酸未檢出過氧化氫未檢出二氧化硫未檢出水楊酸未檢出對羥苯甲酸未檢出,109,新北市,121.4827185,25.0706345
油麵,新北市新店區店家,新北市新店區民權路108之3號B1,合格,己二烯酸未檢出苯甲酸未檢出去水醋酸未檢出過氧化氫未檢出二氧化硫未檢出水楊酸未檢出對羥苯甲酸未檢出,109,新北市,121.5356075,24.983109
小烏龍麵,新北市新店區店家,新北市新店區民權路108之3號B1,合格,己二烯酸未檢出苯甲酸未檢出去水醋酸未檢出過氧化氫未檢出二氧化硫未檢出水楊酸未檢出對羥苯甲酸未檢出,109,新北市,121.5356075,24.983109
刀削麵,高雄市岡山區店家,高雄市岡山區本洲路192號,合格,己二烯酸未檢出苯甲酸未檢出去水醋酸未檢出過氧化氫未檢出二氧化硫未檢出水楊酸未檢出對羥苯甲酸未檢出,109,新北市,120.2658693,22.8074328
乾拌麵(肉燥口味),高雄市岡山區店家,高雄市岡山區本洲路192號,合格,己二烯酸未檢出苯甲酸未檢出去水醋酸未檢出過氧化氫未檢出二氧化硫未檢出水楊酸未檢出對羥苯甲酸未檢出,109,新北市,120.2658693,22.8074328
小麥胚芽拉麵,新北市板橋區店家,新北市板橋區復興街38號,合格,己二烯酸未檢出苯甲酸未檢出去水醋酸未檢出過氧化氫未檢出二氧化硫未檢出水楊酸未檢出對羥苯甲酸未檢出,109,新北市,121.4583028,25.0173415
小麥胚芽陽春麵,新北市板橋區店家,新北市板橋區復興街38號,合格,己二烯酸未檢出苯甲酸未檢出去水醋酸未檢出過氧化氫未檢出二氧化硫未檢出水楊酸未檢出對羥苯甲酸未檢出,109,新北市,121.4583028,25.0173415
手打宇龍麵,手打,新北市樹林區東順街80-2號,合格,己二烯酸未檢出苯甲酸未檢出去水醋酸未檢出過氧化氫未檢出二氧化硫未檢出水楊酸未檢出對羥苯甲酸未檢出,109,新北市,121.4091483,24.9772726
衛生油麵,新北市樹林區店家,新北市樹林區東順街80-2號,合格,己二烯酸未檢出苯甲酸未檢出去水醋酸未檢出過氧化氫未檢出二氧化硫未檢出水楊酸未檢出對羥苯甲酸未檢出,109,新北市,121.4091483,24.9772726
油麵,新北市樹林區店家,新北市樹林區東順街80-2號,合格,己二烯酸未檢出苯甲酸未檢出去水醋酸未檢出過氧化氫未檢出二氧化硫未檢出水楊酸未檢出對羥苯甲酸未檢出,109,新北市,121.4091483,24.9772726
鍋燒280,臺北市松山區店家,臺北市松山區羅斯福路3段126號3F,合格,己二烯酸未檢出苯甲酸未檢出去水醋酸未檢出過氧化氫未檢出二氧化硫未檢出水楊酸未檢出對羥苯甲酸未檢出,109,新北市,121.527709,25.020609
鐵板麵-蘑菇口味,鐵板麵,新北市樹林區柑園街1段193之17號,合格,己二烯酸未檢出苯甲酸未檢出去水醋酸未檢出過氧化氫未檢出二氧化硫未檢出水楊酸未檢出對羥苯甲酸未檢出,109,新北市,121.4065995,24.960914
滿鮮Easy Cook冷凍烏龍麵,桃園市平鎮店家,桃園市平鎮區中興路527號,合格,己二烯酸未檢出苯甲酸未檢出去水醋酸未檢出過氧化氫未檢出二氧化硫未檢出水楊酸未檢出對羥苯甲酸未檢出,109,新北市,121.1935579,24.8984239
烏龍麵/義大利麵,烏龍,新北市汐止區大安街52巷13號,合格,己二烯酸未檢出苯甲酸未檢出去水醋酸未檢出過氧化氫未檢出二氧化硫未檢出水楊酸未檢出對羥苯甲酸未檢出,109,新北市,121.678347,25.0732529
陽春麵(細),桃園市桃園區店家,桃園市桃園區春日路1651巷24弄8號,合格,己二烯酸未檢出苯甲酸未檢出去水醋酸未檢出過氧化氫未檢出二氧化硫未檢出水楊酸未檢出對羥苯甲酸未檢出,109,新北市,121.3049715,25.0262692
愛麵族日式拉麵,愛麵族,屏東縣內埔鄉北寧路2段88號,合格,己二烯酸未檢出苯甲酸未檢出去水醋酸未檢出過氧化氫未檢出二氧化硫未檢出水楊酸未檢出對羥苯甲酸未檢出,109,新北市,120.5684768,22.6299072
愛麵族極湯道日式豚骨拉麵,愛麵族,屏東縣內埔鄉北寧路2段88號,合格,己二烯酸未檢出苯甲酸未檢出去水醋酸未檢出過氧化氫未檢出二氧化硫未檢出水楊酸未檢出對羥苯甲酸未檢出,109,新北市,120.5684768,22.6299072
JA060213拉麵,桃園市中壢區店家,桃園市中壢區中壢工業區吉林路16號1.2F,合格,己二烯酸未檢出苯甲酸未檢出去水醋酸未檢出過氧化氫未檢出二氧化硫未檢出水楊酸未檢出對羥苯甲酸未檢出,109,新北市,121.242369,24.979051
花月生拉麵,屏東縣長治鄉店家,屏東縣長治鄉德和村神農路18號,合格,己二烯酸未檢出苯甲酸未檢出去水醋酸未檢出過氧化氫未檢出二氧化硫未檢出水楊酸未檢出對羥苯甲酸未檢出,109,新北市,120.539556,22.7142897
香菇肉燥鍋燒麵,香菇,臺北市士林區華齡街175號2樓,合格,己二烯酸未檢出苯甲酸未檢出去水醋酸未檢出過氧化氫未檢出二氧化硫未檢出水楊酸未檢出對羥苯甲酸未檢出,109,新北市,121.5192471,25.0871324
石安牧場動福蛋,高雄市阿蓮區店家,高雄市阿蓮區石安里230之53號,合格,鉛銅,108,新北市,120.3060706,22.891346
AAG蛋,新北市三峽區店家,新北市三峽區隆恩街163號,合格,銅鉛,108,新北市,121.3629265,24.9424252
特選白鮮蛋,新北市汐止區店家,新北市汐止區大同路2段169巷72號,合格,銅鉛,108,新北市,121.6489938,25.0665694
雞蛋,彰化縣芳苑鄉店家,彰化縣芳苑鄉12248號,合格,銅鉛,108,新北市,120.3550808,23.9455949
舞賀家洗選雞蛋,台南市永康區店家,台南市永康區蔦松二街3號,合格,銅鉛,108,新北市,120.2532863,23.040778
金大安鮮蛋,彰化縣二林鎮店家,彰化縣二林鎮西庄里西庄港5-6號,合格,銅鉛,108,新北市,120.3720457,23.8996947
冠軍e能卵,冠軍,新北市新莊區幸福路745號4樓之4,合格,銅鉛,108,新北市,121.448615,25.048884
呷好蛋-洗選蛋(洗選),台南市永康區店家,台南市永康區蔦松二街3號,合格,銅鉛,108,新北市,120.2532863,23.040778
法國麵包(奶油),法國,新北市新店區中正路四維巷2弄1號4樓,合格,順丁烯二酸與順丁烯二酸酐總量0,107,新北市,121.5338736,24.9851956
優質漢堡(全素食可用),優質,新北市三重區溪尾街37號1樓,合格,順丁烯二酸與順丁烯二酸酐總量0,107,新北市,121.491675,25.076251
提拉米蘇,提拉,新北市三重區重新路1段99號,合格,苯甲酸未檢出大腸桿菌陰性大腸桿菌群陰性己二烯酸0.04去水醋酸未檢出,107,新北市,121.4722764,25.0467166
全液蛋,新北市林口區店家,新北市林口區工四路12號,合格,金黃色葡萄球菌23金黃色葡萄球菌腸毒素0,107,新北市,121.4015583,25.0780833
提拉米蘇,提拉,新北市汐止區環河街166號,合格,大腸桿菌陰性大腸桿菌群陰性去水醋酸未檢出己二烯酸未檢出苯甲酸未檢出,107,新北市,121.6282538,25.0574835
提拉米蘇捲,提拉,新北市土城區青雲路232號1樓,合格,己二烯酸未檢出大腸桿菌陰性苯甲酸未檢出大腸桿菌群75去水醋酸未檢出,107,新北市,121.4589609,24.9807242
五花碎肉6%,新北市林口區店家,新北市林口區粉寮路1段102號,合格,氯黴素類抗生素(4項)氯黴素類 未檢出β-內醯胺類抗生素(8項)β-內醯胺類 未檢出Avermectin類抗生素(6項)Avermectin類 未檢出禽畜產品中殘留農藥(126項)未檢出乙型受體素類(β-agonist)(21項)乙型受體素類 未檢出,109,新北市,121.396476,25.076391
貢丸原料肉,新北市板橋區店家,新北市板橋區新興路10號,合格,硝基呋喃代謝物(4項)硝基呋喃代謝物 未檢出抗原蟲(7項)抗原蟲劑 未檢出動物用藥多重殘留(48項)未檢出乙醯異戊醯泰樂黴素及其代謝物(1項)未檢出禽畜產品中殘留農藥(126項)未檢出乙型受體素類(β-agonist)(21項)乙型受體素類 未檢出,109,新北市,121.4562363,25.0073684
黃金昌(紅衫),黃金,新北市三重區光明市場1-6號,合格,硝基?喃代謝物(4項)硝基?喃代謝物未檢出孔雀綠(2項)孔雀綠及其代謝物 未檢出氯黴素類抗生素(4項)氯黴素類 未檢出四環黴素類(7項)四環黴素類 未檢出動物用藥多重殘留(48項)未檢出,109,新北市,121.490719,25.0577213
生鴨蛋,新北市林口區店家,新北市林口區自強二街39號,合格,離子型抗球蟲藥(5項)未檢出氯黴素類抗生素(4項)未檢出抗原蟲(7項)未檢出,108,新北市,121.3986829,25.0776773
彰化牛奶大文蛤,彰化縣芳苑鄉店家,彰化縣芳苑鄉漢寶村芳漢路漢一段485巷96號,合格,硝基?喃代謝物(4項)未檢出孔雀綠(2項)未檢出抗生素及其代謝物多重殘留分析-畜禽水產品(16項)未檢出,108,新北市,120.3706176,24.0045234
冷凍草蝦,高雄市前鎮店家,高雄市前鎮區新都路26號,合格,四環黴素類(7項)未檢出硝基?喃代謝物(4項)未檢出孔雀綠(2項)未檢出,108,新北市,120.314856,22.5799047
鴨蛋,苗栗縣竹南鎮店家,苗栗縣竹南鎮海口段港子埤山段293之5地號,合格,離子型抗球蟲藥(5項)未檢出抗原蟲(7項)未檢出氯黴素類抗生素(4項)未檢出,108,新北市,120.861649,24.672749
牛蛙,新北市蘆洲區店家,新北市蘆洲區復興路410巷11號,合格,動物用藥多重殘留(48項)未檢出孔雀綠(2項)未檢出氯黴素類抗生素(4項)未檢出,108,新北市,121.4862192,25.0911316
"FIJI Water,斐濟天然深層礦泉水",臺北市南港區店家,臺北市南港區忠孝東路6段21號6F之5,合格,溴酸鹽未檢出,109,新北市,121.5832061,25.0452528
水事紀麥飯石礦泉水,新北市瑞芳區店家,新北市瑞芳區濱二路270號,合格,溴酸鹽未檢出,109,新北市,121.8296424,25.1210465
泰山純水(包裝飲用水),泰山,彰化縣田中鎮興工路6號,合格,溴酸鹽未檢出,109,新北市,120.5927671,23.8482281
深命力鹼性元素海洋深層水,花蓮縣花蓮市店家,花蓮縣花蓮市華東15號,合格,溴酸鹽未檢出,109,新北市,121.633701,24.004855
悅氏Light鹼性水,宜蘭縣頭城鎮店家,宜蘭縣頭城鎮吉祥路93號,合格,溴酸鹽未檢出,109,新北市,121.814505,24.861
北海道大雪山天然礦泉水,北海,臺北市內湖區民權東路6段109號9樓之2,合格,溴酸鹽未檢出,109,新北市,121.5916951,25.0692273
味丹多喝水微鹼性竹炭離子水(包裝飲用水),味丹多喝,台中市沙鹿區興安路65號,合格,溴酸鹽0.002,109,新北市,120.549604,24.228647
UNI water純水,南投縣埔里鎮店家,南投縣埔里鎮樂光路63號,合格,溴酸鹽未檢出,109,新北市,120.9657389,23.9667061
Hi-LifeOriginal 海洋深層水,臺北市內湖區店家,臺北市內湖區瑞光路502號3F,合格,溴酸鹽未檢出,109,新北市,121.5681006,25.0792803
水立方竹炭水(包裝飲用水),南投縣埔里鎮店家,南投縣埔里鎮武界路23號,合格,溴酸鹽未檢出,109,新北市,121.0042318,23.9246657
光州辣炒年糕,桃園市楊梅區店家,桃園市楊梅區環東路25巷7號,合格,硼酸及其鹽類陰性甲醛未檢出己二烯酸未檢出苯甲酸未檢出過氧化氫陰性去水醋酸未檢出二氧化硫未檢出順丁烯二酸與順丁烯二酸酐總量未檢出,108,新北市,121.1524088,24.9086475
龍鳳手工花生糯米腸(冷藏),臺北市松山區店家,臺北市松山區八德路4段111號7樓,合格,硼酸及其鹽類陰性過氧化氫陰性苯甲酸未檢出甲醛未檢出去水醋酸未檢出二氧化硫未檢出順丁烯二酸與順丁烯二酸酐總量未檢出己二烯酸未檢出,108,新北市,121.5614234,25.0487086
寧波年糕,新北市深坑區店家,新北市深坑區松柏街47巷18號,合格,己二烯酸未檢出硼酸及其鹽類陰性過氧化氫陰性甲醛未檢出去水醋酸未檢出順丁烯二酸與順丁烯二酸酐總量未檢出苯甲酸未檢出二氧化硫未檢出,108,新北市,121.6382375,25.012772
港式蘿蔔糕(肉燥),港式,雲林縣西螺鎮福興路46號,合格,二氧化硫未檢出順丁烯二酸與順丁烯二酸酐總量未檢出甲醛未檢出硼酸及其鹽類陰性過氧化氫陰性己二烯酸未檢出苯甲酸未檢出去水醋酸未檢出,108,新北市,120.4609117,23.7948677
港式蘿蔔糕,港式,彰化縣伸港鄉工五路65號,合格,去水醋酸未檢出二氧化硫未檢出苯甲酸未檢出順丁烯二酸與順丁烯二酸酐總量未檢出己二烯酸未檢出硼酸及其鹽類陰性過氧化氫陰性甲醛未檢出,108,新北市,120.5109811,24.1673509
港式蘿蔔糕,港式,新北市永和區保平路292巷60號2樓,合格,去水醋酸未檢出二氧化硫未檢出順丁烯二酸與順丁烯二酸酐總量未檢出己二烯酸未檢出苯甲酸未檢出硼酸及其鹽類陰性過氧化氫陰性甲醛未檢出,108,新北市,121.5070428,25.0061277
年糕,新北市五股區店家,新北市五股區五權三路15號,合格,甲醛未檢出去水醋酸未檢出二氧化硫未檢出順丁烯二酸與順丁烯二酸酐總量未檢出己二烯酸未檢出苯甲酸未檢出硼酸及其鹽類陰性過氧化氫陰性,108,新北市,121.4521519,25.0635976
正品韓式年糕,新北市深坑區店家,新北市深坑區北深路1段112巷5弄10號,合格,二氧化硫未檢出順丁烯二酸與順丁烯二酸酐總量未檢出己二烯酸未檢出苯甲酸未檢出硼酸及其鹽類陰性過氧化氫陰性去水醋酸未檢出甲醛未檢出,108,新北市,121.6006516,25.0038252
傳統菜頭粿,傳統,彰化縣伸港鄉興工路59號,合格,去水醋酸未檢出己二烯酸未檢出苯甲酸未檢出硼酸及其鹽類陰性過氧化氫陰性二氧化硫未檢出順丁烯二酸與順丁烯二酸酐總量未檢出甲醛未檢出,108,新北市,120.5107121,24.1674551
愛麵族美濃板條肉燥風味,愛麵族,屏東縣內埔鄉北寧路2段88號,合格,苯甲酸未檢出二氧化硫未檢出順丁烯二酸與順丁烯二酸酐總量未檢出去水醋酸未檢出甲醛未檢出己二烯酸未檢出硼酸及其鹽類陰性過氧化氫陰性,108,新北市,120.5684768,22.6299072
黑蜜串糰子,南投縣南投市店家,南投縣南投市自強三路3號,合格,去水醋酸未檢出二氧化硫未檢出順丁烯二酸與順丁烯二酸酐總量未檢出甲醛未檢出己二烯酸未檢出苯甲酸未檢出硼酸及其鹽類陰性過氧化氫陰性,108,新北市,120.6689377,23.9214982
光卅年糕條,桃園市楊梅區店家,桃園市楊梅區環東路295巷7號1樓,合格,去水醋酸未檢出甲醛未檢出二氧化硫未檢出順丁烯二酸與順丁烯二酸酐總量未檢出苯甲酸未檢出硼酸及其鹽類陰性過氧化氫陰性己二烯酸未檢出,108,新北市,121.1572629,24.9074254
中華一番韓國年糕,高雄市大樹區店家,高雄市大樹區龍目路110-6號,合格,甲醛未檢出己二烯酸未檢出苯甲酸未檢出硼酸及其鹽類陰性過氧化氫陰性去水醋酸未檢出二氧化硫未檢出順丁烯二酸與順丁烯二酸酐總量未檢出,108,新北市,120.41625,22.6851785
蘿蔔粄,蘿蔔,新北市新店區北新路2段128號2樓,合格,過氧化氫陰性甲醛未檢出二氧化硫未檢出順丁烯二酸與順丁烯二酸酐總量未檢出去水醋酸未檢出硼酸及其鹽類陰性己二烯酸未檢出苯甲酸未檢出,108,新北市,121.5431509,24.974792
米苔目,新北市樹林區店家,新北市樹林區俊英街219巷45弄8-1號,合格,順丁烯二酸與順丁烯二酸酐總量未檢出己二烯酸未檢出苯甲酸未檢出硼酸及其鹽類陰性過氧化氫陰性甲醛未檢出去水醋酸未檢出二氧化硫未檢出,108,新北市,121.4206933,25.0100769
美濃板條,美濃,屏東縣內埔鄉北寧路88號,合格,苯甲酸未檢出甲醛未檢出硼酸及其鹽類陰性過氧化氫陰性己二烯酸未檢出二氧化硫未檢出順丁烯二酸與順丁烯二酸酐總量未檢出去水醋酸未檢出,108,新北市,120.5659603,22.6189786
花生麻糬,花生,南投縣南投市自強三路三號,合格,過氧化氫陰性去水醋酸未檢出二氧化硫未檢出順丁烯二酸與順丁烯二酸酐總量未檢出硼酸及其鹽類陰性己二烯酸未檢出甲醛未檢出苯甲酸未檢出,108,新北市,120.66708,23.9245562
美濃板條,美濃,新北市樹林區光興街5號,合格,去水醋酸未檢出二氧化硫未檢出順丁烯二酸與順丁烯二酸酐總量未檢出己二烯酸未檢出苯甲酸未檢出硼酸及其鹽類陰性過氧化氫陰性甲醛未檢出,108,新北市,121.4131125,25.0027832
原味米漿,桃園市大園區店家,桃園市大園區大觀路249號,合格,苯甲酸未檢出甲醛未檢出二氧化硫未檢出順丁烯二酸與順丁烯二酸酐總量未檢出去水醋酸未檢出己二烯酸未檢出硼酸及其鹽類陰性過氧化氫陰性,108,新北市,121.1884184,25.0655425
蘿蔔糕,蘿蔔,新北市三峽區添福13之8號,合格,己二烯酸0.32甲醛未檢出二氧化硫未檢出順丁烯二酸與順丁烯二酸酐總量未檢出苯甲酸未檢出硼酸及其鹽類陰性過氧化氫陰性去水醋酸未檢出,108,新北市,121.3744903,24.9358605
板油(卜蜂),南投縣南投市店家,南投縣南投市工業東路17號,合格,乙型受體素類(β-agonist)(21項)未檢出,110,新北市,120.6608467,23.9304763
大腸頭,新北市五股區店家,新北市五股區五工六路47號,合格,乙型受體素類(β-agonist)(21項)未檢出,110,新北市,121.4460357,25.0654138
小排(豬),新北市中和區店家,新北市中和區建康路262號2樓,合格,乙型受體素類(β-agonist)(21項)未檢出,110,新北市,121.4928107,24.9992571
牛澳和尚頭,高雄市大寮區店家,高雄市大寮區琉球路24之216號1樓,合格,乙型受體素類(β-agonist)(21項)未檢出,110,新北市,120.4116957,22.6154749
牛肉片,牛肉,台中市豐原區文化街138號1樓,合格,乙型受體素類(β-agonist)(21項)未檢出,110,新北市,120.7260114,24.2532546
八騰肉品-袋裝3kg豬肉火鍋片,新北市蘆洲區店家,新北市蘆洲區仁愛街212巷22號9-1,合格,乙型受體素類(β-agonist)(21項)未檢出,110,新北市,121.4642781,25.0944906
冷凍去骨豬肉(丹麥),新北市新莊區店家,新北市新莊區化成路389巷33號1、2樓,合格,乙型受體素類(β-agonist)(21項)未檢出,110,新北市,121.4634309,25.0579245
冷凍去骨牛肉(紐西蘭),新北市新莊區店家,新北市新莊區化成路389巷33號1、2樓,合格,乙型受體素類(β-agonist)(21項)未檢出,110,新北市,121.4634309,25.0579245
豬肉,豬肉,屏東縣鹽埔鄉新二村德協路84號1樓,合格,乙型受體素類(β-agonist)(21項)未檢出,110,新北市,120.55608,22.7364411
牛肉,牛肉,新北市蘆洲區國道路2段115號2樓,合格,乙型受體素類(β-agonist)(21項)未檢出,110,新北市,121.4702515,25.0748834
FROZEN BONELESSBEEF冷凍去骨牛肉,臺北市中山區店家,臺北市中山區松江路301號9樓之1,合格,乙型受體素類(β-agonist)(21項)未檢出,110,新北市,121.5334008,25.0611843
牛板腱肉片(澳洲),新北市新莊區店家,新北市新莊區化成路29巷34號,合格,乙型受體素類(β-agonist)(21項)未檢出,110,新北市,121.4636514,25.0441109
豬腸衣,高雄市茄萣區店家,高雄市茄萣區莒光路3段288-7號,合格,乙型受體素類(β-agonist)(21項)未檢出,110,新北市,120.1893806,22.9126514
牛肉沙朗(紐西蘭),牛肉,臺北市內湖區民善街76號,合格,乙型受體素類(β-agonist)(21項)未檢出,110,新北市,121.5754413,25.0594699
豬附皮五花(荷蘭),新北市五股區店家,新北市五股區五工六路47號,合格,乙型受體素類(β-agonist)(21項)未檢出,110,新北市,121.4460357,25.0654138
梅花肉,梅花,新北市樹林區俊安街43號,合格,乙型受體素類(β-agonist)(21項)未檢出,110,新北市,121.4215545,25.0127449
前腿赤肉,前腿,新北市新莊區環漢路3段525號,合格,乙型受體素類(β-agonist)(21項)未檢出,110,新北市,121.4353599,25.0028203
冷凍豬梅花火鍋片,冷凍豬,新北市板橋區干城路142號,合格,乙型受體素類(β-agonist)(21項)未檢出,110,新北市,121.4595491,24.9932599
掛川黑豬里肌肉原排,新北市三重區店家,新北市三重區光復路1段111-1號,合格,乙型受體素類(β-agonist)(21項)未檢出,110,新北市,121.4762091,25.0553152
澳洲冷凍牛筋,澳洲冷,基隆市七堵區工建南路23號,合格,乙型受體素類(β-agonist)(21項)未檢出,110,新北市,121.7036399,25.0835493
澳洲冷凍牛肚,澳洲冷,基隆市七堵區工建南路23號,合格,乙型受體素類(β-agonist)(21項)未檢出,110,新北市,121.7036399,25.0835493
美國冷凍牛腱,美國冷,臺北市中正區牯嶺街31號1樓,合格,Ractopamine0.007ppm (0.01),110,新北市,121.5162802,25.0304307
大腸,新北市樹林區店家,新北市樹林區俊安街43號1樓,合格,乙型受體素類(β-agonist)(21項)未檢出,110,新北市,121.4215545,25.0127449
豬腎,新北市新莊區店家,新北市新莊區環漢路3段525號,合格,乙型受體素類(β-agonist)(21項)未檢出,110,新北市,121.4353599,25.0028203
豬肝,新北市樹林區店家,新北市樹林區俊安街,合格,乙型受體素類(β-agonist)(21項)未檢出乙型受體素類(β-,110,新北市,121.4186552,25.0129912
冷凍牛腩,臺北市松山區店家,臺北市松山區羅斯福路5段176巷13號,合格,乙型受體素類(β-agonist)(21項)未檢出,110,新北市,121.5375504,25.0041008
豬腎,新北市樹林區店家,新北市樹林區俊安街43號,合格,乙型受體素類(β-agonist)(21項)未檢出,110,新北市,121.4215545,25.0127449
豬腸,新北市樹林區店家,新北市樹林區俊安街43號,合格,乙型受體素類(β-agonist)(21項)未檢出,110,新北市,121.4215545,25.0127449
豬心,臺北市中正區店家,臺北市中正區南海路72號3樓,合格,乙型受體素類(β-agonist)(21項)未檢出,110,新北市,121.5087568,25.0290905
豬附皮後腿肉,臺北市萬華區店家,臺北市萬華區桂林路128號,合格,乙型受體素類(β-agonist)(21項)未檢出,110,新北市,121.4990209,25.0383801
豬肉,豬肉,新北市樹林區俊安街43號,合格,乙型受體素類(β-agonist)(21項)未檢出,110,新北市,121.4215545,25.0127449
冷凍去骨豬肉,屏東縣內埔鄉店家,屏東縣內埔鄉建國路5號,合格,乙型受體素類(β-agonist)(21項)未檢出,110,新北市,120.5476901,22.6447947
豬肉片,豬肉,桃園市八德區榮興南路88巷30號,合格,乙型受體素類(β-agonist)(21項)未檢出,110,新北市,121.3062897,24.948999
腰子(豬),新北市新莊區店家,新北市新莊區宏源路112巷16號,合格,乙型受體素類(β-agonist)(21項)未檢出,110,新北市,121.4178347,25.0265985
豬梅肉,臺北市士林區店家,臺北市士林區福華路141巷22號1樓,合格,乙型受體素類(β-agonist)(21項)未檢出,110,新北市,121.521647,25.1028749
豬腿肉炒片(瓦城),臺北市內湖區店家,臺北市內湖區民善街128號6F之1,合格,乙型受體素類(β-agonist)(21項)未檢出,110,新北市,121.5748708,25.0612852
豬肉卷,豬肉,新北市新莊區民安西路482號,合格,乙型受體素類(β-agonist)(21項)未檢出,110,新北市,121.4321709,25.0072569
牛培根,新北市新莊區店家,新北市新莊區復興路3段85號,合格,乙型受體素類(β-agonist)(21項)未檢出,110,新北市,121.4630262,25.044651
豬肉,豬肉,臺北市萬華區環南綜合市場2樓甲棟812號755號,合格,乙型受體素類(β-agonist)(21項)未檢出,110,新北市,121.4897587,25.0286603
腱子心#2,新北市蘆洲區店家,新北市蘆洲區國道路2段115號1、2樓,合格,乙型受體素類(β-agonist)(21項)未檢出,110,新北市,121.4702515,25.0748834
豬嘴邊肉,新北市土城區店家,新北市土城區石門路49-1號,合格,乙型受體素類(β-agonist)(21項)未檢出,110,新北市,121.4579875,24.964114
豬肉,豬肉,屏東縣屏東市前進里51-3號,合格,乙型受體素類(β-agonist)(21項) 未檢出,110,新北市,120.4530456,22.6540963
豬肉,豬肉,屏東縣屏東市前進里前進51-3號,合格,乙型受體素類(β-agonist)(21項)未檢出,110,新北市,120.4639282,22.6508471
絞肉,雲林縣元長鄉店家,雲林縣元長鄉鹿北村同安路48號,合格,乙型受體素類(β-agonist)(21項)未檢出,110,新北市,120.2656393,23.7089833
前腿肉絲,前腿,新北市三重區重新路2段21號11F,合格,乙型受體素類(β-agonist)(21項)未檢出,110,新北市,121.4980913,25.0625253
前腿肉片3mm,前腿,雲林縣大埤鄉豐田工業區豐田路57號,合格,乙型受體素類(β-agonist)(21項)未檢出,110,新北市,120.4668353,23.6384245
豬肉,豬肉,台中市西屯區文心路3段179號,合格,乙型受體素類(β-agonist)(21項)未檢出,110,新北市,120.6588602,24.1711803
大排(豬肉),新北市新莊區店家,新北市新莊區化成路11巷35號,合格,乙型受體素類(β-agonist)(21項)未檢出,110,新北市,121.4636272,25.0432918
午仔魚,新北市中和區店家,新北市中和區景新街467巷32弄11號1樓,合格,氯黴素類抗生素(4項)未檢出動物用藥多重殘留(48項)磺胺劑等類 及Quinolone類 未檢出孔雀綠(2項)孔雀綠及其代謝物 未檢出,107,新北市,121.5151778,24.9879949
午仔魚,新北市林口區店家,新北市林口區民享路35號,合格,孔雀綠(2項)孔雀綠及其代謝物 未檢出氯黴素類抗生素(4項)未檢出動物用藥多重殘留(48項)磺胺劑等類 及Quinolone 類 未檢出,107,新北市,121.3803227,25.0806036
白米,桃園市蘆竹區店家,桃園市蘆竹區宏竹里大竹北路630巷36號,合格,鉛未檢出鎘0.05mg/kg汞未檢出無機砷0.06mg/kg,109,新北市,121.2461215,25.0399895
金亮綠咖啡孅盈錠(食品),臺北市松山區店家,臺北市松山區八德區3段12巷51弄24號1F,合格,鉛0.06mg/kg砷0.18mg/kg,109,新北市,121.5638621,25.0541591
培恩谷觀錠,臺北市大安區店家,臺北市大安區安和路2段181巷9號1樓,合格,鉛0.07mg/kg砷0.76mg/kg,109,新北市,121.5500878,25.0276682
花蓮台東特栽米,新北市永和區店家,新北市永和區永貞路287巷1號1樓,合格,鉛未檢出鎘0.03mg/kg汞未檢出無機砷0.04mg/kg,109,新北市,121.5109933,25.0051443
卡卡不在乎美體錠,臺北市中正區店家,臺北市中正區襄陽路23號8樓,合格,鉛0.06mg/kg砷0.04mg/kg,109,新北市,121.5152448,25.0435247
花生醬,花生,桃園市龍潭區烏樹林里中豐路268.268-2號,合格,黃麴毒素B1未檢出黃麴毒素B2未檢出黃麴毒素G1未檢出黃麴毒素G2未檢出,109,新北市,121.2117896,24.8812389
skippy吉比柔滑花生醬,臺北市內湖區店家,臺北市內湖區堤頂大道2段407巷22號10樓,合格,黃麴毒素B1未檢出黃麴毒素B2未檢出黃麴毒素G1未檢出黃麴毒素G2未檢出,109,新北市,121.5637103,25.0811548
梨山牌顆粒花生醬,桃園市龍潭區店家,桃園市龍潭區樹林里中豐路268.268-2號,合格,黃麴毒素B1未檢出黃麴毒素B2未檢出黃麴毒素G1未檢出黃麴毒素G2未檢出,109,新北市,121.2119029,24.877654
細滑花生醬,臺北市文山區店家,臺北市文山區一壽街20巷7號1樓,合格,黃麴毒素B1未檢出黃麴毒素B2未檢出黃麴毒素G1未檢出黃麴毒素G2未檢出,109,新北市,121.5558649,24.9796208
五香花生,五香,新北市三芝區中山路段55號1段55號,合格,黃麴毒素B1未檢出黃麴毒素B2未檢出黃麴毒素G1未檢出黃麴毒素G2未檢出,109,新北市,121.5024341,25.2593452
大蒜花生米,台中市霧峰區店家,台中市霧峰區本堂里文化巷29之7號,合格,黃麴毒素B1未檢出黃麴毒素B2未檢出黃麴毒素G1未檢出黃麴毒素G2未檢出,109,新北市,120.7019427,24.0618152
甜酥花生米,台中市霧峰區店家,台中市霧峰區本堂里文化巷29之7號,合格,黃麴毒素B1未檢出黃麴毒素B2未檢出黃麴毒素G1未檢出黃麴毒素G2未檢出,109,新北市,120.7019427,24.0618152
甜酥花生米(全素),新北市板橋區店家,新北市板橋區民有街五號,合格,黃麴毒素B1未檢出黃麴毒素B2未檢出黃麴毒素G1未檢出黃麴毒素G2未檢出,109,新北市,121.4653635,25.0265732
油炸花生米(全素),新北市板橋區店家,新北市板橋區民有街五號,合格,黃麴毒素B1未檢出黃麴毒素B2未檢出黃麴毒素G1未檢出黃麴毒素G2未檢出,109,新北市,121.4653635,25.0265732
五香大土豆,五香,新北市三峽區嘉添路181之22號,合格,黃麴毒素B1未檢出黃麴毒素B2未檢出黃麴毒素G1未檢出黃麴毒素G2未檢出,109,新北市,121.3701014,24.9112622
炒飯,新北市三重區店家,新北市三重區五華街282號,合格,大腸桿菌陰性大腸桿菌群3.6,107,新北市,121.4868335,25.0881076
麻辣鴨血,新北市三重區店家,新北市三重區五華街282號,合格,大腸桿菌群陰性大腸桿菌陰性,107,新北市,121.4868335,25.0881076
酥炸豆乳雞塊,新北市淡水區店家,新北市淡水區中山北路2段383號,合格,大腸桿菌陰性大腸桿菌群陰性,107,新北市,121.4436338,25.1879709
香雞排,新北市淡水區店家,新北市淡水區中山北路2段383號,合格,大腸桿菌群陰性大腸桿菌陰性,107,新北市,121.4436338,25.1879709
香蒜豬肉,新北市三重區店家,新北市三重區集美街113號1樓,合格,大腸桿菌群陰性大腸桿菌陰性,107,新北市,121.489623,25.0525751
夏威夷烤棒腿,新北市新莊區店家,新北市新莊區中平路108號B1樓,合格,大腸桿菌陰性大腸桿菌群陰性,107,新北市,121.445982,25.0462064
烤雞骨腿,新北市新莊區店家,新北市新莊區中平路108號B1樓,合格,大腸桿菌陰性大腸桿菌群陰性,107,新北市,121.445982,25.0462064
大香腸,新北市汐止區店家,新北市汐止區新台五路1段99號B1樓,合格,大腸桿菌陰性大腸桿菌群陰性,107,新北市,121.6397184,25.0616059
花枝捲,花枝,新北市汐止區新台五路1段99號B1樓,合格,大腸桿菌陰性大腸桿菌群陰性,107,新北市,121.6397184,25.0616059
瓜子肉,新北市三峽區店家,新北市三峽區學成路229號,合格,大腸桿菌陰性大腸桿菌群9.2,107,新北市,121.374965,24.9425087
滷大黑干,新北市板橋區店家,新北市板橋區貴興路101號,合格,大腸桿菌群9.2大腸桿菌陰性,107,新北市,121.4569554,25.0017697
煙燻豬耳絲,新北市板橋區店家,新北市板橋區貴興路101號,合格,大腸桿菌群陰性大腸桿菌陰性,107,新北市,121.4569554,25.0017697
炒青椒,新北市中和區店家,新北市中和區圓通路289號1樓,合格,大腸桿菌群460大腸桿菌陰性,107,新北市,121.4951944,24.992728
炒雞丁,新北市中和區店家,新北市中和區圓通路289號1樓,合格,大腸桿菌陰性大腸桿菌群陰性,107,新北市,121.4951944,24.992728
煎雞腿,新北市中和區店家,新北市中和區圓通路289號1樓,合格,大腸桿菌群陰性大腸桿菌陰性,107,新北市,121.4951944,24.992728
炒油菜,新北市三峽區店家,新北市三峽區大觀路84號,合格,大腸桿菌群陰性大腸桿菌陰性,107,新北市,121.3740539,24.9464799
炒高麗菜,新北市三峽區店家,新北市三峽區大觀路84號,合格,大腸桿菌陰性大腸桿菌群陰性,107,新北市,121.3740539,24.9464799
獅子頭,新北市深坑區店家,新北市深坑區埔新街98號1樓,合格,大腸桿菌陰性大腸桿菌群陰性,107,新北市,121.6187651,25.0023196
炒豆芽菜,新北市新莊區店家,新北市新莊區四維路175號,合格,大腸桿菌陰性大腸桿菌群陰性,107,新北市,121.4224824,25.0212936
健康廚房橙汁風味燒肉醬,健康,台中市霧峰區萬豐里中正路266號,合格,去水醋酸未檢出糖精(Saccharin)未檢出醋磺內酯鉀(Acesulfamepotassium)未檢出己二烯酸未檢出苯甲酸未檢出環己基(代)磺醯胺酸(cyclamate)未檢出甘精(dulcin)未檢出,107,新北市,120.6946681,24.0344431
西班牙黑胡椒醬,台南市官田區店家,台南市官田區工業區實踐街8號,合格,苯甲酸未檢出醋磺內酯鉀(Acesulfamepotassium)未檢出環己基(代)磺醯胺酸(cyclamate)未檢出甘精(dulcin)未檢出己二烯酸0.72去水醋酸未檢出糖精(Saccharin)未檢出,107,新北市,120.3246672,23.2043669
四季釀造醬油,四季,台南市新市區大營里大營7之2號,合格,己二烯酸未檢出苯甲酸未檢出去水醋酸未檢出糖精(Saccharin)未檢出環己基(代)磺醯胺酸(cyclamate)未檢出甘精(dulcin)未檢出醋磺內酯鉀(Acesulfamepotassium)未檢出,107,新北市,120.307701,23.100596
金蘭烤肉醬,金蘭,桃園市大溪區介壽路236號,合格,環己基(代)磺醯胺酸(cyclamate)未檢出醋磺內酯鉀(Acesulfamepotassium)未檢出甘精(dulcin)未檢出己二烯酸未檢出苯甲酸未檢出去水醋酸未檢出糖精(Saccharin)未檢出,107,新北市,121.2920536,24.9196793
屏大薄鹽醬油,屏東縣內埔鄉店家,屏東縣內埔鄉中正路456號,合格,苯甲酸未檢出己二烯酸未檢出去水醋酸未檢出糖精(Saccharin)未檢出醋磺內酯鉀(Acesulfamepotassium)未檢出環己基(代)磺醯胺酸(cyclamate)未檢出甘精(dulcin)未檢出,107,新北市,120.5404785,22.6357898
特級花生辣醬,特級,雲林縣北港鎮華勝路289號,合格,己二烯酸0.02苯甲酸未檢出環己基(代)磺醯胺酸(cyclamate)未檢出甘精(dulcin)未檢出糖精(Saccharin)未檢出去水醋酸未檢出醋磺內酯鉀(Acesulfamepotassium)未檢出,107,新北市,120.3001859,23.5721164
健康廚房古早味燒肉醬,健康,台中市霧峰區中正路266號,合格,己二烯酸未檢出苯甲酸未檢出去水醋酸未檢出糖精(Saccharin)未檢出醋磺內酯鉀(Acesulfamepotassium)未檢出環己基(代)磺醯胺酸(cyclamate)未檢出甘精(dulcin)未檢出,107,新北市,120.6946681,24.0344431
無添加原味醬油,桃園市大溪區店家,桃園市大溪區介壽路236號,合格,去水醋酸未檢出糖精(Saccharin)未檢出醋磺內酯鉀(Acesulfamepotassium)未檢出環己基(代)磺醯胺酸(cyclamate)未檢出甘精(dulcin)未檢出己二烯酸未檢出苯甲酸未檢出,107,新北市,121.2920536,24.9196793
麻辣烤肉醬,臺北市信義區店家,臺北市信義區忠孝東路4段560號12樓,合格,甘精(dulcin)未檢出環己基(代)磺醯胺酸(cyclamate)未檢出醋磺內酯鉀(Acesulfamepotassium)未檢出己二烯酸未檢出苯甲酸未檢出去水醋酸未檢出糖精(Saccharin)未檢出,107,新北市,121.557158,25.041012
義美BBQ燒烤醬,義美,臺北市信義區信義路2段88號10樓,合格,己二烯酸未檢出苯甲酸未檢出醋磺內酯鉀(Acesulfamepotassium)未檢出環己基(代)磺醯胺酸(cyclamate)未檢出甘精(dulcin)未檢出去水醋酸未檢出糖精(Saccharin)未檢出,107,新北市,121.526813,25.0339597
金蘭蜜汁烤肉醬,金蘭,桃園市大溪區介壽路236號,合格,去水醋酸未檢出糖精(Saccharin)未檢出己二烯酸未檢出苯甲酸未檢出環己基(代)磺醯胺酸(cyclamate)未檢出醋磺內酯鉀(Acesulfamepotassium)未檢出甘精(dulcin)未檢出,107,新北市,121.2920536,24.9196793
御膳食堂辣豆瓣醬,高雄市大社區店家,高雄市大社區旗楠路103巷23號,合格,己二烯酸未檢出去水醋酸未檢出糖精(Saccharin)未檢出苯甲酸未檢出環己基(代)磺醯胺酸(cyclamate)未檢出甘精(dulcin)未檢出醋磺內酯鉀(Acesulfamepotassium)未檢出,107,新北市,120.3480647,22.7510183
金味王醬油,雲林縣大埤鄉店家,雲林縣大埤鄉豐田路14號,合格,醋磺內酯鉀(Acesulfamepotassium)未檢出苯甲酸未檢出環己基(代)磺醯胺酸(cyclamate)未檢出甘精(dulcin)未檢出去水醋酸未檢出糖精(Saccharin)未檢出己二烯酸未檢出,107,新北市,120.4682676,23.6420561
黑胡椒醬,黑胡,臺北市大同區安西街116號,合格,醋磺內酯鉀(Acesulfamepotassium)未檢出己二烯酸0.60環己基(代)磺醯胺酸(cyclamate)未檢出甘精(dulcin)未檢出糖精(Saccharin)未檢出去水醋酸未檢出苯甲酸未檢出,107,新北市,121.5097332,25.061381
西農甜辣醬,雲林縣西螺鎮店家,雲林縣西螺鎮延平路353號,合格,去水醋酸未檢出糖精(Saccharin)未檢出環己基(代)磺醯胺酸(cyclamate)未檢出醋磺內酯鉀(Acesulfamepotassium)未檢出己二烯酸0.19苯甲酸未檢出甘精(dulcin)未檢出,107,新北市,120.4546302,23.8003737
金煌芒果,屏東縣南州鄉店家,屏東縣南州鄉米崙村光華路6號,不合格,陶斯松0.04ppm(標準：不得檢出),110,新北市,120.5233259,22.48122
紐西蘭富士蘋果,紐西,台中市大雅區中山八路90號,合格,二硫代胺基甲酸鹽類農藥多重殘留分析(380 項),110,新北市,120.6480845,24.2079117
蘋果,蘋果,桃園市龜山區萬壽路2段1341號,合格,,110,新北市,121.3349325,24.9939135
智利富士蘋果,智利,新北市汐止區湖前街110巷97弄24號地下一層之6,合格,,110,新北市,121.6325656,25.0761918
愛文芒果,臺北市北投區店家,臺北市北投區大業路136號,合格,二硫代胺基甲酸鹽類農藥多重殘留分析(380 項),110,新北市,121.4993493,25.1243329
芒果,芒果,屏東縣枋寮鄉安樂路82號,合格,,110,新北市,120.5965665,22.3628406
奇異果,奇異,臺北市信義區基隆路1段333號1樓1701室,合格,,110,新北市,121.5653136,25.0419415
沙茶豆乾,台中市清水區店家,台中市清水區海淡路178-33號,合格,己二烯酸苯甲酸去水醋酸甘精(dulcin)過氧化氫二甲基黃(dimethylyellow)二乙基黃(diethylyellow),110,新北市,120.571328,24.2754785
大漢優質油豆腐,大漢,桃園市大園區大觀路548號,合格,,110,新北市,121.1805095,25.0644032
純手工臭豆腐,新北市新莊區店家,新北市新莊區復興路3段50號,合格,,110,新北市,121.4620168,25.0444024
豆之味福袋壽司皮,新竹縣湖口鄉店家,新竹縣湖口鄉中正路2段126巷10號,合格,,110,新北市,121.0488968,24.8939216
義美油豆腐,義美,臺北市大安區信義路2段88號10樓,合格,,110,新北市,121.526813,25.0339597
春豐豆干,雲林縣元長鄉店家,雲林縣元長鄉西莊村西庄109-86號,合格,己二烯酸苯甲酸去水醋酸甘精(dulcin)過氧化氫二甲基黃(dimethylyellow)二乙基黃(diethylyellow),110,新北市,120.304432,23.622327
春豐五香豆干,雲林縣元長鄉店家,雲林縣元長鄉西莊村西庄109-86號,合格,,110,新北市,120.304432,23.622327
白豆干,桃園市八德區店家,桃園市八德區豐德一路17號10樓,合格,,110,新北市,121.2869383,24.9264966
傳貴黑豆豆腐,桃園市大溪區店家,桃園市大溪區美華里9鄰美山路1段601巷255號,合格,,110,新北市,121.297988,24.880474
豆干,豆干,新北市三重區力行路市場丙區100號,合格,,110,新北市,121.4827185,25.0706345
百頁豆腐,新北市三峽區店家,新北市三峽區介壽路1段276巷5號,合格,己二烯酸苯甲酸去水醋酸甘精(dulcin)過氧化氫二甲基黃(dimethylyellow)二乙基黃(diethylyellow),110,新北市,121.3876805,24.9336707
中華雞蛋豆腐,高雄市大樹區店家,高雄市大樹區龍目路110-6號,合格,,110,新北市,120.41625,22.6851785
中華非基因改造黃豆火鍋豆腐,高雄市大樹區店家,高雄市大樹區龍目路110-6號,合格,,110,新北市,120.41625,22.6851785
角螺,新北市樹林區店家,新北市樹林區俊英街219巷32-3號,合格,,110,新北市,121.4188016,25.0113554
皇家豆皮捲,雲林縣莿桐鄉店家,雲林縣莿桐鄉甘西中村3之2號,合格,,110,新北市,120.481303,23.759857
三角油豆腐,新北市新莊區店家,新北市新莊區自重街48號,合格,己二烯酸苯甲酸去水醋酸甘精(dulcin)過氧化氫二甲基黃(dimethylyellow)二乙基黃(diethylyellow),110,新北市,121.4550914,25.0475734
小豆角,彰化縣線西鄉店家,彰化縣線西鄉德興村中央路1段560巷6號,合格,,110,新北市,120.4806771,24.125122
小油皮,雲林縣北港鎮店家,雲林縣北港鎮樹腳里船埔路34-1號,合格,,110,新北市,120.2772325,23.5789381
黑豆豆干,桃園市大溪區店家,桃園市大溪區美華里美山路1段601巷255號,合格,,110,新北市,121.269985,24.885424
豆花,新北市三峽區店家,新北市三峽區民權街84巷12之1號,合格,,110,新北市,121.3689289,24.9333867
滿漢嘟嘟好原味小香腸,台南市新市店家,台南市新市區大營里7號,合格,己二烯酸苯甲酸去水醋酸亞硝酸鹽,110,新北市,120.3118375,23.0994096
香腸,新北市板橋區店家,新北市板橋區信義路1巷26弄46號,合格,,110,新北市,121.4587679,24.9965725
德式香腸,臺北市內湖區店家,臺北市內湖區陽光街321巷60號3樓,合格,,110,新北市,121.577056,25.071544
德式香腸,台中市南屯區店家,台中市南屯區大敦六街410號,合格,,110,新北市,120.6438617,24.1430638
香腸,新北市土城區店家,新北市土城區廣明街6號,合格,,110,新北市,121.4560877,24.9919332
吻仔魚丸,基隆市仁愛區店家,基隆市仁愛區愛一路23號,合格,己二烯酸苯甲酸去水醋酸二氧化硫,110,新北市,121.7413416,25.1288787
特級花枝丸,特級,新北市三重區中興北街特137之1號,合格,,110,新北市,121.4689873,25.0545316
花枝丸,花枝,雲林縣元長鄉長南村中山路261-1號,合格,,110,新北市,120.312515,23.6663977
大武魚餃,新北市泰山區店家,新北市泰山區楓江路86巷23-2號,合格,,110,新北市,121.4386905,25.0610362
慶豐花枝風味丸,雲林縣元長鄉店家,雲林縣元長鄉西莊村西庄18號,合格,,110,新北市,120.304432,23.622327
金牌黑棗(去籽),台中市梧棲區店家,台中市梧棲區港埠路1段537號,合格,己二烯酸苯甲酸去水醋酸糖精(Saccharin)環己基(代)磺醯胺酸(cyclamate)甘精(dulcin)醋磺內酯鉀(Acesulfamepotassium),110,新北市,120.5345085,24.2466823
Pineapple ring鳳梨圈,臺北市松山區店家,臺北市松山區延平北路8段144號1樓,合格,,110,新北市,121.4825736,25.1060387
橙果芭樂乾,新北市五股區店家,新北市五股區凌雲路3段2號A6,合格,,110,新北市,121.4388875,25.1037645
相思果,新北市板橋區店家,新北市板橋區民有街5號,合格,,110,新北市,121.4663753,25.0243342
黑糖蜜棗,黑糖,高雄市湖內區民生街249號,合格,,110,新北市,120.2460346,22.8773861
原味復刻梅子葡萄乾,台南市永康區店家,台南市永康區四維街58巷27號,合格,己二烯酸苯甲酸去水醋酸糖精(Saccharin)環己基(代)磺醯胺酸(cyclamate)甘精(dulcin)醋磺內酯鉀(Acesulfamepotassium),110,新北市,120.253842,23.0329168
化應子,臺北市士林區店家,臺北市士林區延平北路8段144號,合格,,110,新北市,121.4825736,25.1060387
黃金柚皮乾,黃金,台南市官田區建業路3號(官田工業區),合格,,110,新北市,120.330342,23.2073702
有機洛神花蜜餞,臺東縣太麻里鄉店家,臺東縣太麻里鄉三和村1鄰漁場1號,合格,,110,新北市,121.0306432,22.6737112
陳皮,彰化縣員林鎮店家,彰化縣員林鎮員集路2段349號,合格,,110,新北市,120.5762629,23.9438577
芋頭粿,芋頭,台南市東區崇明路529號,合格,己二烯酸苯甲酸去水醋酸二氧化硫二甲基黃(dimethylyellow)二乙基黃(diethylyellow),110,新北市,120.2258762,22.9717177
港式蘿蔔糕,港式,雲林縣西螺鎮正興里福安街113號,合格,,110,新北市,120.4614496,23.7950601
豆沙鬆糕,新北市汐止區店家,新北市汐止區福德一路392巷42弄17號,合格,,110,新北市,121.627569,25.0627091
紅龜粿,新北市新店區店家,新北市新店區中正路247巷15弄1號,合格,,110,新北市,121.5387725,24.9726918
紅圓,新北市新店區店家,新北市新店區中正路247巷15弄1號,合格,,110,新北市,121.5387725,24.9726918
紅龜粿(紅豆),新北市汐止區店家,新北市汐止區大同路2段599號,合格,己二烯酸苯甲酸去水醋酸二氧化硫二甲基黃(dimethylyellow)二乙基黃(diethylyellow),110,新北市,121.6638329,25.0706316
梅子糕,新北市淡水區店家,新北市淡水區中正路50號,合格,,110,新北市,121.4433987,25.1696358
綠豆糕,綠豆,新北市淡水區中正路50號,合格,,110,新北市,121.4433987,25.1696358
港式蘿蔔糕,港式,彰化縣伸港鄉興工路59號,合格,,110,新北市,120.5107121,24.1674551
原味蘿蔔糕,臺北市大安區店家,臺北市大安區信義路4段236號12F,合格,,110,新北市,121.553222,25.0330388
金剛紅茶,新北市三重區店家,新北市三重區大同南路160號,合格,沙門氏桿菌陰性腸桿菌科陰性,110,新北市,121.4966812,25.0575947
老賴紅茶,新北市新莊區店家,新北市新莊區四維路159號1樓,合格,,110,新北市,121.4226406,25.0218272
錫蘭紅茶,新北市板橋區店家,新北市板橋區南雅南路2段130號,合格,,110,新北市,121.4518294,24.9968086
金萱茶,新北市中和區店家,新北市中和區中和路107號1樓,合格,,110,新北市,121.5015485,25.0003349
日月潭紅茶,新北市汐止區店家,新北市汐止區中興路204號,合格,,110,新北市,121.6314189,25.0661839
四季春青茶,四季,新北市三重區正義北路251號1樓,合格,沙門氏桿菌陰性腸桿菌科陰性,110,新北市,121.4958072,25.0696346
有果香紅茶,新北市新莊區店家,新北市新莊區建國一路32號,合格,,110,新北市,121.4337324,25.0314422
高山青茶,高山,新北市板橋區溪北路172號,合格,,110,新北市,121.43095,24.9878651
四季春清茶,四季,新北市瑞芳區民生街13號,合格,,110,新北市,121.8060248,25.1075756
綠茶,新北市永和區店家,新北市永和區中正路105號1樓,合格,,110,新北市,121.5155062,24.9975143
阿奇儂冰沙(芒果),桃園市龜山區店家,桃園市龜山區頂湖路10號,合格,沙門氏桿菌陰性腸桿菌科陰性,110,新北市,121.3600347,25.0462648
焦糖美眉冰沙,新北市中和區店家,新北市中和區中和路107號1樓,合格,,110,新北市,121.5015485,25.0003349
雙果果汁星冰樂,新北市土城區店家,新北市土城區青雲路152號,合格,,110,新北市,121.4585622,24.9831458
百香果冰沙,百香果,新北市三重區忠孝路3段3號1樓,合格,,110,新北市,121.4817295,25.0677001
義式巧克力冰沙,新北市鶯歌區店家,新北市鶯歌區中正一路82號,合格,,110,新北市,121.352426,24.95445
芒果冰沙,芒果,新北市永和區永和路1段222號,合格,沙門氏桿菌陰性腸桿菌科陰性,110,新北市,121.4964767,25.0065527
蛋捲冰淇淋,新北市板橋區店家,新北市板橋區重慶路23號1樓,合格,,110,新北市,121.4611151,25.0079256
冰a戀雙施冰淇淋巧克力香草風味,台南市永康區店家,台南市永康區精忠路1號,合格,,110,新北市,120.262788,23.0211799
ICE WALKER冰塊,新北市五股區店家,新北市五股區五工一路131號3樓,合格,沙門氏桿菌陰性腸桿菌科陰性,110,新北市,121.4501747,25.0706874
日本九州冰塊,新北市五股區店家,新北市五股區五權路46號4樓,合格,,110,新北市,121.4526912,25.0685889
韓國衛生冰塊,韓國,台南市永康區中正路301號,合格,,110,新北市,120.2447232,23.0343175
食用冰塊,新北市中和區店家,新北市中和區中和路107號1樓,合格,,110,新北市,121.5015485,25.0003349
自製冰塊,新北市汐止區店家,新北市汐止區中興路204號,合格,,110,新北市,121.6314189,25.0661839
冰塊(橘子工坊),新北市三重區店家,新北市三重區忠孝路3段3號1樓,合格,沙門氏桿菌陰性腸桿菌科陰性,110,新北市,121.4817295,25.0677001
冰塊(皇爵),新北市三重區店家,新北市三重區忠孝路2段150號,合格,,110,新北市,121.4825912,25.0680951
冰塊,新北市林口區店家,新北市林口區文化二路1段68巷2號,合格,,110,新北市,121.3217615,24.9981935
冰塊,新北市林口區店家,新北市林口區文化二路1段68巷10之3號,合格,,110,新北市,121.3215474,24.9983067
冰塊,新北市鶯歌區店家,新北市鶯歌區中正一路82號,合格,,110,新北市,121.352426,24.95445
食用冰塊,新北市永和區店家,新北市永和區永和路1段222號,合格,沙門氏桿菌陰性腸桿菌科陰性,110,新北市,121.4964767,25.0065527
食用冰塊,新北市永和區店家,新北市永和區永和路2段35號,合格,,110,新北市,121.5144558,25.0105794
食用冰塊,新北市板橋區店家,新北市板橋區重慶路23號1樓,合格,,110,新北市,121.4611151,25.0079256
食用冰塊,新北市板橋區店家,新北市板橋區館前東路60號,合格,,110,新北市,121.4610859,25.0072045
食用冰塊,新北市新莊區店家,新北市新莊區瓊林南路187巷12號,合格,,110,新北市,121.4349373,25.0097141
冰塊,新北市土城區店家,新北市土城區明德路1段22號,合格,沙門氏桿菌陰性腸桿菌科陰性,110,新北市,121.454858,24.9782833
食用冰塊,新北市新莊區店家,新北市新莊區建國一路34號,合格,,110,新北市,121.4337388,25.0313812
食用冰塊,新北市新莊區店家,新北市新莊區建國一路32號,合格,,110,新北市,121.4337324,25.0314422
自製冰塊,新北市瑞芳區店家,新北市瑞芳區民生街13號,合格,,110,新北市,121.8060248,25.1075756
食用冰塊,新北市永和區店家,新北市永和區中正路105號1樓,合格,,110,新北市,121.5155062,24.9975143
益鮮白蛋,彰化縣二林鎮店家,彰化縣二林鎮振興里民保巷565號,合格,芬普尼及其代謝物之總量未檢出,107,新北市,120.4156391,23.9674229
農會牌新鮮雞蛋,彰化縣二林鎮店家,彰化縣二林鎮西庄里西庄巷5-6號,合格,芬普尼及其代謝物之總量未檢出,107,新北市,120.4438506,23.9576053
E能健機能卵,屏東縣高樹鄉店家,屏東縣高樹鄉泰山村三民路11-15號,合格,芬普尼及其代謝物之總量未檢出,107,新北市,120.60374,22.7871185
AAG蛋,彰化縣芳苑鄉店家,彰化縣芳苑鄉王功村漁港路143號,合格,芬普尼及其代謝物之總量未檢出,107,新北市,120.3405872,23.9681377
源牧鮮蛋(雞蛋),屏東縣新埤鄉店家,屏東縣新埤鄉萬隆村平山路68-30號,合格,芬普尼及其代謝物之總量未檢出,107,新北市,120.6051596,22.5167283
牧大安心蛋,台南市後壁區店家,台南市後壁區新嘉里白沙屯130-9號,合格,芬普尼及其代謝物之總量未檢出,107,新北市,120.3133388,23.3679349
呷好蛋-洗選蛋(洗選),台南市永康區店家,台南市永康區蔦松二街3號,合格,芬普尼及其代謝物之總量未檢出,107,新北市,120.2532863,23.040778
義進洗選蛋,彰化縣芳苑鄉店家,彰化縣芳苑鄉漢寶村芳漢路1段226巷545號,合格,芬普尼及其代謝物之總量未檢出,107,新北市,120.3599951,23.9922553
大成洗選蛋,台南市永康區店家,台南市永康區蔦松二街3號,合格,芬普尼及其代謝物之總量未檢出,107,新北市,120.2532863,23.040778
冠軍蛋,冠軍,臺北市南港區南港路3段149巷49弄2號,合格,芬普尼及其代謝物之總量未檢出,107,新北市,121.5856222,25.0518944
赤八仙果(甘蔘粒),臺北市大同區店家,臺北市大同區民生西路423巷23號1樓,合格,己二烯酸未檢出苯甲酸0.43去水醋酸未檢出糖精(Saccharin)未檢出環己基(代)磺醯胺酸(cyclamate)未檢出甘精(dulcin)未檢出醋磺內酯鉀(Acesulfamepotassium)3.37水楊酸未檢出對羥苯甲酸未檢出,110,新北市,121.508826,25.05763
八仙果,八仙,臺北市松山區中山北路2段116巷2之8號,合格,己二烯酸未檢出苯甲酸0.70去水醋酸未檢出糖精(Saccharin)未檢出環己基(代)磺醯胺酸(cyclamate)未檢出甘精(dulcin)未檢出醋磺內酯鉀(Acesulfamepotassium)未檢出水楊酸未檢出對羥苯甲酸未檢出,110,新北市,121.5638621,25.0541591
八仙果,八仙,彰化縣員林鎮山腳路2段562巷19號,合格,己二烯酸未檢出苯甲酸0.77去水醋酸未檢出糖精(Saccharin)0.17環己基(代)磺醯胺酸(cyclamate)未檢出甘精(dulcin)未檢出醋磺內酯鉀(Acesulfamepotassium)未檢出水楊酸未檢出對羥苯甲酸未檢出,110,新北市,120.6035754,23.9555934
赤八仙果粒,臺北市大同區店家,臺北市大同區西寧北路82-2號,合格,己二烯酸未檢出苯甲酸0.65去水醋酸未檢出糖精(Saccharin)未檢出環己基(代)磺醯胺酸(cyclamate)未檢出甘精(dulcin)未檢出醋磺內酯鉀(Acesulfamepotassium)2.51水楊酸未檢出對羥苯甲酸未檢出,110,新北市,121.5087119,25.0545997
烏梅八蔘果(無皮)(純素),台南市柳營區店家,台南市柳營區東昇里十美街208巷36號1樓,合格,己二烯酸未檢出苯甲酸0.04去水醋酸未檢出糖精(Saccharin)未檢出環己基(代)磺醯胺酸(cyclamate)未檢出甘精(dulcin)未檢出醋磺內酯鉀(Acesulfamepotassium)未檢出水楊酸未檢出對羥苯甲酸未檢出,110,新北市,120.320121,23.2815561
八仙菓,八仙,台中市豐原區西勢路114巷17號,合格,己二烯酸未檢出苯甲酸0.60去水醋酸未檢出糖精(Saccharin)未檢出環己基(代)磺醯胺酸(cyclamate)未檢出甘精(dulcin)未檢出醋磺內酯鉀(Acesulfamepotassium)未檢出水楊酸未檢出對羥苯甲酸未檢出,110,新北市,120.7075965,24.2454026
赤角,臺北市士林區店家,臺北市士林區延平北路8段144號,合格,己二烯酸未檢出苯甲酸0.36去水醋酸未檢出糖精(Saccharin)未檢出環己基(代)磺醯胺酸(cyclamate)未檢出甘精(dulcin)未檢出醋磺內酯鉀(Acesulfamepotassium)3.00水楊酸未檢出對羥苯甲酸未檢出,110,新北市,121.4825736,25.1060387
八仙果,八仙,臺北市大同區安西街39-1號,合格,己二烯酸未檢出苯甲酸0.58去水醋酸未檢出糖精(Saccharin)未檢出環己基(代)磺醯胺酸(cyclamate)未檢出甘精(dulcin)未檢出醋磺內酯鉀(Acesulfamepotassium)未檢出水楊酸未檢出對羥苯甲酸未檢出,110,新北市,121.5100677,25.0602295
八仙果(清涼型),八仙,台南市永康區四維街58巷27號,合格,己二烯酸未檢出苯甲酸0.50去水醋酸未檢出糖精(Saccharin)未檢出環己基(代)磺醯胺酸(cyclamate)未檢出甘精(dulcin)未檢出醋磺內酯鉀(Acesulfamepotassium)未檢出水楊酸未檢出對羥苯甲酸未檢出,110,新北市,120.253842,23.0329168
八仙果,八仙,彰化縣秀水鄉福安村彰水路2段374巷6號1樓,合格,己二烯酸未檢出苯甲酸0.66去水醋酸未檢出糖精(Saccharin)0.20環己基(代)磺醯胺酸(cyclamate)未檢出甘精(dulcin)未檢出醋磺內酯鉀(Acesulfamepotassium)未檢出水楊酸未檢出對羥苯甲酸未檢出,110,新北市,120.4948557,24.0277437
柚子蔘,台南市麻豆區店家,台南市麻豆區麻佳路1段42號,合格,己二烯酸未檢出苯甲酸0.68去水醋酸未檢出糖精(Saccharin)0.30環己基(代)磺醯胺酸(cyclamate)未檢出甘精(dulcin)未檢出醋磺內酯鉀(Acesulfamepotassium)未檢出水楊酸未檢出對羥苯甲酸未檢出,110,新北市,120.2321812,23.1804817
八仙菓,八仙,台中市豐原區西勢路114巷17號,合格,己二烯酸未檢出苯甲酸0.71去水醋酸未檢出糖精(Saccharin)未檢出環己基(代)磺醯胺酸(cyclamate)未檢出甘精(dulcin)未檢出醋磺內酯鉀(Acesulfamepotassium)未檢出水楊酸未檢出對羥苯甲酸未檢出,110,新北市,120.7075965,24.2454026
八仙菓(棠素香)赤色,八仙,臺北市中山區中山北路2段116巷2-8號,合格,己二烯酸未檢出苯甲酸0.72去水醋酸未檢出糖精(Saccharin)未檢出環己基(代)磺醯胺酸(cyclamate)未檢出甘精(dulcin)未檢出醋磺內酯鉀(Acesulfamepotassium)未檢出水楊酸未檢出對羥苯甲酸未檢出,110,新北市,121.52198,25.060705
八仙菓(棠素香)赤色,八仙,臺北市松山區延平北路8段2巷61弄4號,合格,己二烯酸未檢出苯甲酸0.73去水醋酸未檢出糖精(Saccharin)0.01環己基(代)磺醯胺酸(cyclamate)未檢出甘精(dulcin)未檢出醋磺內酯鉀(Acesulfamepotassium)未檢出水楊酸未檢出對羥苯甲酸未檢出,110,新北市,121.4866429,25.1063856
八仙菓(棠素香),八仙,臺北市松山區中山北路2段116巷238號,合格,己二烯酸未檢出苯甲酸0.67去水醋酸未檢出糖精(Saccharin)未檢出環己基(代)磺醯胺酸(cyclamate)未檢出甘精(dulcin)未檢出醋磺內酯鉀(Acesulfamepotassium)未檢出水楊酸未檢出對羥苯甲酸未檢出,110,新北市,121.5485239,25.0491723
味丹多喝水(包裝飲用水),味丹多喝,台中市沙鹿區興安路65號,合格,鉛未檢出鎘未檢出砷未檢出汞未檢出銻未檢出,109,新北市,120.549604,24.228647
味丹多喝水鹼性竹炭水(包裝飲用水),味丹多喝,台中市沙鹿區興安路65號,合格,鉛未檢出鎘未檢出砷未檢出汞未檢出銻未檢出,109,新北市,120.549604,24.228647
泰山純水,泰山,彰化縣田中鎮興工路6號,合格,鉛未檢出鎘未檢出砷未檢出汞未檢出銻未檢出,109,新北市,120.5927671,23.8482281
好山好水(包裝飲用水),南投縣埔里鎮店家,南投縣埔里鎮新生路148號,合格,鉛未檢出鎘未檢出砷未檢出汞未檢出銻未檢出,109,新北市,120.95934,23.955167
元氣純水,南投縣埔里鎮店家,南投縣埔里鎮武界路23號,合格,鉛未檢出鎘未檢出砷未檢出汞未檢出銻未檢出,109,新北市,121.0042318,23.9246657
波爾天然水,宜蘭縣員山鄉店家,宜蘭縣員山鄉員山路2段326號,合格,鉛未檢出鎘未檢出砷未檢出汞未檢出銻未檢出,109,新北市,121.6911055,24.7136119
阿波羅純水,新北市汐止區店家,新北市汐止區南陽街54號,合格,鉛未檢出鎘未檢出砷未檢出汞未檢出銻未檢出,109,新北市,121.6247405,25.0641113
泰山TWISTWATER環保包裝水(包裝飲用水),泰山,彰化縣田中鎮興工路6號,合格,鉛未檢出鎘未檢出砷未檢出汞未檢出銻未檢出,109,新北市,120.5927671,23.8482281
九華山竹炭水,苗栗縣銅鑼鄉店家,苗栗縣銅鑼鄉民享路3號,合格,鉛未檢出鎘未檢出砷未檢出汞未檢出銻未檢出,109,新北市,120.7917483,24.4729512
法國EVIAN依雲天然礦泉水,法國,臺北市中山區中山北路2段52號10樓之2,合格,鉛未檢出鎘未檢出砷未檢出汞未檢出銻0.0009,109,新北市,121.5225209,25.0564221
進口馬鈴薯(粒),新北市新店區店家,新北市新店區新店區安康路2段133號1樓,合格,農藥多重殘留分析(373項)檢出細項二硫代胺基甲酸鹽類未檢出Chlorpropham7.86,108,新北市,121.512071,24.9604747
蘿蔔,蘿蔔,新北市新店區新店區安康路2段133號1樓,合格,農藥多重殘留分析(373項)檢出細項二硫代胺基甲酸鹽類0.20歐殺滅(Oxamyl)0.02,108,新北市,121.512071,24.9604747
紅蘿蔔,新北市中和區店家,新北市中和區中山路2段296號4樓之5,合格,農藥多重殘留分析(373項)未檢出二硫代胺基甲酸鹽類未檢出,108,新北市,121.4962609,25.0023815
茄子,雲林縣西螺鎮店家,雲林縣西螺鎮新安里市場北路260號,合格,二硫代胺基甲酸鹽類未檢出益達胺(Imidacloprid)0.11愛殺松(Ethion)0.07農藥多重殘留分析(373項)檢出細項,108,新北市,120.4534952,23.7858469
茄子,未知店家,美濃區蔬菜產銷班S00043-A30蔬菜產銷班S00043-A30,合格,亞托敏(Azoxystrobin)0.07益達胺(Imidacloprid)0.02農藥多重殘留分析(373項)檢出細項克凡派(Chlorfenapyr)0.02二硫代胺基甲酸鹽類未檢出,108,新北市,120.5509358,22.885385
有機小白菜,台南市善化區店家,台南市善化區溪美里310號,合格,農藥多重殘留分析(373項)未檢出二硫代胺基甲酸鹽類未檢出,108,新北市,120.2815587,23.1554375
紅莧菜,新北市八里區店家,新北市八里區中華路2段486號,合格,賽滅寧(Cypermethrin)0.03賓克隆(Pencycuron)0.71二硫代胺基甲酸鹽類未檢出芬化利(Fenvalerate)0.07農藥多重殘留分析(373項)檢出細項貝芬替(Carbendazim)0.19,108,新北市,121.4002719,25.1459277
有機綠豆,新北市板橋區店家,新北市板橋區文化路1段268號4樓,合格,二硫代胺基甲酸鹽類未檢出農藥多重殘留分析(373項)未檢出,108,新北市,121.4618415,25.0114095
紅蘿蔔,臺北市萬華區店家,臺北市萬華區萬大路424巷24號,合格,二硫代胺基甲酸鹽類未檢出農藥多重殘留分析(373項)未檢出,108,新北市,121.4971592,25.0214482
牛奶洋蔥(粒),牛奶,雲林縣褒忠鄉中民村三民路316-10號,合格,農藥多重殘留分析(373項)未檢出二硫代胺基甲酸鹽類未檢出,108,新北市,120.3161858,23.6998572
白蘿蔔,白蘿,台南市歸仁區信義南路129-1號,合格,農藥多重殘留分析(373項)未檢出二硫代胺基甲酸鹽類未檢出,108,新北市,120.2996562,22.9632615
甜椒-彩色甜椒,嘉義縣新港鄉店家,嘉義縣新港鄉安和村1鄰番婆4號,合格,二硫代胺基甲酸鹽類未檢出氟克殺(Fluxapyroxad)0.03三氟敏(Trifloxystrobin)0.03得克利(Tebuconazole)0.18亞滅培(Acetamiprid)0.02畢達本(Pyridaben)0.04益達胺(Imidacloprid)0.26邁克尼(Myclobutanil)0.16氟派瑞(Fluopyram)0.14百克敏(Pyraclostrobin)0.19農藥多重殘留分析(373項)檢出細項待克利(Difenoconazole)0.06亞托敏(Azoxystrobin)0.14克凡派,108,新北市,120.310612,23.516083
香蕉超值包(2入/袋)(驗收用),新北市中和區店家,新北市中和區連城路194巷4號,合格,農藥多重殘留分析(373項)檢出細項貝芬替(Carbendazim)0.02二硫代胺基甲酸鹽類未檢,108,新北市,121.4920767,24.9977225
韭菜,屏東縣里港鄉店家,屏東縣里港鄉中山路24號,合格,農藥多重殘留分析(373項)檢出細項亞托敏(Azoxystrobin)0.13益達胺(Imidacloprid)0.03賽洛寧(λ-Cyhalothrin)0.24二硫代胺基甲酸鹽類未檢出,108,新北市,120.4945511,22.7761974
韭菜,雲林縣二崙鄉店家,雲林縣二崙鄉復興村龍結路15之10號,合格,農藥多重殘留分析(373項),108,新北市,120.380742,23.775694
菠菜,雲林縣西螺鎮店家,雲林縣西螺鎮下湳里安南91號,合格,農藥多重殘留分析(373項)檢出細項歐殺滅(Oxamyl)0.03二硫代胺基甲酸鹽類未檢出,108,新北市,120.4343228,23.7636037
菠菜,雲林縣二崙鄉店家,雲林縣二崙鄉復興村龍結路15之10號,合格,二硫代胺基甲酸鹽類未檢出氟比來(Fluopicolide)0.18農藥多重殘留分析(373項)檢出細項益達胺(Imidacloprid)0.13納乃得(Methomyl)1.95,108,新北市,120.380742,23.775694
菠菜,雲林縣二崙鄉店家,雲林縣二崙鄉復興村龍結路15之10號,合格,農藥多重殘留分析(373項)檢出細項納乃得(Methomyl)0.06二硫代胺基甲酸鹽類未檢出益達胺(Imidacloprid)0.02,108,新北市,120.380742,23.775694
甜椒,嘉義縣新港鄉店家,嘉義縣新港鄉菜公村菜公 厝41號,合格,普拔克(Propamocarbhydrochloride)0.14二硫代胺基甲酸鹽類未檢出畢達本(Pyridaben)0.02農藥多重殘留分析(373項)檢出細項克凡派(Chlorfenapyr)0.09三氟敏(Trifloxystrobin)0.06得克利(Tebuconazole)0.41益達胺(Imidacloprid)0.16,108,新北市,120.3468724,23.5511426
甜椒,嘉義縣新港鄉店家,嘉義縣新港鄉福德村登雲路111巷2號,合格,氟派瑞(Fluopyram)0.12達滅芬(Dimethomorph)0.11二硫代胺基甲酸鹽類未檢出益達胺,108,新北市,120.344028,23.5557298
甜椒,嘉義縣溪口鄉店家,嘉義縣溪口鄉溪東村民生街80號,合格,凡殺同(Famoxadone)0.03普拔克(Propamocarbhydrochloride)0.02二硫代胺基甲酸鹽類未檢出農藥多重殘留分析(373項)檢出細項百克敏(Pyraclostrobin)0.01,108,新北市,120.3978381,23.6041993
屏東上等蕉,屏東縣竹田鄉店家,屏東縣竹田鄉糶糴村南進路11號,合格,農藥多重殘留分析(373項)未檢出二硫代胺基甲酸鹽類未檢出,108,新北市,120.5324161,22.5731427
法國有機茱麗葉蘋果,法國,新北市三重區竹園街274號1樓,合格,二硫代胺基甲酸鹽類未檢出農藥多重殘留分析(373項)未檢出,108,新北市,121.4867114,25.0614534
韭菜,臺北市中山區店家,臺北市中山區民族東路336號4樓,合格,益達胺(Imidacloprid)0.03二硫代胺基甲酸鹽類未檢出亞托敏(Azoxystrobin)0.03撲滅寧(Procymidone)0.17農藥多重殘留分析(373,108,新北市,121.5373211,25.067861
紐西蘭香梨,紐西,臺北市中山區衡陽路51號12樓之2,合格,農藥多重殘留分析(373項)未檢出二硫代胺基甲酸鹽類未檢出,108,新北市,121.5122561,25.0416987
有機玫瑰花,新北市五股區店家,新北市五股區五權路42之1號3樓,合格,農藥多重殘留分析(373項)未檢出二硫代胺基甲酸鹽類未檢出,108,新北市,121.4514713,25.0681441
有機綠茶(乾燥碎料),新北市五股區店家,新北市五股區五權路42之1號3樓,合格,農藥多重殘留分析(373項)未檢出二硫代胺基甲酸鹽類未檢出,108,新北市,121.4514713,25.0681441
蓮霧,屏東縣新埤鄉店家,屏東縣新埤鄉萬隆村中山路52-1號,合格,亞托敏(Azoxystrobin)0.06克收欣(Kresoxim-methyl)0.02農藥多重殘留分析(373項)檢出細項二硫代胺基甲酸鹽類未檢出,108,新北市,120.5881634,22.5064684
澳洲紅皮馬鈴薯,臺北市大安區店家,臺北市大安區仁愛路4段68號7樓,合格,二硫代胺基甲酸鹽類未檢出農藥多重殘留分析(373項)未檢出,108,新北市,121.5478384,25.0375049
蘿絲玫瑰乾燥花瓣,新北市五股區店家,新北市五股區五權五路31號,合格,二硫代胺基甲酸鹽類未檢出農藥多重殘留分析(373項)未檢出,108,新北市,121.452171,25.0659564
芭樂,芭樂,臺北市中山區民族東路336號,合格,農藥多重殘留分析(373項)檢出細項貝芬替(Carbendazim)0.10二硫代胺基甲酸鹽類未檢出克凡派,108,新北市,121.5373211,25.067861
彩色甜椒,彩色,臺北市松山區民權東路3段106巷214弄14號,合格,剋安勃(Chlorantraniliprole)0.02芬化利(Fenvalerate)0.03二硫代胺基甲酸鹽類未檢出亞滅培(Acetamiprid)0.32益達胺(Imidacloprid)0.15布芬淨(Buprofezin)0.02,108,新北市,121.5408718,25.0624386
茄子,臺北市士林區店家,臺北市士林區華齡街175號2樓,不合格,3-羥基加保扶(3-OHCarbofuran)0.03愛殺松(Ethion)0.42益達胺(Imidacloprid)0.31二硫代胺基甲酸鹽類未檢出大滅松(Dimethoate)0.02畢芬寧(Bifenthrin)0.03貝芬替(Carbendazim)0.28加保扶(Carbofuran)0.19農藥多重殘留分析(373,108,新北市,121.5192471,25.0871324
特選白蘿蔔SA3,雲林縣四湖鄉店家,雲林縣四湖鄉中山西路94號,不合格,達滅芬(Dimethomorph)0.02大滅松(Dimethoate)0.03二硫代胺基甲酸鹽類0.36農藥多重殘留分析(373項)檢出細項歐殺滅(Oxamyl)0.05,108,新北市,120.2226555,23.6377404
Zespri奇異果#25,新北市新店區店家,新北市新店區寶中路95-4號,不合格,依芬寧(Etofenprox)0.02二硫代胺基甲酸鹽類未檢出農藥多重殘留分析(373項)檢出細項,108,新北市,121.5479635,24.9813826
紅玫瑰花,高雄市三民區店家,高雄市三民區建國三路112號,不合格,洛寧(Cyhalothrin)0.09二硫代胺基甲酸鹽類未檢出農藥多重殘留分析(373項)檢出細項,108,新北市,120.2948348,22.6375559
亞培心美力I High QPlus 添加鐵質嬰兒配方食品,臺北市松山區店家,臺北市松山區民生東路3段51號6樓,合格,錫未檢出鉛未檢出鎘未檢出,108,新北市,121.5398306,25.0575733
金愛斯佳育嬰配方食品,臺北市大安區店家,臺北市大安區復興南路1段368號7樓,合格,鎘未檢出錫未檢出鉛未檢出,108,新北市,121.5442137,25.047407
一品蛋(洗選蛋),新北市三峽區店家,新北市三峽區隆恩街163號,合格,鉛未檢出銅0.6 mg/kg,108,新北市,121.3629265,24.9424252
生發號鹹鴨蛋(蛋素),臺北市北投區店家,臺北市北投區文德路120巷18號4樓,合格,鉛未檢出銅1.5 mg/kg,108,新北市,121.5827946,25.0782775
雀巢能恩水解1部分水解蛋白嬰兒營養配方奶粉,臺北市內湖區店家,臺北市內湖區瑞光路399號8F及8F之1,合格,鎘0.003 mg/kg錫未檢出鉛未檢出,108,新北市,121.5725155,25.0777641
卡洛塔妮A3育嬰配方奶粉添加鐵質配方,臺北市大安區店家,臺北市大安區復興南路1段368號7樓,合格,鉛0.004 mg/kg錫未檢出鎘0.005 mg/kg,108,新北市,121.5442137,25.047407
冷凍台灣鯛魚切片,嘉義縣義竹鄉店家,嘉義縣義竹鄉義工三路3號,合格,一氧化碳,109,新北市,120.2194368,23.3596462
冷燻鮭魚,宜蘭縣頭城鎮店家,宜蘭縣頭城鎮拔雅路20-1號,合格,一氧化碳,109,新北市,121.8123957,24.864074
鮭魚切片,鮭魚,新北市中和區建康路258號,合格,一氧化碳,109,新北市,121.4925892,24.9991802
冷凍鰈魚片,新北市中和區店家,新北市中和區建康路258號,合格,一氧化碳,109,新北市,121.4925892,24.9991802
燻燒鮭魚肚片8克,桃園市龜山區店家,桃園市龜山區文化一路45號3樓,合格,一氧化碳,109,新北市,121.3715664,25.0600743
安心金針,花蓮縣玉里鎮店家,花蓮縣玉里鎮觀音里高寮268-2號,合格,二氧化硫,108,新北市,121.356292,23.383577
達蘭埠無毒炭培金針,花蓮縣富里鄉店家,花蓮縣富里鄉新興村東興路16鄰109號,合格,二氧化硫,108,新北市,121.2932854,23.2334748
赤科山無硫金針,花蓮縣玉里鎮店家,花蓮縣玉里鎮高寮264-1號,合格,二氧化硫,108,新北市,121.356292,23.383577
特選高山金針,新北市八里區店家,新北市八里區龍米路2段62號,合格,二氧化硫,108,新北市,121.4482936,25.1412588
精選花蓮金針,新北市中和區店家,新北市中和區連成路258號8樓,合格,二氧化硫,108,新北市,121.4869174,24.9965494
高山金針,高山,新北市三芝區中山路1段55號,合格,二氧化硫,108,新北市,121.5024439,25.2558123
合格金針,花蓮縣玉里鎮店家,花蓮縣玉里鎮高寮228之1號,合格,二氧化硫,108,新北市,121.356292,23.383577
金針,臺北市大同區店家,臺北市大同區安西街7號1樓,合格,二氧化硫,108,新北市,121.510147,25.05942
金針,臺北市大同區店家,臺北市大同區迪化街1段178號,合格,二氧化硫,108,新北市,121.5097974,25.0564363
玉溪無硫金針,花蓮縣玉里鎮店家,花蓮縣玉里鎮大禹里166-13號,合格,二氧化硫,108,新北市,121.3255688,23.3746212
金針,新北市板橋區店家,新北市板橋區民族路247巷5弄10號,合格,二氧化硫,108,新北市,121.4706987,25.0078339
炒芥藍菜,新北市瑞芳區店家,新北市瑞芳區市下巷20號,合格,大腸桿菌陰性大腸桿菌群75,107,新北市,121.8436082,25.1089227
茶葉(金薑茶),臺北市信義區店家,臺北市信義區松山路669號2樓之2,合格,農藥多重殘留分析(373項)檢出細項二硫代胺基甲酸鹽類未檢出賽速安(Thiamethoxam)0.06,107,新北市,121.5811587,25.033001
脆杏仁餅乾,新北市萬里區店家,新北市萬里區瑪鋉路127之5號,合格,大腸桿菌陰性大腸桿菌群陰性,107,新北市,121.6888622,25.1782026
約克夏茶-金牌,臺北市內湖區店家,臺北市內湖區堤頂大道二段475號,合格,二硫代胺基甲酸鹽類未檢出賽速安(Thiamethoxam)0.14農藥多重殘留分析(373項)檢出細項,107,新北市,121.5623514,25.0817536
豬豬菠菜乾咖哩,新北市中和區店家,新北市中和區景安路167巷6號,合格,大腸桿菌陰性大腸桿菌群陰性,107,新北市,121.5057076,24.9945926
頂級錫蘭紅茶(FOP),頂級,新北市永和區中山路一段311號3F,合格,二硫代胺基甲酸鹽類農藥多重殘留分析(373項),107,新北市,121.5063803,25.0063646
原味鬆餅,新北市板橋區店家,新北市板橋區文化路2段182巷7弄3號,合格,大腸桿菌陰性大腸桿菌群陰性,107,新北市,121.4719337,25.0270453
100%Arabica 咖啡豆,新北市板橋區店家,新北市板橋區文化路2段182巷7弄3號,合格,二硫代胺基甲酸鹽類農藥多重殘留分析(373項),107,新北市,121.4719337,25.0270453
松花皮蛋,屏東縣新園鄉店家,屏東縣新園鄉新園村媽祖三巷175號,合格,鉛未檢出銅4.1,107,新北市,120.4453749,22.5251866
辣味醍醐香鐵蛋,高雄市路竹區店家,高雄市路竹區中山路68號,合格,銅1.4鉛未檢出,107,新北市,120.2545148,22.8718575
安全皮蛋,新北市蘆洲區店家,新北市蘆洲區仁愛街118巷13-7號,合格,鉛未檢出銅4.1,107,新北市,121.4690055,25.095567
冠軍優質皮蛋,冠軍,臺北市南港區3段149巷49弄2號,合格,鉛未檢出銅4.7,107,新北市,121.4608255,24.9983392
薄鹽真鯖片,宜蘭縣蘇澳鎮店家,宜蘭縣蘇澳鎮大圳路120號,合格,鎘未檢出甲基汞0.05 ppm鉛未檢出,107,新北市,121.8323171,24.6133653
白刺蝦(現流),新北市五股區店家,新北市五股區五工六路35號,合格,甲基汞未檢出鎘未檢出鉛未檢出,107,新北市,121.4475269,25.0642062
布袋文蛤,臺北市萬華區店家,臺北市萬華區桂林路242巷67號,合格,鉛0.08 ppm甲基汞未檢出鎘0.08 ppm,107,新北市,121.4941545,25.0369799
阿婆鐵蛋,新北市淡水區店家,新北市淡水區中正路135之1號,合格,鉛未檢出銅1.2 ppm,107,新北市,121.4391973,25.1703565
愛蛋族鴨皮蛋,新北市新莊區店家,新北市新莊區幸福路745號4樓之4,合格,鉛未檢出銅3.7 ppm,107,新北市,121.448615,25.048884
冷凍蟹腳肉,新北市新莊區店家,新北市新莊區新北大道2段217號14樓,合格,鉛未檢出鎘未檢出甲基汞未檢出,107,新北市,121.4627868,25.0606504
冷凍鯛魚片,桃園市蘆竹區店家,桃園市蘆竹區海山路1段200號,合格,鎘未檢出鉛未檢出甲基汞未檢出,107,新北市,121.2766976,25.0894344
智利鮭魚輪切片,智利,臺北市信義區忠孝東路5段689號8樓,合格,鎘未檢出甲基汞未檢出鉛未檢出,107,新北市,121.5652968,25.0406521
鴨鹹蛋,台南市新營區店家,台南市新營區復興路971巷14號1F,合格,鉛未檢出銅1.5 ppm,107,新北市,120.2840886,23.3088615
黃秋葵,彰化縣溪湖鎮店家,彰化縣溪湖鎮榕樹路 108號,不合格,派滅淨0.02ppm得克利0.02ppm(標準：均為0.01ppm以下),110,新北市,120.5100574,23.9576861
番茄,桃園市八德區店家,桃園市八德區廣福路1357 巷206弄 28號,不合格,賓克隆1.53ppm(標準：0.01ppm以下),110,新北市,121.2716468,24.9534008
花椒粒,高雄市鼓山區店家,高雄市鼓山區伊犁街 29號,不合格,亞滅培0.09ppm(標準：0.05ppm以下),110,新北市,120.2772164,22.6531307
花椒粒,臺北市北投區店家,臺北市北投區立德路 121巷 18號,不合格,亞滅培0.13ppm(標準：0.05ppm以下),110,新北市,121.4709584,25.1287896
酸菜心,酸菜,雲林縣大埤鄉興安村 72號,不合格,二氧化硫0.724g/kg(標準：0.03g/kg以下),110,新北市,120.3911059,23.6282314
竹笙,竹笙,臺北市大同區民樂街 181號 1樓,不合格,鎘4ppm(標準:2 ppm以下),110,新北市,121.5106037,25.0595841
竹笙,竹笙,臺北市大同區民樂街 181號 1樓,不合格,鎘6ppm(標準:2 ppm以下),110,新北市,121.5106037,25.0595841
有機苦瓜,雲林縣西螺鎮店家,雲林縣西螺鎮新興路 72號 1樓,不合格,氟尼胺0.03ppm 合格(標準：0.4ppm以下)惟標榜有機,110,新北市,120.4519757,23.7979575
有機絲瓜,台南市善化區店家,台南市善化區溪美里 310號,合格,二硫代胺基甲酸鹽類農藥多重殘留分析(380項),110,新北市,120.2815587,23.1554375
台灣青椒,彰化縣溪湖鎮店家,彰化縣溪湖鎮榕樹路 108號,合格,,110,新北市,120.5100574,23.9576861
有機大黃瓜,桃園市大溪區店家,桃園市大溪區康莊路五段246 號,合格,,110,新北市,121.2566308,24.8222725
甜椒-彩色甜椒,南投縣信義鄉店家,南投縣信義鄉望美村 9麟美俗巷 50之10 號,合格,,110,新北市,120.881473,23.6139221
番茄-橙蜜香番茄,高雄市美濃區店家,高雄市美濃區中興路 1段138 號,合格,,110,新北市,120.5472708,22.883042
胡蘿蔔-300g,雲林縣西螺鎮店家,雲林縣西螺鎮安定里202-5號,合格,,110,新北市,120.4328824,23.8027634
番茄,雲林縣西螺鎮店家,雲林縣西螺鎮新安里市場北路 258號,合格,,110,新北市,120.4539682,23.7850243
富士蘋果,臺北市中山區店家,臺北市中山區民權東路 3段 1號,合格,二硫代胺基甲酸鹽類農藥多重殘留分析(380項),110,新北市,121.5408718,25.0624386
福山萵苣,新北市五股區店家,新北市五股區五權三路20號,合格,,110,新北市,121.453648,25.0643295
胡瓜-溫室小黃瓜,雲林縣西螺鎮店家,雲林縣西螺鎮興農西路316 號,合格,,110,新北市,120.4519499,23.7924186
有機奶油白菜,新北市林口區店家,新北市林口區南勢里 1鄰71-97 號,合格,,110,新北市,121.4044985,25.098436
有機杏鮑菇,嘉義縣東石鄉店家,嘉義縣東石鄉烏松寺 40之34 號,合格,,110,新北市,120.1704766,23.4701923
有機蘿蔓,新北市淡水區店家,新北市淡水區興仁里頂田寮路 158號,合格,,110,新北市,121.4582752,25.2154377
金菇,台中市霧峰區店家,台中市霧峰區北岸路 53號,合格,,110,新北市,120.6761983,24.0207827
台灣水蓮,彰化縣溪湖鎮店家,彰化縣溪湖鎮榕樹路 108號,合格,,110,新北市,120.5100574,23.9576861
大比目魚厚切,嘉義縣民雄鄉店家,嘉義縣民雄鄉民雄工業區中正路 28號,合格,硝基呋喃代謝物(4項)孔雀綠(2項)氯黴素類抗生素(4項)四環黴素類(7項)動物用藥多重殘留(48項)抗生素及其代謝物多重殘留分析-畜禽水產品(16項),110,新北市,120.4568477,23.520189
冷凍草蝦,台中市西屯區店家,台中市西屯區工業區 40路37 號,合格,,110,新北市,120.600737,24.170798
船釣白帶魚,台南市永康區店家,台南市永康區中正二街380 號,合格,,110,新北市,120.2377133,23.0315878
鮭魚厚切(智利),鮭魚,嘉義縣民雄鄉民雄工業區中正路 28號,合格,,110,新北市,120.4568477,23.520189
冷凍白蝦,宜蘭縣五結鄉店家,宜蘭縣五結鄉利工一路二段56 號,合格,,110,新北市,121.8344517,24.6547575
馬來西亞海虎巨蝦,臺北市萬華區店家,臺北市萬華區桂林路 242巷67 號,合格,,110,新北市,121.4941545,25.0369799
冷凍鱸魚片,嘉義縣義竹鄉店家,嘉義縣義竹鄉義工三路 3號,合格,,110,新北市,120.2194368,23.3596462
履歷龍膽石斑菲力,履歷,高雄市梓官區漁港二路32號,合格,硝基呋喃代謝物(4項)孔雀綠(2項)氯黴素類抗生素(4項)四環黴素類(7項)動物用藥多重殘留(48項)抗生素及其代謝物多重殘留分析-畜禽水產品(16項),110,新北市,120.2558229,22.7263115
野柳小卷,新北市萬里區店家,新北市萬里區野柳里港西路55-1號,合格,,110,新北市,121.6854308,25.2033427
柳葉魚,臺北市萬華區店家,臺北市萬華區桂林路 242巷67 號,合格,,110,新北市,121.4941545,25.0369799
舒康雞-雞胸,舒康雞,台南市永康區中正一街26號,合格,氯黴素類抗生素(4項)四環黴素類(7項)動物用藥多重殘留(48項)乙型受體素類(β-agonist)(21項),110,新北市,120.246311,23.0336881
冷凍澳洲羊肉塊,新北市板橋區店家,新北市板橋區干城路 142號,合格,,110,新北市,121.4595491,24.9932599
腿肉絲,屏東縣屏東市店家,屏東縣屏東市建國路 480號,合格,,110,新北市,120.4613704,22.6541176
前胸肉,屏東縣屏東市店家,屏東縣屏東市建國路 480號,合格,,110,新北市,120.4613704,22.6541176
澳洲羊肉火鍋片,台中市烏日區店家,台中市烏日區光明路 333號B2,合格,,110,新北市,120.6501607,24.1082342
舒康雞-里肌肉,舒康雞,台南市永康區中正一街26號,合格,己二烯酸苯甲酸去水醋酸食品中蘇丹色素(4項),110,新北市,120.246311,23.0336881
冷凍豬梅花火鍋片,冷凍豬,新北市板橋區干城路 142號,合格,,110,新北市,121.4595491,24.9932599
VV澳洲羊肉火鍋片,新北市板橋區店家,新北市板橋區干城路 142號,合格,,110,新北市,121.4595491,24.9932599
原切梅花豬,新北市樹林區店家,新北市樹林區俊英街 110巷1號,合格,,110,新北市,121.4275854,25.005463
澳洲羊肉火鍋(炒)肉片,新北市板橋區店家,新北市板橋區干城路 142號,合格,,110,新北市,121.4595491,24.9932599
桂花糕,新竹縣竹北市店家,新竹縣竹北市鳳崗路 3段442號,合格,順丁烯二酸與順丁烯二酸酐總量,110,新北市,120.9508614,24.8667083
港式蘿蔔糕,港式,新北市汐止區福德一街392巷42弄17號,合格,,110,新北市,121.6397184,25.0616059
舞Q年糕片,桃園市楊梅區店家,桃園市楊梅區環東路 295巷7號 1樓,合格,,110,新北市,121.1572629,24.9074254
韓式年糕條,韓式,新北市深坑區松柏街 47巷18號,合格,,110,新北市,121.6382375,25.012772
燒魚板,雲林縣斗六市店家,雲林縣斗六市斗工二路33號,合格,,110,新北市,120.5970043,23.720107
達人上菜虱目魚丸,新北市新莊區店家,新北市新莊區新北大道 3段5號 22樓之3,合格,順丁烯二酸與順丁烯二酸酐總量,110,新北市,121.4582051,25.0601955
達人上菜港式蘿蔔糕,新北市三重區店家,新北市三重區光復路 1段109-2號,合格,,110,新北市,121.4867114,25.0614534
港式蘿蔔糕,港式,雲林縣西螺鎮正興里福安街113 號,合格,,110,新北市,120.4614496,23.7950601
正品寧波年糕,新北市深坑區店家,新北市深坑區北深路 1段112巷 5弄10號,合格,,110,新北市,121.6006516,25.0038252
有機蘿蔔糕,台中市大甲區店家,台中市大甲區工七路 26號,合格,,110,新北市,120.6544183,24.4057399
白木耳,白木,屏東縣潮州鎮新生路 74號,合格,二氧化硫,110,新北市,120.5386874,22.5498055
黑木耳,台南市麻豆區店家,台南市麻豆區北勢寮10-19號,合格,,110,新北市,120.2418831,23.1970146
海帶嫩芽,台中市豐原區店家,台中市豐原區西勢路 701號,合格,,110,新北市,120.7006678,24.2341442
長切昆布,高雄市三民區店家,高雄市三民區和順街 87號13F 之2,合格,,110,新北市,120.3160512,22.6543494
野生の紫菜,新北市汐止區店家,新北市汐止區大同路 1段337巷16弄2-4號,合格,,110,新北市,121.3789988,24.9293019
昆布結,新北市汐止區店家,新北市汐止區大同路 1段337巷16弄2-4號,合格,二氧化硫,110,新北市,121.3789988,24.9293019
海帶芽,新北市樹林區店家,新北市樹林區八德街 280巷3號 4樓,合格,,110,新北市,121.4105554,24.9706559
真好家海帶嫩芽,真好家,新北市五股區五工路 144號,合格,,110,新北市,121.4496011,25.0704916
魔味一根昆布,臺北市大同區店家,臺北市大同區迪化街 1段167號,合格,,110,新北市,121.5097974,25.0564363
深海海帶芽,高雄市岡山區店家,高雄市岡山區竹圍西街230號,合格,,110,新北市,120.3005694,22.798141
登豐紫菜,登豐,新北市三芝區中山路 1段55號,合格,二氧化硫,110,新北市,121.5024439,25.2558123
竹笙,竹笙,臺北市大同區迪化街 1段109號,合格,,110,新北市,121.5097974,25.0564363
高山脫水高麗菜,高山,新北市八里區龍米路 2段62號,合格,,110,新北市,121.4482936,25.1412588
日本昆布,新北市中和區店家,新北市中和區連城路 258號8樓,合格,,110,新北市,121.4869174,24.9965494
竹笙,竹笙,臺北市大同區民樂街 181號,合格,,110,新北市,121.5106037,25.0595841
白木耳,白木,新北市樹林區八德街 280巷3號,合格,,110,新北市,121.4105554,24.9706559
無砂圓紫菜,臺北市北投區店家,臺北市北投區裕民三路15號3 樓,合格,二氧化硫,110,新北市,121.5165131,25.1161017
長(厚)昆布,臺北市北投區店家,臺北市北投區裕民三路15號3 樓,合格,,110,新北市,121.5165131,25.1161017
北海道長昆布,北海,臺北市大安區仁愛路 4段300巷35弄10號1 樓,合格,,110,新北市,121.5546201,25.0348602
高山鈕扣菇,高山,新北市新莊區新樹路 67巷40弄 3號,合格,,110,新北市,121.4408118,25.0302757
無膨發蝦仁,嘉義縣竹崎鄉店家,嘉義縣竹崎鄉新店村 275號附 16,合格,硼酸及其鹽類,110,新北市,120.1993381,23.3298329
鮮剝蝦仁,台南市永康區店家,台南市永康區中正二街380 號,合格,,110,新北市,120.2377133,23.0315878
白蝦仁,新北市五股區店家,新北市五股區五工六路35號,合格,,110,新北市,121.4475269,25.0642062
鳳尾蝦仁,新北市新莊區店家,新北市新莊區幸福東路81號,合格,,110,新北市,121.4626642,25.0493377
冷凍白蝦仁,高雄市茄萣區店家,高雄市茄萣區仁愛路 2段102 號,合格,,110,新北市,120.1852635,22.8964581
產銷履歷白蝦仁,嘉義縣布袋鎮店家,嘉義縣布袋鎮太平東路378-1號,合格,硼酸及其鹽類,110,新北市,120.1703924,23.3763223
冷凍草蝦仁,嘉義縣民雄鄉店家,嘉義縣民雄鄉工業區中正路28 號,合格,,110,新北市,120.4568477,23.520189
優質白蝦仁,優質,新北市新莊區永樂街 10號,合格,,110,新北市,121.4520305,25.0452549
澎湖白秋蝦仁,台中市南屯區店家,台中市南屯區五權西路 2段266 巷15-3 號,合格,,110,新北市,120.6484131,24.1402475
草蝦仁,臺北市萬華區店家,臺北市萬華區桂林路 242巷67 號,合格,,110,新北市,121.4941545,25.0369799
晶晶果凍條(綜合口味),晶晶,台中市南屯區工業區 18路8 號,合格,己二烯酸苯甲酸去水醋酸食品中著色劑(8項),110,新北市,120.6434025,24.140628
森永多樂福水果糖,臺北市北投區店家,臺北市北投區中央南路 2段22 號,合格,,110,新北市,121.5001522,25.1258658
德國Cavendish&Harvey草莓夾心糖 175g,臺北市中山區店家,臺北市中山區民權東路 3段4 號,合格,,110,新北市,121.5408718,25.0624386
日本PINE 果汁蘇打氣泡糖120g,臺北市中山區店家,臺北市中山區民權東路 3段4 號,合格,,110,新北市,121.5408718,25.0624386
迷你曼陀珠/加倍佳 Mix雙享包,臺北市大安區店家,臺北市大安區仁愛路 3段136 號5樓,合格,,110,新北市,121.5412729,25.0374747
加倍佳綜合迷你棒棒糖,臺北市大安區店家,臺北市大安區仁愛路 3段136 號5樓,合格,己二烯酸苯甲酸去水醋酸食品中著色劑(8項),110,新北市,121.5412729,25.0374747
曼陀珠綜合莓果口味,臺北市松山區店家,臺北市松山區仁愛路 3段136 號5樓,合格,,110,新北市,121.5412729,25.0374747
一百份芒果味QQ 軟糖,新北市林口區店家,新北市林口區粉?路 2段458-12號,合格,,110,新北市,121.3934391,25.0771823
蒟蒻椰果(綜合口味),台中市梧棲區店家,台中市梧棲區自立一街178 號,合格,,110,新北市,120.5293377,24.2381877
士力架花生巧克力隨手包,臺北市南港區店家,臺北市南港區三重路19-11 號15F,合格,,110,新北市,121.6135783,25.0585622
韓國MAMMOS人蔘糖,韓國,臺北市中山區民權東路 3段4 號地下1樓,合格,,110,新北市,121.5410368,25.0627924
韓國MAMMOS優格糖,韓國,臺北市中山區民權東路 3段4 號地下1樓,合格,己二烯酸苯甲酸去水醋酸食品中著色劑(8項),110,新北市,121.5410368,25.0627924
宮田鹽味牛奶糖,臺北市松山區店家,臺北市松山區南京東路289 號,合格,,110,新北市,121.5463551,25.051994
宮田哈密瓜風味牛奶糖,臺北市中山區店家,臺北市中山區明水路 397巷19 弄22號1 樓,合格,,110,新北市,121.5491043,25.0785313
威格金鑽太妃糖,臺北市北投區店家,臺北市北投區大業路 416號1 樓,合格,,110,新北市,121.496949,25.130497
甘草瓜子,台中市梧棲區店家,台中市梧棲區自立一街178號,合格,糖精環己基(代)磺醯胺酸甘精醋磺內酯鉀二氧化硫,110,新北市,120.5293377,24.2381877
珍珠開心果,珍珠,桃園市龜山區大華里頂湖一街18 號,合格,,110,新北市,121.3643427,25.0485697
Dan D Pak 原味杏仁果100g,臺北市中山區店家,臺北市中山區民權東路 3段4號地下一層,合格,,110,新北市,121.5408718,25.0624386
Dan D Pak 薄鹽腰果 100g,臺北市中山區店家,臺北市中山區民權東路 3段4號地下一層,合格,,110,新北市,121.5408718,25.0624386
VV帶殼鹹酥花生,新北市中和區店家,新北市中和區連城路 258號8樓,合格,,110,新北市,121.4869174,24.9965494
蜜汁腰果,蜜汁,桃園市龜山區大華里頂湖一街18 號,合格,糖精環己基(代)磺醯胺酸甘精醋磺內酯鉀二氧化硫,110,新北市,121.3643427,25.0485697
八婆鹽酥帶皮腰果,高雄市湖內區店家,高雄市湖內區民生街 249號,合格,,110,新北市,120.2460346,22.8773861
優活 6堅果,新北市八里區店家,新北市八里區中山路 1段352號,合格,,110,新北市,121.3976751,25.1467315
蜜汁腰果,蜜汁,桃園市龜山區大華里頂湖一街18 號,合格,,110,新北市,121.3643427,25.0485697
薄鹽杏仁果,桃園市龜山區店家,桃園市龜山區大華里頂湖一街18 號,合格,,110,新北市,121.3643427,25.0485697
蠶豆,新北市三峽區店家,新北市三峽區嘉添181-22 號,合格,,110,新北市,121.3695338,24.9105397
蒜味花生,蒜味,新北市三峽區嘉添181-22 號,合格,糖精環己基(代)磺醯胺酸甘精醋磺內酯鉀二氧化硫,110,新北市,121.3695338,24.9105397
南瓜子,台中市梧棲區店家,台中市梧棲區自立一街178號,合格,,110,新北市,120.5293377,24.2381877
豐葵香瓜子(焦糖風味),台中市梧棲區店家,台中市梧棲區自立一街178號,合格,,110,新北市,120.5293377,24.2381877
蒜味花生,蒜味,新北市板橋區館前西路157號,合格,,110,新北市,121.4561612,25.0079109
貢丸(含香菇),台南市東區店家,台南市東區生產路 68號,合格,己二烯酸苯甲酸去水醋酸亞硝酸鹽,110,新北市,120.2216471,22.9636366
原味香腸(台式),台南市東區店家,台南市東區生產路 68號,合格,,110,新北市,120.2216471,22.9636366
四川香麻嫩雞胸,四川,桃園市中壢區南園路2-16號,合格,,110,新北市,121.2401463,24.9683695
柚香檸檬雞胸肉,雲林縣元長鄉店家,雲林縣元長鄉龍岩村143-7 號,合格,,110,新北市,120.3161625,23.6255786
香烤牛肉乾,苗栗縣竹南鎮店家,苗栗縣竹南鎮大埔里 9鄰127-6 號,合格,,110,新北市,120.8771812,24.6873014
香辣豬肉乾,台中市北屯區店家,台中市北屯區崇德六路 1段165 號,合格,己二烯酸苯甲酸去水醋酸亞硝酸鹽,110,新北市,120.6893238,24.1801423
雞肉吐司火腿,雞肉,臺北市內湖區陽光街 321巷60 號3F,合格,,110,新北市,121.5770464,25.0716856
吐司火腿(原味),臺北市內湖區店家,臺北市內湖區陽光街 321巷60 號3F,合格,,110,新北市,121.5770464,25.0716856
辣味豬肉乾,桃園市大園區店家,桃園市大園區大工路 11號,合格,,110,新北市,121.1800215,25.0662437
博客原味切片火腿,台南市新市店家,台南市新市區大營里大營7號,合格,,110,新北市,120.307701,23.100596
滿漢嘟嘟好蒜味小香腸,台南市新市店家,台南市新市區大營里大營7號,合格,己二烯酸苯甲酸去水醋酸亞硝酸鹽,110,新北市,120.307701,23.100596
卜蜂巧達乳酪腸,臺北市中山區店家,臺北市中山區松江路 87號17F,合格,,110,新北市,121.5332069,25.0503974
甲霸大熱狗(原味),臺北市內湖區店家,臺北市內湖區陽光街 321巷60 號3F,合格,,110,新北市,121.5770464,25.0716856
台畜高崎火腿-肩胛,臺北市內湖區店家,臺北市內湖區陽光街 321巷60 號3樓,合格,,110,新北市,121.577056,25.071544
原味牛肉乾,臺北市大安區店家,臺北市大安區忠孝東路 4段289 號8樓,合格,,110,新北市,121.5335165,25.0419925
蔓越莓乾,桃園市中壢區店家,桃園市中壢區定寧路15 號1樓,合格,己二烯酸苯甲酸去水醋酸糖精環己基(代)磺醯胺酸甘精醋磺內酯鉀食品中著色劑(8項),110,新北市,121.2449633,24.9934065
葡萄乾,葡萄,桃園市中壢區定寧路15 號1樓,合格,,110,新北市,121.2449633,24.9934065
陳皮梅,臺北市士林區店家,臺北市士林區中正路652號2樓,合格,,110,新北市,121.5077535,25.0865554
凍頂茶梅,台中市清水區店家,台中市清水區中山路561-10號,合格,,110,新北市,120.5959083,24.3013284
陳皮梅,台中市潭子區店家,台中市潭子區大富路1 段24-6號,合格,,110,新北市,120.67858,24.20356
無子李,彰化縣花壇鄉店家,彰化縣花壇鄉中庄村車路街 23巷105弄 15號,合格,己二烯酸苯甲酸去水醋酸糖精環己基(代)磺醯胺酸甘精醋磺內酯鉀食品中著色劑(8項),110,新北市,120.5582349,24.0131185
桂花釀梅,彰化縣員林鎮店家,彰化縣員林鎮崙雅里崙雅巷5-26號,合格,,110,新北市,120.5958398,23.9467316
加州梅乾,臺北市南港區店家,臺北市南港區南港路2段20巷5號B1,合格,,110,新北市,121.6055443,25.0544429
蔓越莓果乾,臺北市南港區店家,臺北市南港區南港路2段20巷5號B1,合格,,110,新北市,121.6055443,25.0544429
44金棗干,彰化縣員林鎮店家,彰化縣員林鎮振興里山腳路2段562巷19 號,合格,,110,新北市,120.6035754,23.9555934
105化應子,彰化縣員林鎮店家,彰化縣員林鎮振興里山腳路2段562巷19 號,合格,,110,新北市,120.6035754,23.9555934
蔓越莓乾,桃園市中壢區店家,桃園市中壢區定寧路15 號1F,合格,己二烯酸苯甲酸去水醋酸糖精環己基(代)磺醯胺酸甘精醋磺內酯鉀食品中著色劑(8項),110,新北市,121.2449633,24.9934065
碳燻烏梅李,彰化縣員林鎮店家,彰化縣員林鎮崙雅里崙雅巷5-26號,合格,,110,新北市,120.5958398,23.9467316
調理話梅(紅),彰化縣員林鎮店家,彰化縣員林鎮林厝里大饒路 169號,合格,,110,新北市,120.5970672,23.9419793
調理話梅(白),彰化縣員林鎮店家,彰化縣員林鎮林厝里大饒路 169號,合格,,110,新北市,120.5970672,23.9419793
宗家府泡菜150公克,新北市樹林區店家,新北市樹林區學林路137 號1樓,合格,己二烯酸苯甲酸去水醋酸二氧化硫,110,新北市,121.3808243,24.9498651
愛之味韓式泡菜,嘉義縣民雄鄉店家,嘉義縣民雄鄉興南村工業二路11號,合格,,110,新北市,120.4318034,23.5217064
菜脯,新北市八里區店家,新北市八里區龍米路2段62號,合格,,110,新北市,121.4482936,25.1412588
四川榨菜粒,四川,新北市八里區龍米路2段62號,合格,,110,新北市,121.4482936,25.1412588
華南香辣蘿蔔,南投縣南投市店家,南投縣南投市南崗工業區,合格,,110,新北市,120.656407,23.924364
味全光州韓式泡菜,臺北市中山區店家,臺北市中山區松江路125 號,合格,,110,新北市,121.5334641,25.0531691
韓味泡菜,新北市三芝區店家,新北市三芝區中山路1段55號,合格,己二烯酸苯甲酸去水醋酸二氧化硫,110,新北市,121.5024439,25.2558123
慶家黃金泡菜[植物五辛素],台南市安平區店家,台南市安平區中華西路2段357號,合格,,110,新北市,120.1864166,22.9936969
美味泡菜(大白菜),新北市三芝區店家,新北市三芝區中山路1段55號,合格,,110,新北市,121.5024439,25.2558123
酸菜,酸菜,新北市八里區龍米路2段62號,合格,,110,新北市,121.4482936,25.1412588
韓國正安韓金泡菜,韓國,新北市五股區五權八路 39號,合格,,110,新北市,121.4489396,25.0693865
全羅道香辣切塊泡菜,臺北市松山區店家,臺北市松山區復興北路181號7樓,合格,,110,新北市,121.5443244,25.0547562
福松香筍,屏東縣屏東市店家,屏東縣屏東市大連路20 巷43號,合格,己二烯酸苯甲酸去水醋酸二氧化硫,110,新北市,120.5092157,22.6877045
蔭冬瓜,嘉義縣大林鎮店家,嘉義縣大林鎮大美里97 號,合格,,110,新北市,120.5135161,23.5924427
福松條瓜,屏東縣屏東市店家,屏東縣屏東市大連路20 巷43號,合格,,110,新北市,120.5092157,22.6877045
家福豌豆紅蘿蔔,臺北市松山區店家,臺北市松山區南港路2段20巷5號B1-1,合格,,110,新北市,121.6055491,25.0544396
饌寶黃金泡菜,桃園市八德區店家,桃園市八德區永豐路276 號5號,合格,,110,新北市,121.2769261,24.9680544
宗家府正統韓國泡菜380公克-黑蓋版,新北市樹林區店家,新北市樹林區學林路137 號1F,合格,,110,新北市,121.3808243,24.9498651
黃金泡菜小辣,黃金,新北市土城區日新街33 巷11號,合格,,110,新北市,121.4431116,24.9871577
小魚干,新北市板橋區店家,新北市板橋區民有街5 號,合格,己二烯酸苯甲酸去水醋酸二氧化硫,110,新北市,121.4663753,25.0243342
海菜狗母魚丸,澎湖縣馬公市店家,澎湖縣馬公市漁隆路50 號,合格,,110,新北市,119.570021,23.5655718
成功旗魚丸,新北市中和區店家,新北市中和區中山路2 段329號,合格,,110,新北市,121.4928825,25.0020458
鱈魚脆丸,鱈魚,高雄市前鎮區漁港南一路 31號,合格,,110,新北市,120.3162932,22.5673561
台灣鯛魚排(大),雲林縣口湖鄉店家,雲林縣口湖鄉崙東村民生路1-82號,合格,,110,新北市,120.1725331,23.607449
日本生干貝,宜蘭縣頭城鎮店家,宜蘭縣頭城鎮拔雅路20-1號,合格,己二烯酸苯甲酸去水醋酸二氧化硫,110,新北市,121.8123957,24.864074
組合干貝(M),新北市中和區店家,新北市中和區中山路2 段390號,合格,,110,新北市,121.4904312,25.0037372
鹹蝦皮,宜蘭縣頭城鎮店家,宜蘭縣頭城鎮濱海路5 段226號,合格,,110,新北市,121.8929418,24.9399199
蝦米乾,蝦米,宜蘭縣頭城鎮濱海路5 段226號,合格,,110,新北市,121.8929418,24.9399199
澎湖丁香魚脯,台中市西屯區店家,台中市西屯區福雅路387 號,合格,,110,新北市,120.6244795,24.1952397
透抽切圈,台中市南屯區店家,台中市南屯區五權西路 2段1226巷 15-3號,合格,,110,新北市,120.6247194,24.1493199
辣味魚板串(5入),新北市新莊區店家,新北市新莊區五權一路 5號7F-7,合格,,110,新北市,121.4578723,25.066271
櫻花魚板,雲林縣斗六市店家,雲林縣斗六市斗工二路 33號,合格,己二烯酸苯甲酸去水醋酸二氧化硫,110,新北市,120.5970043,23.720107
一口花枝卷,雲林縣斗六市店家,雲林縣斗六市斗工二路 33號,合格,,110,新北市,120.5970043,23.720107
台南學甲虱目魚丸,台南市學甲區店家,台南市學甲區興業路409 號,合格,,110,新北市,120.1932962,23.2385358
特產三矢巨峰葡萄蘇打,臺北市中山區店家,臺北市中山區松江路318 號12樓之 3,合格,碘-131銫-134銫-137,110,新北市,121.5328567,25.0604699
NISSHO 胡麻醬Sesamedressing1000ml,臺北市南港區店家,臺北市南港區南港路2 段20巷5號B1,合格,,110,新北市,121.6055443,25.0544429
生活良好信州蕎麥麵條,臺北市中山區店家,臺北市中山區敬業四路 33號8F,合格,,110,新北市,121.55814,25.0809508
生活良好長崎五島攤粗鹽,臺北市中山區店家,臺北市中山區敬業四路 33號8F,合格,,110,新北市,121.55814,25.0809508
KIRIN 午後紅茶-奶茶,臺北市松山區店家,臺北市松山區南京東路 3段248號4 樓,合格,,110,新北市,121.5575367,25.0517504
丸金特級淡口醬油,新北市五股區店家,新北市五股區五權路57 號2樓,合格,碘-131銫-134銫-137,110,新北市,121.4535364,25.0693879
日本鰹魚味噌,新北市中和區店家,新北市中和區中板路18 巷2弄16號,合格,,110,新北市,121.4845299,25.012026
和食無鹽份蕎麥麵,臺北市北投區店家,臺北市北投區大業路416 號2F,合格,,110,新北市,121.496949,25.130497
ICHIBIKI火鍋湯底-雞肉野菜,高雄市鳳山區店家,高雄市鳳山區青年路2 段350號3F,合格,,110,新北市,120.3514389,22.6411732
山森名代調味露,臺北市大安區店家,臺北市大安區忠孝東路 3段277-3號,合格,,110,新北市,121.5427229,25.041869
VV台灣豬肉火鍋片,新北市板橋區店家,新北市板橋區干城路142 號,合格,乙型受體素類(β-agonist)(21項),110,新北市,121.4595491,24.9932599
里肌火鍋肉片,台南市東區店家,台南市東區生產路68 號,合格,,110,新北市,120.2216471,22.9636366
豬肉,豬肉,新北市汐止區大同路1 段501號,合格,,110,新北市,121.3789988,24.9293019
梅花火鍋片,梅花,新北市樹林區俊安街43 號,合格,,110,新北市,121.4215545,25.0127449
澳洲冷凍牛腱,澳洲冷,臺北市士林區華齡街175 號,合格,乙型受體素類(β-agonist)(21項),110,新北市,121.5192471,25.0871324
牛小排火鍋肉片,新北市中和區店家,新北市中和區健康路264 號,合格,,110,新北市,121.4890296,25.0000194
香魚片(風味),新北市三重區店家,新北市三重區仁愛街125 巷6號,合格,食品中著色劑(8項),110,新北市,121.4964849,25.0754437
吉力貝糖豆(20種口味),新北市新店區店家,新北市新店區民權路95 號10樓,合格,,110,新北市,121.5373757,24.9827674
大蒜花生米,台中市霧峰區店家,台中市霧峰區本堂里文化巷29-7號,合格,黃麴毒素B1黃麴毒素B2黃麴毒素G1黃麴毒素G2赭麴毒素 A,110,新北市,120.7019501,24.0617832
桂冠鮮肉湯圓,桂冠,新北市中和區橋和路 60號,合格,己二烯酸苯甲酸去水醋酸糖精環己基(代)磺醯胺酸甘精醋磺內酯鉀食品中著色劑(8項),110,新北市,121.4897034,25.0051693
香椿素燥湯圓,台中市大甲區店家,台中市大甲區工七路 26號,合格,,110,新北市,120.6544183,24.4057399
鮮肉湯圓,新北市板橋區店家,新北市板橋區民有街 15巷9號,合格,,110,新北市,121.466065,25.0243015
義美湯圓-鮮肉,義美湯,桃園市蘆竹區南工路一段11號,合格,,110,新北市,121.2781037,25.0597243
桂冠抹茶湯圓,桂冠,新北市中和區橋和路 60號,合格,,110,新北市,121.4897034,25.0051693
桂冠花生湯圓,桂冠,新北市中和區橋和路 60號,合格,,110,新北市,121.4897034,25.0051693
義美牛奶糖湯圓,義美,桃園市蘆竹區南工路 1段11號,合格,己二烯酸苯甲酸去水醋酸糖精環己基(代)磺醯胺酸甘精醋磺內酯鉀食品中著色劑(8項),110,新北市,121.2727696,25.0543353
義美黑糖奶茶湯圓,義美,桃園市蘆竹區南工路 1段11號,合格,,110,新北市,121.2727696,25.0543353
義美草莓煉乳湯圓,義美,臺北市大安區信義路 2段88號10 樓,合格,,110,新北市,121.526813,25.0339597
桂冠芝麻包餡小湯圓,桂冠,臺北市中正區羅斯福路 3段126 號,合格,,110,新北市,121.527709,25.020609
變色龍彩虹圓,彰化縣社頭鄉店家,彰化縣社頭鄉員集路 2段626巷31號,合格,,110,新北市,120.5846874,23.9050428
桂冠冷凍小湯圓,桂冠,新北市中和區橋和路 60號,合格,,110,新北市,121.4897034,25.0051693
義美小湯圓,義美,桃園市蘆竹區南工路一段11號,合格,,110,新北市,121.2781037,25.0597243
有機湯圓,台中市大甲區店家,台中市大甲區工七路 26號,合格,己二烯酸苯甲酸去水醋酸糖精環己基(代)磺醯胺酸甘精醋磺內酯鉀食品中著色劑(8項),110,新北市,120.6544183,24.4057399
冷凍小湯圓,新北市中和區店家,新北市中和區橋和路 60號,合格,,110,新北市,121.4897034,25.0051693
紅白湯圓,新北市淡水區店家,新北市淡水區中山北路 1段102 號,合格,,110,新北市,121.5226127,25.0526041
永世情圓,新北市新莊區店家,新北市新莊區昌平街 82巷13弄 10號1樓,合格,,110,新北市,121.4554384,25.0533621
紅白湯圓,新北市三重區店家,新北市三重區中興北街170巷11號,合格,,110,新北市,121.4678892,25.0573325
紅白小湯圓,新北市新店區店家,新北市新店區安康路 2段87號,合格,,110,新北市,121.5133319,24.9628211
紅白小湯圓,新北市新莊區店家,新北市新莊區新莊公有市場,合格,,110,新北市,121.4532304,25.0342203
解凍肉國產土番鴨,臺北市中山區店家,臺北市中山區安東街16巷32號,合格,抗原蟲(7項)未檢出β-內醯胺類抗生素(8項)未檢出,108,新北市,121.5402412,25.045255
頂級龍蝦身,頂級,新北市樹林區中正路657巷1號,合格,氯黴素類抗生素(4項)未檢出四環黴素類(7項)未檢出動物用藥多重殘留(48項)未檢出,108,新北市,121.4120472,25.0125834
澳洲穀飼牛梅花火鍋片,新北市汐止區店家,新北市汐止區湖前街160巷97弄24琥B1-6,合格,硝基呋喃代謝物(4項)未檢出氯黴素類抗生素(4項)未檢出動物用藥多重殘留(48項)未檢出β-內醯胺類抗生素(8項)未檢出胺基醣苷類抗生素(7項)未檢出泰拉黴素未檢出乙醯異戊醯泰樂黴素及其代謝物未檢出乙型受體素類(β-agonist)(21項)未檢出,109,新北市,121.630131,25.0721572
火山烏骨雞切-解凍肉,雲林縣斗六市店家,雲林縣斗六市八德里引善路196號,合格,"硝基呋喃代謝物(4項)未檢出抗原蟲(7項)未檢出氯黴素類抗生素(4項)Florfenicol amine0.019 (0.1, 以Florfenicol計)四環黴素類(7項)Doxycycline 0.025(標準0.1ppm)動物用藥多重殘留(48項)Trimethoprim 0.04(標準0.05ppm)β-內醯胺類抗生素(8項)未檢出乙型受體素類(β-agonist)(21項)未檢出",109,新北市,120.5663142,23.7088943
澳洲和牛火鍋肉片,台中市烏日區店家,台中市烏日區光明路333號B2,合格,硝基呋喃代謝物(4項)未檢出氯黴素類抗生素(4項)未檢出動物用藥多重殘留(48項)未檢出β-內醯胺類抗生素(8項)未檢出胺基醣苷類抗生素(7項)未檢出泰拉黴素(1項)未檢出乙醯異戊醯泰樂黴素及其代謝物(1項)未檢出乙型受體素類(β-agonist)(21項)未檢出,109,新北市,120.6501607,24.1082342
鱉,臺北市萬華區店家,臺北市萬華區富民路37號,合格,硝基呋喃代謝物(4項)未檢出孔雀綠(2項)未檢出四環黴素類(7項)未檢出動物用藥多重殘留(48項)未檢出β-內醯胺類抗生素(8項)未檢出,109,新北市,121.4981012,25.0191039
黃秋葵,嘉義縣東石鄉店家,嘉義縣東石鄉三家村三塊厝70號,合格,二硫代胺基甲酸鹽類未檢出農藥多重殘留分析(380項)檢出細項亞滅培(Acetamiprid)0.10氟尼胺(Flonicamid)0.08益達胺(Imidacloprid)0.26,109,新北市,120.169732,23.47228
115玉米筍,新北市樹林區店家,新北市樹林區工興街8號,合格,二硫代胺基甲酸鹽類未檢出農藥多重殘留分析(380項)未檢出,109,新北市,121.3995741,25.0136546
有機小米,新北市板橋區店家,新北市板橋區信義路163巷5號,合格,二硫代胺基甲酸鹽類未檢出農藥多重殘留分析(380項)未檢出,109,新北市,121.4591859,24.9931245
紅葡萄,桃園市龜山區店家,桃園市龜山區萬壽路2段1339號,合格,二硫代胺基甲酸鹽類未檢出農藥多重殘留分析(380項)檢出細項白克列(Boscalid)0.13速殺氟(Sulfoxaflor)0.02賽普洛(Cyprodinil)0.07護汰寧(Fludioxonil)0.02,109,新北市,121.3349325,24.9939135
李子(傅傳鵬),苗栗縣大湖鄉店家,苗栗縣大湖鄉地區農會,合格,二硫代胺基甲酸鹽類未檢出農藥多重殘留分析(380項)檢出細項芬化利(Fenvalerate)0.11護矽得(Flusilazole)0.04,109,新北市,120.8682527,24.4291224
李子(范瑞雲),苗栗縣大湖鄉店家,苗栗縣大湖鄉大南村小南勢1鄰18號,合格,二硫代胺基甲酸鹽類未檢出農藥多重殘留分析(380項)未檢出,109,新北市,120.8984,24.422428
紐西蘭富士蘋果,紐西,臺北市中山區金泰里敬業四路33號8樓,合格,二硫代胺基甲酸鹽類未檢出農藥多重殘留分析(380項)未檢出,109,新北市,121.55814,25.0809508
辣椒,辣椒,嘉義縣溪口鄉東村民族西路36號,合格,二硫代胺基甲酸鹽類未檢出農藥多重殘留分析(380項)檢出細項亞滅培(Acetamiprid)0.15亞托敏(Azoxystrobin)0.11百克敏(Pyraclostrobin)0.05畢達本(Pyridaben)0.03福多寧(Flutolanil)0.05剋安勃(Chlorantraniliprole)0.03 達滅芬(Dimethomorph)0.07益達胺(Imidacloprid)0.27,109,新北市,120.3993705,23.6030214
山苦瓜,新北市板橋區店家,新北市板橋區板城路1000號,合格,二硫代胺基甲酸鹽類未檢出農藥多重殘留分析(380項)檢出細項賽速安(Thiamethoxam)0.04達滅芬(Dimethomorph)0.02益達胺(Imidacloprid)0.05,109,新北市,121.449148,25.0202341
紅豆,紅豆,臺北市中正區重慶南路1段118巷5號2樓,合格,固殺草(Glufosinate)極性農藥及其代謝物 固殺草Glufosinate-ammonium 0.2ppm (不得檢出)二硫代胺基甲酸鹽類未檢出農藥多重殘留分析(380 項)未檢出,109,新北市,121.5134147,25.0468814
履歷朝天椒,履歷,雲林縣二崙鄉大庄村酒姑路54-80號,合格,二硫代胺基甲酸鹽類未檢出農藥多重殘留分析(380項)檢出細項亞托敏(Azoxystrobin)0.18必芬蟎(Bifenazate)0.02達特南(Dinotefuran)0.48,109,新北市,120.3658794,23.8047901
老滷豆干-大沙茶,新北市新店區店家,新北市新店區中正路501之15號5樓,合格,去水醋酸未檢出己二烯酸1.20苯甲酸未檢出,107,新北市,121.5330664,24.9839642
日式素豆干(香辣),高雄市路竹區店家,高雄市路竹區中山路268號,合格,去水醋酸未檢出己二烯酸未檢出苯甲酸未檢出,107,新北市,120.2563427,22.8655381
方干,臺北市士林區店家,臺北市士林區華齡街175號2樓,合格,己二烯酸0.52去水醋酸未檢出苯甲酸未檢出,107,新北市,121.5192471,25.0871324
0034滷肉風味豆乾,台中市大里區店家,台中市大里區仁化路756號,合格,己二烯酸0.90去水醋酸未檢出苯甲酸未檢出,107,新北市,120.6919797,24.092735
豆乾,彰化縣溪湖鎮店家,彰化縣溪湖鎮河東里河與路211號,合格,苯甲酸未檢出去水醋酸未檢出己二烯酸1.18,107,新北市,120.4559258,23.9531116
絞肉(2:8)(0.8口徑),高雄市路竹區店家,高雄市路竹區中山南路47號,合格,動物用藥多重殘留(48項)未檢出乙型受體素類(β-agonist)(20項)未檢出氯黴素類抗生素(4項)未檢出,107,新北市,120.2653038,22.8362098
冷藏澳洲穀飼牛腱,新北市汐止區店家,新北市汐止區福德一路310巷7弄1號,合格,乙型受體素類(β-agonist)(20項)未檢出四環黴素類(7項)未檢出,107,新北市,121.6293349,25.0639362
梅花豬,梅花,臺北市萬華區環河南路2段280巷9號2樓,合格,乙型受體素類(β-agonist)(20項)未檢出動物用藥多重殘留(48項)未檢出氯黴素類抗生素(4項)未檢出,107,新北市,121.4902858,25.0326721
冷藏澳洲穀飼牛腱,新北市汐止區店家,新北市汐止區福德一路310巷7弄10號,合格,四環黴素類(7項)未檢出乙型受體素類(β-agonist)(20項)未檢出,107,新北市,121.6296015,25.0641916
生鴨蛋,嘉義縣太保市店家,嘉義縣太保市埤鄉里埤麻腳12鄰146之1號,合格,抗原蟲(7項)未檢出動物用藥多重殘留(48項)未檢出,107,新北市,120.38674,23.487776
招牌鍋貼,新北市汐止區店家,新北市汐止區忠孝東路259號,合格,大腸桿菌陰性大腸桿菌群陰性,107,新北市,121.6630805,25.0678024
招牌水餃,新北市汐止區店家,新北市汐止區忠孝東路259號,合格,大腸桿菌群陰性大腸桿菌陰性,107,新北市,121.6630805,25.0678024
招牌鍋貼,新北市三峽區店家,新北市三峽區大學路141號,合格,大腸桿菌陰性大腸桿菌群陰性,107,新北市,121.3742803,24.9438329
高麗菜水餃,新北市三峽區店家,新北市三峽區大學路141號,合格,大腸桿菌陰性大腸桿菌群陰性,107,新北市,121.3742803,24.9438329
招牌水餃,新北市三峽區店家,新北市三峽區國際一街6號,合格,大腸桿菌群陰性大腸桿菌陰性,107,新北市,121.3745579,24.9433302
高麗菜水餃,新北市蘆洲區店家,新北市蘆洲區中山一路167號,合格,大腸桿菌陰性大腸桿菌群陰性,107,新北市,121.4751327,25.0814418
及第冷藏豬肉熟水餃,台南市新營區店家,台南市新營區工業街83號,合格,大腸桿菌陰性大腸桿菌群陰性,107,新北市,120.322395,23.2996009
手工水餃,新北市中和區店家,新北市中和區永貞路278號1樓,合格,大腸桿菌群陰性大腸桿菌陰性,107,新北市,121.5133441,25.0038658
鍋貼,新北市中和區店家,新北市中和區連城路318號,合格,大腸桿菌陰性大腸桿菌群陰性,107,新北市,121.4834197,24.9961487
招牌鍋貼,新北市中和區店家,新北市中和區民安街8號,合格,大腸桿菌群陰性大腸桿菌陰性,107,新北市,121.480665,25.000964
高麗菜水餃,新北市新莊區店家,新北市新莊區復興路2段145號,合格,大腸桿菌陰性大腸桿菌群陰性,107,新北市,121.4576085,25.0445154
招牌鍋貼,新北市新莊區店家,新北市新莊區化成路171號1樓,合格,大腸桿菌群陰性大腸桿菌陰性,107,新北市,121.4657471,25.0497431
招牌水餃,新北市新莊區店家,新北市新莊區化成路171號1樓,合格,大腸桿菌陰性大腸桿菌群陰性,107,新北市,121.4657471,25.0497431
水餃,新北市板橋區店家,新北市板橋區漢生東路307號,合格,大腸桿菌群陰性大腸桿菌陰性,107,新北市,121.4717696,25.0082443
招牌水餃,新北市板橋區店家,新北市板橋區漢生東路318號,合格,大腸桿菌陰性大腸桿菌群陰性,107,新北市,121.4714203,25.0082569
招牌鍋貼,新北市板橋區店家,新北市板橋區漢生東路318號,合格,大腸桿菌陰性大腸桿菌群陰性,107,新北市,121.4714203,25.0082569
招牌水餃,新北市淡水區店家,新北市淡水區北新路122號,合格,大腸桿菌陰性大腸桿菌群陰性,107,新北市,121.4480532,25.1782531
招牌鍋貼,新北市淡水區店家,新北市淡水區北新路122號,合格,大腸桿菌陰性大腸桿菌群陰性,107,新北市,121.4480532,25.1782531
水餃(豬肉),新北市新店區店家,新北市新店區二十張路30號,合格,大腸桿菌陰性大腸桿菌群陰性,107,新北市,121.5381526,24.9816668
招牌鍋貼,新北市新店區店家,新北市新店區民族路16號,合格,大腸桿菌陰性大腸桿菌群陰性,107,新北市,121.5411501,24.9789999
鵝肉,彰化縣芳苑鄉店家,彰化縣芳苑鄉民權路62號,合格,氯黴素類抗生素(4項)未檢出四環黴素類(7項)未檢出動物用藥多重殘留(48項)未檢出乙型受體素類(β-agonist)(21項)未檢出,109,新北市,120.3460509,23.9328671
鵝肉,雲林縣土庫鎮店家,雲林縣土庫鎮新光36-12號,合格,氯黴素類抗生素(4項)未檢出四環黴素類(7項)未檢出動物用藥多重殘留(48項)未檢出乙型受體素類(β-agonist)(21項)未檢出,109,新北市,120.3617266,23.7184431
鵝肉,雲林縣東勢鄉店家,雲林縣東勢鄉龍潭村和平路77-11號,合格,氯黴素類抗生素(4項)未檢出四環黴素類(7項)未檢出動物用藥多重殘留(48項)未檢出乙型受體素類(β-agonist)(21項)未檢出,109,新北市,120.236242,23.701064
鵝肉,雲林縣土庫鎮店家,雲林縣土庫鎮新北路36-12號1樓,合格,氯黴素類抗生素(4項)未檢出四環黴素類(7項)未檢出動物用藥多重殘留(48項)未檢出乙型受體素類(β-agonist)(21項)未檢出,109,新北市,120.3550808,23.6882639
鵝肉,南投縣中寮鄉店家,南投縣中寮鄉中集路7-3號,合格,氯黴素類抗生素(4項)未檢出四環黴素類(7項)未檢出動物用藥多重殘留(48項)未檢出乙型受體素類(β-agonist)(21項)未檢出,109,新北市,120.7679871,23.8529778
鵝肉,桃園市大園區店家,桃園市大園區圳頭里6鄰圳股頭37之2號1F,合格,氯黴素類抗生素(4項)未檢出四環黴素類(7項)未檢出動物用藥多重殘留(48項)未檢出乙型受體素類(β-agonist)(21項)未檢出,109,新北市,121.2099772,25.0748362
源牧鮮蛋(雞蛋),屏東縣長治鄉店家,屏東縣長治鄉番子寮段573-2地號,合格,鉛未檢出銅0.6 mg/kg,109,新北市,120.574516,22.706432
生鮮放牧雞蛋,彰化縣芳苑鄉店家,彰化縣芳苑鄉文澤村芳草路41-1號,合格,鉛未檢出銅0.7 mg/kg,109,新北市,120.34774,23.9310998
活凍軟絲,新北市瑞芳區店家,新北市瑞芳區中山路87號,合格,鉛未檢出鎘0.04 mg/kg甲基汞0.09 mg/kg無機砷未檢出,109,新北市,121.8037927,25.1061092
履歷龍虎斑菲力,履歷,高雄市梓官區漁港二路32號,合格,鉛未檢出鎘未檢出甲基汞0.12無機砷未檢出,109,新北市,120.2558229,22.7263115
白米,彰化縣埤頭鄉店家,彰化縣埤頭鄉大湖村彰水路2段526號,合格,鉛未檢出鎘未檢出汞未檢出無機砷0.08 mg/kg,109,新北市,120.4589853,23.8696153
冷凍魚喉,屏東縣潮州鎮店家,屏東縣潮州鎮榮祥路32號,合格,鉛未檢出鎘未檢出甲基汞未檢出無機砷未檢出,109,新北市,120.5341475,22.5492165
DHC甲殼素錠狀食品,臺北市松山區店家,臺北市松山區南京東路5段89號5樓.10樓,合格,鉛0.09 mg/kg砷0.06 mg/kg,109,新北市,121.5574266,25.0518277
白米,臺東縣關山鎮店家,臺東縣關山鎮新福里1鄰順興路36-38號,合格,鉛未檢出鎘0.02 mg/kg汞未檢出無機砷0.08 mg/kg,109,新北市,121.1675302,23.0510036
培恩谷觀錠,臺北市松山區店家,臺北市松山區安和路2段181巷9號1樓,合格,鉛0.14 mg/kg砷0.50 mg/kg,109,新北市,121.5500878,25.0276682
日本味王綜合胺基酸錠,新北市中和區店家,新北市中和區立德街148巷28號7樓,合格,鉛0.05 mg/kg砷0.02,109,新北市,121.486948,25.009185
台灣菱角,彰化縣溪湖鎮店家,彰化縣溪湖鎮榕樹路108號,合格,二硫代胺基甲酸鹽類未檢出農藥多重殘留分析(380項)檢出細項待克利(Difenoconazole)0.02,109,新北市,120.5100574,23.9576861
蔥,彰化縣埔鹽鄉店家,彰化縣埔鹽鄉番金路13號2巷,合格,二硫代胺基甲酸鹽類未檢出農藥多重殘留分析(380項)檢出細項普拔克(Propamocarbhydrochloride)0.13得芬諾(Tebufenozide)0.13賽速安(Thiamethoxam)0.02克凡派(Chlorfenapyr)0.05待克利(Difenoconazole)0.26芬化利(Fenvalerate)0.02剋安勃(Chlorantraniliprole)0.04,109,新北市,120.4200023,23.9893401
檸檬,檸檬,臺北市士林區後港街116號3樓,合格,二硫代胺基甲酸鹽類未檢出農藥多重殘留分析(380項)檢出細項加保利(Carbaryl)0.57貝芬替(Carbendazim)0.03克凡派(Chlorfenapyr)0.03第滅寧(Deltamethrin)0.03益達胺(Imidacloprid)0.02,109,新北市,121.5215478,25.0863888
青色菜豆,新北市板橋區店家,新北市板橋區板城路1000號,合格,二硫代胺基甲酸鹽類未檢出農藥多重殘留分析(380項)檢出細項賽洛寧(λ-Cyhalothrin)0.04第滅寧(Deltamethrin)0.05待克利(Difenoconazole)0.20,109,新北市,121.449148,25.0202341
香菜,彰化縣北斗鎮店家,彰化縣北斗鎮中寮里中寮路46號,合格,二硫代胺基甲酸鹽類未檢出農藥多重殘留分析(380項)未檢出,109,新北市,120.5109235,23.8783587
包心芥菜,新北市三重區店家,新北市三重區三重區力行路1段23巷,合格,二硫代胺基甲酸鹽類未檢出農藥多重殘留分析(380項)未檢出,109,新北市,121.4827185,25.0706345
香菜,新北市三重區店家,新北市三重區三重區力行路38巷2號,合格,二硫代胺基甲酸鹽類未檢出農藥多重殘留分析(380項)未檢出,109,新北市,121.4855435,25.0667856
水蓮,新北市三重區店家,新北市三重區重安街70-4號,合格,二硫代胺基甲酸鹽類未檢出農藥多重殘留分析(380項)未檢出,109,新北市,121.4913596,25.057089
水蓮,南投縣埔里鎮店家,南投縣埔里鎮民族路75號,合格,二硫代胺基甲酸鹽類未檢出農藥多重殘留分析(380項)檢出細項祿芬隆(Lufenuron)0.06陶斯松(Chlorpyrifos)0.02,109,新北市,120.9760791,23.968067
菜豆,台北市中山區店家,台北市中山區民族東路336號,合格,二硫代胺基甲酸鹽類未檢出農藥多重殘留分析(380項)檢出細項第滅寧(Deltamethrin)0.02待克利(Difenoconazole)0.11,109,新北市,121.5373211,25.067861
菱角,新北市板橋區店家,新北市板橋區板城路1000號,合格,二硫代胺基甲酸鹽類未檢出農藥多重殘留分析(380項)未檢出,109,新北市,121.449148,25.0202341
大湖聖女蕃茄,桃園市大園區店家,桃園市大園區大觀路269-5號,合格,二硫代胺基甲酸鹽類未檢出農藥多重殘留分析(380項)檢出細項亞滅培(Acetamiprid)0.06百克敏(Pyraclostrobin)0.12克凡派(Chlorfenapyr)0.07氟克殺(Fluxapyroxad)0.22剋安勃(Chlorantraniliprole)0.02達滅芬(Dimethomorph)0.11氟尼胺(Flonicamid)0.02,109,新北市,121.1891428,25.0657408
水果小蕃茄,水果,台中市霧峰區四德路142號,合格,二硫代胺基甲酸鹽類未檢出農藥多重殘留分析(380項)檢出細項亞滅培(Acetamiprid)0.05百克敏(Pyraclostrobin)0.40第滅寧(Deltamethrin)0.07凡殺同(Famoxadone)0.08益達胺(Imidacloprid)0.08,109,新北市,120.6935088,24.0662043
檸檬,檸檬,台中市大雅區中山七路613號,合格,二硫代胺基甲酸鹽類未檢出農藥多重殘留分析(380項)檢出細項克凡派(Chlorfenapyr)0.03芬佈賜(Fenbutatin-oxide)0.13,109,新北市,120.6460099,24.2123729
刈菜,雲林縣西螺鎮店家,雲林縣西螺鎮埔心路210-11號,不合格,二硫代胺基甲酸鹽類未檢出農藥多重殘留分析(380項)檢出細項草殺淨(Ametryn)0.02芬普尼(Fipronil)0.100芬普尼代謝物(Fipronil-sulfone)0.192克凡派(Chlorfenapyr)1.08待克利(Difenoconazole)0.02氟克殺(Fluxapyroxad)0.67施得圃(Pendimethalin)0.02百利普芬(Pyriproxyfen)1.82因滅汀(Emamectin benzoateB1a)0.05,109,新北市,120.43633,23.797763
澳洲板腱燒烤片,基隆市七堵區店家,基隆市七堵區工建南路23號,合格,"動物用藥多重殘留(48項)磺胺劑等類 未檢出 ,Quinolone類 未檢出乙型受體素類(β-agonist)(20項)乙型受體素類 未檢出乙醯異戊醯泰樂黴素及其代謝物(1項)乙醯異戊醯泰樂黴素及其代謝物 未檢出可利斯汀(1項)可利斯汀未檢出β-內醯胺類抗生素(8項)",107,新北市,121.7036399,25.0835493
鰻魚,新北市三重區店家,新北市三重區三陽路42之1號,合格,"抗生素及其代謝物多重殘留分析-畜禽水產品(16項)抗生素及其代謝物 未檢出動物用藥多重殘留(48項)磺胺劑等類,Quinolone類未檢出孔雀綠(2項)孔雀綠及其代謝物 未檢出氯黴素類抗生素(4項)氯",107,新北市,121.4850354,25.0584596
鱉(甲魚),臺北市萬華區店家,臺北市萬華區長順街111號,不合格,"硝基?喃代謝物(4項)硝基?喃代?物 未檢出四環黴素類(7項)四環黴素類 未檢出孔雀綠(2項)孔雀綠及其代謝物 未檢出動物用藥多重殘留(48項)磺胺劑等類Trimethoprim 0.04(標準不得檢出), Quinolone類",107,新北市,121.489336,25.0322164
台農萃選白蛋(雞蛋),高雄市鹽埕區店家,高雄市鹽埕區新樂街244號,合格,硝基呋喃代謝物(4項)未檢出抗原蟲(7項)未檢出氯黴素類抗生素(4項)未檢出動物用藥多重殘留(48項)未檢出,109,新北市,120.2803198,22.626533
雞蛋,新北市新店區店家,新北市新店區安康路3段538號,合格,硝基呋喃代謝物(4項)未檢出抗原蟲(7項)未檢出氯黴素類抗生素(4項)未檢出動物用藥多重殘留(48項)未檢出,109,新北市,121.4822755,24.9491214
VV洗選盒蛋,新北市三峽區店家,新北市三峽區隆恩街163號,合格,硝基呋喃代謝物(4項)未檢出抗原蟲(7項)未檢出氯黴素類抗生素(4項)未檢出動物用藥多重殘留(48項)未檢出,109,新北市,121.3629265,24.9424252
VV紐西蘭牛肉火鍋片,新北市板橋區店家,新北市板橋區干城路142號,合格,抗原蟲(7項)未檢出乙型受體素類(β-agonist)(21項)未檢出,109,新北市,121.4595491,24.9932599
澳洲穀飼100天腿心牛排,臺北市士林區店家,臺北市士林區華齡街175號2樓,合格,抗原蟲(7項)未檢出乙型受體素類(β-agonist)(21項)未檢出,109,新北市,121.5192471,25.0871324
花蟹,新北市金山區店家,新北市金山區中山路397號1樓,合格,硝基呋喃代謝物(4項)未檢出孔雀綠(2項)未檢出氯黴素類抗生素(4項)未檢出動物用藥多重殘留(48項)未檢出,109,新北市,121.6331675,25.2251689
修清牛培根-PR,新北市林口區店家,新北市林口區文化三路2段41巷109號,合格,抗原蟲(7項)未檢出乙型受體素類(β-agonist)(21項)未檢出,109,新北市,121.3729566,25.0805612
豬里肌火鍋肉片,高雄市路竹區店家,高雄市路竹區中山南路47號,合格,氯黴素類抗生素(4項)氯黴素類 未檢出動物用藥多重殘留(48項)未檢出禽畜產品中殘留農藥(126項)未檢出氟尼辛及托芬那酸(2項)氟尼辛及托芬那酸 未檢出乙型受體素類(β-agonist)(21項)乙型受體素類 未檢出,109,新北市,120.2653038,22.8362098
冷凍豬腸,冷凍豬,新北市五股區五工六路47號,合格,硝基呋喃代謝物(4項)硝基呋喃代謝物 未檢出氯黴素類抗生素(4項)氯黴素類 未檢出動物用藥多重殘留(48項)未檢出Avermectin類抗生素(6項)Avermectin類 未檢出泰拉黴素(1項)未檢出乙醯異戊醯泰樂黴素及其代謝物(1項)未檢出禽畜產品中殘留農藥(126項)未檢出氟尼辛及托芬那酸(2項)氟尼辛及托芬那酸 未檢出可利斯汀(1項)未檢出乙型受體素類(β-agonist)(21項)乙型受體素類 未檢出,109,新北市,121.4460357,25.0654138
冷凍豬腸,冷凍豬,新北市鶯歌區永吉街30號,合格,硝基呋喃代謝物(4項)硝基呋喃代謝物 未檢出氯黴素類抗生素(4項)氯黴素類 未檢出動物用藥多重殘留(48項)未檢出Avermectin類抗生素(6項)Avermectin類 未檢出泰拉黴素(1項)未檢出乙醯異戊醯泰樂黴素及其代謝物(1項)未檢出禽畜產品中殘留農藥(126項)未檢出氟尼辛及托芬那酸(2項)氟尼辛及托芬那酸 未檢出可利斯汀(1項)未檢出乙型受體素類(β-agonist)(21項)乙型受體素類 未檢出,109,新北市,121.3357954,24.9577657
自然風環保植纖橢圓小紙盤,自然風環,台南市佳里區成功路200巷4弄7號,合格,螢光增白劑未檢出,108,新北市,120.1732682,23.1504439
妙潔世界風環保紙杯,苗栗縣竹南鎮店家,苗栗縣竹南鎮和誠街38號,合格,螢光增白劑未檢出,108,新北市,120.8772095,24.7141775
白紙盤7吋,新北市新莊區店家,新北市新莊區福營路125巷35號,合格,螢光增白劑未檢出,108,新北市,121.4338732,25.0302582
120Z冷飲杯,臺北市內湖區店家,臺北市內湖區內湖路1段314號4樓,合格,螢光增白劑未檢出,108,新北市,121.5683655,25.0823089
免洗紙杯50入,桃園市桃園區店家,桃園市桃園區永安路385巷6號11樓之2,合格,螢光增白劑未檢出,108,新北市,121.2973898,25.0009934
菲力家族環保紙杯,台中市南區店家,台中市南區忠明南路789號28樓,合格,螢光增白劑未檢出,108,新北市,120.6609427,24.1234128
環保原色免洗紙碗B800(6入),環保,桃園市蘆竹區南崁路2段9號5 樓之 12,合格,螢光增白劑未檢出,108,新北市,121.2799188,25.0564265
自然風紙盤盒(一體大),自然風,高雄市阿蓮區成功街180巷50號,合格,螢光增白劑未檢出,108,新北市,120.3313194,22.8867618
沛旺酷疊杯,基隆市七堵區店家,基隆市七堵區麗景一街57號,合格,螢光增白劑未檢出,108,新北市,121.66802,25.0869389
環保原色免洗紙碗B17(12入),環保,桃園市蘆竹區南崁路2段9號5F之12,合格,螢光增白劑未檢出,108,新北市,121.2799188,25.0564265
環保免洗紙皿9吋(12入),環保,桃園市蘆竹區南崁路2段9號5F之12,合格,螢光增白劑未檢出,108,新北市,121.2799188,25.0564265
紙飯碗850,桃園市中壢區店家,桃園市中壢區復興里長春路45號,合格,螢光增白劑未檢出,108,新北市,121.2494808,24.9786676
7吋印花紙盤-10入,新北市新莊區店家,新北市新莊區福營路125巷35號,合格,螢光增白劑未檢出,108,新北市,121.4338732,25.0302582
300mc碗,臺北市士林區店家,臺北市士林區通河西街2段108巷2弄9號1樓,合格,螢光增白劑未檢出,108,新北市,121.507595,25.0924683
80z專業咖啡杯,新北市新莊區店家,新北市新莊區福營路125巷35號,合格,螢光增白劑未檢出,108,新北市,121.4338732,25.0302582
自然風環保植纖湯碗350ml,自然風環,台南市佳里區成功路202巷4弄7號,合格,螢光增白劑未檢出,108,新北市,120.1726956,23.1506962
自然風環保植纖圓紙盤10吋,自然風環,台南市佳里區成功路202巷4弄7號,合格,螢光增白劑未檢出,108,新北市,120.1726956,23.1506962
米諾諾紙吸管25支入,新北市板橋區店家,新北市板橋區龍泉街55巷30號,合格,螢光增白劑未檢出,108,新北市,121.4575691,25.0249423
環保植物纖維9吋圓紙盤,環保,台南市佳里區成功路202巷4弄7號1樓,合格,螢光增白劑未檢出,108,新北市,120.1726956,23.1506962
環保紙吸,環保,新北市三重區三和路99號6樓,合格,螢光增白劑未檢出,108,新北市,121.4867114,25.0614534
有機蘋果鮮果泥,台中市豐原區店家,台中市豐原區豐南街92巷96號1F,合格,棒麴毒素(Patulin)未檢出,110,新北市,120.7142207,24.2373902
白米,臺北市萬華區店家,臺北市萬華區西昌街142號8F之5,合格,黃麴毒素B1未檢出赭麴毒素 A未檢出黃麴毒素(B1+B2+G1+G2)未檢出,110,新北市,121.5005386,25.0390106
津津100%蘋果汁,彰化縣社頭鄉店家,彰化縣社頭鄉新雅路6-40號,合格,棒麴毒素(Patulin)未檢出,110,新北市,120.6016262,23.9257599
有機白米,臺北市士林區店家,臺北市士林區華齡街175號2樓,合格,黃麴毒素B1未檢出赭麴毒素 A未檢出黃麴毒素(B1+B2+G1+G2)未檢出,110,新北市,121.5192471,25.0871324
細粉紅辣椒,臺北市大同區店家,臺北市大同區安西街116號,合格,黃麴毒素B1未檢出赭麴毒素 A6.9 μg/kg (20μg/kg)黃麴毒素(B1+B2+G1+G2)未檢出,110,新北市,121.5097332,25.061381
喜願紅薏仁,彰化縣二林鎮店家,彰化縣二林鎮儒林路二段25號,合格,玉米赤黴毒素未檢出脫氧雪腐鐮刀菌烯醇未檢出黃麴毒素B1未檢出黃麴毒素(B1+B2+G1+G2)未檢出,110,新北市,120.3713011,23.8894184
優質葡萄乾(寬達),優質,彰化縣彰化市彰水路194巷8號,合格,黃麴毒素B1未檢出赭麴毒素 A未檢出黃麴毒素(B1+B2+G1+G2)未檢出,110,新北市,120.513158,24.055202
金愛斯佳優選米精,臺北市松山區店家,臺北市松山區復興南路1段368號7樓,合格,玉米赤黴毒素未檢出脫氧雪腐鐮刀菌烯醇未檢出黃麴毒素B1未檢出赭麴毒素 A未檢出黃麴毒素(B1+B2+G1+G2)未檢出,110,新北市,121.5442137,25.047407
多利紅麴粉,新北市新店區店家,新北市新店區黎明路31號,合格,"橘黴素(citrinin)962 μg/kg(5,000 μg/kg)",110,新北市,121.5026101,24.9506365
加州三葉葡萄乾,臺北市松山區店家,臺北市松山區延平北路2段29號2F,合格,黃麴毒素B1未檢出赭麴毒素 A未檢出黃麴毒素(B1+B2+G1+G2)未檢出,110,新北市,121.5118194,25.0547905
正宗韓國辣椒粉,新北市三芝區店家,新北市三芝區中山路1段55號,合格,黃麴毒素B1未檢出赭麴毒素 A未檢出黃麴毒素(B1+B2+G1+G2)未檢出,110,新北市,121.5024439,25.2558123
智利櫻桃,智利,桃園縣大園鄉大觀路269之5號,合格,農藥多重殘留分析(310項),107,新北市,121.1867945,25.0631372
芹菜,桃園縣大園鄉店家,桃園縣大園鄉大觀路269之5號,合格,農藥多重殘留分析(310項),107,新北市,121.1867945,25.0631372
巨峰葡萄,新北市中和區店家,新北市中和區連城路194號,合格,農藥多重殘留分析(310項),107,新北市,121.4922009,24.9967777
油菜,雲林縣西螺鎮店家,雲林縣西螺鎮市場南路261號,合格,農藥多重殘留分析(310項),107,新北市,120.4512465,23.7817861
台南椪柑,桃園縣桃園市店家,桃園縣桃園市大園區大觀路269-5號,合格,農藥多重殘留分析(310項),107,新北市,121.1891428,25.0657408
美國西洋芹菜,桃園縣桃園市店家,桃園縣桃園市大園區大觀路269-5號,合格,農藥多重殘留分析(310項),107,新北市,121.1891428,25.0657408
芹菜,彰化縣田尾鄉店家,彰化縣田尾鄉海豐村光華巷110號,合格,農藥多重殘留分析(310項),107,新北市,120.4979189,23.917803
佛利蒙蜜柑,台中市石岡區店家,台中市石岡區石岡街67號,合格,農藥多重殘留分析(310項),107,新北市,120.7761808,24.275871
油菜,台南市仁德區店家,台南市仁德區仁愛里大同路3段888-1號,合格,農藥多重殘留分析(310項),107,新北市,120.2188757,22.9468465
櫻桃,臺北市北投區店家,臺北市北投區大業路136號,合格,農藥多重殘留分析(310項),107,新北市,121.4993493,25.1243329
油菜,臺北市中山區店家,臺北市中山區民族東路410巷30號,合格,農藥多重殘留分析(310項),107,新北市,121.5381508,25.0652983
小白菜,桃園縣新屋鄉店家,桃園縣新屋鄉後庄里3鄰48-13號,合格,農藥多重殘留分析(310項),107,新北市,121.0565244,24.9594826
覆歷芹菜,新北市新莊區店家,新北市新莊區八德里2鄰民安路196號5樓,合格,農藥多重殘留分析(310項),107,新北市,121.425527,25.02322
有機小芥菜,高雄市仁武區店家,高雄市仁武區中二街85號1樓,合格,農藥多重殘留分析(310項),107,新北市,120.3423604,22.7057951
美國黑地球葡萄,新北市板橋區店家,新北市板橋區公園街22號14樓,合格,農藥多重殘留分析(310項),107,新北市,121.4626656,25.0088033
芹菜,雲林縣二崙鄉店家,雲林縣二崙鄉永定村尖厝崙156號,合格,農藥多重殘留分析(310項),107,新北市,120.421156,23.792756
油菜,新北市蘆洲區店家,新北市蘆洲區復興路410巷11號,合格,農藥多重殘留分析(310項),107,新北市,121.4862192,25.0911316
紅鳳菜,雲林縣二崙鄉店家,雲林縣二崙鄉永定村尖厝崙156號,合格,農藥多重殘留分析(310項),107,新北市,120.421156,23.792756
原味復刻甘草開胃橄,台南市永康區店家,台南市永康區四維街58巷27號,合格,己二烯酸未檢出苯甲酸0.47去水醋酸未檢出水楊酸未檢出對羥苯甲酸未檢出皂黃(MetanilYellow)未檢出二甲基黃(dimethylyellow)未檢出二乙基黃(diethylyellow)未檢出芥黃(Auramine)未檢出食品中著色劑(8項)未檢出,109,新北市,120.253842,23.0329168
化核增城橄欖,新北市中和區店家,新北市中和區景新街84號,合格,己二烯酸0.06苯甲酸未檢出去水醋酸未檢出水楊酸未檢出對羥苯甲酸未檢出皂黃(MetanilYellow)未檢出二甲基黃(dimethylyellow)未檢出二乙基黃(diethylyellow)未檢出芥黃(Auramine)未檢出食品中著色劑(8項)檢出細項食用黃色四號(Tartrazine)檢出,109,新北市,121.5045434,24.9987649
烤花枝風味魚干,台中市沙鹿區店家,台中市沙鹿區鎮南路1段319號,合格,己二烯酸0.62苯甲酸未檢出去水醋酸未檢出水楊酸未檢出對羥苯甲酸未檢出鹽基性桃紅精(Rhodamine B)未檢出食品中著色劑(8項)檢出細項食用紅色四十號(Allura Red AC)檢出食品中蘇丹色素(4項)未檢出,109,新北市,120.5704943,24.2167486
海味家族紅燒魚排,高雄市彌陀區店家,高雄市彌陀區安樂路84號,合格,己二烯酸未檢出苯甲酸未檢出去水醋酸未檢出水楊酸未檢出對羥苯甲酸未檢出鹽基性桃紅精(Rhodamine B)未檢出食品中著色劑(8項)檢出細項食用紅色六號(NewCoccine)檢出食品中蘇丹色素(4項)未檢出,109,新北市,120.2432834,22.7886684
香之魚,新北市新店區店家,新北市新店區中正路501之15號5樓,合格,己二烯酸0.24苯甲酸未檢出去水醋酸未檢出水楊酸未檢出對羥苯甲酸未檢出鹽基性桃紅精(Rhodamine B)未檢出食品中著色劑(8項)檢出細項食用黃色五號(Sunset YellowFCF)檢出食用紅色四十號(Allura Red AC)檢出食品中蘇丹色素(4項)未檢出,109,新北市,121.5330664,24.9839642
海味家族蜜汁沙茶,高雄市彌陀區店家,高雄市彌陀區中正南路28號,合格,己二烯酸0.98苯甲酸未檢出去水醋酸未檢出水楊酸未檢出對羥苯甲酸未檢出鹽基性桃紅精(Rhodamine B)未檢出食品中著色劑(8項)檢出細項食用紅色六號(NewCoccine)檢出食用黃色四號(Tartrazine)檢出食品中蘇丹色素(4項)未檢出,109,新北市,120.257038,22.7719762
化核甘草橄欖,彰化縣員林鎮店家,彰化縣員林鎮山腳路1段坡姜巷124弄11號,合格,己二烯酸未檢出苯甲酸0.73去水醋酸未檢出水楊酸未檢出對羥苯甲酸未檢出皂黃(MetanilYellow)未檢出二甲基黃(dimethylyellow)未檢出二乙基黃(diethylyellow)未檢出芥黃(Auramine)未檢出食品中著色劑(8項)檢出細項食用黃色四號(Tartrazine)檢出,109,新北市,120.6055593,23.9358724
芝麻卷魚干,芝麻,高雄市大樹區統嶺路150-1號,合格,己二烯酸0.89苯甲酸未檢出去水醋酸未檢出水楊酸未檢出對羥苯甲酸未檢出鹽基性桃紅精(Rhodamine B)未檢出食品中著色劑(8項)檢出細項食用紅色六號(NewCoccine)檢出食品中蘇丹色素(4項)未檢出,109,新北市,120.4226712,22.7739217
黃草橄欖,彰化縣花壇鄉店家,彰化縣花壇鄉中庄村車路街27巷105弄15號,合格,己二烯酸0.06苯甲酸未檢出去水醋酸未檢出水楊酸未檢出對羥苯甲酸未檢出皂黃(MetanilYellow)未檢出二甲基黃(dimethylyellow)未檢出二乙基黃(diethylyellow)未檢出芥黃(Auramine)未檢出食品中著色劑(8項)未檢出食用黃色四號(Tartrazine)檢出,109,新北市,120.5565566,24.0131562
黃草橄欖,新北市板橋區店家,新北市板橋區民有街51號,合格,己二烯酸未檢出苯甲酸0.36去水醋酸未檢出水楊酸未檢出對羥苯甲酸未檢出皂黃(MetanilYellow)未檢出二甲基黃(dimethylyellow)未檢出二乙基黃(diethylyellow)未檢出芥黃(Auramine)未檢出食品中著色劑(8項)檢出細項食用黃色四號(Tartrazine)檢出,109,新北市,121.465471,25.026116
植纖中飯碗,台中市西屯區店家,台中市西屯區福科路826號,合格,螢光增白劑未檢出,109,新北市,120.6078368,24.1879437
植纖小飯碗,台中市西屯區店家,台中市西屯區福科路826號,合格,螢光增白劑未檢出,109,新北市,120.6078368,24.1879437
7吋植纖圓盤6入,高雄市楠梓區店家,高雄市楠梓區興楠路151巷27弄12號,合格,螢光增白劑未檢出,109,新北市,120.3369436,22.7302199
環保原色免洗紙碗B800(6入),環保,桃園市蘆竹區南崁路2段9號5F之12,合格,螢光增白劑未檢出,109,新北市,121.2799188,25.0564265
10吋橢圓漿塑盤-5入,台中市東區店家,台中市東區東英13街11號,合格,螢光增白劑未檢出,109,新北市,120.7073843,24.1457274
500cc漿塑碗-5入,台中市東區店家,台中市東區東英13街11號,合格,螢光增白劑未檢出,109,新北市,120.7073843,24.1457274
6.5oz紙杯50入,台中市西區店家,台中市西區中美街283號5樓,合格,螢光增白劑未檢出,109,新北市,120.6600666,24.1494823
白色紙杯,新北市新莊區店家,新北市新莊區福營路125巷35號,合格,螢光增白劑未檢出,109,新北市,121.4338732,25.0302582
家是美多用途環保免洗餐具,臺北市士林區店家,臺北市士林區通河西街2段108巷2弄9號1樓,合格,螢光增白劑未檢出,109,新北市,121.507595,25.0924683
環保植物纖維10吋圓紙盤,環保,台南市佳里區頂廊1之5號1樓,合格,螢光增白劑未檢出,109,新北市,120.1704766,23.1694465
自然風環保植纖湯碗300ml,自然風環,台南市佳里區下營里頂?1之5號1樓,合格,螢光增白劑未檢出,109,新北市,120.1502699,23.1710082
自然風環保植纖紙盤10吋,自然風環,台南市佳里區下營里頂?1之5號1樓,合格,螢光增白劑未檢出,109,新北市,120.1502699,23.1710082
紙吸管,臺北市文山區店家,臺北市文山區通河西街2段32號,合格,螢光增白劑未檢出,109,新北市,121.5113417,25.0898549
防油袋,台中市北區店家,台中市北區文心路4段208之1號7樓之2,合格,螢光增白劑未檢出,109,新北市,120.677373,24.1729251
白紙碗-20入,新北市新莊區店家,新北市新莊區福營路127巷35號,合格,螢光增白劑未檢出,109,新北市,121.4329363,25.031749
白紙盤7吋10入,新北市新莊區店家,新北市新莊區福營路127巷35號,合格,螢光增白劑未檢出,109,新北市,121.4329363,25.031749
22oz冷熱共用杯,台南市麻豆區店家,台南市麻豆區麻豆口1-31號,合格,螢光增白劑未檢出,109,新北市,120.2188733,23.1802189
環保植物纖維8吋圓紙盤,環保,台南市佳里區下營里頂?1之5號1樓,合格,螢光增白劑未檢出,109,新北市,120.1502699,23.1710082
精緻格子盤3入,臺北市士林區店家,臺北市士林區通河西街二段108巷2弄9號,合格,螢光增白劑未檢出,109,新北市,121.507595,25.0924683
環保植物纖維飯碗225ml,環保,高雄市阿蓮區成功街180巷50號,合格,螢光增白劑未檢出,109,新北市,120.3313194,22.8867618
香菇肉粽,香菇,新北市樹林區佳園路3段101巷62弄10號,合格,去水醋酸未檢出大腸桿菌群陰性己二烯酸未檢出大腸桿菌陰性硼酸及其鹽類陰性苯甲酸未檢出,107,新北市,121.3937722,24.9500257
芋香雙菇素粽,新北市樹林區店家,新北市樹林區佳園路3段101巷62弄10號,合格,苯甲酸未檢出硼酸及其鹽類陰性大腸桿菌陰性大腸桿菌群陰性去水醋酸未檢出己二烯酸未檢出,107,新北市,121.3937722,24.9500257
冷凍白蝦,高雄市前鎮店家,高雄市前鎮區漁港中一路2號5樓,合格,氯黴素類抗生素(4項)未檢出四環黴素類(7項)未檢出硝基呋喃代謝物(4項)未檢出孔雀綠(2項)未檢出動物用藥多重殘留(48項)未檢出抗生素及其代謝物多重殘留分析-畜禽水產品(16項)未檢出,107,新北市,120.3167632,22.5722666
蟳味棒,基隆市七堵區店家,基隆市七堵區自強路102號,合格,苯甲酸未檢出硼酸及其鹽類陰性去水醋酸未檢出己二烯酸0.89,107,新北市,121.7130589,25.1101077
無刺虱目魚肚片,新北市三重區店家,新北市三重區力行路1段6號,合格,氯黴素類抗生素(4項)未檢出四環黴素類(7項)未檢出硝基呋喃代謝物(4項)未檢出孔雀綠(2項)未檢出動物用藥多重殘留(48項)未檢出抗生素及其代謝物多重殘留分析-畜禽水產品(16項)未檢出,107,新北市,121.4827185,25.0706345
東石鮮採文蛤,嘉義縣東石鄉店家,嘉義縣東石鄉網寮村29號,合格,氯黴素類抗生素(4項)未檢出四環黴素類(7項)未檢出硝基呋喃代謝物(4項)未檢出孔雀綠(2項)未檢出動物用藥多重殘留(48項)未檢出抗生素及其代謝物多重殘留分析-畜禽水產品(16項)未檢出,107,新北市,120.1560436,23.4383485
元氣文蛤,嘉義縣民雄鄉店家,嘉義縣民雄鄉工業區中正路28號,合格,氯黴素類抗生素(4項)未檢出四環黴素類(7項)未檢出硝基呋喃代謝物(4項)未檢出孔雀綠(2項)未檢出動物用藥多重殘留(48項)未檢出抗生素及其代謝物多重殘留分析-畜禽水產品(16項)未檢出,107,新北市,120.4568477,23.520189
基隆天婦羅,基隆,新北市瑞芳區大埔路有勝二村21號,合格,順丁烯二酸與順丁烯二酸酐總量未檢出己二烯酸未檢出苯甲酸未檢出去水醋酸未檢出,107,新北市,121.7638445,25.1019307
甜不辣條,甜不,新北市土城區永豐路195巷35號,合格,己二烯酸0.44苯甲酸未檢出順丁烯二酸與順丁烯二酸酐總量未檢出去水醋酸未檢出,107,新北市,121.4754308,24.9791825
基隆手工天婦羅片,基隆,新北市五股區五工六路35號,合格,順丁烯二酸與順丁烯二酸酐總量未檢出己二烯酸未檢出苯甲酸未檢出去水醋酸未檢出,107,新北市,121.4475269,25.0642062
金牌冷凍魷魚丸,高雄市鳳山區店家,高雄市鳳山區鳳仁路236號,合格,苯甲酸未檢出己二烯酸未檢出硼酸及其鹽類陰性去水醋酸未檢出,107,新北市,120.3749408,22.6378377
柳葉魚,台南市永康區店家,台南市永康區?行里中正二街380號,合格,孔雀綠(2項)未檢出四環黴素類(7項)未檢出動物用藥多重殘留(48項)未檢出抗生素及其代謝物多重殘留分析-畜禽水產品(16項)未檢出硝基?喃代謝物(4項)未檢出氯黴素類抗生素(4項)未檢出,107,新北市,120.2377133,23.0315878
基隆手工天婦羅條,基隆,臺北市萬華區長順街44號1樓,合格,己二烯酸未檢出苯甲酸未檢出去水醋酸未檢出順丁烯二酸與順丁烯二酸酐總量未檢出,107,新北市,121.4894049,25.0319764
鱈魚魚丸,鱈魚,雲林縣元長鄉興工街3號,合格,己二烯酸未檢出苯甲酸未檢出硼酸及其鹽類陰性去水醋酸未檢出,107,新北市,120.3326635,23.6137575
秋刀魚,臺北市士林區店家,臺北市士林區大南路361號5樓之2,合格,硝基呋喃代謝物(4項)未檢出孔雀綠(2項)未檢出四環黴素類(7項)未檢出動物用藥多重殘留(48項)未檢出抗生素及其代謝物多重殘留分析-畜禽水產品(16項)未檢出氯黴素類抗生素(4項)未檢出,107,新北市,121.516528,25.08897
冷凍白蝦,嘉義縣民雄鄉店家,嘉義縣民雄鄉民雄工業區中正路28號,合格,氯黴素類抗生素(4項)未檢出四環黴素類(7項)未檢出硝基呋喃代謝物(4項)未檢出孔雀綠(2項)未檢出動物用藥多重殘留(48項)未檢出抗生素及其代謝物多重殘留分析-畜禽水產品(16項)未檢出,107,新北市,120.4568477,23.520189
塑型翡翠鮮蝦滑,基隆市七堵區店家,基隆市七堵區工建南路2-3號,合格,苯甲酸未檢出硼酸及其鹽類陰性己二烯酸未檢出去水醋酸未檢出,107,新北市,121.7018658,25.0848527
文蛤,新北市中和區店家,新北市中和區連城路114號,合格,氯黴素類抗生素(4項)未檢出四環黴素類(7項)未檢出硝基呋喃代謝物(4項)未檢出孔雀綠(2項)未檢出動物用藥多重殘留(48項)未檢出抗生素及其代謝物多重殘留分析-畜禽水產品(16項)未檢出,107,新北市,121.4960499,24.9995603
泰國白蝦,高雄市鳳山區店家,高雄市鳳山區光復路2段213巷1之8號,合格,氯黴素類抗生素(4項)未檢出動物用藥多重殘留(48項)未檢出四環黴素類(7項)未檢出孔雀綠(2項)未檢出抗生素及其代謝物多重殘留分析-畜禽水產品(16項)未檢出硝基呋喃代謝物(4項)未檢出,107,新北市,120.3453419,22.6287268
鯖魚-夜干,新北市中和區店家,新北市中和區板南路671號2樓,合格,"羥四環黴素(Oxytetracycline, OTC)0.0284-epimer-oxytetracycline0.010孔雀綠(2項)未檢出氯黴素類抗生素(4項)未檢出動物用藥多重殘留(48項)未檢出抗生素及其代謝物多重殘留分析-畜禽水產品(16項)未檢出硝基呋喃代謝物(4項)未檢出四環黴素類(7項)檢出細項",107,新北市,121.4841737,25.0078126
頂級龍蝦身3入裝,頂級,新北市樹林區中正路657巷1號,合格,四環黴素類(7項)未檢出孔雀綠(2項)未檢出動物用藥多重殘留(48項)未檢出,107,新北市,121.4120472,25.0125834
冷凍雪場蟹腳,高雄市前鎮店家,高雄市前鎮區后平路80號11樓之3,合格,動物用藥多重殘留(48項)未檢出四環黴素類(7項)未檢出孔雀綠(2項)未檢出,107,新北市,120.322225,22.571656
三點蟹,新北市中和區店家,新北市中和區建三路79號,合格,孔雀綠(2項)未檢出四環黴素類(7項)未檢出動物用藥多重殘留(48項)未檢出,107,新北市,121.486504,25.0013376
牛奶洋蔥(粒),牛奶,雲林縣褒忠鄉中民村三民路316-10號,合格,二硫代胺基甲酸鹽類未檢出農藥多重殘留分析(373項)未檢出,108,新北市,120.3161858,23.6998572
茼蒿,雲林縣西螺鎮店家,雲林縣西螺鎮振安路98號,合格,達滅芬(Dimethomorph)0.02賓克隆(Pencycuron)0.04農藥多重殘留分析(373項)檢出細項二硫代胺基甲酸鹽類未檢出四氯異苯?(Chlorothalonil)0.04,108,新北市,120.4586209,23.788367
草莓,草莓,臺北市中正區青島車路7-4號,合格,二硫代胺基甲酸鹽類未檢出依普同(Iprodione)0.32撲滅寧(Procymidone)0.26克絕(Cymoxanil)0.03護汰寧(Fludioxonil)0.59農藥多重殘留分析(373項)檢出細項賽芬?(Cyflumetofen)0.02賽普洛(Cyprodinil)0.96合賽多(Hexythiazox)0.02凡殺同(Famoxadone)0.26,108,新北市,121.5198716,25.0421407
草莓,草莓,臺北市萬華區萬大路533號,合格,二硫代胺基甲酸鹽類0.44護汰寧(Fludioxonil)0.79派美尼(Pyrimethanil)0.92農藥多重殘留分析(373項)檢出細項,108,新北市,121.4984156,25.0185059
進口紅西洋梨#110,新北市中和區店家,新北市中和區中山路2段295號B2樓,合格,二硫代胺基甲酸鹽類未檢出派美尼(Pyrimethanil)1.13農藥多重殘留分析(373項)檢出細項貝芬替(Carbendazim)0.15,108,新北市,121.4960288,25.0020288
冷凍青豆仁(全素),屏東縣里港鄉店家,屏東縣里港鄉三?村三和路119之73號,合格,二硫代胺基甲酸鹽類未檢出農藥多重殘留分析(373項)未檢出,108,新北市,120.4984612,22.8040901
龍鳳冷凍青豆仁,臺北市松山區店家,臺北市松山區八德路4段111號7樓,合格,二硫代胺基甲酸鹽類未檢出賽普洛(Cyprodinil)0.02農藥多重殘留分析(373項)檢出細項,108,新北市,121.5614234,25.0487086
芥菜,雲林縣二崙鄉店家,雲林縣二崙鄉復興村龍紹路15-10號,合格,二硫代胺基甲酸鹽類未檢出因得克(Indoxacarb)0.08歐殺滅(Oxamyl)0.12二福隆(Diflubenzuron)0.10達滅芬(Dimethomorph)0.20佈飛松(Profenophos)0.23克凡派(Chlorfenapyr)0.05祿芬隆(Lufenuron)0.12百克敏(Pyraclostrobin)0.02滅達樂(Metalaxyl)0.04百滅寧(Permethrin)0.32農藥多重殘留分析(373項)檢出細項,108,新北市,120.3752561,23.7777293
茼蒿,桃園市大園區店家,桃園市大園區大觀路269-5號,合格,氟比來(Fluopicolide)0.50納乃得(Methomyl)0.12農藥多重殘留分析(373項)檢出細項座賽胺(Zoxamide)0.16克凡派(Chlorfenapyr)0.95二硫代胺基甲酸鹽類0.71亞滅培(Acetamiprid)0.04賜諾特J(SpinetoramJ)0.04達滅芬(Dimethomorph)0.17百克敏(Pyraclostrobin)0.15待克利(Difenoconazole)0.03滅達樂(Metalaxyl)0.04,108,新北市,121.1891428,25.0657408
茼蒿,雲林縣崙背鄉店家,雲林縣崙背鄉草湖村2鄰3-7號,合格,佈飛松(Profenophos)0.03二硫代胺基甲酸鹽類未檢出二福隆(Diflubenzuron)0.03農藥多重殘留分析(373項)檢出細項亞滅培(Acetamiprid)0.08達滅芬(Dimethomorph)0.70,108,新北市,120.3349024,23.8078981
茼蒿,雲林縣二崙鄉店家,雲林縣二崙鄉復興村龍紹路15-10號,合格,二硫代胺基甲酸鹽類未檢出達滅芬(Dimethomorph)0.09農藥多重殘留分析(373項)檢出細項,108,新北市,120.3752561,23.7777293
蚵白,雲林縣二崙鄉店家,雲林縣二崙鄉港後村安平路161-15號,合格,二硫代胺基甲酸鹽類未檢出達特南(Dinotefuran)0.06克凡派(Chlorfenapyr)0.04普拔克(Propamocarbhydrochloride)0.10亞滅培(Acetamiprid)0.04歐殺滅(Oxamyl)0.02農藥多重殘留分析(373項)檢出細項氟比來(Fluopicolide)0.02,108,新北市,120.3922657,23.8061994
芥菜,雲林縣西螺鎮店家,雲林縣西螺鎮吳厝里1鄰17號,合格,益達胺(Imidacloprid)0.293-羥基加保扶(3-OHCarbofuran)0.02氟比來(Fluopicolide)0.55賽洛寧(λ-Cyhalothrin)0.03達滅芬(Dimethomorph)0.03歐殺滅(Oxamyl)0.20二硫代胺基甲酸鹽類0.81農藥多重殘留分析(373項)檢出細項佈飛松(Profenophos)1.00滅達樂(Metalaxyl)0.02達特南(Dinotefuran)0.07,108,新北市,120.4256805,23.744041
芥菜,雲林縣二崙鄉店家,雲林縣二崙鄉復興村龍紹村15-10號,合格,納乃得(Methomyl)0.50貝芬替(Carbendazim)0.02大利松(Diazinon)0.22百滅寧(Permethrin)0.32氟比來(Fluopicolide)0.02百克敏(Pyraclostrobin)0.07賽洛寧(λ-Cyhalothrin)0.05農藥多重殘留分析(373項)檢出細項佈飛松(Profenophos)0.62馬拉松(Malathion)0.02二硫代胺基甲酸鹽類未檢出亞滅培(Acetamiprid)0.90益達胺(Imidacloprid)0.11撲滅寧(Procymidone)1.71歐殺滅(Oxamyl)0.10硫敵克(Thiodicarb)0.09,108,新北市,120.3752561,23.7777293
豌豆,彰化縣埤頭鄉店家,彰化縣埤頭鄉崙子村埤頭路765號,合格,農藥多重殘留分析(373項)檢出細項亞滅培(Acetamiprid)0.15二硫代胺基甲酸鹽類未檢出,108,新北市,120.4674267,23.9007502
豌豆,彰化縣埔鹽鄉店家,彰化縣埔鹽鄉石埤村番金路2巷42-1,合格,農藥多重殘留分析(373項)檢出細項達特南(Dinotefuran)0.41二硫代胺基甲酸鹽類未檢出賜諾特J(SpinetoramJ)0.05,108,新北市,120.4208602,23.9915085
有機草莓,苗栗縣大湖鄉店家,苗栗縣大湖鄉美和村7鄰淋漓坪61號,合格,農藥多重殘留分析(373項)未檢出二硫代胺基甲酸鹽類未檢出,108,新北市,120.8693992,24.3847162
蚵白,雲林縣西螺鎮店家,雲林縣西螺鎮安定里157號,不合格,二硫代胺基甲酸鹽類0.69克凡派(Chlorfenapyr)1.67貝芬替(Carbendazim)0.19農藥多重殘留分析(373項)檢出細項達滅芬(Dimethomorph)0.51因得克(Indoxacarb)0.42百克敏(Pyraclostrobin)0.28剋安勃(Chlorantraniliprole)0.28四氯異苯?(Chlorothalonil)0.03,108,新北市,120.4328824,23.8027634
芥菜,雲林縣二崙鄉店家,雲林縣二崙鄉復興村龍紹村15-10號,不合格,佈飛松(Profenophos)0.08二硫代胺基甲酸鹽類0.93賓克隆(Pencycuron)0.06農藥多重殘留分析(373項)檢出細項因得克(Indoxacarb)3.78達滅芬(Dimethomorph)0.51納乃得(Methomyl)0.03普拔克(Propamocarbhydrochloride)0.17賽洛寧(λ-Cyhalothrin)0.18亞滅培(Acetamiprid)0.04滅達樂(Metalaxyl)0.10克凡派(Chlorfenapyr)1.20馬拉松(Malathion)0.02,108,新北市,120.3752561,23.7777293
豆漿,新北市板橋區店家,新北市板橋區民權路204號,合格,己二烯酸未檢出苯甲酸未檢出去水醋酸未檢出糖精(Saccharin)未檢出環己基(代)磺醯胺酸(cyclamate)未檢出甘精(dulcin)未檢出醋磺內酯鉀(Acesulfamepotassium)未檢出,110,新北市,121.4590707,25.0139717
豆漿,新北市淡水區店家,新北市淡水區中山北路1段102號,合格,己二烯酸未檢出苯甲酸未檢出去水醋酸未檢出糖精(Saccharin)未檢出環己基(代)磺醯胺酸(cyclamate)未檢出甘精(dulcin)未檢出醋磺內酯鉀(Acesulfamepotassium)未檢出,110,新北市,121.5226127,25.0526041
豆漿,新北市三重區店家,新北市三重區力行路1段59號1樓,合格,己二烯酸未檢出苯甲酸未檢出去水醋酸未檢出糖精(Saccharin)未檢出環己基(代)磺醯胺酸(cyclamate)未檢出甘精(dulcin)未檢出醋磺內酯鉀(Acesulfamepotassium)未檢出,110,新北市,121.4827185,25.0706345
竹圍永和豆漿,新北市淡水區店家,新北市淡水區民生路12號,合格,己二烯酸未檢出苯甲酸未檢出去水醋酸未檢出糖精(Saccharin)未檢出環己基(代)磺醯胺酸(cyclamate)未檢出甘精(dulcin)未檢出醋磺內酯鉀(Acesulfamepotassium)未檢出,110,新北市,121.4608639,25.1377608
有機純豆漿(無糖),桃園市大溪區店家,桃園市大溪區美華里9鄰美山路1段601巷255號,合格,己二烯酸未檢出苯甲酸未檢出去水醋酸未檢出糖精(Saccharin)未檢出環己基(代)磺醯胺酸(cyclamate)未檢出甘精(dulcin)未檢出醋磺內酯鉀(Acesulfamepotassium)未檢出,110,新北市,121.297988,24.880474
豆漿,新北市泰山區店家,新北市泰山區全興路212號1樓,合格,己二烯酸未檢出苯甲酸未檢出去水醋酸未檢出糖精(Saccharin)未檢出環己基(代)磺醯胺酸(cyclamate)未檢出甘精(dulcin)未檢出醋磺內酯鉀(Acesulfamepotassium)未檢出,110,新北市,121.4336296,25.0562788
有機濃豆漿(無加糖),嘉義市東區店家,嘉義市東區保順路327號1F,合格,己二烯酸未檢出苯甲酸未檢出去水醋酸未檢出糖精(Saccharin)未檢出環己基(代)磺醯胺酸(cyclamate)未檢出甘精(dulcin)未檢出醋磺內酯鉀(Acesulfamepotassium)未檢出,110,新北市,120.4498178,23.5138694
豆漿,新北市汐止區店家,新北市汐止區環河街185巷20之1號,合格,己二烯酸未檢出苯甲酸未檢出去水醋酸未檢出糖精(Saccharin)未檢出環己基(代)磺醯胺酸(cyclamate)未檢出甘精(dulcin)未檢出醋磺內酯鉀(Acesulfamepotassium)未檢出,110,新北市,121.6278818,25.0557106
豆漿,新北市新店區店家,新北市新店區北宜路2段96號,合格,己二烯酸未檢出苯甲酸未檢出去水醋酸未檢出糖精(Saccharin)未檢出環己基(代)磺醯胺酸(cyclamate)未檢出甘精(dulcin)未檢出醋磺內酯鉀(Acesulfamepotassium)未檢出,110,新北市,121.5553276,24.9535148
高濃豆漿,新北市土城區店家,新北市土城區永年街40號,合格,己二烯酸未檢出苯甲酸未檢出去水醋酸未檢出糖精(Saccharin)未檢出環己基(代)磺醯胺酸(cyclamate)未檢出甘精(dulcin)未檢出醋磺內酯鉀(Acesulfamepotassium)未檢出,110,新北市,121.438034,24.968371
美國冷凍大牛排,美國冷,基隆市七堵區工建南路23號,合格,鉛未檢出鎘未檢出,109,新北市,121.7036399,25.0835493
豬腿二度絞肉,新北市土城區店家,新北市土城區中央路2段278巷5弄2號1F,合格,鉛未檢出鎘未檢出,109,新北市,121.4402403,24.9744591
義美蔥抓餅,義美,臺北市松山區信義路2段88號10樓,合格,大腸桿菌陰性生菌數120000,108,新北市,121.526813,25.0339597
義美手工香酥抓餅(芝麻口味),義美,臺北市松山區信義路2段88號10樓,合格,大腸桿菌陰性生菌數46000,108,新北市,121.526813,25.0339597
蔥阿伯-MINI蔥抓餅,新北市新店區店家,新北市新店區安興路83-5號,合格,大腸桿菌陰性生菌數2400,108,新北市,121.515284,24.9754853
手抓餅,高雄市大寮區店家,高雄市大寮區河堤路2段370號,合格,生菌數13000大腸桿菌陰性,108,新北市,120.4339521,22.6007622
卡好蔥抓餅,臺北市大安區店家,臺北市大安區羅斯福路3段126號3樓,合格,大腸桿菌陰性生菌數62000,108,新北市,121.527709,25.020609
千層蔥油餅,高雄市大寮區店家,高雄市大寮區河堤路2段370號,合格,大腸桿菌陰性生菌數2400,108,新北市,120.4339521,22.6007622
阿在伯就厚工手抓餅(蔥味),彰化縣北斗鎮店家,彰化縣北斗鎮中?里螺陽路32號,合格,大腸桿菌陰性生菌數98000,108,新北市,120.5138797,23.877698
千層三星蔥拉餅,新北市中和區店家,新北市中和區中板路7-2號4樓,合格,大腸桿菌陰性生菌數18000,108,新北市,121.4847712,25.0112857
義美九層塔蛋餅皮,義美,桃園市蘆竹區南工路1段11號,合格,大腸桿菌陰性生菌數6900,108,新北市,121.2727696,25.0543353
華師父三星蔥抓餅,彰化縣北斗鎮店家,彰化縣北斗鎮螺陽路32號,合格,大腸桿菌陰性生菌數210000,108,新北市,120.5138797,23.877698
鈺林黃金牛乳+乳鐵藻精蛋白(粉狀食品),苗栗縣頭份鎮店家,苗栗縣頭份鎮信義路783號2F,合格,鉛0.09ppm錫未檢出,107,新北市,120.8876846,24.700089
貝比瑪瑪蘋果口味米餅,宜蘭縣冬山鄉店家,宜蘭縣冬山鄉廣興路680巷190號,合格,鉛未檢出錫未檢出,107,新北市,121.7310947,24.6636092
鳳梨酥禮盒10入(蛋奶素),鳳梨酥,桃園市龍潭區龍祥里工一路210之1號1樓,合格,己二烯酸未檢出苯甲酸未檢出去水醋酸未檢出丙酸未檢出水楊酸未檢出對羥苯甲酸未檢出,109,新北市,121.2077462,24.8785485
WE SWEET老鷹紅豆銅鑼燒(蛋素),新北市土城區店家,新北市土城區國際路55號,合格,己二烯酸未檢出苯甲酸未檢出去水醋酸未檢出丙酸未檢出水楊酸未檢出對羥苯甲酸未檢出,109,新北市,121.4666084,24.977783
丹麥吐司,新北市淡水區店家,新北市淡水區學府路27號,合格,己二烯酸未檢出苯甲酸未檢出去水醋酸未檢出丙酸未檢出水楊酸未檢出對羥苯甲酸未檢出,109,新北市,121.4476537,25.1687473
小喜多塊(奶油),新北市三重區店家,新北市三重區中華路109號1、2樓,合格,己二烯酸0.07苯甲酸未檢出去水醋酸未檢出丙酸未檢出水楊酸未檢出對羥苯甲酸未檢出,109,新北市,121.4836626,25.0633351
菠蘿芋頭,新北市三重區店家,新北市三重區中華路109號1、2樓,合格,己二烯酸未檢出苯甲酸未檢出去水醋酸未檢出丙酸未檢出水楊酸未檢出對羥苯甲酸未檢出,109,新北市,121.4836626,25.0633351
銅鑼燒,台中市神岡區店家,台中市神岡區神洲路130巷23-6號,合格,己二烯酸未檢出苯甲酸未檢出去水醋酸未檢出丙酸未檢出水楊酸未檢出對羥苯甲酸未檢出,109,新北市,120.7052877,24.2664526
炸彈奶酥,新北市中和區店家,新北市中和區民享街4號E棟4樓,合格,己二烯酸未檢出苯甲酸未檢出去水醋酸未檢出丙酸未檢出水楊酸未檢出對羥苯甲酸未檢出,109,新北市,121.4738877,25.0054157
蔓越莓起士軟法½,新北市中和區店家,新北市中和區民享街4號E棟4樓,合格,己二烯酸未檢出苯甲酸未檢出去水醋酸未檢出丙酸未檢出水楊酸未檢出對羥苯甲酸未檢出,109,新北市,121.4738877,25.0054157
瑞穗鮮乳土司,新竹縣湖口鄉店家,新竹縣湖口鄉長嶺村12德路3段30號,合格,己二烯酸未檢出苯甲酸未檢出去水醋酸未檢出丙酸未檢出水楊酸未檢出對羥苯甲酸未檢出,109,新北市,121.0133091,24.8587318
原味太陽餅,台中市南屯區店家,台中市南屯區文心南路1段643號,合格,己二烯酸未檢出苯甲酸未檢出去水醋酸未檢出丙酸未檢出水楊酸未檢出對羥苯甲酸未檢出,109,新北市,120.6533164,24.1169674
安佳較低脂乳酪,安佳,臺北市內湖區瑞光路302號4樓,合格,生菌數<10大腸桿菌陰性金黃色葡萄球菌腸毒素陰性己二烯酸0.40去水醋酸未檢出沙門氏桿菌陰性苯甲酸未檢出大腸桿菌群陰性乳品中李斯特菌陰性,109,新北市,121.5742103,25.07651
養樂多全脂鮮乳,桃園市中壢區店家,桃園市中壢區自強一路4號,合格,沙門氏桿菌陰性乳品中李斯特菌陰性大腸桿菌陰性大腸桿菌群陰性金黃色葡萄球菌腸毒素陰性生菌數<10,109,新北市,121.2445724,24.9689194
鮮乳坊許慶良鮮乳,台中市西屯區店家,台中市西屯區工業區13路1號,合格,沙門氏桿菌陰性大腸桿菌陰性大腸桿菌群陰性生菌數<10金黃色葡萄球菌腸毒素陰性乳品中李斯特菌陰性,109,新北市,120.600737,24.170798
家福法國哈克蕾乾酪切片,臺北市南港區店家,臺北市南港區南港路2段20巷5號B1,合格,金黃色葡萄球菌腸毒素陰性沙門氏桿菌陰性大腸桿菌陰性大腸桿菌群陰性己二烯酸未檢出苯甲酸未檢出乳品中李斯特菌陰性去水醋酸未檢出,109,新北市,121.6055443,25.0544429
六甲田莊鮮乳,台南市新市店家,台南市新市區永就里中山路180-23號,合格,沙門氏桿菌陰性大腸桿菌陰性生菌數<10乳品中李斯特菌陰性大腸桿菌群陰性金黃色葡萄球菌腸毒素陰性,109,新北市,120.2972783,23.0718053
安佳無添加鹽奶油,安佳,臺北市內湖區瑞光路302號4樓,合格,大腸桿菌陰性乳品中李斯特菌陰性大腸桿菌群陰性金黃色葡萄球菌腸毒素陰性沙門氏桿菌陰性去水醋酸未檢出生菌數<10己二烯酸未檢出苯甲酸未檢出,109,新北市,121.5742103,25.07651
巧克力牛乳,桃園市大園區店家,桃園市大園區大觀路1249號,合格,乳品中李斯特菌陰性沙門氏桿菌陰性金黃色葡萄球菌腸毒素陰性大腸桿菌群陰性大腸桿菌陰性生菌數<10,109,新北市,121.1608685,25.0553403
安佳有鹽奶油,安佳,臺北市內湖區瑞光路302號4F,合格,去水醋酸未檢出生菌數<10苯甲酸未檢出大腸桿菌陰性大腸桿菌群陰性沙門氏桿菌陰性金黃色葡萄球菌腸毒素陰性乳品中李斯特菌陰性己二烯酸未檢出,109,新北市,121.5742103,25.07651
LP33機能優酪乳,桃園市楊梅區店家,桃園市楊梅區民富路1段301號,合格,乳酸菌>2500000000000沙門氏桿菌陰性金黃色葡萄球菌腸毒素陰性乳品中李斯特菌陰性大腸桿菌群陰性大腸桿菌陰性,109,新北市,121.0840776,24.9245877
熟成英國切達乾酪,高雄市前鎮店家,高雄市前鎮區中華五路656號,合格,大腸桿菌陰性大腸桿菌群陰性沙門氏桿菌陰性己二烯酸未檢出苯甲酸未檢出乳品中李斯特菌陰性去水醋酸未檢出金黃色葡萄球菌腸毒素陰性,109,新北市,120.3066113,22.6036247
kirklandSignature科克蘭全脂鮮乳,高雄市前鎮店家,高雄市前鎮區中華五路656號,合格,金黃色葡萄球菌腸毒素陰性生菌數<10大腸桿菌陰性大腸桿菌群陰性沙門氏桿菌陰性乳品中李斯特菌陰性,109,新北市,120.3066113,22.6036247
ARLA動物性鮮奶油,高雄市前鎮店家,高雄市前鎮區中華五路656號,合格,己二烯酸未檢出苯甲酸未檢出大腸桿菌陰性大腸桿菌群陰性沙門氏桿菌陰性金黃色葡萄球菌腸毒素陰性乳品中李斯特菌陰性生菌數<10去水醋酸未檢出,109,新北市,120.3066113,22.6036247
安博格美國切達乾酪片,臺北市松山區店家,臺北市松山區八德路4段111號7樓,合格,己二烯酸未檢出苯甲酸未檢出大腸桿菌陰性大腸桿菌群陰性去水醋酸未檢出乳品中李斯特菌陰性金黃色葡萄球菌腸毒素陰性沙門氏桿菌陰性,109,新北市,121.5614234,25.0487086
鷹牌煉奶,臺北市內湖區店家,臺北市內湖區湖光路399號8樓及8樓之1,合格,金黃色葡萄球菌腸毒素陰性大腸桿菌陰性大腸桿菌群陰性沙門氏桿菌陰性生菌數<10乳品中李斯特菌陰性,109,新北市,121.5909027,25.0689422
林鳳營簡單優酪乳,雲林縣斗六市店家,雲林縣斗六市長林路11號,合格,乳品中李斯特菌陰性金黃色葡萄球菌腸毒素陰性大腸桿菌陰性大腸桿菌群陰性沙門氏桿菌陰性乳酸菌>2500000000000CFU/ml,109,新北市,120.5251434,23.7217019
乳香世家高品質純鮮乳,桃園市大園區店家,桃園市大園區大觀路1249號,合格,生菌數<10金黃色葡萄球菌腸毒素陰性沙門氏桿菌陰性乳品中李斯特菌陰性大腸桿菌陰性大腸桿菌群陰性,109,新北市,121.1608685,25.0553403
安柏格動物性鮮奶油(噴式),臺北市松山區店家,臺北市松山區八德路4段111號7樓,合格,去水醋酸未檢出沙門氏桿菌陰性乳品中李斯特菌陰性大腸桿菌陰性大腸桿菌群陰性己二烯酸未檢出苯甲酸未檢出生菌數<10金黃色葡萄球菌腸毒素陰性,109,新北市,121.5614234,25.0487086
鷹牌煉奶,臺北市內湖區店家,臺北市內湖區湖光路399號8樓及8樓之1,合格,沙門氏桿菌陰性生菌數<10大腸桿菌陰性大腸桿菌群陰性乳品中李斯特菌陰性金黃色葡萄球菌腸毒素陰性,109,新北市,121.5909027,25.0689422
牧真脂肪無調整鮮乳,屏東縣萬丹鄉店家,屏東縣萬丹鄉成功街2段237號,合格,乳品中李斯特菌陰性大腸桿菌陰性大腸桿菌群陰性生菌數<10沙門氏桿菌陰性金黃色葡萄球菌腸毒素陰性,109,新北市,120.4906924,22.5924102
總統牌動物性鮮奶油,臺北市北投區店家,臺北市北投區中央北路4段515巷28號3樓,合格,去水醋酸未檢出大腸桿菌群陰性沙門氏桿菌陰性大腸桿菌陰性己二烯酸未檢出苯甲酸未檢出生菌數<10金黃色葡萄球菌腸毒素陰性乳品中李斯特菌陰性,109,新北市,121.4687162,25.1266853
錦鯉小湯碗,高雄市阿蓮區店家,高雄市阿蓮區青旗里民生路310號,合格,溶出試驗-塑化劑鄰苯二甲酸二異壬酯(DINP)(正庚烷；25℃，1小時)未檢出溶出試驗-塑化劑鄰苯二甲酸二丁酯(DBP)(正庚烷；25℃，1小時)未檢出材質試驗-鉛含量(ppm)未檢出材質試驗-鎘含量(ppm)未檢出溶出試驗-塑化劑己二酸二(2-乙基己基)酯(DEHA)(正庚烷；25℃，1小時)未檢出溶出試驗-塑化劑鄰苯二甲酸二異癸酯(DIDP)(正庚烷；25℃，1小時)未檢出溶出試驗-高錳酸鉀消耗量(水；95℃，30分鐘)2.270溶出試驗-三聚氰胺(4%醋酸；95℃，30分鐘)未檢出溶出試驗-塑化劑鄰苯二甲酸二(2-乙基己基)酯(DEHP)(正庚烷；25℃，1小時)未檢出溶出試驗-酚(水；95℃，30分鐘)未檢出溶出試驗-甲醛(水；95℃，30分鐘)未檢出溶出試驗-重金屬(比色法)(95℃，30分鐘)<1溶出試驗-蒸發殘渣(4%醋酸；95℃，30分鐘)1.420溶出試驗-著色劑(4%醋酸；95℃，30分鐘)未檢出,108,新北市,120.3230953,22.8891484
雙色0008湯匙,台南市佳里區店家,台南市佳里區六安里117-29號,合格,溶出試驗-塑化劑鄰苯二甲酸丁基苯甲酯(BBP)(正庚烷；25℃，1小時)未檢出溶出試驗-塑化劑鄰苯二甲酸二異壬酯(DINP)(正庚烷；25℃，1小時)未檢出溶出試驗-蒸發殘渣(4%醋酸；95℃，30分鐘)3.290溶出試驗-塑化劑鄰苯二甲酸二(2-乙基己基)酯(DEHP)(正庚烷；25℃，1小時)未檢出溶出試驗-酚(水；95℃，30分鐘)未檢出溶出試驗-三聚氰胺(4%醋酸；95℃，30分鐘)未檢出溶出試驗-著色劑(4%醋酸；95℃，30分鐘)未檢出溶出試驗-甲醛(水；95℃，30分鐘)未檢出溶出試驗-塑化劑鄰苯二甲酸二異癸酯(DIDP)(正庚烷；25℃，1小時)未檢出溶出試驗-塑化劑己二酸二(2-乙基己基)酯(DEHA)(正庚烷；25℃，1小時)未檢出溶出試驗-高錳酸鉀消耗量(水；95℃，30分鐘)3.340溶出試驗-塑化劑鄰苯二甲酸二丁酯(DBP)(正庚烷；25℃，1小時)未檢出材質試驗-鉛含量(ppm)未檢出材質試驗-鎘含量(ppm)未檢出溶出試驗-重金屬(比色法)(95℃，30分鐘)<1,108,新北市,120.1791357,23.1703108
M0008小湯匙,台南市佳里區店家,台南市佳里區六安里117-29號,合格,溶出試驗-塑化劑鄰苯二甲酸丁基苯甲酯(BBP)(正庚烷；25℃，1小時)未檢出溶出試驗-酚(水；95℃，30分鐘)未檢出溶出試驗-蒸發殘渣(4%醋酸；95℃，30分鐘)2.450溶出試驗-甲醛(水；95℃，30分鐘)未檢出溶出試驗-著色劑(4%醋酸；95℃，30分鐘)未檢出溶出試驗-三聚氰胺(4%醋酸；95℃，30分鐘)未檢出材質試驗-鉛含量(ppm)未檢出溶出試驗-塑化劑鄰苯二甲酸二丁酯(DBP)(正庚烷；25℃，1小時)未檢出材質試驗-鎘含量(ppm)未檢出溶出試驗-塑化劑鄰苯二甲酸二異壬酯(DINP)(正庚烷；25℃，1小時)未檢出溶出試驗-高錳酸鉀消耗量(水；95℃，30分鐘)3.690溶出試驗-塑化劑鄰苯二甲酸二(2-乙基己基)酯(DEHP)(正庚烷；25℃，1小時)未檢出溶出試驗-塑化劑鄰苯二甲酸二異癸酯(DIDP)(正庚烷；25℃，1小時)未檢出溶出試驗-塑化劑己二酸二(2-乙基己基)酯(DEHA)(正庚烷；25℃，1小時)未檢出溶出試驗-重金屬(比色法)(95℃，30分鐘)<1,108,新北市,120.1791357,23.1703108
西式餐碗KT56061,台中市北屯區店家,台中市北屯區北平路4段142號,合格,溶出試驗-蒸發殘渣(4%醋酸；95℃，30分鐘)1.380溶出試驗-塑化劑鄰苯二甲酸二(2-乙基己基)酯(DEHP)(正庚烷；25℃，1小時)未檢出溶出試驗-酚(水；95℃，30分鐘)未檢出溶出試驗-塑化劑鄰苯二甲酸二異癸酯(DIDP)(正庚烷；25℃，1小時)未檢出溶出試驗-著色劑(4%醋酸；95℃，30分鐘)未檢出溶出試驗-三聚氰胺(4%醋酸；95℃，30分鐘)未檢出溶出試驗-甲醛(水；95℃，30分鐘)未檢出溶出試驗-重金屬(比色法)(95℃，30分鐘)<1溶出試驗-塑化劑鄰苯二甲酸丁基苯甲酯(BBP)(正庚烷；25℃，1小時)未檢出溶出試驗-塑化劑鄰苯二甲酸二異壬酯(DINP)(正庚烷；25℃，1小時)未檢出溶出試驗-高錳酸鉀消耗量(水；95℃，30分鐘)2.480溶出試驗-塑化劑己二酸二(2-乙基己基)酯(DEHA)(正庚烷；25℃，1小時)未檢出材質試驗-鉛含量(ppm)未檢出材質試驗-鎘含量(ppm)未檢出溶出試驗-塑化劑鄰苯二甲酸二丁酯(DBP)(正庚烷；25℃，1小時)未檢出,108,新北市,120.6933196,24.1702056
長湯匙2入KT56431,台中市北屯區店家,台中市北屯區北平路4段142號,合格,溶出試驗-塑化劑鄰苯二甲酸二異癸酯(DIDP)(正庚烷；25℃，1小時)未檢出溶出試驗-塑化劑己二酸二(2-乙基己基)酯(DEHA)(正庚烷；25℃，1小時)未檢出溶出試驗-塑化劑鄰苯二甲酸二丁酯(DBP)(正庚烷；25℃，1小時)未檢出材質試驗-鉛含量(ppm)未檢出材質試驗-鎘含量(ppm)未檢出溶出試驗-塑化劑鄰苯二甲酸丁基苯甲酯(BBP)(正庚烷；25℃，1小時)未檢出溶出試驗-塑化劑鄰苯二甲酸二異壬酯(DINP)(正庚烷；25℃，1小時)未檢出溶出試驗-重金屬(比色法)(95℃，30分鐘)<1溶出試驗-酚(水；95℃，30分鐘)未檢出溶出試驗-三聚氰胺(4%醋酸；95℃，30分鐘)未檢出溶出試驗-塑化劑鄰苯二甲酸二(2-乙基己基)酯(DEHP)(正庚烷；25℃，1小時)未檢出溶出試驗-高錳酸鉀消耗量(水；95℃，30分鐘)2.940溶出試驗-著色劑(4%醋酸；95℃，30分鐘)未檢出溶出試驗-蒸發殘渣(4%醋酸；95℃，30分鐘)5.670溶出試驗-甲醛(水；95℃，30分鐘)未檢出,108,新北市,120.6933196,24.1702056
螺紋美耐筷,桃園市蘆竹區店家,桃園市蘆竹區新南路1段305巷1弄12號,合格,溶出試驗-甲醛(水；95℃，30分鐘)未檢出溶出試驗-塑化劑鄰苯二甲酸丁基苯甲酯(BBP)(正庚烷；25℃，1小時)未檢出溶出試驗-塑化劑鄰苯二甲酸二異壬酯(DINP)(正庚烷；25℃，1小時)未檢出溶出試驗-三聚氰胺(4%醋酸；95℃，30分鐘)1.400溶出試驗-高錳酸鉀消耗量(水；95℃，30分鐘)9.240溶出試驗-塑化劑鄰苯二甲酸二丁酯(DBP)(正庚烷；25℃，1小時)未檢出材質試驗-鉛含量(ppm)未檢出材質試驗-鎘含量(ppm)未檢出溶出試驗-重金屬(比色法)(95℃，30分鐘)<1溶出試驗-著色劑(4%醋酸；95℃，30分鐘)未檢出溶出試驗-酚(水；95℃，30分鐘)未檢出溶出試驗-蒸發殘渣(4%醋酸；95℃，30分鐘)6.510溶出試驗-塑化劑鄰苯二甲酸二異癸酯(DIDP)(正庚烷；25℃，1小時)未檢出溶出試驗-塑化劑己二酸二(2-乙基己基)酯(DEHA)(正庚烷；25℃，1小時)未檢出溶出試驗-塑化劑鄰苯二甲酸二(2-乙基己基)酯(DEHP)(正庚烷；25℃，1小時)未檢出,108,新北市,121.2976379,25.0558206
美耐皿餐具,台南市安南區店家,台南市安南區開安六街30號,合格,材質試驗-鎘含量(ppm)未檢出溶出試驗-重金屬(比色法)(95℃，30分鐘)<1溶出試驗-甲醛(水；95℃，30分鐘)未檢出溶出試驗-蒸發殘渣(4%醋酸；95℃，30分鐘)5.060溶出試驗-塑化劑鄰苯二甲酸丁基苯甲酯(BBP)(正庚烷；25℃，1小時)未檢出溶出試驗-塑化劑鄰苯二甲酸二異壬酯(DINP)(正庚烷；25℃，1小時)未檢出溶出試驗-塑化劑鄰苯二甲酸二(2-乙基己基)酯(DEHP)(正庚烷；25℃，1小時)未檢出溶出試驗-高錳酸鉀消耗量(水；95℃，30分鐘)1.780溶出試驗-酚(水；95℃，30分鐘)未檢出溶出試驗-塑化劑鄰苯二甲酸二異癸酯(DIDP)(正庚烷；25℃，1小時)未檢出溶出試驗-塑化劑己二酸二(2-乙基己基)酯(DEHA)(正庚烷；25℃，1小時)未檢出溶出試驗-三聚氰胺(4%醋酸；95℃，30分鐘)2.380溶出試驗-塑化劑鄰苯二甲酸二丁酯(DBP)(正庚烷；25℃，1小時)未檢出溶出試驗-著色劑(4%醋酸；95℃，30分鐘)未檢出材質試驗-鉛含量(ppm)未檢出,108,新北市,120.2266214,23.0498146
7004日式拉麵匙,台南市佳里區店家,台南市佳里區六安里117-2號,合格,溶出試驗-重金屬(比色法)(95℃，30分鐘)<1溶出試驗-塑化劑鄰苯二甲酸二(2-乙基己基)酯(DEHP)(正庚烷；25℃，1小時)未檢出溶出試驗-酚(水；95℃，30分鐘)未檢出溶出試驗-著色劑(4%醋酸；95℃，30分鐘)未檢出溶出試驗-塑化劑己二酸二(2-乙基己基)酯(DEHA)(正庚烷；25℃，1小時)未檢出溶出試驗-三聚氰胺(4%醋酸；95℃，30分鐘)1.420溶出試驗-甲醛(水；95℃，30分鐘)未檢出溶出試驗-塑化劑鄰苯二甲酸丁基苯甲酯(BBP)(正庚烷；25℃，1小時)未檢出溶出試驗-蒸發殘渣(4%醋酸；95℃，30分鐘)4.710溶出試驗-高錳酸鉀消耗量(水；95℃，30分鐘)3.830溶出試驗-塑化劑鄰苯二甲酸二異癸酯(DIDP)(正庚烷；25℃，1小時)未檢出溶出試驗-塑化劑鄰苯二甲酸二異壬酯(DINP)(正庚烷；25℃，1小時)未檢出材質試驗-鉛含量(ppm)未檢出材質試驗-鎘含量(ppm)未檢出溶出試驗-塑化劑鄰苯二甲酸二丁酯(DBP)(正庚烷；25℃，1小時)未檢出,108,新北市,120.1791357,23.1703108
米奇雙耳餐碗51888,新北市五股區店家,新北市五股區五權六路21號,合格,溶出試驗-甲醛(水；95℃，30分鐘)未檢出溶出試驗-高錳酸鉀消耗量(水；95℃，30分鐘)0.490溶出試驗-酚(水；95℃，30分鐘)未檢出溶出試驗-塑化劑鄰苯二甲酸二異癸酯(DIDP)(正庚烷；25℃，1小時)未檢出溶出試驗-重金屬(比色法)(95℃，30分鐘)<1溶出試驗-著色劑(4%醋酸；95℃，30分鐘)未檢出溶出試驗-塑化劑己二酸二(2-乙基己基)酯(DEHA)(正庚烷；25℃，1小時)未檢出溶出試驗-塑化劑鄰苯二甲酸二丁酯(DBP)(正庚烷；25℃，1小時)未檢出材質試驗-鉛含量(ppm)未檢出材質試驗-鎘含量(ppm)未檢出溶出試驗-塑化劑鄰苯二甲酸丁基苯甲酯(BBP)(正庚烷；25℃，1小時)未檢出溶出試驗-塑化劑鄰苯二甲酸二異壬酯(DINP)(正庚烷；25℃，1小時)未檢出溶出試驗-蒸發殘渣(4%醋酸；95℃，30分鐘)0.610溶出試驗-三聚氰胺(4%醋酸；95℃，30分鐘)未檢出溶出試驗-塑化劑鄰苯二甲酸二(2-乙基己基)酯(DEHP)(正庚烷；25℃，1小時)未檢出,108,新北市,121.4501656,25.0654342
日風美耐皿筷(5雙入),新北市泰山區店家,新北市泰山區文程路178-2號,不合格,溶出試驗-甲醛(水；95℃，30分鐘)未檢出溶出試驗-蒸發殘渣(4%醋酸；95℃，30分鐘)6.050溶出試驗-塑化劑鄰苯二甲酸丁基苯甲酯(BBP)(正庚烷；25℃，1小時)未檢出溶出試驗-塑化劑鄰苯二甲酸二異壬酯(DINP)(正庚烷；25℃，1小時)未檢出溶出試驗-高錳酸鉀消耗量(水；95℃，30分鐘)20.980溶出試驗-重金屬(比色法)(95℃，30分鐘)<1溶出試驗-塑化劑鄰苯二甲酸二異癸酯(DIDP)(正庚烷；25℃，1小時)未檢出溶出試驗-塑化劑己二酸二(2-乙基己基)酯(DEHA)(正庚烷；25℃，1小時)未檢出溶出試驗-塑化劑鄰苯二甲酸二丁酯(DBP)(正庚烷；25℃，1小時)未檢出材質試驗-鉛含量(ppm)未檢出材質試驗-鎘含量(ppm)未檢出溶出試驗-著色劑(4%醋酸；95℃，30分鐘)未檢出溶出試驗-酚(水；95℃，30分鐘)未檢出溶出試驗-三聚氰胺(4%醋酸；95℃，30分鐘)0.840溶出試驗-塑化劑鄰苯二甲酸二(2-乙基己基)酯(DEHP)(正庚烷；25℃，1小時)未檢出,108,新北市,121.4331213,25.0482219
特選白鮮蛋,新北市汐止區店家,新北市汐止區大同路2段169巷72號,合格,氯黴素類抗生素(4項)未檢出離子型抗球蟲藥(5項)未檢出動物用藥多重殘留(48項)未檢出芬普尼及其代謝物之總量未檢出抗原蟲(7項)未檢出,107,新北市,121.6489938,25.0665694
雞胸肉去皮-解凍肉,新北市五股區店家,新北市五股區五工六路35號,合格,芬普尼及其代謝物之總量未檢出動物用藥多重殘留(48項)未檢出抗生素及其代謝物多重殘留分析-畜禽水產品(16項)未檢出硝基?喃代謝物(4項)未檢出乙型受體素類(β-agonist)(20項)未檢出卡巴得(3項)未檢出,107,新北市,121.4475269,25.0642062
山羊肉塊(Ａ),新北市板橋區店家,新北市板橋區干城路142號1-4樓,合格,硝基?喃代謝物(4項)未檢出乙型受體素類(β-agonist)(20項)未檢出動物用藥多重殘留(48項)未檢出,107,新北市,121.4595491,24.9932599
有機鮮有蛋,桃園縣楊梅鎮店家,桃園縣楊梅鎮民有路2段588號,合格,抗原蟲(7項)未檢出氯黴素類抗生素(4項)未檢出離子型抗球蟲藥(5項)未檢出芬普尼及其代謝物之總量未檢出動物用藥多重殘留(48項)未檢出,107,新北市,121.0909942,24.9483947
鹼粽,新北市三重區店家,新北市三重區力行路1段38巷2號,合格,硼酸及其鹽類陰性,107,新北市,121.4680825,25.0463508
鹼粽,新北市新莊區店家,新北市新莊區自由街52號1樓,合格,硼酸及其鹽類陰性,107,新北市,121.4556679,25.0458551
鹼粽,新北市新店區店家,新北市新店區民族路75號,合格,硼酸及其鹽類陰性,107,新北市,121.539337,24.9779269
鹼粽,新北市樹林區店家,新北市樹林區博愛街58號,合格,硼酸及其鹽類陰性,107,新北市,121.4270958,24.9925495
綠豆粽(鹼粽),綠豆,新北市中和區員山路150之24號,合格,硼酸及其鹽類陰性,107,新北市,121.4814006,24.9977719
鹼粽,新北市板橋區店家,新北市板橋區民享街74號,合格,硼酸及其鹽類陰性,107,新北市,121.4767039,25.0153895
烏龍麵/義大利麵,烏龍,新北市汐止區大安街52巷13號,合格,糖精(Saccharin)環己基(代)磺醯胺酸(cyclamate)甘精(dulcin)醋磺內酯鉀(Acesulfamepotassium)己二烯酸苯甲酸去水醋酸水楊酸對羥苯甲酸,109,新北市,121.678347,25.0732529
蔥燒肉包,台中市大甲區店家,台中市大甲區和平路225巷6號,合格,糖精(Saccharin)環己基(代)磺醯胺酸(cyclamate)甘精(dulcin)醋磺內酯鉀(Acesulfamepotassium)己二烯酸苯甲酸去水醋酸水楊酸對羥苯甲酸,109,新北市,120.62201,24.3537433
卡好饅頭黑糖桂圓,臺北市松山區店家,臺北市松山區羅斯福路3段126號3樓,合格,糖精(Saccharin)環己基(代)磺醯胺酸(cyclamate)甘精(dulcin)醋磺內酯鉀(Acesulfamepotassium)己二烯酸苯甲酸去水醋酸水楊酸對羥苯甲酸,109,新北市,121.527709,25.020609
鮮奶饅頭,臺東縣卑南鄉店家,臺東縣卑南鄉明峰村28鄰牧場1號,合格,糖精(Saccharin)環己基(代)磺醯胺酸(cyclamate)甘精(dulcin)醋磺內酯鉀(Acesulfamepotassium)己二烯酸苯甲酸去水醋酸水楊酸對羥苯甲酸,109,新北市,121.1080244,22.8572027
油麵,新北市樹林區店家,新北市樹林區東順街80支1號,合格,糖精(Saccharin)環己基(代)磺醯胺酸(cyclamate)甘精(dulcin)醋磺內酯鉀(Acesulfamepotassium)己二烯酸苯甲酸去水醋酸水楊酸對羥苯甲酸,109,新北市,121.4098076,24.9774957
蔥燒豬肉包,新北市淡水區店家,新北市淡水區學府路196號,合格,糖精(Saccharin)環己基(代)磺醯胺酸(cyclamate)甘精(dulcin)醋磺內酯鉀(Acesulfamepotassium)己二烯酸苯甲酸去水醋酸水楊酸對羥苯甲酸,109,新北市,121.4469539,25.1761531
VV千層饅頭,彰化縣北斗鎮店家,彰化縣北斗鎮螺陽路28、20、22號,合格,糖精(Saccharin)環己基(代)磺醯胺酸(cyclamate)甘精(dulcin)醋磺內酯鉀(Acesulfamepotassium)己二烯酸苯甲酸去水醋酸水楊酸對羥苯甲酸,109,新北市,120.5134239,23.8772969
義美筍香鮮肉包,義美,桃園市蘆竹區南工路1段11號,合格,糖精(Saccharin)環己基(代)磺醯胺酸(cyclamate)甘精(dulcin)醋磺內酯鉀(Acesulfamepotassium)己二烯酸苯甲酸去水醋酸水楊酸對羥苯甲酸,109,新北市,121.2727696,25.0543353
白饅頭,新北市五股區店家,新北市五股區成泰路3段525號,合格,糖精(Saccharin)環己基(代)磺醯胺酸(cyclamate)甘精(dulcin)醋磺內酯鉀(Acesulfamepotassium)己二烯酸苯甲酸去水醋酸水楊酸對羥苯甲酸,109,新北市,121.4514635,25.1006859
冷凍鮮肉包子,高雄市湖內區店家,高雄市湖內區中山路2段51號,合格,糖精(Saccharin)環己基(代)磺醯胺酸(cyclamate)甘精(dulcin)醋磺內酯鉀(Acesulfamepotassium)己二烯酸苯甲酸去水醋酸水楊酸對羥苯甲酸,109,新北市,120.2283215,22.9068506
衛生油麵,新北市樹林區店家,新北市樹林區東順街80-2號,合格,糖精(Saccharin)環己基(代)磺醯胺酸(cyclamate)甘精(dulcin)醋磺內酯鉀(Acesulfamepotassium)己二烯酸苯甲酸去水醋酸水楊酸對羥苯甲酸,109,新北市,121.4091483,24.9772726
白饅頭,新北市中和區店家,新北市中和區新興街6巷2號,合格,糖精(Saccharin)環己基(代)磺醯胺酸(cyclamate)甘精(dulcin)醋磺內酯鉀(Acesulfamepotassium)己二烯酸苯甲酸去水醋酸水楊酸對羥苯甲酸,109,新北市,121.5120747,25.0025876
芝麻包,芝麻,新北市中和區新興街6巷2號,合格,糖精(Saccharin)環己基(代)磺醯胺酸(cyclamate)甘精(dulcin)醋磺內酯鉀(Acesulfamepotassium)己二烯酸苯甲酸去水醋酸水楊酸對羥苯甲酸,109,新北市,121.5120747,25.0025876
山東饅頭,新北市淡水區店家,新北市淡水區北新路2段58號,合格,糖精(Saccharin)環己基(代)磺醯胺酸(cyclamate)甘精(dulcin)醋磺內酯鉀(Acesulfamepotassium)己二烯酸苯甲酸去水醋酸水楊酸對羥苯甲酸,109,新北市,121.4785384,25.1855279
烏龍麵,烏龍,高雄市鳳山區鎮北巷21-30號,合格,糖精(Saccharin)環己基(代)磺醯胺酸(cyclamate)甘精(dulcin)醋磺內酯鉀(Acesulfamepotassium)己二烯酸苯甲酸去水醋酸水楊酸對羥苯甲酸,109,新北市,120.3675679,22.6430442
微甜饅頭,新北市土城區店家,新北市土城區中央路4段183號,合格,糖精(Saccharin)環己基(代)磺醯胺酸(cyclamate)甘精(dulcin)醋磺內酯鉀(Acesulfamepotassium)己二烯酸苯甲酸去水醋酸水楊酸對羥苯甲酸,109,新北市,121.4150317,24.9566424
鮮肉包,新北市土城區店家,新北市土城區中央路4段183號,合格,糖精(Saccharin)環己基(代)磺醯胺酸(cyclamate)甘精(dulcin)醋磺內酯鉀(Acesulfamepotassium)己二烯酸苯甲酸去水醋酸水楊酸對羥苯甲酸,109,新北市,121.4150317,24.9566424
什錦海鮮鍋燒麵,什錦,屏東縣內埔鄉北寧路2段88號,合格,糖精(Saccharin)環己基(代)磺醯胺酸(cyclamate)甘精(dulcin)醋磺內酯鉀(Acesulfamepotassium)己二烯酸苯甲酸去水醋酸水楊酸對羥苯甲酸,109,新北市,120.5684768,22.6299072
香筍包,新北市板橋區店家,新北市板橋區國慶路168號,合格,糖精(Saccharin)環己基(代)磺醯胺酸(cyclamate)甘精(dulcin)醋磺內酯鉀(Acesulfamepotassium)己二烯酸苯甲酸去水醋酸水楊酸對羥苯甲酸,109,新北市,121.4623151,24.99607
微甜饅頭,新北市板橋區店家,新北市板橋區國慶路168號,合格,糖精(Saccharin)環己基(代)磺醯胺酸(cyclamate)甘精(dulcin)醋磺內酯鉀(Acesulfamepotassium)己二烯酸苯甲酸去水醋酸水楊酸對羥苯甲酸,109,新北市,121.4623151,24.99607
507-中湯碗.意祥,台南市安南區店家,台南市安南區政安路21號,合格,材質試驗-鉛含量(ppm)未檢出材質試驗-鎘含量(ppm)未檢出,107,新北市,120.2168524,23.0420498
0-101豆油碟(2.8)紫茄,台南市安南區店家,台南市安南區開安六街30號,合格,材質試驗-鉛含量(ppm)未檢出材質試驗-鎘含量(ppm)未檢出,107,新北市,120.2266214,23.0498146
0-701小湯碗紫茄,台南市安南區店家,台南市安南區開安六街30號,合格,材質試驗-鎘含量(ppm)未檢出材質試驗-鉛含量(ppm)未檢出,107,新北市,120.2266214,23.0498146
F083F錦鯉勾型湯匙,高雄市阿蓮區店家,高雄市阿蓮區民生路310號,合格,材質試驗-鉛含量(ppm)未檢出材質試驗-鎘含量(ppm)未檢出,107,新北市,120.3230953,22.8891484
美耐皿湯匙,新北市蘆洲區店家,新北市蘆洲區民族路408巷58號,合格,材質試驗-鉛含量(ppm)未檢出材質試驗-鎘含量(ppm)未檢出,107,新北市,121.4745008,25.0939675
75豆油池,台南市東區店家,台南市東區崇明十四街62號,合格,材質試驗-鉛含量(ppm)未檢出材質試驗-鎘含量(ppm)未檢出,107,新北市,120.2262145,22.9743141
造型美耐皿筷-紅,新北市三峽區店家,新北市三峽區中正路2段197號,合格,材質試驗-鎘含量(ppm)未檢出材質試驗-鉛含量(ppm)未檢出,107,新北市,121.3641976,24.9111737
030豆油池,台南市南區店家,台南市南區新義南路28號,合格,材質試驗-鉛含量(ppm)未檢出材質試驗-鎘含量(ppm)未檢出,107,新北市,120.17872,22.969293
045豆油池,台南市南區店家,台南市南區新義南路28號,合格,材質試驗-鉛含量(ppm)未檢出材質試驗-鎘含量(ppm)未檢出,107,新北市,120.17872,22.969293
螺紋美耐筷5入-白色,桃園市蘆竹區店家,桃園市蘆竹區新南路1段305巷1弄12號,合格,材質試驗-鉛含量(ppm)未檢出材質試驗-鎘含量(ppm)未檢出,107,新北市,121.2976379,25.0558206
麻醬涼麵(原味),高雄市大社區店家,高雄市大社區中正路397號,合格,大腸桿菌陰性大腸桿菌群陰性,107,新北市,120.3514278,22.749202
日式蕎麥風味麵,彰化縣北斗鎮店家,彰化縣北斗鎮四海路一段87號,合格,大腸桿菌陰性大腸桿菌群陰性,107,新北市,120.550621,23.8663011
涼麵,新北市汐止區店家,新北市汐止區大同路2段312巷1樓,合格,大腸桿菌陰性大腸桿菌群240,107,新北市,121.6560316,25.0660365
飽胃站辣味麻醬涼麵,台中市大甲區店家,台中市大甲區重義二路151號,合格,大腸桿菌陰性大腸桿菌群23,107,新北市,120.6137069,24.3359225
super飽胃站原味麻醬涼麵,台中市大甲區店家,台中市大甲區重義二路151號,合格,大腸桿菌群23大腸桿菌陰性,107,新北市,120.6137069,24.3359225
大滿足麻醬涼麵,大滿足,桃園市大溪區松樹21-8號,合格,大腸桿菌群陰性大腸桿菌陰性,107,新北市,121.2969674,24.8658422
大滿足川辣涼麵,大滿足,桃園市大溪區松樹21-8號,合格,大腸桿菌陰性大腸桿菌群陰性,107,新北市,121.2969674,24.8658422
真飽涼麵-香辣麻醬,桃園市中壢區店家,桃園市中壢區自強一路111號,合格,大腸桿菌陰性大腸桿菌群陰性,107,新北市,121.2434609,24.9767585
真飽涼麵-原味麻醬,彰化縣北斗鎮店家,彰化縣北斗鎮四海路1段87號,合格,大腸桿菌陰性大腸桿菌群陰性,107,新北市,120.5336665,23.869208
涼麵,新北市汐止區店家,新北市汐止區大同路2段433號,合格,大腸桿菌群23大腸桿菌陰性,107,新北市,121.6589563,25.0674468
原味麻醬涼麵,臺北市內湖區店家,臺北市內湖區民善街88號,合格,大腸桿菌陰性大腸桿菌群210,107,新北市,121.5750221,25.0602383
日式柴魚涼麵,臺北市內湖區店家,臺北市內湖區民善街88號,合格,大腸桿菌陰性大腸桿菌群93,107,新北市,121.5750221,25.0602383
招牌涼麵,新北市中和區店家,新北市中和區連城路219巷2號,合格,大腸桿菌陰性大腸桿菌群150,107,新北市,121.4943586,24.9973114
素食涼麵,新北市中和區店家,新北市中和區連城路219巷2號,合格,大腸桿菌陰性大腸桿菌群21,107,新北市,121.4943586,24.9973114
涼麵,新北市新店區店家,新北市新店區華中街66號1樓,合格,大腸桿菌陰性大腸桿菌群陰性,107,新北市,121.5414314,24.9713136
特製涼麵,新北市新店區店家,新北市新店區中正路96號1樓,合格,大腸桿菌陰性大腸桿菌群93,107,新北市,121.5435265,24.9706558
蒜辣麻醬涼麵,桃園市中壢區店家,桃園市中壢區自強一路111號,合格,大腸桿菌陰性大腸桿菌群陰性,107,新北市,121.2434609,24.9767585
傳統麻醬涼麵,傳統,新北市五股區五權路49號,合格,大腸桿菌陰性大腸桿菌群陰性,107,新北市,121.4526846,25.0693221
大份量傳統麻醬涼麵,新北市五股區店家,新北市五股區五權路49號,合格,大腸桿菌陰性大腸桿菌群陰性,107,新北市,121.4526846,25.0693221
香辣椒麻雞絲涼麵,新北市五股區店家,新北市五股區五權路49號,合格,大腸桿菌陰性大腸桿菌群陰性,107,新北市,121.4526846,25.0693221
涼麵,新北市新莊區店家,新北市新莊區幸福路600號,合格,大腸桿菌陰性大腸桿菌群23,107,新北市,121.4533033,25.0493792
涼麵,新北市中和區店家,新北市中和區泰和街44巷42號,合格,大腸桿菌陰性大腸桿菌群陰性,107,新北市,121.4982074,25.0013512
涼麵,新北市新店區店家,新北市新店區建國路129之1號,合格,大腸桿菌群陰性大腸桿菌陰性,107,新北市,121.5394695,24.9780255
招牌涼麵,新北市永和區店家,新北市永和區秀朗路1段124號,合格,大腸桿菌陰性大腸桿菌群240,107,新北市,121.5213727,24.9989399
素食涼麵,新北市永和區店家,新北市永和區秀朗路1段124號,合格,大腸桿菌陰性大腸桿菌群460,107,新北市,121.5213727,24.9989399
麻醬涼麵,新北市永和區店家,新北市永和區竹林路131之1號,合格,大腸桿菌陰性大腸桿菌群陰性,107,新北市,121.5203493,25.0110624
涼麵,新北市中和區店家,新北市中和區新生街32號,合格,大腸桿菌陰性大腸桿菌群陰性,107,新北市,121.4831069,25.0037006
醡醬涼麵,新北市板橋區店家,新北市板橋區中山路2段90巷10號,合格,大腸桿菌群240大腸桿菌陰性,107,新北市,121.4752881,25.0160174
涼麵,新北市新莊區店家,新北市新莊區四維路205號,合格,大腸桿菌群93大腸桿菌陰性,107,新北市,121.4221186,25.0202172
一番涼麵,桃園市大溪區店家,桃園市大溪區松樹21-8號,合格,大腸桿菌陰性大腸桿菌群9.2,107,新北市,121.2969674,24.8658422
日式蕎麥風味涼麵,桃園市大溪區店家,桃園市大溪區松樹21-8號,合格,大腸桿菌陰性大腸桿菌群陰性,107,新北市,121.2969674,24.8658422
鵝肉,桃園市大園區店家,桃園市大園區圳頭路311巷141弄128號,合格,氯黴素類抗生素(4項)未檢出四環黴素類(7項)未檢出動物用藥多重殘留(48項)未檢出β-內醯胺類抗生素(8項)未檢出乙型受體素類(β-agonist)(21項)未檢出,110,新北市,121.2060066,25.0722053
鱸魚,新北市五股區店家,新北市五股區五工六路35號,合格,孔雀綠(2項)未檢出氯黴素類抗生素(4項)未檢出動物用藥多重殘留(48項)未檢出,110,新北市,121.4475269,25.0642062
鴨肉,花蓮縣鳳林鎮店家,花蓮縣鳳林鎮綜開段4地號中心埔段中心137等12筆山地號,合格,抗原蟲(7項)未檢出氯黴素類抗生素(4項)未檢出四環黴素類(7項)未檢出動物用藥多重殘留(48項)未檢出離子型抗球蟲藥(5項)未檢出,110,新北市,121.440289,23.707407
鴨肉,新北市三重區店家,新北市三重區成功路19號2樓之8,合格,抗原蟲(7項)未檢出氯黴素類抗生素(4項)未檢出四環黴素類(7項)未檢出動物用藥多重殘留(48項)未檢出離子型抗球蟲藥(5項)未檢出,110,新北市,121.490378,25.0504799
進口羊肉卷,新北市蘆洲區店家,新北市蘆洲區水湳街399-2號4樓,合格,氯黴素類抗生素(4項)未檢出動物用藥多重殘留(48項)未檢出抗生素及其代謝物多重殘留分析-畜禽水產品(16項)未檢出β-內醯胺類抗生素(8項)未檢出,110,新北市,121.4703497,25.0941184
豐新鮮100%鮮羊乳,台南市新營區店家,台南市新營區健康路81號,合格,氯黴素類抗生素(4項)未檢出動物用藥多重殘留(48項)未檢出抗生素及其代謝物多重殘留分析-乳汁(16項)未檢出,110,新北市,120.312111,23.31319
澳洲羊肉炒片,基隆市七堵區店家,基隆市七堵區工建南路23號,合格,氯黴素類抗生素(4項)未檢出動物用藥多重殘留(48項)未檢出抗生素及其代謝物多重殘留分析-畜禽水產品(16項)未檢出β-內醯胺類抗生素(8項)未檢出,110,新北市,121.7036399,25.0835493
汶萊蝦皇,臺北市萬華區店家,臺北市萬華區桂林路242巷67號,合格,孔雀綠(2項)未檢出氯黴素類抗生素(4項)未檢出四環黴素類(7項)未檢出動物用藥多重殘留(48項)未檢出,109,新北市,121.4941545,25.0369799
白蝦,臺北市萬華區店家,臺北市萬華區長順街44號,合格,孔雀綠(2項)未檢出氯黴素類抗生素(4項)未檢出四環黴素類(7項)未檢出動物用藥多重殘留(48項)未檢出,109,新北市,121.4894049,25.0319764
直採美國冷藏嫩肩里肌牛排,臺北市內湖區店家,臺北市內湖區新湖一路128巷36號2樓,合格,Ractopamine7.598β-內醯胺類抗生素(8項)未檢出乙型受體素類(β-agonist)(20項)檢出細項,107,新北市,121.576814,25.0599741
鮮奶坊豐樂鮮奶,台中市西屯區店家,台中市西屯區工業13路1號,合格,抗生素及其代謝物多重殘留分析-乳汁(16項)未檢出動物用藥多重殘留(48項)未檢出硝基?喃代謝物(4項)未檢出氯黴素類抗生素(4項)未,107,新北市,120.6424333,24.1769764
燕巢100%全脂鮮乳,台中市西屯區店家,台中市西屯區13號1樓,合格,硝基?喃代謝物(4項)未檢出抗生素及其代謝物多重殘留分析-乳汁(16項)未檢出動物用藥多重殘留(48項)未檢出氯黴素類抗生素(4項)未,107,新北市,120.6424333,24.1769764
三紅蛋,新北市土城區店家,新北市土城區大安里慶祥街59巷6號,合格,芬普尼及其代謝物之總量未檢出四環黴素類(7項)未檢出抗原蟲(7項)未檢出,107,新北市,121.435812,24.9728277
牛頭牌泰式甜辣醬,台南市新市店家,台南市新市區大營里豐榮160號,合格,糖精(Saccharin)未檢出苯甲酸未檢出己二烯酸未檢出甘精(dulcin)未檢出環己基(代)磺醯胺酸(cyclamate)未檢出去水醋酸未檢出醋磺內酯鉀(Acesulfamepotassium)未檢出,107,新北市,120.3060542,23.0873384
上等辣椒醬,臺北市大同區店家,臺北市大同區重慶北路3段338號7F,合格,甘精(dulcin)未檢出己二烯酸未檢出苯甲酸0.59去水醋酸未檢出糖精(Saccharin)未檢出環己基(代)磺醯胺酸(cyclamate)未檢出醋磺內酯鉀(Acesulfamepotassium)0.09,107,新北市,121.5136255,25.0760396
高慶泉甜辣醬,南投縣南投市店家,南投縣南投市工業北三路2號,合格,去水醋酸未檢出糖精(Saccharin)未檢出苯甲酸未檢出環己基(代)磺醯胺酸(cyclamate)未檢出甘精(dulcin)未檢出己二烯酸0.19醋磺內酯鉀(Acesulfamepotassium)未檢出,107,新北市,120.658541,23.926099
蒜蓉辣椒醬,臺北市信義區店家,臺北市信義區忠孝東路4段560號,合格,己二烯酸未檢出苯甲酸未檢出去水醋酸未檢出糖精(Saccharin)未檢出環己基(代)磺醯胺酸(cyclamate)未檢出甘精(dulcin)未檢出醋磺內酯鉀(Acesulfamepotassium)未檢出,107,新北市,121.557158,25.041012
金蘭甜辣醬,金蘭,桃園市大溪區介壽路236號,合格,環己基(代)磺醯胺酸(cyclamate)未檢出甘精(dulcin)未檢出苯甲酸未檢出醋磺內酯鉀(Acesulfamepotassium)未檢出去水醋酸未檢出糖精(Saccharin)未檢出己二烯酸0.42,107,新北市,121.2920536,24.9196793
萬家香海山醬,萬家香,屏東縣內埔鄉中林村大同路5段88號,合格,去水醋酸未檢出糖精(Saccharin)未檢出環己基(代)磺醯胺酸(cyclamate)未檢出醋磺內酯鉀(Acesulfamepotassium)未檢出甘精(dulcin)未檢出苯甲酸未檢出己二烯酸0.56,107,新北市,120.596525,22.6620822
老騾子蒜蓉朝天辣椒,臺北市松山區店家,臺北市松山區松江路301號2樓,合格,醋磺內酯鉀(Acesulfamepotassium)未檢出去水醋酸未檢出糖精(Saccharin)未檢出己二烯酸未檢出苯甲酸未檢出環己基(代)磺醯胺酸(cyclamate)未檢出甘精(dulcin)未檢出,107,新北市,121.5334279,25.0612955
辣椒醬,辣椒,嘉義縣梅山鄉過山村開元后26-3號,合格,己二烯酸未檢出苯甲酸未檢出去水醋酸未檢出環己基(代)磺醯胺酸(cyclamate)未檢出甘精(dulcin)未檢出醋磺內酯鉀(Acesulfamepotassium)未檢出糖精(Saccharin)未檢出,107,新北市,120.5322181,23.5877644
愛之味甜辣醬,嘉義縣民雄鄉店家,嘉義縣民雄鄉興南村工業二路11號,合格,環己基(代)磺醯胺酸(cyclamate)未檢出醋磺內酯鉀(Acesulfamepotassium)未檢出甘精(dulcin)未檢出己二烯酸未檢出苯甲酸未檢出去水醋酸未檢出糖精(Saccharin)未檢出,107,新北市,120.4318034,23.5217064
香山麻油辣椒醬,新竹市東區店家,新竹市東區牛埔路280號,合格,環己基(代)磺醯胺酸(cyclamate)未檢出甘精(dulcin)未檢出醋磺內酯鉀(Acesulfamepotassium)0.73己二烯酸未檢出苯甲酸0.80糖精(Saccharin)未檢出去水醋酸未檢出,107,新北市,120.9472489,24.8002847
豆乳花生辣醬,雲林縣林內鄉店家,雲林縣林內鄉烏社村永昌路1-60號,合格,甘精(dulcin)未檢出苯甲酸0.88糖精(Saccharin)未檢出己二烯酸未檢出醋磺內酯鉀(Acesulfamepotassium)0.24環己基(代)磺醯胺酸(cyclamate)未檢出去水醋酸未檢出,107,新北市,120.5924532,23.7553599
四川辣椒醬,四川,新北市土城區永豐路195巷7弄24號,合格,己二烯酸未檢出甘精(dulcin)未檢出去水醋酸未檢出糖精(Saccharin)未檢出苯甲酸0.89環己基(代)磺醯胺酸(cyclamate)未檢出醋磺內酯鉀(Acesulfamepotassium)0.59,107,新北市,121.4706495,24.9802419
泰式辣椒醬(Thaikitchen),泰式,高雄市前鎮區中華五路656號,合格,甘精(dulcin)未檢出糖精(Saccharin)未檢出去水醋酸未檢出己二烯酸未檢出苯甲酸未檢出環己基(代)磺醯胺酸(cyclamate)未檢出醋磺內酯鉀(Acesulfamepotassium)未檢出,107,新北市,120.3066113,22.6036247
海山醬,臺北市松山區店家,臺北市松山區忠孝東路3段10巷1號,合格,醋磺內酯鉀(Acesulfamepotassium)未檢出去水醋酸未檢出糖精(Saccharin)未檢出己二烯酸0.20苯甲酸未檢出環己基(代)磺醯胺酸(cyclamate)未檢出甘精(dulcin)未檢出,107,新北市,121.5335226,25.0420211
辣椒醬,辣椒,台中市北區五順街149號,合格,苯甲酸0.90醋磺內酯鉀(Acesulfamepotassium)0.54去水醋酸未檢出糖精(Saccharin)未檢出環己基(代)磺醯胺酸(cyclamate)未檢出甘精(dulcin)未檢出己二烯酸未檢出,107,新北市,120.6814862,24.1536112
赤肉焿,新北市永和區店家,新北市永和區竹林路225巷9號,合格,大腸桿菌陰性大腸桿菌群陰性,110,新北市,121.5214831,25.0086735
魯肉飯,新北市永和區店家,新北市永和區竹林路223號,合格,大腸桿菌陰性大腸桿菌群陰性,110,新北市,121.5209867,25.00861
貢丸湯,新北市永和區店家,新北市永和區竹林路223之3號,合格,大腸桿菌陰性大腸桿菌群陰性,110,新北市,121.5208419,25.0085748
新疆芝麻餅(甜),新北市新店區店家,新北市新店區新店路226號,合格,大腸桿菌陰性大腸桿菌群陰性,110,新北市,121.5372884,24.9567532
新疆芝麻餅(鹹),新北市新店區店家,新北市新店區新店路226號,合格,大腸桿菌陰性大腸桿菌群陰性,110,新北市,121.5372884,24.9567532
饅頭,新北市淡水區店家,新北市淡水區英專路50號,合格,大腸桿菌陰性大腸桿菌群陰性,110,新北市,121.4457402,25.1706035
蔥抓餅,新北市淡水區店家,新北市淡水區英專路50號,合格,大腸桿菌陰性大腸桿菌群陰性,110,新北市,121.4457402,25.1706035
皮蛋瘦肉粥,新北市汐止區店家,新北市汐止區新台五路1段99號1樓之1,合格,大腸桿菌陰性大腸桿菌群陰性,110,新北市,121.8542328,25.1121605
米血,新北市板橋區店家,新北市板橋區英士路1號,合格,大腸桿菌陰性大腸桿菌群陰性,110,新北市,121.4624381,25.0253951
大腸包小腸,新北市三重區店家,新北市三重區興德路99號,合格,大腸桿菌陰性大腸桿菌群陰性,110,新北市,121.4726344,25.0532394
米粉湯,新北市五股區店家,新北市五股區五權路42之1號,合格,大腸桿菌陰性大腸桿菌群陰性,110,新北市,121.4521903,25.06847
大腸麵線,新北市五股區店家,新北市五股區五權路42之1號,合格,大腸桿菌陰性大腸桿菌群陰性,110,新北市,121.4521903,25.06847
牛肉燴飯,牛肉,新北市五股區五權路42之1號,合格,大腸桿菌陰性大腸桿菌群陰性,110,新北市,121.4521903,25.06847
蔥燒Q餅,新北市三重區店家,新北市三重區光復路2段1號,合格,大腸桿菌陰性大腸桿菌群陰性,110,新北市,121.4723711,25.0534531
韮菜盒子,新北市三重區店家,新北市三重區興德路99號,合格,大腸桿菌陰性大腸桿菌群陰性,110,新北市,121.4726344,25.0532394
麵線,新北市板橋區店家,新北市板橋區大仁街5號,合格,大腸桿菌陰性大腸桿菌群陰性,110,新北市,121.4560147,25.0169599
肉羹,新北市板橋區店家,新北市板橋區中正路193之2號,合格,大腸桿菌陰性大腸桿菌群陰性,110,新北市,121.4561896,25.0170316
赤肉焿,新北市永和區店家,新北市永和區竹林路225巷9號,合格,大腸桿菌陰性大腸桿菌群陰性,110,新北市,121.5214831,25.0086735
炸黑輪,新北市三峽區店家,新北市三峽區愛國路12號,合格,大腸桿菌陰性大腸桿菌群陰性,110,新北市,121.3735832,24.9338533
炸花枝丸,新北市三峽區店家,新北市三峽區愛國路12號,合格,大腸桿菌陰性大腸桿菌群陰性,110,新北市,121.3735832,24.9338533
麵線,新北市鶯歌區店家,新北市鶯歌區中正一路91號,合格,大腸桿菌陰性大腸桿菌群陰性,110,新北市,121.3523012,24.9549592
彰化冬瓜(切片),桃園市大園區店家,桃園市大園區大觀路269-5號,合格,二硫代胺基甲酸鹽類未檢出農藥多重殘留分析(380項)未檢出,109,新北市,121.1891428,25.0657408
冬瓜,新北市新店區店家,新北市新店區寶中路95-12號,合格,二硫代胺基甲酸鹽類未檢出農藥多重殘留分析(380項)未檢出,109,新北市,121.5479635,24.9813826
新疆枸杞,臺北市大同區店家,臺北市大同區西寧北路92號,合格,二硫代胺基甲酸鹽類未檢出農藥多重殘留分析(380項)檢出細項亞滅培(Acetamiprid)0.43,109,新北市,121.5086871,25.0554868
白木耳,白木,臺北市士林區華齡街175號2樓,合格,二硫代胺基甲酸鹽類未檢出農藥多重殘留分析(380項)未檢出,109,新北市,121.5192471,25.0871324
有機綠色奇異果(5入),屏東縣潮州鎮店家,屏東縣潮州鎮榮吉街15號,合格,二硫代胺基甲酸鹽類未檢出農藥多重殘留分析(380項)未檢出,109,新北市,120.5352778,22.5484013
有機銀耳,彰化縣和美鎮店家,彰化縣和美鎮太平路46巷46號,合格,二硫代胺基甲酸鹽類未檢出農藥多重殘留分析(380項)未檢出,109,新北市,120.5113612,24.0862372
玉荷包,台南市東山區店家,台南市東山區東原里21鄰56號,合格,二硫代胺基甲酸鹽類未檢出農藥多重殘留分析(380項)檢出細項貝芬替(Carbendazim)0.13陶斯松(Chlorpyrifos)0.02第滅寧(Deltamethrin)0.21撲滅松(Fenitrothion)0.04納乃得(Methomyl)0.06,109,新北市,120.4530456,23.2866317
彰化冬瓜(切片),桃園市大園區店家,桃園市大園區大觀路269-5號,合格,二硫代胺基甲酸鹽類未檢出農藥多重殘留分析(380項)未檢出,109,新北市,121.1891428,25.0657408
桂竹筍,台中市東勢區店家,台中市東勢區明正里12鄰202號,合格,二硫代胺基甲酸鹽類未檢出農藥多重殘留分析(380項)未檢出,109,新北市,120.7867129,24.3052915
玉米筍,玉米,新北市三重區五華街331~333號,合格,二硫代胺基甲酸鹽類未檢出農藥多重殘留分析(380項)未檢出,109,新北市,121.4846739,25.0905938
有機地瓜葉,屏東縣萬丹鄉店家,屏東縣萬丹鄉加興村社皮路2段228巷27號,合格,二硫代胺基甲酸鹽類未檢出農藥多重殘留分析(380項)未檢出,109,新北市,120.4700288,22.609914
小黃瓜,桃園市八德區店家,桃園市八德區福德一路237號,合格,二硫代胺基甲酸鹽類未檢出農藥多重殘留分析(380項)檢出細項普拔克(Propamocarbhydrochloride)0.09氟尼胺(Flonicamid)0.03護汰芬(Flutriafol)0.05,109,新北市,121.3274911,24.9641869
苦瓜,彰化縣竹塘鄉店家,彰化縣竹塘鄉竹元村中央路2段153號,合格,二硫代胺基甲酸鹽類未檢出農藥多重殘留分析(380項)檢出細項待克利(Difenoconazole)0.02撲滅寧(Procymidone)0.02,109,新北市,120.4216842,23.8553292
香菜,彰化縣北斗鎮店家,彰化縣北斗鎮復興路616號,不合格,農藥殘留理有龍Linuron 1.09ppm(標準：不得檢出),107,新北市,120.5186775,23.8810552
香菜,彰化縣二林鎮店家,彰化縣二林鎮華崙里光復路35 號,不合格,農藥殘留陶斯松Chlorpyrifos0.05ppm(標準：0.01ppm),107,新北市,120.4476047,23.944482
五香豆干,五香,臺北市萬華區環河南路二段245號,合格,水楊酸對羥苯甲酸芥黃(Auramine)二甲基黃(dimethyl yellow)二乙基黃(diethyl yellow)己二烯酸苯甲酸過氧化氫皂黃(Metanil Yellow)去水醋酸,107,新北市,121.4897587,25.0286603
油豆腐,臺北市萬華區店家,臺北市萬華區環河南路二段245號,合格,,107,新北市,121.4897587,25.0286603
百頁豆腐,雲林縣四湖鄉店家,雲林縣四湖鄉鹿場村下鹿場98 號,合格,,107,新北市,120.238928,23.617361
百頁豆腐,嘉義縣民雄鄉店家,嘉義縣民雄鄉民雄工業區成功一街7號,合格,,107,新北市,120.4539927,23.5223428
雅方火鍋小豆皮,彰化縣芬園鄉店家,彰化縣芬園鄉彰南路2段761號,合格,,107,新北市,120.6303264,23.9996285
豆菊,台南市官田區店家,台南市官田區湖山里75號,合格,水楊酸對羥苯甲酸芥黃(Auramine)二甲基黃(dimethyl yellow)二乙基黃(diethyl yellow)己二烯酸苯甲酸過氧化氫皂黃(Metanil Yellow)去水醋酸,107,新北市,120.34938,23.209083
松珍雞排,桃園市桃園區店家,桃園市桃園區龜山區復興三路452號,合格,,107,新北市,121.3705571,25.043938
豆干,豆干,新北市中和區錦和路77巷1號,合格,,107,新北市,121.4895175,24.9980472
手打滷香豆干,手打,彰化縣田尾鄉田尾村光復路2段752號,合格,,107,新北市,120.5300909,23.8916344
手打豆干,手打,彰化縣田尾鄉田尾村光復路2段752號,合格,,107,新北市,120.5300909,23.8916344
三角油豆腐,台中市西屯區店家,台中市西屯區工業39 路62號,合格,水楊酸對羥苯甲酸芥黃(Auramine)二甲基黃(dimethyl yellow)二乙基黃(diethyl yellow)己二烯酸苯甲酸過氧化氫皂黃(Metanil Yellow)去水醋酸,107,新北市,120.6424333,24.1769764
高洪生豆皮,臺北市萬華區店家,臺北市萬華區桂林路244巷66號,合格,,107,新北市,121.4937805,25.0370591
臭豆腐,臺北市萬華區店家,臺北市萬華區西園路2段281巷6弄2號,合格,,107,新北市,121.4999928,25.0392644
中華滷味百頁豆腐(全素),高雄市大樹區店家,高雄市大樹區龍目路110-6號,合格,,107,新北市,120.41625,22.6851785
豆干,豆干,台南市東區崇明18 街17號,合格,,107,新北市,120.2262775,22.9702732
春捲皮,新北市五股區店家,新北市五股區五工六路24號1樓,合格,己二烯酸苯甲酸甲醛去水醋酸二氧化硫,107,新北市,121.449115,25.0632147
潤餅皮,潤餅皮,新北市汐止區中正路101號門口,合格,,107,新北市,121.6609666,25.0693764
潤餅皮,潤餅皮,新北市泰山區明志路2段255巷3弄5號,合格,,107,新北市,121.4279084,25.0476279
潤餅皮,潤餅皮,新北市新莊區民安東路33號,合格,,107,新北市,121.4286557,25.021034
潤餅皮,潤餅皮,新北市新莊區五權一路5號3樓之7,合格,,107,新北市,121.4578723,25.066271
潤餅皮,潤餅皮,新北市淡水區中正路134號,合格,己二烯酸苯甲酸甲醛去水醋酸二氧化硫,107,新北市,121.441221,25.1697419
潤餅皮,潤餅皮,新北市汐止區信義路15號,合格,,107,新北市,121.6616512,25.0693462
潤餅皮,潤餅皮,新北市永和區永平路157巷2弄29號,合格,,107,新北市,121.5103487,25.0083052
潤餅皮,潤餅皮,新北市中和區民享街40號,合格,,107,新北市,121.4738968,25.002918
潤餅皮,潤餅皮,新北市新店區建國路(建國市場),合格,,107,新北市,121.540643,24.974758
潤餅皮(春捲皮),潤餅皮,新北市五股區五工六路24號5樓,合格,己二烯酸苯甲酸甲醛去水醋酸二氧化硫,107,新北市,121.449115,25.0632147
春捲皮VDK001,桃園市中壢區店家,桃園市中壢區榮民南路261號,合格,,107,新北市,121.2568244,24.9516828
薄米紙,桃園市桃園區店家,桃園市桃園區龍鳳三街65巷37號,合格,,107,新北市,121.2800012,24.9862892
潤餅皮,潤餅皮,新北市蘆洲區光華路169之5號,合格,,107,新北市,121.465001,25.081918
春捲皮,新北市三重區店家,新北市三重區中正北路193巷11弄44號,合格,,107,新北市,121.4787223,25.0707971
薄餅,薄餅,臺北市中山區錦州街46號9樓之1,合格,己二烯酸苯甲酸甲醛去水醋酸二氧化硫,107,新北市,121.5258808,25.0601883
春捲皮(潤餅皮),彰化縣員林鎮店家,彰化縣員林鎮員大路2段175號,合格,,107,新北市,120.5553726,23.9749041
薄餅,薄餅,臺北市中山區錦州街46號9樓之1,合格,,107,新北市,121.5258808,25.0601883
潤餅皮,潤餅皮,新北市三峽區和平街57號,合格,,107,新北市,121.3701091,24.9362704
潤餅皮,潤餅皮,新北市中和區和平路218號之1 . 1樓,合格,,107,新北市,121.4853103,24.9962178
花生粉,花生,新北市三重區忠孝路,合格,黃麴毒素,107,新北市,121.484413,25.0698463
炒熟花生粉(調合粉),南投縣南投市店家,南投縣南投市自強三路28號,合格,,107,新北市,120.6658078,23.9266711
花生粉,花生,雲林縣北港鎮穎寧街49號,合格,,107,新北市,120.2962709,23.5785291
花生粉,花生,新北市板橋區大觀路2段174巷118弄10號,合格,,107,新北市,121.442691,25.0012129
花生粉,花生,臺北市松山區赤峰街49巷19號,合格,,107,新北市,121.5202567,25.055773
花生粉,花生,基隆市中正區平安一路100巷14-1號,合格,黃麴毒素,107,新北市,121.7867055,25.1344872
花生粉,花生,新北市三重區溪尾街29-2號,合格,,107,新北市,121.4914028,25.0755448
花生粉,花生,新北市樹林區水源街64號,合格,,107,新北市,121.4254144,24.9822387
花生粉,花生,桃園市平鎮區快速路2段616巷6號,合格,,107,新北市,121.2259653,24.9159974
一級花生粉,彰化縣芳苑鄉店家,彰化縣芳苑鄉仁愛村芳漢路芳二段758號,合格,,107,新北市,120.3228578,23.9208264
法式烤年糕(紅豆年糕),法式,新北市土城區學府路1段150號,合格,規定煤焦色素己二烯酸苯甲酸硼酸及其鹽類去水醋酸,107,新北市,121.459747,24.9885054
綠豆草仔粿,綠豆,新北市汐止區忠孝東路275號1樓,合格,,107,新北市,121.6637622,25.0684491
如意年糕,新北市樹林區店家,新北市樹林區俊英街219巷45弄8-1號,合格,,107,新北市,121.4206933,25.0100769
李鹹糕,新北市板橋區店家,新北市板橋區漢生東路23巷16號,合格,,107,新北市,121.4655514,25.0174903
義美小甜粿-紅豆,義美,臺北市信義區信義路2段88號10樓,合格,,107,新北市,121.526813,25.0339597
梅花鄉港式菜頭粿,梅花,彰化縣伸港鄉興工路59號,合格,規定煤焦色素己二烯酸苯甲酸硼酸及其鹽類去水醋酸,107,新北市,120.5107121,24.1674551
原味蘿蔔糕,新北市三重區店家,新北市三重區大同南路16之3號,合格,,107,新北市,121.4958799,25.0607589
蝦米蘿蔔糕,蝦米,新北市三重區大同南路16之3號,合格,,107,新北市,121.4958799,25.0607589
年糕(紅豆口味),桃園市八德區店家,桃園市八德區介壽路133巷130號,合格,,107,新北市,121.3001134,24.956758
蘿蔔糕,蘿蔔,新北市蘆洲區永樂街38巷45弄19號5F,合格,,107,新北市,121.4574403,25.0899817
省產高麗菜,雲林縣西螺鎮店家,雲林縣西螺鎮振安路98號,合格,農藥殘留,107,新北市,120.4586209,23.788367
雪翠高麗菜,彰化縣溪湖鎮店家,彰化縣溪湖鎮田中里田河路108號,合格,,107,新北市,120.4933624,23.9583265
豆芽菜,新北市樹林區店家,新北市樹林區中正路642巷4號,合格,,107,新北市,121.4111115,25.017374
台灣有機高麗菜,彰化縣溪州鄉店家,彰化縣溪州鄉中山路4段200號,合格,,107,新北市,120.5069256,23.8618746
有機豆芽菜,台中市后里區店家,台中市后里區公館里眉豐路120號,合格,農藥殘留,107,新北市,120.7230215,24.327457
方便煮-綠豆芽,雲林縣西螺鎮店家,雲林縣西螺鎮新安里振安路98號,合格,,107,新北市,120.4586209,23.788367
綠豆芽,綠豆,新北市永和區環河東路2段46號,合格,,107,新北市,121.5229901,25.0119118
高麗菜,新北市三重區店家,新北市三重區中正北路111號,合格,,107,新北市,121.4853918,25.0659487
中華火鍋豆腐,高雄市大樹區店家,高雄市大樹區龍目路110-6號,合格,過氧化氫未檢出去水醋酸未檢出己二烯酸未檢出苯甲酸未檢出,108,新北市,120.41625,22.6851785
中華有機豆腐,屏東縣潮州鎮店家,屏東縣潮州鎮介壽路468號,合格,己二烯酸未檢出苯甲酸未檢出過氧化氫未檢出去水醋酸未檢出,108,新北市,120.528121,22.529039
嫩豆腐,台中市神岡區店家,台中市神岡區豐工中路1號,合格,己二烯酸未檢出苯甲酸未檢出過氧化氫未檢出去水醋酸未檢出,108,新北市,120.711433,24.277963
凍豆腐,台中市神岡區店家,台中市神岡區豐工中路1號,合格,去水醋酸未檢出過氧化氫未檢出苯甲酸未檢出己二烯酸未檢出,108,新北市,120.711433,24.277963
義美凍豆腐,義美,臺北市大安區信義路2段88號10樓,合格,己二烯酸未檢出苯甲酸未檢出過氧化氫未檢出去水醋酸未檢出,108,新北市,121.526813,25.0339597
中華涼拌豆腐,高雄市大樹區店家,高雄市大樹區龍目路110-6號,合格,過氧化氫未檢出去水醋酸未檢出己二烯酸未檢出苯甲酸未檢出,108,新北市,120.41625,22.6851785
中華凍豆腐,屏東縣潮州鎮店家,屏東縣潮州鎮介壽路468號,合格,己二烯酸未檢出苯甲酸未檢出去水醋酸未檢出過氧化氫未檢出,108,新北市,120.528121,22.529039
高町手作绢豆腐,新北市新店區店家,新北市新店區安康路3段352號,合格,過氧化氫未檢出己二烯酸未檢出苯甲酸未檢出去水醋酸未檢出,108,新北市,121.4860397,24.9517526
義美傳統料理豆腐,義美,桃園市蘆竹區南工路1段11號,合格,己二烯酸未檢出苯甲酸未檢出過氧化氫未檢出去水醋酸未檢出,108,新北市,121.2727696,25.0543353
豆腐,新北市淡水區店家,新北市淡水區淡水區新生街20之6號,合格,苯甲酸未檢出己二烯酸未檢出過氧化氫未檢出去水醋酸未檢出,108,新北市,121.4388404,25.1737549
大漢嫩豆腐,大漢,桃園市大園區大觀路548號,合格,去水醋酸未檢出己二烯酸未檢出苯甲酸未檢出過氧化氫未檢出,108,新北市,121.1805095,25.0644032
中華超嫩豆腐,高雄市大樹區店家,高雄市大樹區龍目路龍目路110-6號,合格,過氧化氫未檢出己二烯酸未檢出苯甲酸未檢出去水醋酸未檢出,108,新北市,120.41625,22.6851785
豆腐,新北市新莊區店家,新北市新莊區成德街71號,合格,去水醋酸未檢出苯甲酸未檢出過氧化氫未檢出己二烯酸未檢出,108,新北市,121.4238354,25.0223296
大漢真品細豆腐,大漢,桃園市大園區大觀路548號,合格,己二烯酸未檢出苯甲酸未檢出過氧化氫未檢出去水醋酸未檢出,108,新北市,121.1805095,25.0644032
芙蓉豆腐,新北市中和區店家,新北市中和區橋和路60號,合格,去水醋酸未檢出己二烯酸未檢出苯甲酸未檢出過氧化氫未檢出,108,新北市,121.4897034,25.0051693
鹽鹵黑豆腐,新北市三峽區店家,新北市三峽區民權街84巷12之1號,合格,過氧化氫未檢出己二烯酸未檢出苯甲酸未檢出去水醋酸未檢出,108,新北市,121.3689289,24.9333867
豆腐,新北市土城區店家,新北市土城區學府路1段164巷4弄1號,合格,過氧化氫未檢出己二烯酸未檢出去水醋酸未檢出苯甲酸未檢出,108,新北市,121.459747,24.9885054
有機凍豆腐,新竹縣湖口鄉店家,新竹縣湖口鄉中正路2段126巷10號,合格,己二烯酸未檢出苯甲酸未檢出去水醋酸未檢出過氧化氫未檢出,108,新北市,121.0488968,24.8939216
豆腐,新北市中和區店家,新北市中和區立德街52巷17號1-3樓,合格,去水醋酸未檢出過氧化氫未檢出己二烯酸未檢出苯甲酸未檢出,108,新北市,121.488155,25.00825
豆腐,新北市板橋區店家,新北市板橋區國泰街53之1號,合格,苯甲酸未檢出過氧化氫未檢出去水醋酸未檢出己二烯酸未檢出,108,新北市,121.4680047,25.0065025
豆腐,新北市板橋區店家,新北市板橋區文化路1段421巷27號,不合格,去水醋酸未檢出過氧化氫未檢出己二烯酸未檢出苯甲酸1.26,108,新北市,121.4618415,25.0114095
350CC紙飯碗,臺北市士林區店家,臺北市士林區華齡街175號2樓,合格,螢光增白劑,108,新北市,121.5192471,25.0871324
7吋印花紙盤,新北市新莊區店家,新北市新莊區福營路125巷35號,合格,螢光增白劑,108,新北市,121.4338732,25.0302582
80Z專業咖啡杯,新北市新莊區店家,新北市新莊區福營路125巷35號,合格,螢光增白劑,108,新北市,121.4338732,25.0302582
260CC紙碗,新北市新莊區店家,新北市新莊區福營路125巷35號,合格,螢光增白劑,108,新北市,121.4338732,25.0302582
怡家寶環保紙吸管,高雄市三民區店家,高雄市三民區永吉街13-1號1樓,合格,螢光增白劑,108,新北市,120.3081318,22.6442426
自然風環保植纖飯碗(小)225ml,自然風環,台南市佳里區成功路202巷4弄7號,合格,螢光增白劑,108,新北市,120.1726956,23.1506962
自然風環保植纖圓紙盤7吋,自然風環,台南市佳里區成功路202巷4弄7號,合格,螢光增白劑,108,新北市,120.1726956,23.1506962
蔗吸寶甘蔗纖維吸管,桃園市桃園區店家,桃園市桃園區大有路803號,合格,螢光增白劑,108,新北市,121.3154028,25.019257
215 oz circle圓圈系列-試飲杯,高雄市阿蓮區店家,高雄市阿蓮區成功街180巷50號,合格,螢光增白劑,108,新北市,120.3313194,22.8867618
500cc 漿塑碗-5入,台中市東區店家,台中市東區東英13街11號,合格,螢光增白劑,108,新北市,120.7073843,24.1457274
漿塑10吋紙盤,臺北市士林區店家,臺北市士林區華齡街175號2樓,合格,螢光增白劑,108,新北市,121.5192471,25.0871324
白色紙杯,臺北市士林區店家,臺北市士林區華齡街175號2樓,合格,螢光增白劑,108,新北市,121.5192471,25.0871324
環保植物纖維飯碗225ml,環保,高雄市阿蓮區成功街180巷50號,合格,螢光增白劑,108,新北市,120.3313194,22.8867618
300ml植纖碗,高雄市楠梓區店家,高雄市楠梓區楠梓路151巷27弄12號,合格,螢光增白劑,108,新北市,120.3283722,22.7307392
200cc紙杯50入,新北市新莊區店家,新北市新莊區福營路125巷35號,合格,螢光增白劑,108,新北市,121.4338732,25.0302582
白紙盤7吋,新北市新莊區店家,新北市新莊區福營路125巷35號,合格,螢光增白劑,108,新北市,121.4338732,25.0302582
環保植物纖維湯碗350ml,環保,台南市佳里區成功路202巷4弄75號1樓,合格,螢光增白劑,108,新北市,120.1725965,23.1512769
文創設計杯-中,台南市麻豆區店家,台南市麻豆區麻口里麻口1-31號,合格,螢光增白劑,108,新北市,120.2195374,23.1779137
香菇燉雞,香菇,台南市東區崇明路529號,合格,苯甲酸0.07去水醋酸未檢出甘精(dulcin)未檢出二甲基黃(dimethylyellow)未檢出二乙基黃(diethylyellow)未檢出己二烯酸未檢出,107,新北市,120.2258762,22.9717177
手打豆干,手打,彰化縣田尾鄉饒平村光復路2段698號,合格,己二烯酸未檢出甘精(dulcin)未檢出苯甲酸0.04二甲基黃(dimethylyellow)未檢出二乙基黃(diethylyellow)未檢出去水醋酸未檢出,107,新北市,120.530833,23.8913028
傳統板豆腐,傳統,台中市神岡區豐工中路11號,合格,二乙基黃(diethylyellow)未檢出己二烯酸未檢出苯甲酸未檢出甘精(dulcin)未檢出去水醋酸未檢出二甲基黃(dimethylyellow)未檢出,107,新北市,120.7090801,24.2779357
嫩嫩油豆腐,雲林縣元長鄉店家,雲林縣元長鄉西莊村西庄109之86號,合格,二乙基黃(diethylyellow)未檢出己二烯酸未檢出苯甲酸未檢出甘精(dulcin)未檢出去水醋酸未檢出二甲基黃(dimethylyellow)未檢出,107,新北市,120.304432,23.622327
小豆角,彰化縣線西鄉店家,彰化縣線西鄉德興村中央路一段560巷69號,合格,甘精(dulcin)未檢出己二烯酸未檢出苯甲酸未檢出二甲基黃(dimethylyellow)未檢出二乙基黃(diethylyellow)未檢出去水醋酸未檢出,107,新北市,120.4770684,24.1303133
日式素肉腿,台南市東區店家,台南市東區崇明18街17號,合格,去水醋酸未檢出二甲基黃(dimethylyellow)未檢出二乙基黃(diethylyellow)未檢出己二烯酸未檢出甘精(dulcin)未檢出苯甲酸未檢出,107,新北市,120.2262775,22.9702732
中華黃金豆腐,屏東縣潮州鎮店家,屏東縣潮州鎮介壽路468號,合格,二乙基黃(diethylyellow)未檢出去水醋酸未檢出二甲基黃(dimethylyellow)未檢出己二烯酸未檢出苯甲酸未檢出甘精(dulcin)未檢出,107,新北市,120.528121,22.529039
嫩豆腐,桃園市八德區店家,桃園市八德區永豐路226巷68弄1-3號,合格,二甲基黃(dimethylyellow)未檢出去水醋酸未檢出甘精(dulcin)未檢出己二烯酸未檢出苯甲酸未檢出二乙基黃(diethylyellow)未檢出,107,新北市,121.2803312,24.9664131
百頁豆腐,桃園市八德區店家,桃園市八德區和平路1447號(後棟),合格,二甲基黃(dimethylyellow)未檢出二乙基黃(diethylyellow)未檢出去水醋酸未檢出甘精(dulcin)未檢出己二烯酸未檢出苯甲酸未檢出,107,新北市,121.3231012,24.969923
中華板豆腐,屏東縣潮州鎮店家,屏東縣潮州鎮介壽路465號,合格,二甲基黃(dimethylyellow)未檢出二乙基黃(diethylyellow)未檢出去水醋酸未檢出己二烯酸未檢出苯甲酸未檢出甘精(dulcin)未檢出,107,新北市,120.5289735,22.5288692
深坑臭臭鍋,臺北市大同區店家,臺北市大同區南京西路163號2樓之13,合格,己二烯酸未檢出苯甲酸未檢出二甲基黃(dimethylyellow)未檢出二乙基黃(diethylyellow)未檢出甘精(dulcin)未檢出去水醋酸未檢出,107,新北市,121.5132449,25.0541893
茶燻百頁,台南市東區店家,台南市東區崇明路529號,合格,己二烯酸未檢出苯甲酸未檢出去水醋酸未檢出甘精(dulcin)未檢出二甲基黃(dimethylyellow)未檢出二乙基黃(diethylyellow)未檢出,107,新北市,120.2258762,22.9717177
日式素肉火腿,台南市東區店家,台南市東區崇明路529號,合格,苯甲酸未檢出己二烯酸未檢出甘精(dulcin)未檢出二乙基黃(diethylyellow)未檢出去水醋酸未檢出二甲基黃(dimethylyellow)未檢出,107,新北市,120.2258762,22.9717177
非基改傳統大溪黑豆干,桃園市大溪區店家,桃園市大溪區中央路123號,合格,二甲基黃(dimethylyellow)未檢出二乙基黃(diethylyellow)未檢出去水醋酸未檢出己二烯酸未檢出苯甲酸未檢出甘精(dulcin)未檢出,107,新北市,121.2875084,24.8821271
原味手工豆腱,桃園市大溪區店家,桃園市大溪區中央路123號,合格,二甲基黃(dimethylyellow)未檢出二乙基黃(diethylyellow)未檢出去水醋酸未檢出甘精(dulcin)未檢出己二烯酸未檢出苯甲酸未檢出,107,新北市,121.2875084,24.8821271
義美古早傳統豆乾(五香滷汁),義美,桃園市蘆竹區南工路1段11號,合格,二甲基黃(dimethylyellow)未檢出二乙基黃(diethylyellow)未檢出去水醋酸未檢出甘精(dulcin)未檢出己二烯酸未檢出苯甲酸未檢出,107,新北市,121.2727696,25.0543353
豆干,豆干,新北市泰山區大科路29-4號,合格,二乙基黃(diethylyellow)未檢出去水醋酸未檢出己二烯酸未檢出苯甲酸未檢出甘精(dulcin)未檢出二甲基黃(dimethylyellow)未檢出,107,新北市,121.4129788,25.0610781
大漢非基改超嫩豆腐,大漢,桃園市大園區大觀路548號,合格,二乙基黃(diethylyellow)未檢出去水醋酸未檢出二甲基黃(dimethylyellow)未檢出甘精(dulcin)未檢出己二烯酸未檢出苯甲酸未檢出,107,新北市,121.1805095,25.0644032
中華非基因改造黃豆超嫩豆腐,高雄市大樹區店家,高雄市大樹區龍目路110-6號,合格,己二烯酸未檢出苯甲酸未檢出甘精(dulcin)未檢出二甲基黃(dimethylyellow)未檢出二乙基黃(diethylyellow)未檢出去水醋酸未檢出,107,新北市,120.41625,22.6851785
大漢傳統板豆腐,大漢,桃園市大園區大觀路548號,合格,己二烯酸未檢出苯甲酸未檢出二乙基黃(diethylyellow)未檢出去水醋酸未檢出甘精(dulcin)未檢出二甲基黃(dimethylyellow)未檢出,107,新北市,121.1805095,25.0644032
中華雞蛋豆腐,高雄市大樹區店家,高雄市大樹區龍目路110-6號,合格,己二烯酸未檢出二甲基黃(dimethylyellow)未檢出二乙基黃(diethylyellow)未檢出去水醋酸未檢出甘精(dulcin)未檢出苯甲酸未檢出,107,新北市,120.41625,22.6851785
手打滷香豆干,手打,彰化縣田尾鄉饒平村光復路2段698號,合格,去水醋酸未檢出苯甲酸0.04二甲基黃(dimethylyellow)未檢出二乙基黃(diethylyellow)未檢出甘精(dulcin)未檢出己二烯酸未檢出,107,新北市,120.530833,23.8913028
豆干,豆干,新北市蘆洲區復興路410巷11號丙區587號,合格,苯甲酸0.06去水醋酸未檢出己二烯酸未檢出二乙基黃(diethylyellow)未檢出二甲基黃(dimethylyellow)未檢出甘精(dulcin)未檢出,107,新北市,121.4862192,25.0911316
中華百頁豆腐,高雄市大樹區店家,高雄市大樹區龍目路110-6號,合格,甘精(dulcin)未檢出己二烯酸未檢出二甲基黃(dimethylyellow)未檢出二乙基黃(diethylyellow)未檢出去水醋酸未檢出苯甲酸未檢出,107,新北市,120.41625,22.6851785
川武超嫩豆腐,桃園市大園區店家,桃園市大園區大觀路548號,合格,甘精(dulcin)未檢出二甲基黃(dimethylyellow)未檢出二乙基黃(diethylyellow)未檢出己二烯酸未檢出去水醋酸未檢出苯甲酸未檢出,107,新北市,121.1805095,25.0644032
百頁豆腐(全素),台中市大里區店家,台中市大里區仁化路756號,合格,二甲基黃(dimethylyellow)未檢出二乙基黃(diethylyellow)未檢出甘精(dulcin)未檢出己二烯酸未檢出去水醋酸未檢出苯甲酸未檢出,107,新北市,120.6919797,24.092735
屏干(非基改),台中市西屯區店家,台中市西屯區工業39路62號,合格,甘精(dulcin)未檢出二甲基黃(dimethylyellow)未檢出二乙基黃(diethylyellow)未檢出去水醋酸未檢出己二烯酸未檢出苯甲酸未檢出,107,新北市,120.6424333,24.1769764
大沙茶(大溪豆干),新北市新莊區店家,新北市新莊區中正路510號,合格,甘精(dulcin)未檢出二乙基黃(diethylyellow)未檢出己二烯酸1.30苯甲酸未檢出去水醋酸未檢出二甲基黃(dimethylyellow)未檢出,107,新北市,121.4305342,25.0365943
台灣臭豆腐,台中市南屯區店家,台中市南屯區永春東二路238號,不合格,己二烯酸0.04去水醋酸未檢出苯甲酸未檢出甘精(dulcin)未檢出二甲基黃(dimethylyellow)未檢出二乙基黃(diethylyellow)未檢出,107,新北市,120.6382751,24.1323479
油豆腐,新北市八里區店家,新北市八里區龍米路1段59之1號,不合格,己二烯酸未檢出甘精(dulcin)未檢出二甲基黃(dimethylyellow)未檢出二乙基黃(diethylyellow)未檢出去水醋酸未檢出苯甲酸0.48,107,新北市,121.4569877,25.1186344
溫室牛蕃茄,雲林縣莿桐鄉店家,雲林縣莿桐鄉義和村17鄰和平8之2號,不合格,Pencycuron賓克隆0.1ppm（標準：0.01ppm 以下）,108,新北市,120.489258,23.772751
清江菜,雲林縣二崙鄉店家,雲林縣二崙鄉港後村安平路161-15號,不合格,Fipronil 芬普尼0.05ppm（標準：0.001ppm 以下）,108,新北市,120.3922657,23.8061994
淡榨菜絲,桃園市觀音區店家,桃園市觀音區草漯249-22號,不合格,己二烯酸0.98g/kg苯甲酸0.35g/kg(標準：總和1g/kg以下),108,新北市,121.1432647,25.044111
糖醋良京漬,高雄市大寮區店家,高雄市大寮區過溪里華一街553號,不合格,二氧化硫0.228g/kg(標準：0.03g/kg以下),108,新北市,120.419388,22.576413
小酸菜,雲林縣大埤鄉店家,雲林縣大埤鄉興安村1-26號,不合格,二氧化硫0.838g/kg(標準：0.03g/kg以下),108,新北市,120.3911059,23.6282314
黑金剛橄欖,新北市板橋區店家,新北市板橋區中正路338號,不合格,Amaranth 莧菜紅（標準：不得檢出）,108,新北市,121.4551938,25.0226792
萵苣,雲林縣麥寮鄉店家,雲林縣麥寮鄉興華村興華 3-5號,合格,二硫代胺基甲酸鹽類農藥多重殘留分析(373項),108,新北市,120.2953188,23.7471855
高麗菜,新北市樹林區店家,新北市樹林區光武街 36巷39弄 5號-1,合格,二硫代胺基甲酸鹽類農藥多重殘留分析(373項),108,新北市,121.4181064,25.0054231
一夜干鯖魚,宜蘭縣蘇澳鎮店家,宜蘭縣蘇澳鎮隘丁里大圳路120 號,合格,動物用藥,108,新北市,121.8323171,24.6133653
白刺蝦,宜蘭縣五結鄉店家,宜蘭縣五結鄉利工一路2段56號,合格,動物用藥,108,新北市,121.8344517,24.6547575
冷藏白刺蝦仁,臺北市士林區店家,臺北市士林區華齡街175號2樓,合格,硼酸及其鹽類陰性,108,新北市,121.5192471,25.0871324
野生沙蝦仁,台南市永康區店家,台南市永康區中正二街 380號,合格,硼酸及其鹽類陰性,108,新北市,120.2377133,23.0315878
鱈魚風味香絲,鱈魚,屏東縣屏東市建國路 360巷12號,合格,苯甲酸己二烯酸去水醋酸二氧化硫,108,新北市,120.466924,22.6594963
蝦仁乾,宜蘭縣五結鄉店家,宜蘭縣五結鄉利工一路 2段118 號,合格,苯甲酸己二烯酸去水醋酸二氧化硫,108,新北市,121.8313552,24.6641334
鱈魚風味片,鱈魚,新北市板橋區民權路 302巷19號,合格,苯甲酸己二烯酸去水醋酸二氧化硫,108,新北市,121.4578507,25.0165389
豬小里肌肉塊,新北市五股區店家,新北市五股區五工六路 35號,合格,動物用藥多重殘留(48項)氯黴素類抗生素四環黴素類,108,新北市,121.4475269,25.0642062
火腿,火腿,新北市樹林區備內街 52-2號,合格,苯甲酸己二烯酸去水醋酸亞硝酸鹽,108,新北市,121.411899,24.9880525
港式蘿蔔糕,港式,台中市大里區仁化工19路6號,合格,順丁烯二酸與順丁烯二酸酐總量未檢出,108,新北市,120.6812114,24.1046899
登豐昆布,登豐,新北市三芝區中山路1段55號,合格,二氧化硫,108,新北市,121.5024439,25.2558123
Simple Style 台灣香菇,新北市中和區店家,新北市中和區連城路258號8樓,合格,二氧化硫,108,新北市,121.4869174,24.9965494
竹笙,竹笙,新北市新莊區中正路56巷3-1號1樓,合格,鎘、鉛,108,新北市,121.4610191,25.0411329
手工酸菜心,新北市新店區店家,新北市新店區寶高路60號2樓,合格,苯甲酸己二烯酸去水醋酸二氧化硫,108,新北市,121.5522088,24.9773007
乾大脯,嘉義縣布袋鎮店家,嘉義縣布袋鎮江山里110號,合格,苯甲酸己二烯酸去水醋酸二氧化硫,108,新北市,120.2022239,23.380229
包心白菜泡菜,臺北市松山區店家,臺北市松山區敦化北路201號台塑大樓,合格,苯甲酸己二烯酸去水醋酸二氧化硫,108,新北市,121.5496963,25.0566755
黑金剛帶殼花生(原味),台中市梧棲區店家,台中市梧棲區自立一街178號,合格,甜味劑二氧化硫,108,新北市,120.5293377,24.2381877
油炸花生,新北市新莊區店家,新北市新莊區化成路403巷47號2樓,合格,甜味劑二氧化硫,108,新北市,121.4630653,25.0584424
池上米香-椒鹽口味,臺東縣池上鄉店家,臺東縣池上鄉新興村85-6號,合格,苯甲酸己二烯酸去水醋酸,108,新北市,121.1996708,23.11461
Bebeto 泰迪熊水果軟糖,臺北市松山區店家,臺北市松山區忠孝東路3段227-3號2樓,合格,苯甲酸己二烯酸去水醋酸,108,新北市,121.5402411,25.0419093
森永多樂福水果糖,臺北市北投區店家,臺北市北投區中央南路2段22號,合格,苯甲酸己二烯酸去水醋酸,108,新北市,121.5001522,25.1258658
不二家 POP 棒棒糖21支,臺北市北投區店家,臺北市北投區立德路120巷19號,合格,著色劑規定外煤焦色素著色劑,108,新北市,121.4727996,25.126782
芒果乾,芒果,臺北市士林區華齡街175號,合格,苯甲酸己二烯酸去水醋酸甜味劑著色劑,108,新北市,121.5192471,25.0871324
森之果物嚴選泰國芭樂乾,新北市新店區店家,新北市新店區民權路95號10樓,合格,苯甲酸己二烯酸去水醋酸甜味劑著色劑,108,新北市,121.5373757,24.9827674
翠菓子超大葡萄乾,桃園市蘆竹區店家,桃園市蘆竹區南崁路2段226巷31號,合格,苯甲酸己二烯酸去水醋酸甜味劑著色劑,108,新北市,121.2752289,25.0599264
泰國幸運芒果乾,高雄市左營區店家,高雄市左營區緯六路223號,合格,苯甲酸己二烯酸去水醋酸甜味劑著色劑,108,新北市,120.2868474,22.6972249
鈣離子鹼性水,新北市三重區店家,新北市三重區仁昌街39號,合格,大腸桿菌群陰性綠膿桿菌陰性糞便性鏈球菌陰性,107,新北市,121.4968078,25.0738725
奈米礦泉水,新北市三重區店家,新北市三重區重陽路1段111-3號1F,合格,綠膿桿菌陰性大腸桿菌群陰性糞便性鏈球菌陰性,107,新北市,121.487033,25.060918
飲用水,新北市三重區店家,新北市三重區重陽路1段111-3號1F,合格,綠膿桿菌陰性糞便性鏈球菌陰性大腸桿菌群陰性,107,新北市,121.487033,25.060918
麥飯石微鹼竹炭水,新北市板橋區店家,新北市板橋區互助街,合格,糞便性鏈球菌陰性大腸桿菌群陰性綠膿桿菌陰性,107,新北市,121.461395,25.0268056
奈米能量濾心竹炭水,新北市淡水區店家,新北市淡水區民生路124巷2號,合格,大腸桿菌群陰性綠膿桿菌陰性糞便性鏈球菌陰性,107,新北市,121.4638176,25.1381186
竹炭過濾水,新北市樹林區店家,新北市樹林區太平路150巷70號,合格,糞便性鏈球菌陰性綠膿桿菌陰性大腸桿菌群陰性,107,新北市,121.4172091,24.9774814
氫分子負電位機能水,新北市樹林區店家,新北市樹林區太平路150巷70之92號,合格,大腸桿菌群陰性綠膿桿菌陰性糞便性鏈球菌陰性,107,新北市,121.4172091,24.9774814
富氫離子鹼性水,新北市板橋區店家,新北市板橋區幸福路70巷1號,合格,綠膿桿菌陰性糞便性鏈球菌陰性大腸桿菌群陰性,107,新北市,121.4607813,25.0200451
奈米礦泉水,新北市板橋區店家,新北市板橋區國光路14號,合格,大腸桿菌群陰性綠膿桿菌陰性糞便性鏈球菌陰性,107,新北市,121.456896,25.01731
甘甜磁氧活力水,新北市新莊區店家,新北市新莊區復興路2段68號,合格,大腸桿菌群陰性糞便性鏈球菌陰性綠膿桿菌陰性,107,新北市,121.4553545,25.0440844
麥飯石磁能礦泉水,新北市新莊區店家,新北市新莊區豐年街21號,合格,糞便性鏈球菌大腸桿菌群綠膿桿菌,107,新北市,121.4464792,25.0325848
蘋果,蘋果,臺北市士林區後港街116號3樓,合格,農藥多重殘留分析(373項)未檢出二硫代胺基甲酸鹽類未檢出,108,新北市,121.5215478,25.0863888
苦瓜,彰化縣埔鹽鄉店家,彰化縣埔鹽鄉番金路2巷13號,合格,普拔克(Propamocarbhydrochloride)0.14農藥多重殘留分析(373項)檢出細項賽速安(Thiamethoxam)0.05二硫代胺基甲酸鹽類未檢出,108,新北市,120.4197434,23.9904869
菜豆,彰化縣二林鎮店家,彰化縣二林鎮大永里萬原路一段237號,合格,亞托敏(Azoxystrobin)0.13二硫代胺基甲酸鹽類未檢出益達胺(Imidacloprid)0.02剋安勃(Chlorantraniliprole)0.08賓克隆(Pencycuron)0.01農藥多重殘留分析(373項)檢出細項二福隆(Diflubenzuron)0.25賽洛寧(λ-Cyhalothrin)0.04,108,新北市,120.4248941,23.9011413
菜豆,嘉義縣朴子市店家,嘉義縣朴子市山通路102號,合格,芬化利(Fenvalerate)0.02農藥多重殘留分析(373項)檢出細項二硫代胺基甲酸鹽類未檢出,108,新北市,120.2460883,23.466486
甜木瓜,南投縣竹山鎮店家,南投縣竹山鎮鯉南路30-3號,合格,普拔克(Propamocarbhydrochloride)0.02農藥多重殘留分析(373項)檢出細項亞滅培(Acetamiprid)0.04二硫代胺基甲酸鹽類未檢,108,新北市,120.6774164,23.7474564
網室木瓜,屏東縣屏東市店家,屏東縣屏東市建華一街104號3F,合格,二硫代胺基甲酸鹽類未檢出農藥多重殘留分析(373項)未檢出,108,新北市,120.484762,22.668447
荔枝,屏東縣恆春鎮店家,屏東縣恆春鎮省北路188號,合格,農藥多重殘留分析(373項)檢出細項二硫代胺基甲酸鹽類未檢出納乃得(Methomyl)0.96,108,新北市,120.7445086,22.0137725
絲瓜,新北市新莊區店家,新北市新莊區化成路203號,合格,農藥多重殘留分析(373項)未檢出二硫代胺基甲酸鹽類未檢出,108,新北市,121.4657265,25.0509135
絲瓜,新北市汐止區店家,新北市汐止區福德二路225-1號,合格,二硫代胺基甲酸鹽類未檢出農藥多重殘留分析(373項)未檢出,108,新北市,121.6276317,25.0643014
地瓜葉,臺北市萬華區店家,臺北市萬華區西園路2段372巷17號1樓,合格,二硫代胺基甲酸鹽類未檢出祿芬隆(Lufenuron)0.08亞滅培(Acetamiprid)0.02賽洛寧(λ-Cyhalothrin)0.03農藥多重殘留分析(373,108,新北市,121.4999928,25.0392644
青苦瓜,臺北市中山區店家,臺北市中山區興安街22號,合格,農藥多重殘留分析(373項)檢出細項二硫代胺基甲酸鹽類未檢出百滅寧(Permethrin)0.01,108,新北市,121.5380127,25.0560271
蘋果,蘋果,臺北市士林區後港街116號3.4F,合格,二硫代胺基甲酸鹽類未檢出農藥多重殘留分析(373項)未檢出,108,新北市,121.5215478,25.0863888
福壽桃,嘉義市東區店家,嘉義市東區箄竹路50號,合格,二硫代胺基甲酸鹽類未檢出陶斯松(Chlorpyrifos)0.04比多農(Bitertanol)0.02第滅寧(Deltamethrin)0.09益達胺(Imidacloprid)0.03待克利(Difenoconazole)0.44芬化利(Fenvalerate)0.27農藥多重殘留分析(373項)檢出細項,108,新北市,120.4760853,23.4853348
有機冬瓜,桃園市大溪區店家,桃園市大溪區興和里中央路123號,合格,農藥多重殘留分析(373項)未檢出二硫代胺基甲酸鹽類未檢出,108,新北市,121.2875084,24.8821271
甜桃-有機,臺北市松山區店家,臺北市松山區南京東路4段75號4樓之1,合格,農藥多重殘留分析(373項)未檢出二硫代胺基甲酸鹽類未檢出,108,新北市,121.550072,25.051152
荔枝,新北市三重區店家,新北市三重區力行路1段265號,合格,農藥多重殘留分析(373項)檢出細項納乃得(Methomyl)0.02普拔克(Propamocarbhydrochloride)0.03二硫代胺基甲酸鹽類未檢出,108,新北市,121.4827185,25.0706345
冬瓜,苗栗縣後龍鎮店家,苗栗縣後龍鎮香水里4鄰27-5號,合格,農藥多重殘留分析(373項)檢出細項普拔克(Propamocarbhydrochloride)0.02二硫代胺基甲酸鹽類未檢出,108,新北市,120.7806737,24.410979
苦瓜,高雄市旗山區店家,高雄市旗山區湄州里中山路67號,不合格,三泰隆(Triadimenol)0.01二硫代胺基甲酸鹽類未檢出農藥多重殘留分析(373項)檢出細項亞滅培(Acetamiprid)0.35,108,新北市,120.4819521,22.8870017
菜豆,彰化縣埤頭鄉店家,彰化縣埤頭鄉輪子村埤頭路765號,不合格,歐殺滅(Oxamyl)0.05待克利(Difenoconazole)0.01滅達樂(Metalaxyl)0.02二硫代胺基甲酸鹽類未檢出農藥多重殘留分析(373項)檢出細項撲滅寧,108,新北市,120.4756519,23.8939642
菜豆,雲林縣北港鎮店家,雲林縣北港鎮中正路20號,不合格,亞滅培(Acetamiprid)1.11剋安勃(Chlorantraniliprole)0.03達滅芬(Dimethomorph)0.26可尼丁(Clothianidin)0.02百克敏(Pyraclostrobin)0.10二硫代胺基甲酸鹽類未檢出克凡派(Chlorfenapyr)0.19賽速安(Thiamethoxam)0.15農藥多重殘留分析(373,108,新北市,120.3040587,23.5688623
奶香包,新北市中和區店家,新北市中和區民享街40之3號,合格,己二烯酸未檢出去水醋酸未檢出丙酸及其鹽類未檢出苯甲酸未檢出,未知,新北市,121.4739112,25.0027954
木材,新北市中和區店家,新北市中和區民享街40之3號,合格,苯甲酸未檢出己二烯酸未檢出丙酸及其鹽類未檢出去水醋酸未檢出,未知,新北市,121.4739112,25.0027954
椰子菲律賓麵包,新北市中和區店家,新北市中和區連城路285號,合格,去水醋酸未檢出丙酸及其鹽類未檢出己二烯酸未檢出苯甲酸未檢出,未知,新北市,121.4903134,24.9961653
原味白土司,新北市中和區店家,新北市中和區連城路285號,合格,己二烯酸未檢出苯甲酸未檢出去水醋酸未檢出丙酸及其鹽類未檢出,未知,新北市,121.4903134,24.9961653
法國麵包,法國,彰化縣北斗鎮重慶里武英巷16號,合格,己二烯酸未檢出苯甲酸未檢出去水醋酸未檢出丙酸及其鹽類未檢出,未知,新北市,120.5232048,23.8708753
蜂蜜吐司,高雄市燕巢區店家,高雄市燕巢區安招里安北路283-1號,合格,己二烯酸未檢出苯甲酸未檢出去水醋酸未檢出丙酸及其鹽類未檢出,未知,新北市,120.3451033,22.7914472
芋香肉脯,新北市三重區店家,新北市三重區溪尾街14號,合格,去水醋酸未檢出丙酸及其鹽類未檢出己二烯酸0.10苯甲酸未檢出,未知,新北市,121.4910404,25.075566
起士麻糬餐包,新北市三重區店家,新北市三重區溪尾街14號,合格,去水醋酸未檢出丙酸及其鹽類未檢出己二烯酸未檢出苯甲酸未檢出,未知,新北市,121.4910404,25.075566
紅酒蔓越莓(黃),新北市三重區店家,新北市三重區中正北路55號,合格,己二烯酸未檢出去水醋酸未檢出丙酸及其鹽類未檢出苯甲酸未檢出,未知,新北市,121.4907111,25.0629969
香蒜酥,新北市新莊區店家,新北市新莊區五權二路24號之1,合格,丙酸及其鹽類未檢出己二烯酸未檢出苯甲酸未檢出去水醋酸未檢出,未知,新北市,121.4585529,25.0676939
義美小峰蜜蛋糕,義美,臺北市大安區信義路2段88號10F,合格,己二烯酸未檢出苯甲酸未檢出去水醋酸未檢出丙酸及其鹽類未檢出,未知,新北市,121.5267677,25.0340082
海鹽羅宋,新北市新店區店家,新北市新店區復興路111號,合格,丙酸及其鹽類未檢出去水醋酸未檢出己二烯酸未檢出苯甲酸未檢出,未知,新北市,121.5342377,24.9879627
桂圓核桃蛋糕(4入),新北市新店區店家,新北市新店區復興路111號,合格,去水醋酸未檢出丙酸及其鹽類未檢出己二烯酸未檢出苯甲酸未檢出,未知,新北市,121.5342377,24.9879627
READ BREAD全聯閱讀麵包-草莓夾心麵包(奶素),桃園市八德區店家,桃園市八德區和成路25號,合格,丙酸及其鹽類未檢出去水醋酸未檢出己二烯酸未檢出苯甲酸未檢出,未知,新北市,121.3226258,24.9619082
白吐司,臺北市萬華區店家,臺北市萬華區武成街35巷33弄1號,合格,己二烯酸未檢出苯甲酸未檢出丙酸及其鹽類1.300去水醋酸未檢出,未知,新北市,121.4947987,25.017507
白吐司,新北市汐止區店家,新北市汐止區大同路2段334號,合格,去水醋酸未檢出丙酸及其鹽類未檢出己二烯酸未檢出苯甲酸未檢出,未知,新北市,121.6564509,25.066909
全麥吐司,新北市汐止區店家,新北市汐止區大同路2段334號,合格,苯甲酸未檢出去水醋酸未檢出丙酸及其鹽類未檢出己二烯酸未檢出,未知,新北市,121.6564509,25.066909
READ BREAD 全聯閱讀麵包-鮮奶吐司(蛋奶素),高雄市燕巢區店家,高雄市燕巢區安招里安北路283-1號,合格,去水醋酸未檢出丙酸及其鹽類未檢出己二烯酸未檢出苯甲酸未檢出,未知,新北市,120.3451033,22.7914472
太陽餅,台中市太平區店家,台中市太平區永平路2段476巷66弄19號,合格,去水醋酸未檢出丙酸及其鹽類未檢出己二烯酸未檢出苯甲酸未檢出,未知,新北市,120.7097753,24.1313622
土鳳梨一口酥,屏東縣屏東市店家,屏東縣屏東市瑞光路2段42號,合格,苯甲酸未檢出己二烯酸0.29去水醋酸未檢出丙酸及其鹽類未檢出,未知,新北市,120.5107367,22.6727396
雙餡大理石,新北市金山區店家,新北市金山區中山路230號,合格,苯甲酸未檢出己二烯酸未檢出去水醋酸未檢出丙酸及其鹽類未檢出,未知,新北市,121.6371645,25.2221981
土司麵包,新北市萬里區店家,新北市萬里區瑪鋉路221之6號,合格,己二烯酸未檢出苯甲酸未檢出去水醋酸未檢出丙酸及其鹽類未檢出,未知,新北市,121.6897431,25.1798139
紅豆抹茶麵包,紅豆,新北市板橋區信義路165號2樓,合格,苯甲酸未檢出己二烯酸0.03去水醋酸未檢出丙酸及其鹽類未檢出,未知,新北市,121.458873,24.992346
黑糖麻吉麵包,黑糖,新北市板橋區信義路165號2樓,合格,己二烯酸未檢出苯甲酸未檢出去水醋酸未檢出丙酸及其鹽類未檢出,未知,新北市,121.458873,24.992346
貝果-竹炭知心乳酪,新北市三重區店家,新北市三重區中興北街42巷17弄8號1樓,合格,丙酸及其鹽類未檢出去水醋酸未檢出己二烯酸未檢出苯甲酸未檢出,未知,新北市,121.4687158,25.0499535
READ BREAD全聯閱讀麵包-餐包捲,桃園市蘆竹區店家,桃園市蘆竹區錦華路841號,合格,苯甲酸未檢出去水醋酸未檢出丙酸及其鹽類未檢出己二烯酸未檢出,未知,新北市,121.2854385,25.0496777
READ BREAD全聯閱讀麵包 -布里區吐司,新北市林口區店家,新北市林口區宏昌街8巷1號,合格,去水醋酸未檢出丙酸及其鹽類未檢出苯甲酸未檢出己二烯酸未檢出,未知,新北市,121.4057845,25.0852069
羅宋麵包,新北市淡水區店家,新北市淡水區民族路8號,合格,苯甲酸未檢出己二烯酸未檢出去水醋酸未檢出丙酸及其鹽類未檢出,未知,新北市,121.4603749,25.1368746
海苔肉鬆麵包,海苔,桃園市中壢區定寧路15號,合格,去水醋酸未檢出丙酸及其鹽類未檢出苯甲酸未檢出己二烯酸未檢出,未知,新北市,121.2449633,24.9934065
脆腸乳酪披薩,桃園市大園區店家,桃園市大園區南港里大觀路1249號,合格,己二烯酸0.02去水醋酸未檢出丙酸及其鹽類未檢出苯甲酸未檢出,未知,新北市,121.1608685,25.0553403
高町手作日式黑豆漿,新北市新店區店家,新北市新店區安康路3段352號,合格,去水醋酸未檢出糖精(Saccharin)未檢出苯甲酸未檢出己二烯酸未檢出環己基(代)磺醯胺酸(cyclamate)未檢出甘精(dulcin)未檢出醋磺內酯鉀(Acesulfamepotassium)未檢出,107,新北市,121.4860397,24.9517526
豆漿,新北市泰山區店家,新北市泰山區文化街37號,合格,去水醋酸未檢出己二烯酸未檢出苯甲酸未檢出糖精(Saccharin)未檢出環己基(代)磺醯胺酸(cyclamate)未檢出甘精(dulcin)未檢出醋磺內酯鉀(Acesulfamepotassium)未檢出,107,新北市,121.4354199,25.0636846
養生豆奶,宜蘭縣羅東鎮店家,宜蘭縣羅東鎮倉前路14號,合格,己二烯酸未檢出苯甲酸未檢出去水醋酸未檢出糖精(Saccharin)未檢出環己基(代)磺醯胺酸(cyclamate)未檢出甘精(dulcin)未檢出醋磺內酯鉀(Acesulfamepotassium)未檢出,107,新北市,121.7731432,24.6802864
原味初豆乳,新北市板橋區店家,新北市板橋區民權路204號,合格,去水醋酸未檢出糖精(Saccharin)未檢出醋磺內酯鉀(Acesulfamepotassium)未檢出環己基(代)磺醯胺酸(cyclamate)未檢出甘精(dulcin)未檢出己二烯酸未檢出苯甲酸未檢出,107,新北市,121.4590707,25.0139717
無加糖黑豆漿,桃園市大園區店家,桃園市大園區大觀路1249號,合格,環己基(代)磺醯胺酸(cyclamate)未檢出醋磺內酯鉀(Acesulfamepotassium)未檢出甘精(dulcin)未檢出去水醋酸未檢出糖精(Saccharin)未檢出己二烯酸未檢出苯甲酸未檢出,107,新北市,121.1608685,25.0553403
光泉原味鮮豆漿,光泉,桃園市大園區大觀路1249號,合格,去水醋酸未檢出己二烯酸未檢出苯甲酸未檢出糖精(Saccharin)未檢出環己基(代)磺醯胺酸(cyclamate)未檢出甘精(dulcin)未檢出醋磺內酯鉀(Acesulfamepotassium)未檢出,107,新北市,121.1608685,25.0553403
大溪名產(蒜絲豆干),大溪,台中市霧峰區本堂里文化巷29-7號,合格,苯甲酸未檢出己二烯酸0.81去水醋酸未檢出,108,新北市,120.7019501,24.0617832
古味辣印干,台南市新營區店家,台南市新營區仁和路111巷83號,合格,苯甲酸未檢出去水醋酸未檢出己二烯酸0.60,108,新北市,120.2352596,22.9711859
香豆干(全素),台中市霧峰區店家,台中市霧峰區文化巷29-7號,合格,去水醋酸未檢出己二烯酸0.46苯甲酸未檢出,108,新北市,120.7019501,24.0617832
黑胡椒豆乾,黑胡,台中市大里區仁化路756號,合格,苯甲酸未檢出去水醋酸未檢出己二烯酸0.98,108,新北市,120.6919797,24.092735
川味麻辣(豆干),台中市清水區店家,台中市清水區海濱路178-33號,合格,去水醋酸未檢出己二烯酸0.34苯甲酸未檢出,108,新北市,120.5623497,24.2758583
五香豆干,五香,台中市烏日區太明路21號,合格,去水醋酸未檢出苯甲酸未檢出己二烯酸0.92,108,新北市,120.6606526,24.0591361
廖心蘭非基因改造豆干(精燉肉汁),桃園市大溪區店家,桃園市大溪區信義路230號,合格,苯甲酸未檢出己二烯酸1.31去水醋酸未檢出,108,新北市,121.2955242,24.8865149
滷肉豆乾,新北市板橋區店家,新北市板橋區民權路302巷19號,合格,苯甲酸未檢出去水醋酸未檢出己二烯酸0.95,108,新北市,121.4578507,25.0165389
滷肉豆乾,新北市板橋區店家,新北市板橋區民權路302巷19號,合格,苯甲酸未檢出己二烯酸1.07去水醋酸未檢出,108,新北市,121.4578507,25.0165389
五香豆干(純素),五香,台中市大里區仁化路756號,合格,己二烯酸0.83苯甲酸未檢出去水醋酸未檢出,108,新北市,120.6919797,24.092735
紙杯用冰杯蓋(中大)(PET)耐熱度60℃,台南市麻豆區店家,台南市麻豆區麻口里麻豆口1-31號,合格,耐熱溫度標示符合性未變形溶出試驗-蒸發殘渣(水；60℃，30分鐘)未檢出溶出試驗-重金屬(比色法)(60℃，30分鐘)未檢出,107,新北市,120.2188733,23.1802189
紙杯用熱杯蓋(中大)(P.P)耐熱度110℃,台南市麻豆區店家,台南市麻豆區麻口里麻豆口1-31號,合格,溶出試驗-重金屬(比色法)(95℃，30分鐘)未檢出耐熱溫度標示符合性未變形溶出試驗-蒸發殘渣(水；95℃，30分鐘)未檢出,107,新北市,120.2188733,23.1802189
Fami叉子(P.P)耐熱度100℃,台中市烏日區店家,台中市烏日區中山路1段和平巷81號,合格,耐熱溫度標示符合性未變形溶出試驗-蒸發殘渣(水；95℃，30分鐘)3.00溶出試驗-重金屬(比色法)(95℃，30分鐘)未檢出,107,新北市,120.6458538,24.1079046
Fami湯匙(P.P)耐熱度100℃,台中市烏日區店家,台中市烏日區中山路1段和平巷81號,合格,耐熱溫度標示符合性未變形溶出試驗-蒸發殘渣(水；95℃，30分鐘)未檢出溶出試驗-重金屬(比色法)(95℃，30分鐘)未檢出,107,新北市,120.6458538,24.1079046
塑膠包可彎吸管(P.P)耐熱度90℃,塑膠,台南市新化區中山路100之2號,合格,耐熱溫度標示符合性未變形溶出試驗-蒸發殘渣(水；60℃，30分鐘)未檢出溶出試驗-重金屬(比色法)(60℃，30分鐘)未檢出,107,新北市,120.3124084,23.0429206
86120072晶鑽杯,桃園市蘆竹區店家,桃園市蘆竹區南崁路2段9號5F之12,合格,耐熱溫度標示符合性未變形溶出試驗-蒸發殘渣(水；60℃，30分鐘)未檢出溶出試驗-重金屬(比色法)(60℃，30分鐘)未檢出,107,新北市,121.2799188,25.0564265
菲力家族免洗PP塑膠碗,台中市南區店家,台中市南區忠明南路789號28樓,合格,耐熱溫度標示符合性未變形溶出試驗-重金屬(比色法)(60℃，30分鐘)未檢出溶出試驗-蒸發殘渣(水；60℃，30分鐘)未檢出,107,新北市,120.6609427,24.1234128
可彎吸管,台南市善化區店家,台南市善化區中山路100-2號,合格,溶出試驗-重金屬(比色法)(60℃，30分鐘)未檢出溶出試驗-蒸發殘渣(水；60℃，30分鐘)未檢出耐熱溫度標示符合性未變形,107,新北市,120.303092,23.1331722
單支包鮮食湯匙,新北市汐止區店家,新北市汐止區大同路1段237號8樓-5,合格,耐熱溫度標示符合性未變形溶出試驗-蒸發殘渣(水；95℃，30分鐘)未檢出溶出試驗-重金屬(比色法)(95℃，30分鐘)未檢出,107,新北市,121.3789988,24.9293019
彎型湯匙,新北市林口區店家,新北市林口區南勢路3鄰71-79號附6,合格,溶出試驗-重金屬(比色法)(60℃，30分鐘)未檢出耐熱溫度標示符合性未變形溶出試驗-蒸發殘渣(水；60℃，30分鐘)未檢出,107,新北市,121.3523676,25.0785676
可掀杯蓋,臺北市內湖區店家,臺北市內湖區內湖路1段314號4樓,合格,溶出試驗-蒸發殘渣(水；95℃，30分鐘)未檢出耐熱溫度標示符合性未變形溶出試驗-重金屬(比色法)(95℃，30分鐘)未檢出,107,新北市,121.5683655,25.0823089
萊爾富6吋餐叉,桃園市龜山區店家,桃園市龜山區興華一街375號,合格,耐熱溫度標示符合性未變形溶出試驗-蒸發殘渣(水；95℃，30分鐘)未檢出溶出試驗-重金屬(比色法)(95℃，30分鐘)未檢出,107,新北市,121.3653893,25.0548801
塑膠杯 Y750(650CC),塑膠,高雄市大寮區大發工業區華西路27號,合格,溶出試驗-蒸發殘渣(水；95℃，30分鐘)未檢出耐熱溫度標示符合性未變形溶出試驗-重金屬(比色法)(95℃，30分鐘)未檢出,107,新北市,120.4225708,22.578409
彎曲湯匙,新北市新莊區店家,新北市新莊區福營路125巷35號,合格,溶出試驗-重金屬(比色法)(60℃，30分鐘)未檢出耐熱溫度標示符合性未變形溶出試驗-蒸發殘渣(水；60℃，30分鐘)未檢出,107,新北市,121.4338732,25.0302582
彩色斜口吸管,彩色,新北市新莊區福營路125巷35號,合格,耐熱溫度標示符合性未變形溶出試驗-重金屬(比色法)(95℃，30分鐘)未檢出溶出試驗-蒸發殘渣(水；95℃，30分鐘)未檢出,107,新北市,121.4338732,25.0302582
西餐匙,新北市新莊區店家,新北市新莊區福營路125巷35號,合格,耐熱溫度標示符合性未變形溶出試驗-蒸發殘渣(水；95℃，30分鐘)未檢出溶出試驗-重金屬(比色法)(95℃，30分鐘)未檢出,107,新北市,121.4338732,25.0302582
OP蔬果保鮮袋(小),臺北市中正區店家,臺北市中正區羅斯福路2段102號24F之1,合格,溶出試驗-蒸發殘渣(水；60℃，30分鐘)未檢出溶出試驗-重金屬(比色法)(60℃，30分鐘)未檢出耐熱溫度標示符合性未變形,107,新北市,121.5223777,25.0266696
妙潔PE袋(中),苗栗縣竹南鎮店家,苗栗縣竹南鎮和誠街38號,合格,溶出試驗-重金屬(比色法)(60℃，30分鐘)未檢出溶出試驗-蒸發殘渣(水；60℃，30分鐘)未檢出耐熱溫度標示符合性未變形,107,新北市,120.8772095,24.7141775
楓康耐熱袋小,台中市大肚區店家,台中市大肚區中和里南榮路59號,合格,耐熱溫度標示符合性未變形溶出試驗-重金屬(比色法)(95℃，30分鐘)未檢出溶出試驗-蒸發殘渣(水；95℃，30分鐘)未檢出,107,新北市,120.5833474,24.112503
塑膠杯YS-700(650CC),塑膠,新北市蘆洲區復興路410巷11-1號,合格,溶出試驗-重金屬(比色法)(95℃，30分鐘)未檢出耐熱溫度標示符合性未變形溶出試驗-蒸發殘渣(水；95℃，30分鐘)未檢出,107,新北市,121.486812,25.091872
塑膠西餐刀,塑膠,新北市蘆洲區長樂路42號,合格,溶出試驗-重金屬(比色法)(95℃，30分鐘)未檢出耐熱溫度標示符合性未變形溶出試驗-蒸發殘渣(水；95℃，30分鐘)未檢出,107,新北市,121.4631683,25.0861583
PP飯碗,臺北市士林區店家,臺北市士林區華齡街175號,合格,溶出試驗-重金屬(比色法)(60℃，30分鐘)未檢出耐熱溫度標示符合性未變形溶出試驗-蒸發殘渣(水；60℃，30分鐘)未檢出,107,新北市,121.5192471,25.0871324
透明啤酒杯,新北市新莊區店家,新北市新莊區福營路125巷35號,合格,溶出試驗-重金屬(比色法)(60℃，30分鐘)未檢出耐熱溫度標示符合性未變形溶出試驗-蒸發殘渣(水；60℃，30分鐘)未檢出,107,新北市,121.4338732,25.0302582
R-140,桃園市龜山區店家,桃園市龜山區大華里頂湖路51號,合格,溶出試驗-重金屬(比色法)(60℃，30分鐘)未檢出溶出試驗-蒸發殘渣(水；60℃，30分鐘)未檢出耐熱溫度標示符合性未變形,107,新北市,121.3647946,25.0383034
塑膠叉子品號494517,塑膠,台中市烏日區中山路1段和平巷81號,合格,耐熱溫度標示符合性未變形溶出試驗-蒸發殘渣(水；95℃，30分鐘)未檢出溶出試驗-重金屬(比色法)(95℃，30分鐘)未檢出,107,新北市,120.6458538,24.1079046
塑膠深口湯匙品號494229,塑膠,台中市烏日區中山路1段和平巷81號,合格,溶出試驗-重金屬(比色法)(95℃，30分鐘)未檢出耐熱溫度標示符合性未變形溶出試驗-蒸發殘渣(水；95℃，30分鐘)未檢出,107,新北市,120.6458538,24.1079046
UNIDESIGN透明塑膠杯(200CC),新北市土城區店家,新北市土城區中興路17-1號,合格,溶出試驗-蒸發殘渣(水；60℃，30分鐘)未檢出耐熱溫度標示符合性未變形溶出試驗-重金屬(比色法)(60℃，30分鐘)未檢出,107,新北市,121.4252385,24.9664583
耐熱碗,彰化縣芳苑鄉店家,彰化縣芳苑鄉工區三路22號,合格,耐熱溫度標示符合性未變形溶出試驗-蒸發殘渣(水；60℃，30分鐘)未檢出溶出試驗-重金屬(比色法)(60℃，30分鐘)未檢出,107,新北市,120.3502786,23.9120851
110小圓盤,彰化縣福興鄉店家,彰化縣福興鄉新生路30-1號,合格,溶出試驗-重金屬(比色法)(95℃，30分鐘)未檢出耐熱溫度標示符合性未變形溶出試驗-蒸發殘渣(水；95℃，30分鐘)未檢出,107,新北市,120.4110293,24.0421773
免洗湯匙PS聚苯乙烯(-10度C-60度C),台南市佳里區店家,台南市佳里區?廊里頂廊1-5號,合格,溶出試驗-重金屬(比色法)(60℃，30分鐘)未檢出耐熱溫度標示符合性未變形溶出試驗-蒸發殘渣(水；60℃，30分鐘)未檢出,107,新北市,120.1704766,23.1694465
透明耐熱杯PP聚丙烯(90度C),台南市佳里區店家,台南市佳里區?廊里頂廊1-5號,合格,溶出試驗-重金屬(比色法)(60℃，30分鐘)未檢出耐熱溫度標示符合性未變形溶出試驗-蒸發殘渣(水；60℃，30分鐘)未檢出,107,新北市,120.1704766,23.1694465
可彎吸管PP聚丙烯(60度C),彰化縣埔心鄉店家,彰化縣埔心鄉裕農路128巷2號1樓,合格,溶出試驗-重金屬(比色法)(60℃，30分鐘)未檢出溶出試驗-蒸發殘渣(水；60℃，30分鐘)未檢出耐熱溫度標示符合性未變形,107,新北市,120.5533251,23.9595138
紙包直吸管PP聚丙烯(40度C),新北市新莊區店家,新北市新莊區中正路70號,合格,耐熱溫度標示符合性未變形溶出試驗-蒸發殘渣(水；60℃，30分鐘)未檢出溶出試驗-重金屬(比色法)(60℃，30分鐘)未檢出,107,新北市,121.4595735,25.038679
小茶匙,新北市三重區店家,新北市三重區國道路1段58巷13號,合格,耐熱溫度標示符合性未變形溶出試驗-蒸發殘渣(水；95℃，30分鐘)未檢出溶出試驗-重金屬(比色法)(95℃，30分鐘)未檢出,107,新北市,121.4698764,25.0750223
斜口吸管,新北市蘆洲區店家,新北市蘆洲區復興路410巷11-1號,合格,耐熱溫度標示符合性未變形溶出試驗-重金屬(比色法)(95℃，30分鐘)未檢出溶出試驗-蒸發殘渣(水；95℃，30分鐘)未檢出,107,新北市,121.486812,25.091872
寶特瓶,高雄市田寮區店家,高雄市田寮區西德里(路)44-1號,合格,溶出試驗-蒸發殘渣(水；60℃，30分鐘)未檢出溶出試驗-重金屬(比色法)(60℃，30分鐘)未檢出耐熱溫度標示符合性未變形,107,新北市,120.369492,22.8887761
寶特瓶600CC,台南市佳里區店家,台南市佳里區海澄里1-19號,合格,耐熱溫度標示符合性未變形溶出試驗-蒸發殘渣(水；60℃，30分鐘)未檢出溶出試驗-重金屬(比色法)(60℃，30分鐘)未檢出,107,新北市,120.1675902,23.1781101
明橋紅運彎型湯匙,台中市東區店家,台中市東區東英13街11號,合格,溶出試驗-重金屬(比色法)(60℃，30分鐘)未檢出溶出試驗-蒸發殘渣(水；60℃，30分鐘)未檢出耐熱溫度標示符合性未變形,107,新北市,120.7073843,24.1457274
明橋養樂多吸管,台中市東區店家,台中市東區東英13街11號,合格,耐熱溫度標示符合性未變形溶出試驗-蒸發殘渣(水；60℃，30分鐘)未檢出溶出試驗-重金屬(比色法)(60℃，30分鐘)未檢出,107,新北市,120.7073843,24.1457274
家而適可彎全色吸管(621)材質P.P耐熱度80,高雄市阿蓮區店家,高雄市阿蓮區成功街180巷50號,合格,溶出試驗-重金屬(比色法)(60℃，30分鐘)未檢出耐熱溫度標示符合性未變形溶出試驗-蒸發殘渣(水；60℃，30分鐘)未檢出,107,新北市,120.3313194,22.8867618
布丁牛奶瓶(PP)606,新北市新店區店家,新北市新店區中正路四維巷4號2樓,合格,溶出試驗-蒸發殘渣(水；95℃，30分鐘)未檢出耐熱溫度標示符合性未變形溶出試驗-重金屬(比色法)(95℃，30分鐘)未檢出,107,新北市,121.5344944,24.9853079
布丁牛奶瓶蓋(BP60),新北市新店區店家,新北市新店區中正路四維巷4號2樓,合格,耐熱溫度標示符合性未變形溶出試驗-蒸發殘渣(水；60℃，30分鐘)未檢出溶出試驗-重金屬(比色法)(60℃，30分鐘)未檢出,107,新北市,121.5344944,24.9853079
食品盒,彰化縣大村鄉店家,彰化縣大村鄉大崙路6-3號,合格,溶出試驗-重金屬(比色法)(60℃，30分鐘)未檢出耐熱溫度標示符合性未變形溶出試驗-蒸發殘渣(水；60℃，30分鐘)未檢出,107,新北市,120.5174747,23.9836952
紅硬杯,桃園市中壢區店家,桃園市中壢區復興里長春路45號,合格,溶出試驗-重金屬(比色法)(60℃，30分鐘)未檢出溶出試驗-蒸發殘渣(水；60℃，30分鐘)未檢出耐熱溫度標示符合性未變形,107,新北市,121.2494808,24.9786676
102如意碗,桃園市中壢區店家,桃園市中壢區復興里長春路45號,合格,溶出試驗-重金屬(比色法)(95℃，30分鐘)未檢出耐熱溫度標示符合性未變形溶出試驗-蒸發殘渣(水；95℃，30分鐘)未檢出,107,新北市,121.2494808,24.9786676
高效鎮鮮立體袋L款,臺北市內湖區店家,臺北市內湖區基湖路37號8樓,合格,溶出試驗-重金屬(比色法)(60℃，30分鐘)未檢出溶出試驗-蒸發殘渣(水；60℃，30分鐘)未檢出耐熱溫度標示符合性未變形,107,新北市,121.5650878,25.0794926
大飯碗,彰化縣芳苑鄉店家,彰化縣芳苑鄉工業路11號,合格,溶出試驗-蒸發殘渣(水；60℃，30分鐘)未檢出耐熱溫度標示符合性未變形溶出試驗-重金屬(比色法)(60℃，30分鐘)未檢出,107,新北市,120.3510497,23.9139594
SC-102耐熱碗,台中市南屯區店家,台中市南屯區大業路192號13-3,合格,耐熱溫度標示符合性未變形溶出試驗-蒸發殘渣(水；60℃，30分鐘)未檢出溶出試驗-重金屬(比色法)(60℃，30分鐘)未檢出,107,新北市,120.6502303,24.1536743
107麵碗,彰化縣福興鄉店家,彰化縣福興鄉新生路30-1號,合格,溶出試驗-蒸發殘渣(水；95℃，30分鐘)未檢出耐熱溫度標示符合性未變形溶出試驗-重金屬(比色法)(95℃，30分鐘)未檢出,107,新北市,120.4110293,24.0421773
冰茶匙,桃園市中壢區店家,桃園市中壢區復興里長春路45號,合格,溶出試驗-蒸發殘渣(水；95℃，30分鐘)7.00溶出試驗-重金屬(比色法)(95℃，30分鐘)未檢出耐熱溫度標示符合性未變形,107,新北市,121.2494808,24.9786676
白玉豆干,台南市西港區店家,台南市西港區劉厝里63之9號,合格,二甲基黃二乙基黃去水醋酸己二烯酸苯甲酸過氧化氫甘精,109,新北市,120.1791357,23.1327161
三角油豆腐(非基改),台中市西屯區店家,台中市西屯區工業39路62號,合格,,109,新北市,120.6424333,24.1769764
豆干,豆干,台南市東區崇明18街17號,合格,,109,新北市,120.2262775,22.9702732
春豐大黑干,雲林縣元長鄉店家,雲林縣元長鄉西莊村西莊109之86號,合格,,109,新北市,120.304432,23.622327
爭鮮京都稻荷豆皮,桃園市龜山區店家,桃園市龜山區文化一路45號3F,合格,,109,新北市,121.3715664,25.0600743
義美傳統豆乾(五香滷汁),義美,臺北市信義區信義路2段88號10F,合格,二甲基黃二乙基黃去水醋酸己二烯酸苯甲酸過氧化氫甘精,109,新北市,121.5720055,25.0409201
客家炒豆干,客家,彰化縣田尾鄉饒平村光復路二段698號,合格,,109,新北市,120.530833,23.8913028
古味滷香豆干,彰化縣田尾鄉店家,彰化縣田尾鄉饒平村光復路二段698號,合格,,109,新北市,120.530833,23.8913028
中華黃金豆腐,屏東縣屏東市店家,屏東縣屏東市介壽路468號,合格,,109,新北市,120.4892658,22.6710655
百頁豆腐,新北市新莊區店家,新北市新莊區新樹路527巷6號,合格,,109,新北市,121.4330819,25.0097873
台康香菇火腿,彰化縣大村鄉店家,彰化縣大村鄉黃厝村山腳路47-10號,合格,,109,新北市,120.588086,23.985651
義美油豆腐,義美,桃園市蘆竹區南工路一段11號,合格,二甲基黃二乙基黃去水醋酸己二烯酸苯甲酸過氧化氫甘精,109,新北市,121.2781037,25.0597243
有機豆干,嘉義市西區店家,嘉義市西區永康一街26號,合格,,109,新北市,120.424617,23.4748063
春豐五香豆干,雲林縣元長鄉店家,雲林縣元長鄉西莊村西庄109-86號,合格,,109,新北市,120.304432,23.622327
百葉豆腐,台南市東區店家,台南市東區崇明路529號,合格,,109,新北市,120.2258762,22.9717177
義美鮮嫩豆腐,義美,桃園市蘆竹區南工路1段11號,合格,,109,新北市,121.2727696,25.0543353
五香豆干,五香,台南市東區崇明路529號,合格,,109,新北市,120.2258762,22.9717177
義美傳統料理豆腐,義美,桃園市蘆竹區南工路1段11號,合格,二甲基黃二乙基黃去水醋酸己二烯酸苯甲酸過氧化氫甘精,109,新北市,121.2727696,25.0543353
義美雞蛋豆腐,義美,桃園市蘆竹區南工路1段11號,合格,,109,新北市,121.2727696,25.0543353
義美湯e豆腐,義美湯,桃園市蘆竹區南工路1段11號,合格,,109,新北市,121.2727696,25.0543353
串燒滷香豆干(含基因改造),彰化縣田尾鄉店家,彰化縣田尾鄉饒平村光復路2段698號,合格,,109,新北市,120.530833,23.8913028
素油雞,台南市東區店家,台南市東區崇明路529號,合格,,109,新北市,120.2258762,22.9717177
黑胡椒肉排,黑胡,台南市東區崇明路529號,合格,二甲基黃二乙基黃去水醋酸己二烯酸苯甲酸過氧化氫甘精,109,新北市,120.2258762,22.9717177
角螺,雲林縣北港鎮店家,雲林縣北港鎮船埔路34-1號,合格,,109,新北市,120.2858846,23.5958633
手打滷香豆干,手打,彰化縣田尾鄉饒平村光復路2段698號,合格,,109,新北市,120.530833,23.8913028
手打豆干,手打,彰化縣田尾鄉饒平村光復路2段698號,合格,,109,新北市,120.530833,23.8913028
春豐豆干,雲林縣元長鄉店家,雲林縣元長鄉西莊村西庄109之86號,合格,,109,新北市,120.304432,23.622327
五香豆干,五香,桃園市八德區和平路1447號後棟,合格,,109,新北市,121.3231012,24.969923
燒酒螺風味,桃園市大溪區店家,桃園市大溪區信義路230號,合格,二甲基黃二乙基黃去水醋酸己二烯酸苯甲酸過氧化氫甘精,109,新北市,121.2955242,24.8865149
老道滷味,桃園市大溪區店家,桃園市大溪區信義路230號,合格,,109,新北市,121.2955242,24.8865149
港式蘿蔔糕,港式,雲林縣西螺鎮正興里福安街113號,合格,二甲基黃二乙基黃二氧化硫去水醋酸己二烯酸苯甲酸,109,新北市,120.4614496,23.7950601
拉麵,新北市新莊區店家,新北市新莊區化成路746巷3弄13號,合格,,109,新北市,121.4657925,25.0581176
美濃粄條,美濃,新北市三重區新北大道2段139巷28號,合格,,109,新北市,121.4663955,25.0605282
芋頭粿,芋頭,新北市新莊區建國二路52號,合格,,109,新北市,121.4326621,25.0248273
VV烏龍麵,高雄市鳳山區店家,高雄市鳳山區鎮北北巷21-30號,合格,,109,新北市,120.3706556,22.6449678
鐵板麵(蘑菇口味),鐵板麵,新北市三峽區三樹路222巷254弄51號之1號,合格,二甲基黃二乙基黃二氧化硫去水醋酸己二烯酸苯甲酸,109,新北市,121.3928803,24.9444647
港式蘿蔔糕,港式,嘉義縣朴子市竹村里1-3號,合格,,109,新北市,120.2483881,23.4402073
芋頭糕(純素),芋頭,雲林縣西螺鎮福安街103號,合格,,109,新北市,120.4614992,23.7949776
刀削麵,高雄市鳳山區店家,高雄市鳳山區鎮北北巷21之30號,合格,,109,新北市,120.3722054,22.6442859
烏龍麵,烏龍,高雄市岡山區本洲路192號,合格,,109,新北市,120.2658693,22.8074328
麵疙瘩,高雄市岡山區店家,高雄市岡山區本洲路192號,合格,二甲基黃二乙基黃二氧化硫去水醋酸己二烯酸苯甲酸,109,新北市,120.2658693,22.8074328
拉麵,新北市樹林區店家,新北市樹林區博愛街24號,合格,,109,新北市,121.4273797,24.9928883
港式菜頭粿,港式,桃園市八德區介壽路2段133巷130號,合格,,109,新北市,121.3001134,24.956758
寧波年糕,桃園市八德區店家,桃園市八德區介壽路2段133巷130號,合格,,109,新北市,121.3001134,24.956758
什錦珍菇素蘿蔔糕(全素),什錦,新北市汐止區福德一路392巷42弄17號,合格,,109,新北市,121.627569,25.0627091
港式蘿蔔糕,港式,新北市汐止區福德一路392巷42弄17號,合格,二甲基黃二乙基黃二氧化硫去水醋酸己二烯酸苯甲酸,109,新北市,121.627569,25.0627091
善香(菱形糕),桃園市大溪區店家,桃園市大溪區美華里18鄰3號之2,合格,,109,新北市,121.2937475,24.867152
素食蘿蔔糕,桃園市八德區店家,桃園市八德區介壽路2段133巷130號,合格,,109,新北市,121.3001134,24.956758
手造麻糬(紅豆),新北市土城區店家,新北市土城區國際路55號,合格,,109,新北市,121.4666084,24.977783
素食蘿蔔糕,桃園市八德區店家,桃園市八德區介壽路2段133巷130號,合格,,109,新北市,121.3001134,24.956758
晶晶果凍條(綜合口味),晶晶,台中市豐原區工業區18路8號,合格,己二烯酸苯甲酸去水醋酸糖精醋磺內酯鉀環己基(代)磺醯胺酸甘精,109,新北市,120.7234816,24.2521213
牛軋糖,台中市豐原區店家,台中市豐原區工業區35路67號,合格,,109,新北市,120.7234816,24.2521213
碳燻烏梅李,彰化縣員林鎮店家,彰化縣員林鎮崙雅里崙雅巷5-26號,合格,,109,新北市,120.5958398,23.9467316
古早味牙膏糖,新北市新莊區店家,新北市新莊區中正路659之2號4F,合格,,109,新北市,121.4279993,25.030172
小三退散貼-薄荷糖,台南市安南區店家,台南市安南區和順工業區開安三街35號,合格,,109,新北市,120.223864,23.046697
森永多樂福水果糖(台灣特產水果),臺北市北投區店家,臺北市北投區中央南路2段22號,合格,己二烯酸苯甲酸去水醋酸糖精醋磺內酯鉀環己基(代)磺醯胺酸甘精,109,新北市,121.5001522,25.1258658
森永鹽之花牛奶糖(家庭包),臺北市北投區店家,臺北市北投區中央南路2段22號,合格,,109,新北市,121.5001522,25.1258658
陳年烏金棗,新北市三峽區店家,新北市三峽區嘉添里嘉添181-22號,合格,,109,新北市,121.3695338,24.9105397
海苔米花糖,海苔,新北市樹林區東興街2之4號,合格,,109,新北市,121.4098913,24.9784693
綠得蜂膠枇杷糖,桃園市八德區店家,桃園市八德區後庄街26巷10號,合格,,109,新北市,121.3242609,24.9562685
噢耶巧克力風味夾心餅,新北市新莊區店家,新北市新莊區民安路43號,合格,己二烯酸苯甲酸去水醋酸糖精醋磺內酯鉀環己基(代)磺醯胺酸甘精,109,新北市,121.4238039,25.0264724
Dr.Q荔枝蒟蒻,台中市梧棲區店家,台中市梧棲區自立一街178號,合格,,109,新北市,120.5293377,24.2381877
道地的偉特焦糖夾心鮮奶油糖,臺北市松山區店家,臺北市松山區南碣東路3段70琥4樓,合格,,109,新北市,121.562145,25.0513032
大果實葡萄果凍,台中市梧棲區店家,台中市梧棲區自立一街178號,合格,,109,新北市,120.5293377,24.2381877
DR.Q百香果蒟蒻,台中市梧棲區店家,台中市梧棲區自立一街178號,合格,,109,新北市,120.5293377,24.2381877
旺仔小饅頭,宜蘭縣冬山鄉店家,宜蘭縣冬山鄉廣興路680巷190號,合格,己二烯酸苯甲酸去水醋酸糖精醋磺內酯鉀環己基(代)磺醯胺酸甘精,109,新北市,121.7310947,24.6636092
黑糖蜜麻花(全素),黑糖,彰化縣田尾鄉南曾村福德巷198-3.4.5號,合格,,109,新北市,120.5372491,23.8916208
鹹蛋黃方塊酥,鹹蛋,嘉義縣太保市南新里北港路二段105巷33號,合格,,109,新北市,120.3800788,23.4955259
kid-0日清三明治餅乾乾檸檬口味,臺北市文山區店家,臺北市文山區指南路二段45巷10弄1號,合格,,109,新北市,121.5752718,24.9891238
油切果(山楂),新北市汐止區店家,新北市汐止區民生街6號,合格,,109,新北市,121.6601512,25.0689043
紐西蘭富士蘋果,紐西,新北市新店區寶中路95號-11,合格,二硫代胺基甲酸鹽類農藥多重殘留分析(380項),109,新北市,121.5492254,24.9822203
玉文芒果,臺北市中山區店家,臺北市中山區民族東路336號,合格,,109,新北市,121.5373211,25.067861
特選紅龍果,新北市新店區店家,新北市新店區寶中路95號-11,合格,,109,新北市,121.5492254,24.9822203
智利富士蘋果,智利,臺北市中正區衡陽路51號12F之2,合格,,109,新北市,121.5122561,25.0416987
台灣紅肉火龍果,新北市中和區店家,新北市中和區中原東街88號4F,合格,,109,新北市,121.4869805,25.0130962
愛文芒果,新北市中和區店家,新北市中和區連城路194巷4號,合格,二硫代胺基甲酸鹽類農藥多重殘留分析(380項),109,新北市,121.4920767,24.9977225
紐西蘭陽光圓頭奇異果,紐西,新北市中和區連城路194巷4號,合格,,109,新北市,121.4920767,24.9977225
水梨,嘉義縣義竹鄉店家,嘉義縣義竹鄉義竹132號,合格,,109,新北市,120.249209,23.3336911
黃金奇異果,黃金,新北市樹林區樹林區保安街2段81號1樓,合格,,109,新北市,121.4158948,25.0008784
家樂福嚴選屏東愛文,家樂福,新北市中和區連城路194巷4號,合格,,109,新北市,121.4920767,24.9977225
綠奇異果,桃園市龜山區店家,桃園市龜山區頂湖路52號,合格,二硫代胺基甲酸鹽類農藥多重殘留分析(380項),109,新北市,121.3631579,25.0408495
綠奇異果,台中市西屯區店家,台中市西屯區台灣大道三段660號18F之5,合格,,109,新北市,120.6376441,24.1705118
高接梨,新北市中和區店家,新北市中和區連城路194巷4號,合格,,109,新北市,121.4920767,24.9977225
紐西蘭富士蘋果4入,紐西,桃園市大園區大觀路269-5號,合格,,109,新北市,121.1891428,25.0657408
東勢高接梨,桃園市大園區店家,桃園市大園區大觀路269-5號,合格,,109,新北市,121.1891428,25.0657408
蘋果,蘋果,臺北市士林區華齡街175號2樓,合格,,109,新北市,121.5192471,25.0871324
滿漢原味香腸,台南市新市店家,台南市新市區大營里大營7號,合格,己二烯酸苯甲酸去水醋酸亞硝酸鹽,109,新北市,120.307701,23.100596
臘肉切片,臺北市內湖區店家,臺北市內湖區陽光街321巷60號3F,合格,,109,新北市,121.5770464,25.0716856
湖南口味豬後腿臘肉,新北市板橋區店家,新北市板橋區干城路142號,合格,,109,新北市,121.4595491,24.9932599
卜蜂德式煙燻腸,南投縣南投市店家,南投縣南投市工業東路17號,合格,,109,新北市,120.6608467,23.9304763
原味香腸,台南市南區店家,台南市南區中華路1段103號,合格,,109,新北市,120.1835442,22.9651878
櫻花魚板,雲林縣斗六市店家,雲林縣斗六市斗工二路33號,合格,苯甲酸去水醋酸己二烯酸二氧化硫,109,新北市,120.5970043,23.720107
虱目魚丸,雲林縣四湖鄉店家,雲林縣四湖鄉內湖村三塊厝34號,合格,,109,新北市,120.199106,23.624773
一口花枝卷,雲林縣斗六市店家,雲林縣斗六市斗工二路33號,合格,,109,新北市,120.5970043,23.720107
起司魚豆腐,起司,臺北市松山區羅斯福路1段8號地下1樓,合格,,109,新北市,121.531919,25.0166334
虱目魚丸,台南市北門區店家,台南市北門區文山里100-7號,合格,,109,新北市,120.1329474,23.2391143
老婆餅鳳梨口味,台南市中西區店家,台南市中西區民權路4段275號,合格,己二烯酸未檢出苯甲酸未檢出去水醋酸未檢出丙酸未檢出,110,新北市,120.1786509,22.9988705
土鳳梨酥,台南市新市店家,台南市新市區興業路 12-1號,合格,己二烯酸0.11苯甲酸未檢出去水醋酸未檢出丙酸未檢出,110,新北市,120.299898,23.081176
太陽餅(葷),台中市豐原區店家,台中市豐原區豐勢路1段468號,合格,己二烯酸未檢出苯甲酸未檢出去水醋酸未檢出丙酸未檢出,110,新北市,120.7877557,24.2743929
元至岡二素食餅三牲,高雄市三民區店家,高雄市三民區銀杉街 51號,合格,己二烯酸0.30苯甲酸未檢出去水醋酸未檢出丙酸未檢出,110,新北市,120.3177694,22.6552924
vv鳳梨酥,高雄市大社區店家,高雄市大社區中正路 570號,合格,己二烯酸0.24苯甲酸未檢出去水醋酸未檢出丙酸未檢出,110,新北市,120.3520048,22.7493367
鳳梨酥(奶素),鳳梨酥,桃園市楊梅區電研路 190巷268 號,合格,己二烯酸未檢出苯甲酸未檢出去水醋酸未檢出丙酸0.6,110,新北市,121.1732571,24.9498355
黑糖糕,黑糖,新北市土城區中央路2段209號11F 之7,合格,己二烯酸0.24苯甲酸未檢出去水醋酸未檢出丙酸未檢出,110,新北市,121.4416696,24.9742956
巧克力瑞士捲,高雄市前鎮店家,高雄市前鎮區新強路 21號,合格,己二烯酸未檢出苯甲酸未檢出去水醋酸未檢出丙酸1.800,110,新北市,120.3151376,22.5803548
珍珠奶茶風味酥,珍珠,新北市土城區國際路 55號,合格,己二烯酸0.07苯甲酸未檢出去水醋酸未檢出丙酸未檢出,110,新北市,121.4666084,24.977783
義美台灣傳統鳳梨餅,義美,臺北市大安區信義路 2段88號10 樓,合格,己二烯酸未檢出苯甲酸未檢出去水醋酸未檢出丙酸未檢出,110,新北市,121.526813,25.0339597
鳳梨酥,鳳梨酥,新北市新莊區新北大道3段5號15 樓之3,合格,己二烯酸未檢出苯甲酸未檢出去水醋酸未檢出丙酸未檢出,110,新北市,121.4582051,25.0601955
小鳳梨酥,台南市新營區店家,台南市新營區和順工業區開安三街 35號,合格,己二烯酸0.35苯甲酸未檢出去水醋酸未檢出丙酸未檢出,110,新北市,120.2254968,23.0480643
奶油酥餅,奶油,新北市新莊區中正路721巷3號,合格,己二烯酸未檢出苯甲酸未檢出去水醋酸未檢出丙酸未檢出,110,新北市,121.4238891,25.0287912
奶油酥餅(奶素),奶油,台中市豐原區豐勢路1段468號,合格,己二烯酸未檢出苯甲酸未檢出去水醋酸未檢出丙酸未檢出,110,新北市,120.7877557,24.2743929
巧克力蔓越莓木材,新北市淡水區店家,新北市淡水區新春街 178號,合格,己二烯酸未檢出苯甲酸未檢出去水醋酸未檢出丙酸未檢出,110,新北市,121.4433143,25.180929
大理石巧克力,新北市淡水區店家,新北市淡水區中山北路 1段149 巷18號,合格,己二烯酸0.09苯甲酸未檢出去水醋酸未檢出丙酸未檢出,110,新北市,121.5226127,25.0526041
巧克力棉花,新北市淡水區店家,新北市淡水區新市一路3段7號1 樓,合格,己二烯酸未檢出苯甲酸未檢出去水醋酸未檢出丙酸未檢出,110,新北市,121.4451439,25.1831541
6 入原味太陽餅(奶素),台中市南屯區店家,台中市南屯區文心南五路 1段643 號,合格,己二烯酸未檢出苯甲酸未檢出去水醋酸未檢出丙酸未檢出,110,新北市,120.6505932,24.1327316
元寶糕-梅子,桃園市龜山區店家,桃園市龜山區南 上路400巷8號,合格,己二烯酸0.44苯甲酸未檢出去水醋酸未檢出丙酸未檢出,110,新北市,121.3044666,25.0448531
美化堂老婆餅,高雄市大社區店家,高雄市大社區中山路17之66號,合格,己二烯酸0.49苯甲酸未檢出去水醋酸未檢出丙酸未檢出,110,新北市,120.3392391,22.7343253
新東陽鳳梨酥,桃園市大園區店家,桃園市大園區大工路 11號,合格,己二烯酸未檢出苯甲酸未檢出去水醋酸未檢出丙酸未檢出,110,新北市,121.1800215,25.0662437
老鷹紅豆銅鑼燒,新北市土城區店家,新北市土城區國際路 65號,合格,己二烯酸未檢出苯甲酸未檢出去水醋酸未檢出丙酸未檢出,110,新北市,121.4668535,24.9765371
楓糖奶油銅鑼燒,台南市永康區店家,台南市永康區中正二街 181號,合格,己二烯酸未檢出苯甲酸未檢出去水醋酸未檢出丙酸未檢出,110,新北市,120.2332883,23.0296977
年輪蛋糕,新北市新莊區店家,新北市新莊區民安西路 460巷21 號,合格,己二烯酸未檢出苯甲酸未檢出去水醋酸未檢出丙酸未檢出,110,新北市,121.4306645,25.0075866
蛋黃派-香甜草莓風味,蛋黃,臺北市松山區南京東路 4段16號 6樓A2,合格,己二烯酸未檢出苯甲酸未檢出去水醋酸未檢出丙酸未檢出,110,新北市,121.550072,25.051152
鳳梨酥組合包,鳳梨酥,台南市新市區興業路 12-1號,合格,己二烯酸0.16苯甲酸未檢出去水醋酸未檢出丙酸未檢出,110,新北市,120.299898,23.081176
原味太陽餅(蛋素),台南市新營區店家,台南市新營區民權路4段275號,合格,己二烯酸未檢出苯甲酸未檢出去水醋酸未檢出丙酸未檢出,110,新北市,120.1786509,22.9988705
鳳梨酥(蛋奶素),鳳梨酥,新北市汐止區大同路1段302巷6 號,合格,己二烯酸未檢出苯甲酸未檢出去水醋酸未檢出丙酸未檢出,110,新北市,121.3789988,24.9293019
珍珠奶茶酥(蛋奶素),珍珠,新北市汐止區大同路1段302巷6 號,合格,己二烯酸未檢出苯甲酸未檢出去水醋酸未檢出丙酸未檢出,110,新北市,121.3789988,24.9293019
鳳凰酥(奶蛋素)(添加鹹蛋黃),新北市汐止區店家,新北市汐止區大同路1段302巷6 號,合格,己二烯酸未檢出苯甲酸未檢出去水醋酸未檢出丙酸未檢出,110,新北市,121.3789988,24.9293019
富里九號米,花蓮縣富里鄉店家,花蓮縣富里鄉富南村公埔路186號,合格,黃麴毒素B1未檢出黃麴毒素B2未檢出黃麴毒素G1未檢出黃麴毒素G2未檢出,108,新北市,121.242596,23.172341
池上米,高雄市三民區店家,高雄市三民區義光街40號7F-2,合格,黃麴毒素G1未檢出黃麴毒素G2未檢出黃麴毒素B2未檢出黃麴毒素B1未檢出,108,新北市,120.3413716,22.6423912
松子,新北市五股區店家,新北市五股區中興路2段37巷11弄25號,合格,黃麴毒素G1未檢出黃麴毒素G2未檢出黃麴毒素B1未檢出黃麴毒素B20.1,108,新北市,121.4612925,25.0738147
杏仁角,新北市五股區店家,新北市五股區中興路2段37巷11弄25號,合格,黃麴毒素B2未檢出黃麴毒素B10.7黃麴毒素G1未檢出黃麴毒素G2未檢出,108,新北市,121.4612925,25.0738147
白米(台稉九號),雲林縣西螺鎮店家,雲林縣西螺鎮福田里社口68之39號,合格,黃麴毒素B1未檢出黃麴毒素B2未檢出黃麴毒素G2未檢出黃麴毒素G1未檢出,108,新北市,120.43099,23.7914496
白米(珍藏壽司米),雲林縣西螺鎮店家,雲林縣西螺鎮福田里社口68之39號,合格,黃麴毒素G1未檢出黃麴毒素G2未檢出黃麴毒素B1未檢出黃麴毒素B2未檢出,108,新北市,120.43099,23.7914496
廣吉特級燕麥片,新北市新莊區店家,新北市新莊區五權二路22號,合格,黃麴毒素G1未檢出黃麴毒素G2未檢出黃麴毒素B1未檢出黃麴毒素B2未檢出,108,新北市,121.4580805,25.0672017
卡滋DIY玉米粒(蝴蝶型),新北市八里區店家,新北市八里區觀海大道171號,合格,黃麴毒素G1未檢出黃麴毒素G2未檢出黃麴毒素B1未檢出黃麴毒素B2未檢出,108,新北市,121.4225956,25.1619204
大麥仁(洋薏仁),南投縣南投市店家,南投縣南投市自強三路28號,合格,黃麴毒素G1未檢出黃麴毒素G2未檢出黃麴毒素B1未檢出黃麴毒素B2未檢出,108,新北市,120.6658078,23.9266711
糯小米,新北市樹林區店家,新北市樹林區八德街280巷3號4樓,合格,黃麴毒素B1未檢出黃麴毒素B2未檢出黃麴毒素G1未檢出黃麴毒素G2未檢出,108,新北市,121.4105554,24.9706559
鹿兒島豬肉,臺北市松山區店家,臺北市松山區敦化南路2段71號4樓,合格,Clenbuterol未檢出四環黴素類(7項)未檢出Ractopamine未檢出氯黴素類抗生素(4項)未檢出Terbutaline未檢出動物用藥多重殘留(48項)未檢出Zilpaterol未檢出Cimaterol未檢出Tulobuterol未檢出Salbutamol未檢出,107,新北市,121.5492871,25.0306648
豬肉卷(重組),豬肉,臺北市萬華區大理街168號,合格,動物用藥多重殘留(48項)未檢出Clenbuterol未檢出Salbutamol未檢出Zilpaterol未檢出Ractopamine未檢出氯黴素類抗生素(4項)未檢出四環黴素類(7項)未檢出Terbutaline未檢出Cimaterol未檢出Tulobuterol未檢出,107,新北市,121.4938054,25.0338886
豬梅花肉-冷藏肉,桃園市大園區店家,桃園市大園區田心里4鄰崁腳4-1號,合格,Zilpaterol未檢出Cimaterol未檢出氯黴素類抗生素(4項)未檢出Salbutamol未檢出四環黴素類(7項)未檢出動物用藥多重殘留(48項)未檢出Clenbuterol未檢出Tulobuterol未檢出Terbutaline未檢出Ractopamine未檢出,107,新北市,121.1902607,25.0630462
梅花豬肉,梅花,新北市板橋區中山路2段443巷75號,合格,Zilpaterol未檢出四環黴素類(7項)未檢出Terbutaline未檢出Ractopamine未檢出Salbutamol未檢出氯黴素類抗生素(4項)未檢出Cimaterol未檢出Tulobuterol未檢出動物用藥多重殘留(48項)未檢出Clenbuterol未檢出,107,新北市,121.4809576,25.0222728
梅花豬,梅花,新北市淡水區中山路95巷2號,合格,四環黴素類(7項)未檢出動物用藥多重殘留(48項)未檢出Zilpaterol未檢出Terbutaline未檢出Ractopamine未檢出氯黴素類抗生素(4項)未檢出Cimaterol未檢出Tulobuterol未檢出Clenbuterol未檢出Salbutamol未檢出,107,新北市,121.442011,25.1705279
花生(角粉),花生,新北市土城區亞洲路42號,合格,黃麴毒素B1未檢出赭麴毒素 A未檢出黃麴毒素(7項)總黃麴毒素 未檢出,108,新北市,121.43542,24.974088
花生粉,花生,新北市樹林區水源街64號,合格,赭麴毒素 A1.4 ug/kg (標準3 ug/kg)黃麴毒素B1未檢出黃麴毒素(7項)總黃麴毒素 未檢出,108,新北市,121.4254144,24.9822387
拿破崙蛋糕經典原味,新北市中和區店家,新北市中和區連城路134巷3號1-3樓,合格,去水醋酸未檢出金黃色葡萄球菌陰性大腸桿菌陰性大腸桿菌群陰性沙門氏桿菌陰性苯甲酸未檢出己二烯酸未檢出,108,新北市,121.4953858,24.9996096
8吋黑森林,新北市中和區店家,新北市中和區板南路490號3樓之1,合格,金黃色葡萄球菌陰性去水醋酸未檢出大腸桿菌陰性大腸桿菌群陰性沙門氏桿菌陰性己二烯酸未檢出苯甲酸未檢出,108,新北市,121.4863141,25.0074153
燕麥豆漿蛋糕捲-伯爵蘋果,新北市三重區店家,新北市三重區國道路1段68.69號,合格,己二烯酸未檢出苯甲酸未檢出沙門氏桿菌陰性金黃色葡萄球菌陰性去水醋酸未檢出大腸桿菌群9.2大腸桿菌陰性,108,新北市,121.4689337,25.0751866
黑醋栗慕斯蛋糕,新北市三重區店家,新北市三重區光華路46號,合格,沙門氏桿菌陰性己二烯酸未檢出苯甲酸未檢出大腸桿菌陰性大腸桿菌群陰性金黃色葡萄球菌陰性去水醋酸未檢出,108,新北市,121.4681045,25.0596379
波士頓派(原味),新北市三重區店家,新北市三重區光華路46號,合格,己二烯酸未檢出苯甲酸未檢出沙門氏桿菌陰性大腸桿菌陰性金黃色葡萄球菌陰性大腸桿菌群陰性去水醋酸未檢出,108,新北市,121.4681045,25.0596379
芋泥布丁,新北市新莊區店家,新北市新莊區五權二路24之1號,合格,去水醋酸未檢出己二烯酸未檢出苯甲酸未檢出大腸桿菌陰性大腸桿菌群陰性沙門氏桿菌陰性金黃色葡萄球菌陰性,108,新北市,121.4585982,25.0676509
水果蛋糕捲禮盒黑櫻桃,水果,新北市土城區永安街25號,合格,大腸桿菌群3.6苯甲酸未檢出去水醋酸未檢出金黃色葡萄球菌陰性大腸桿菌陰性沙門氏桿菌陰性己二烯酸未檢出,108,新北市,121.4343686,24.9638392
8”焦糖點點,新北市三重區店家,新北市三重區溪尾街14號,合格,金黃色葡萄球菌陰性己二烯酸未檢出苯甲酸未檢出沙門氏桿菌陰性大腸桿菌群23大腸桿菌陰性去水醋酸未檢出,108,新北市,121.4910404,25.075566
瑪格麗特,新北市三重區店家,新北市三重區溪尾街14號,合格,大腸桿菌群3.6苯甲酸未檢出金黃色葡萄球菌陰性大腸桿菌陰性去水醋酸未檢出沙門氏桿菌陰性己二烯酸0.08,108,新北市,121.4910404,25.075566
起士巧克力蛋糕,新北市三重區店家,新北市三重區光復路1段101之1號3樓,合格,去水醋酸未檢出大腸桿菌群陰性沙門氏桿菌陰性金黃色葡萄球菌陰性己二烯酸未檢出苯甲酸未檢出大腸桿菌陰性,108,新北市,121.5018704,25.0668762
達克瓦茲騎士-原味,新北市土城區店家,新北市土城區忠承路83號4樓,合格,大腸桿菌陰性大腸桿菌群陰性沙門氏桿菌陰性去水醋酸未檢出金黃色葡萄球菌陰性苯甲酸未檢出己二烯酸未檢出,108,新北市,121.4389988,24.9651758
日本經典乳酪,新北市土城區店家,新北市土城區忠承路83號2樓,合格,去水醋酸未檢出沙門氏桿菌陰性大腸桿菌群陰性金黃色葡萄球菌陰性己二烯酸未檢出大腸桿菌陰性苯甲酸未檢出,108,新北市,121.4389988,24.9651758
荷蘭貴族手工,新北市土城區店家,新北市土城區忠承路83號2樓,合格,己二烯酸未檢出大腸桿菌陰性大腸桿菌群陰性苯甲酸未檢出沙門氏桿菌陰性金黃色葡萄球菌陰性去水醋酸未檢出,108,新北市,121.4389988,24.9651758
澳洲醍醐蛋糕,新北市土城區店家,新北市土城區忠承路95號3樓,合格,金黃色葡萄球菌陰性己二烯酸未檢出沙門氏桿菌陰性大腸桿菌陰性大腸桿菌群陰性去水醋酸未檢出苯甲酸未檢出,108,新北市,121.4387085,24.9648623
靜岡抹茶重乳酪,新北市板橋區店家,新北市板橋區國慶路27號,合格,苯甲酸未檢出去水醋酸未檢出大腸桿菌群陰性沙門氏桿菌陰性己二烯酸未檢出金黃色葡萄球菌陰性大腸桿菌陰性,108,新北市,121.4587127,24.9956304
瓦倫西亞鮮橙重乳酪,新北市板橋區店家,新北市板橋區國慶路27號,合格,大腸桿菌群陰性沙門氏桿菌陰性去水醋酸未檢出金黃色葡萄球菌陰性己二烯酸未檢出大腸桿菌陰性苯甲酸未檢出,108,新北市,121.4587127,24.9956304
藍莓布丁蛋糕,新北市淡水區店家,新北市淡水區民生路48號,合格,大腸桿菌陰性金黃色葡萄球菌陰性大腸桿菌群43己二烯酸未檢出苯甲酸未檢出沙門氏桿菌陰性去水醋酸未檢出,108,新北市,121.4618466,25.1377699
提拉米蘇,提拉,新北市五股區五權三路12巷3號,合格,去水醋酸未檢出大腸桿菌陰性大腸桿菌群陰性苯甲酸未檢出己二烯酸未檢出沙門氏桿菌陰性金黃色葡萄球菌陰性,108,新北市,121.4532752,25.0630683
咖啡核桃蛋糕,咖啡,新北市五股區五工二路130號,合格,大腸桿菌陰性大腸桿菌群陰性金黃色葡萄球菌陰性去水醋酸未檢出沙門氏桿菌陰性己二烯酸未檢出苯甲酸未檢出,108,新北市,121.4546441,25.0709236
草莓舒芙蕾,草莓,新北市汐止區中興路141號1樓,合格,大腸桿菌群陰性去水醋酸未檢出金黃色葡萄球菌陰性沙門氏桿菌陰性己二烯酸未檢出苯甲酸未檢出大腸桿菌陰性,108,新北市,121.6314779,25.0656193
招牌楓糖葡萄捲,新北市五股區店家,新北市五股區五工五路31號,合格,金黃色葡萄球菌陰性去水醋酸未檢出大腸桿菌陰性大腸桿菌群陰性沙門氏桿菌陰性己二烯酸未檢出苯甲酸未檢出,108,新北市,121.4525701,25.0640965
酒釀黑莓捲,新北市五股區店家,新北市五股區五工五路31號,合格,苯甲酸未檢出大腸桿菌群陰性己二烯酸未檢出金黃色葡萄球菌陰性去水醋酸未檢出大腸桿菌陰性沙門氏桿菌陰性,108,新北市,121.4525701,25.0640965
雙層起司,新北市板橋區店家,新北市板橋區文化路1段437之3號,合格,金黃色葡萄球菌陰性去水醋酸未檢出己二烯酸0.10大腸桿菌陰性大腸桿菌群陰性沙門氏桿菌陰性苯甲酸未檢出,108,新北市,121.4649301,25.0147145
大老二4號,新北市板橋區店家,新北市板橋區北門街18號,合格,己二烯酸未檢出苯甲酸未檢出沙門氏桿菌陰性大腸桿菌陰性去水醋酸未檢出大腸桿菌群93金黃色葡萄球菌陰性,108,新北市,121.4576187,25.0107796
雙層芋泥,新北市汐止區店家,新北市汐止區汐萬路1段221巷26號,合格,大腸桿菌群陰性去水醋酸未檢出大腸桿菌陰性苯甲酸未檢出沙門氏桿菌陰性己二烯酸未檢出金黃色葡萄球菌陰性,108,新北市,121.6437448,25.1036764
戚風香柚蛋糕,新北市萬里區店家,新北市萬里區瑪鋉路127之5號,合格,去水醋酸未檢出金黃色葡萄球菌陰性沙門氏桿菌陰性己二烯酸未檢出苯甲酸未檢出大腸桿菌陰性大腸桿菌群陰性,108,新北市,121.6888622,25.1782026
水果黑森林蛋糕,水果,新北市新店區寶高路7巷1號3樓,合格,去水醋酸未檢出金黃色葡萄球菌陰性大腸桿菌群43大腸桿菌陰性沙門氏桿菌陰性己二烯酸未檢出苯甲酸未檢出,108,新北市,121.5515975,24.9780197
愛的黑森林,新北市新店區店家,新北市新店區復興路111號,合格,大腸桿菌陰性沙門氏桿菌陰性金黃色葡萄球菌陰性己二烯酸未檢出苯甲酸未檢出大腸桿菌群4去水醋酸未檢出,108,新北市,121.5342377,24.9879627
歡樂時光,新北市新店區店家,新北市新店區民權路48之3號,合格,去水醋酸未檢出己二烯酸未檢出苯甲酸未檢出金黃色葡萄球菌陰性大腸桿菌陰性大腸桿菌群43沙門氏桿菌陰性,108,新北市,121.5396729,24.9830771
芒果珠寶盒,芒果,新北市中和區建八路126號,不合格,去水醋酸未檢出大腸桿菌群陰性己二烯酸未檢出大腸桿菌陰性苯甲酸未檢出沙門氏桿菌陰性金黃色葡萄球菌陰性,108,新北市,121.4886078,24.9984728
清炒高麗菜,新北市三峽區店家,新北市三峽區插角里80號,合格,大腸桿菌陰性大腸桿菌群陰性,107,新北市,121.4056153,24.867158
椒鹽杏鮑菇,新北市三峽區店家,新北市三峽區插角里80號,合格,大腸桿菌陰性大腸桿菌群陰性,107,新北市,121.4056153,24.867158
家鄉小炒,新北市板橋區店家,新北市板橋區縣民大道2段8號3樓,合格,大腸桿菌陰性大腸桿菌群陰性,107,新北市,121.462817,25.0117683
廣州炒飯,新北市板橋區店家,新北市板橋區縣民大道2段8號3樓,合格,大腸桿菌陰性大腸桿菌群陰性,107,新北市,121.462817,25.0117683
橙花排骨,新北市淡水區店家,新北市淡水區觀海路83號,合格,大腸桿菌群陰性大腸桿菌陰性,107,新北市,121.4151708,25.1824319
彩虹碧綠炒龍帶,新北市淡水區店家,新北市淡水區觀海路83號,合格,大腸桿菌陰性大腸桿菌群陰性,107,新北市,121.4151708,25.1824319
木瓜,新北市三重區店家,新北市三重區忠孝路2段86號1F,合格,二硫代胺基甲酸鹽類0.3農藥多重殘留分析(380項)未檢出,110,新北市,121.4839447,25.0694784
青江菜,新北市樹林區店家,新北市樹林區西圳街2段57巷30號,合格,二硫代胺基甲酸鹽類未檢出農藥多重殘留分析(380項)未檢出,110,新北市,121.3873942,24.9601154
牛番茄,臺北市萬華區店家,臺北市萬華區萬大路533號,合格,二硫代胺基甲酸鹽類未檢出農藥多重殘留分析(380項)檢出細項貝芬替(Carbendazim)0.04百克敏(Pyraclostrobin)0.02賽普洛(Cyprodinil)0.02達滅芬(Dimethomorph)0.03凡殺同(Famoxadone)0.05,110,新北市,121.4984156,25.0185059
有機富士蘋果,屏東縣潮州鎮店家,屏東縣潮州鎮榮吉街15號,合格,二硫代胺基甲酸鹽類未檢出農藥多重殘留分析(380項)未檢出,110,新北市,120.5352778,22.5484013
有機黃豆芽,台南市麻豆區店家,台南市麻豆區番子寮36-6號,合格,二硫代胺基甲酸鹽類未檢出農藥多重殘留分析(380項)未檢出,110,新北市,120.2233813,23.1680407
有機牛蕃茄,桃園市桃園區店家,桃園市桃園區樹仁3街122號1樓,合格,二硫代胺基甲酸鹽類未檢出農藥多重殘留分析(380項)未檢出,110,新北市,121.3202512,24.9741692
木瓜-台農2號,臺北市萬華區店家,臺北市萬華區萬大路533號,合格,二硫代胺基甲酸鹽類未檢出農藥多重殘留分析(380項)檢出細項亞滅培(Acetamiprid)0.13亞托敏(Azoxystrobin)0.04益達胺(Imidacloprid)0.03,110,新北市,121.4984156,25.0185059
葡萄,葡萄,桃園市桃園區龍城二街53巷2號2樓,合格,二硫代胺基甲酸鹽類未檢出農藥多重殘留分析(380項)檢出細項亞滅培(Acetamiprid)0.15白克列(Boscalid)0.41派美尼(Pyrimethanil)0.81得克利(Tebuconazole)0.08賽普洛(Cyprodinil)0.53Fenhexamid0.23護汰寧(Fludioxonil)0.30,110,新北市,121.2716357,24.9835695
紅鳳菜,新北市林口區店家,新北市林口區麗園一街35號,合格,二硫代胺基甲酸鹽類未檢出農藥多重殘留分析(380項)檢出細項拉草(Alachlor)0.01施得圃(Pendimethalin)0.03,110,新北市,121.3774802,25.0686654
秋葵,台南市白河區店家,台南市白河區汴頭里洪雞州10鄰9-2號,合格,二硫代胺基甲酸鹽類未檢出農藥多重殘留分析(380項)檢出細項亞托敏(Azoxystrobin)0.03益達胺(Imidacloprid)0.07,110,新北市,120.461686,23.3678557
紅鳳菜,新北市林口區店家,新北市林口區麗園一街35號,合格,二硫代胺基甲酸鹽類未檢出農藥多重殘留分析(380項)檢出細項百滅寧(Permethrin)0.53賽達松(Phenthoate)0.07,110,新北市,121.3774802,25.0686654
秋葵,新北市三重區店家,新北市三重區-,合格,二硫代胺基甲酸鹽類未檢出農藥多重殘留分析(380項)檢出細項亞滅培(Acetamiprid)0.07,110,新北市,121.4867114,25.0614534
香菜,新北市蘆洲區店家,新北市蘆洲區復興路410巷11號,合格,二硫代胺基甲酸鹽類未檢出農藥多重殘留分析(380項)未檢出,110,新北市,121.4862192,25.0911316
美濃瓜,美濃,--台北農產運銷公司,合格,二硫代胺基甲酸鹽類未檢出農藥多重殘留分析(380項)檢出細項亞滅培(Acetamiprid)0.03白克列(Boscalid)0.02撲滅寧(Procymidone)0.12,110,新北市,121.5372564,25.0678644
山苦瓜,新北市板橋區店家,新北市板橋區板城路1000號,合格,二硫代胺基甲酸鹽類未檢出農藥多重殘留分析(380項)檢出細項達滅芬(Dimethomorph)0.02護汰芬(Flutriafol)0.04,110,新北市,121.449148,25.0202341
豇豆,臺北市中山區店家,臺北市中山區民族東路366號1樓,合格,二硫代胺基甲酸鹽類未檢出農藥多重殘留分析(380項)檢出細項百克敏(Pyraclostrobin)0.02達滅芬(Dimethomorph)0.10達特南(Dinotefuran)0.04納乃得(Methomyl)0.29,110,新北市,121.5380005,25.0677413
蔥,臺北市萬華區店家,臺北市萬華區萬大路533號,合格,二硫代胺基甲酸鹽類0.8農藥多重殘留分析(380項)檢出細項白克列(Boscalid)0.15祿芬隆(Lufenuron)0.13畢芬寧(Bifenthrin)0.03克凡派(Chlorfenapyr)0.23待克利(Difenoconazole)0.03撲滅寧(Procymidone)0.40,110,新北市,121.4984156,25.0185059
有機茄子(日本種),彰化縣永靖鄉店家,彰化縣永靖鄉浮圳路856號,合格,二硫代胺基甲酸鹽類未檢出農藥多重殘留分析(380項)未檢出,110,新北市,120.5583585,23.9222578
羅勒,新北市汐止區店家,新北市汐止區福德二路225-1號,合格,二硫代胺基甲酸鹽類未檢出農藥多重殘留分析(380項)檢出細項亞滅培(Acetamiprid)0.06克凡派(Chlorfenapyr)0.44第滅寧(Deltamethrin)0.04依普同(Iprodione)0.02氟比來(Fluopicolide)0.04納乃得(Methomyl)0.02,110,新北市,121.6276317,25.0643014
加州黃肉黑李,臺北市中山區店家,臺北市中山區民族東路336號,合格,二硫代胺基甲酸鹽類未檢出農藥多重殘留分析(380項)檢出細項護汰寧(Fludioxonil)0.66,110,新北市,121.5373211,25.067861
香菜,新北市鶯歌區店家,新北市鶯歌區和平街33號,合格,二硫代胺基甲酸鹽類未檢出農藥多重殘留分析(380項)未檢出,110,新北市,121.3528229,24.9548861
有機(轉型)敏豆200g/盒,雲林縣西螺鎮店家,雲林縣西螺鎮溪光里平河南路313巷32號,合格,二硫代胺基甲酸鹽類未檢出農藥多重殘留分析(310項)多重殘留分析方法(五) 未檢出,107,新北市,120.447285,23.7755286
菜豆-覆歷敏豆,高雄市美濃區店家,高雄市美濃區吉洋里吉安65號,合格,二硫代胺基甲酸鹽類未檢出農藥多重殘留分析(310項)Oxycarboxin 0.02 ppm ( 5.0ppm ),107,新北市,120.540718,22.844142
ACE香醇牛奶餅乾,臺北市士林區店家,臺北市士林區劍潭路11號3樓,合格,己二烯酸未檢出苯甲酸未檢出甘精(dulcin)未檢出環己基(代)磺醯胺酸(cyclamate)未檢出去水醋酸未檢出糖精(Saccharin)未檢出醋磺內酯鉀(Acesulfamepotassium)未檢出,107,新北市,121.5231394,25.08423
海苔玉米酥,海苔,桃園市蘆竹區蘆星街302-5號,合格,去水醋酸未檢出糖精(Saccharin)未檢出己二烯酸未檢出苯甲酸未檢出環己基(代)磺醯胺酸(cyclamate)未檢出甘精(dulcin)未檢出醋磺內酯鉀(Acesulfamepotassium)未檢出,107,新北市,121.2768634,25.0426784
乖乖QQ水果軟糖經濟包,新北市新莊區店家,新北市新莊區化成路193號1樓,合格,苯甲酸未檢出己二烯酸未檢出環己基(代)磺醯胺酸(cyclamate)未檢出甘精(dulcin)未檢出去水醋酸未檢出糖精(Saccharin)未檢出醋磺內酯鉀(Acesulfamepotassium)未檢出,107,新北市,121.4657339,25.0504453
晶梅棒糖,台中市霧峰區店家,台中市霧峰區本堂里文化巷29-7號,合格,醋磺內酯鉀(Acesulfamepotassium)未檢出糖精(Saccharin)未檢出苯甲酸未檢出環己基(代)磺醯胺酸(cyclamate)未檢出甘精(dulcin)未檢出去水醋酸未檢出己二烯酸未檢出,107,新北市,120.7019501,24.0617832
家庭號源氏派,新北市新店區店家,新北市新店區中正路538巷1號1樓,合格,糖精(Saccharin)未檢出環己基(代)磺醯胺酸(cyclamate)未檢出甘精(dulcin)未檢出己二烯酸未檢出苯甲酸未檢出醋磺內酯鉀(Acesulfamepotassium)未檢出去水醋酸未檢出,107,新北市,121.5341269,24.9845748
仙李,臺北市士林區店家,臺北市士林區延平北路8段144-146號,合格,甘精(dulcin)未檢出己二烯酸未檢出去水醋酸未檢出糖精(Saccharin)未檢出醋磺內酯鉀(Acesulfamepotassium)未檢出苯甲酸0.31環己基(代)磺醯胺酸(cyclamate)未檢出,107,新北市,121.4825736,25.1060387
洛神花,新北市淡水區店家,新北市淡水區中正路114號,合格,去水醋酸未檢出苯甲酸0.79醋磺內酯鉀(Acesulfamepotassium)未檢出甘精(dulcin)未檢出己二烯酸未檢出糖精(Saccharin)0.04環己基(代)磺醯胺酸(cyclamate)未檢出,107,新北市,121.4417814,25.1697045
辣橄欖,新北市淡水區店家,新北市淡水區中正路114號,合格,醋磺內酯鉀(Acesulfamepotassium)0.18去水醋酸未檢出糖精(Saccharin)未檢出環己基(代)磺醯胺酸(cyclamate)未檢出己二烯酸未檢出苯甲酸0.70甘精(dulcin)未檢出,107,新北市,121.4417814,25.1697045
綜合棒棒糖,綜合,台南市新營區和順工業區開安三街35號,合格,去水醋酸未檢出環己基(代)磺醯胺酸(cyclamate)未檢出糖精(Saccharin)未檢出甘精(dulcin)未檢出醋磺內酯鉀(Acesulfamepotassium)未檢出己二烯酸未檢出苯甲酸未檢出,107,新北市,120.3089541,23.3119567
曼陀豬綜合莓果口味,臺北市松山區店家,臺北市松山區仁愛路3段136號5樓,合格,己二烯酸未檢出苯甲酸未檢出環己基(代)磺醯胺酸(cyclamate)未檢出甘精(dulcin)未檢出醋磺內酯鉀(Acesulfamepotassium)未檢出糖精(Saccharin)未檢出去水醋酸未檢出,107,新北市,121.5412729,25.0374747
手摘果物-芭樂乾+C,彰化縣員林鎮店家,彰化縣員林鎮振興里麒麟巷214弄89號,合格,己二烯酸未檢出苯甲酸未檢出環己基(代)磺醯胺酸(cyclamate)未檢出甘精(dulcin)未檢出去水醋酸未檢出醋磺內酯鉀(Acesulfamepotassium)未檢出糖精(Saccharin)未檢出,107,新北市,120.6092223,23.9584254
果實御品仙楂片+C,彰化縣員林鎮店家,彰化縣員林鎮振興里麒麟巷214弄89號,合格,己二烯酸未檢出苯甲酸未檢出去水醋酸未檢出糖精(Saccharin)未檢出環己基(代)磺醯胺酸(cyclamate)未檢出醋磺內酯鉀(Acesulfamepotassium)未檢出甘精(dulcin)未檢出,107,新北市,120.6092223,23.9584254
志楊鹹蛋黃餅(蛋素),嘉義縣大林鎮店家,嘉義縣大林鎮大埔美園區5路3號,合格,己二烯酸未檢出苯甲酸未檢出甘精(dulcin)未檢出環己基(代)磺醯胺酸(cyclamate)未檢出醋磺內酯鉀(Acesulfamepotassium)未檢出去水醋酸未檢出糖精(Saccharin)未檢出,107,新北市,120.510257,23.5832994
捲尺軟糖,新北市新莊區店家,新北市新莊區民安路43號,合格,糖精(Saccharin)未檢出去水醋酸未檢出環己基(代)磺醯胺酸(cyclamate)未檢出醋磺內酯鉀(Acesulfamepotassium)未檢出甘精(dulcin)未檢出己二烯酸未檢出苯甲酸未檢出,107,新北市,121.4238039,25.0264724
三色,台南市安平區店家,台南市安平區安平工業區新和一路3號,合格,去水醋酸未檢出糖精(Saccharin)未檢出環己基(代)磺醯胺酸(cyclamate)未檢出醋磺內酯鉀(Acesulfamepotassium)未檢出甘精(dulcin)未檢出己二烯酸未檢出苯甲酸未檢出,107,新北市,120.180627,22.9651497
軟糖,台中市龍井區店家,台中市龍井區中華路2段91號,合格,己二烯酸未檢出醋磺內酯鉀(Acesulfamepotassium)未檢出苯甲酸未檢出去水醋酸未檢出糖精(Saccharin)未檢出環己基(代)磺醯胺酸(cyclamate)未檢出甘精(dulcin)未檢出,107,新北市,120.5363239,24.1964506
涼糖,台南市安南區店家,台南市安南區開安三街35號,合格,去水醋酸未檢出糖精(Saccharin)未檢出環己基(代)磺醯胺酸(cyclamate)未檢出甘精(dulcin)未檢出醋磺內酯鉀(Acesulfamepotassium)未檢出苯甲酸未檢出己二烯酸未檢出,107,新北市,120.2254968,23.0480643
鹹葡萄乾,新北市土城區店家,新北市土城區承天路83-1號,合格,甘精(dulcin)未檢出去水醋酸未檢出糖精(Saccharin)未檢出苯甲酸未檢出己二烯酸未檢出醋磺內酯鉀(Acesulfamepotassium)未檢出環己基(代)磺醯胺酸(cyclamate)未檢出,107,新北市,121.4406773,24.9627125
芭樂乾,芭樂,新北市三峽區民生街152之8號,合格,去水醋酸未檢出苯甲酸未檢出糖精(Saccharin)未檢出醋磺內酯鉀(Acesulfamepotassium)未檢出環己基(代)磺醯胺酸(cyclamate)未檢出甘精(dulcin)未檢出己二烯酸未檢出,107,新北市,121.3721731,24.9349772
蔓越莓,新北市鶯歌區店家,新北市鶯歌區陽明街9號,合格,去水醋酸未檢出糖精(Saccharin)未檢出己二烯酸未檢出醋磺內酯鉀(Acesulfamepotassium)未檢出苯甲酸0.18環己基(代)磺醯胺酸(cyclamate)未檢出甘精(dulcin)未檢出,107,新北市,121.3411532,24.9564891
芹菜,彰化縣田尾鄉店家,彰化縣田尾鄉海豐村光華巷110號,合格,施得圃(Pendimethalin)0.02農藥多重殘留分析(373項)檢出細項二硫代胺基甲酸鹽類未檢出加保扶(Carbofuran)0.02百克敏(Pyraclostrobin)0.02,108,新北市,120.4979189,23.917803
有機青江菜,彰化縣永靖鄉店家,彰化縣永靖鄉東寧村浮州路856號,合格,農藥多重殘留分析(373項)未檢出二硫代胺基甲酸鹽類未檢出,108,新北市,120.5638863,23.9174733
紅鳳菜,新北市五股區店家,新北市五股區五權三路20號,合格,亞滅培(Acetamiprid)0.70貝芬替(Carbendazim)0.02百克敏(Pyraclostrobin)0.56陶斯松(Chlorpyrifos)0.02待克利(Difenoconazole)0.39農藥多重殘留分析(373項)檢出細項納乃得(Methomyl)0.05四氯異苯?(Chlorothalonil)0.31益達胺(Imidacloprid)0.26托福松(Terbufos)0.02二硫代胺基甲酸鹽類未檢出普拔克(Propamocarbhydrochloride)0.02施得圃(Pendimethalin)0.02,108,新北市,121.453648,25.0643295
芹菜,彰化縣芳苑鄉店家,彰化縣芳苑鄉三成村上城路3-6號,合格,農藥多重殘留分析(373項)檢出細項亞滅培(Acetamiprid)0.05二硫代胺基甲酸鹽類未檢出賓克隆(Pencycuron)0.27益達胺(Imidacloprid)0.07,108,新北市,120.3406679,23.8870736
油菜,雲林縣西螺鎮店家,雲林縣西螺鎮新安里114-2號,合格,農藥多重殘留分析(373項)未檢出二硫代胺基甲酸鹽類未檢出,108,新北市,120.4573659,23.7853961
大陸妹,新北市中和區店家,新北市中和區中和路74號,合格,益達胺(Imidacloprid)0.02二硫代胺基甲酸鹽類未檢出亞滅培(Acetamiprid)0.02農藥多重殘留分析(373,108,新北市,121.5008443,25.0006283
油菜-日本小松菜,嘉義縣新港鄉店家,嘉義縣新港鄉中庄村12鄰94-63,合格,佈飛松(Profenophos)0.10克凡派(Chlorfenapyr)0.73農藥多重殘留分析(373項)檢出細項亞滅培(Acetamiprid)0.14達滅芬(Dimethomorph)0.12二硫代胺基甲酸鹽類0.22,108,新北市,120.344992,23.5711222
有機小白菜,新北市五股區店家,新北市五股區五權路54號2樓,合格,農藥多重殘留分析(373項)未檢出二硫代胺基甲酸鹽類未檢出,108,新北市,121.4542115,25.0689908
紅鳳菜,新北市泰山區店家,新北市泰山區全興路212號,合格,農藥多重殘留分析(373項)檢出細項亞托敏(Azoxystrobin)0.11加保利(Carbaryl)0.15貝芬替(Carbendazim)0.02二硫代胺基甲酸鹽類未檢出百滅寧(Permethrin)0.13陶斯松,108,新北市,121.4336296,25.0562788
紅鳳菜,新北市土城區店家,新北市土城區青雲路452號2樓,合格,二硫代胺基甲酸鹽類未檢出農藥多重殘留分析(373項)未檢出,108,新北市,121.4591439,24.9703191
有機冷凍黑櫻桃,臺北市大安區店家,臺北市大安區信義路4段236號12樓,合格,農藥多重殘留分析(373項)未檢出二硫代胺基甲酸鹽類未檢出,108,新北市,121.5529754,25.0329744
智利櫻桃,智利,臺北市士林區華齡街175號2樓,合格,護汰寧(Fludioxonil)1.53農藥多重殘留分析(373項)檢出細項Fenhexamid0.02亞滅培(Acetamiprid)0.02腐絕,108,新北市,121.5192471,25.0871324
南非甜橙,臺北市中正區店家,臺北市中正區衡陽街57號,合格,依滅列(Imazalil)1.09腐絕(Thiabendazole)1.56農藥多重殘留分析(373項)檢出細項三氟敏(Trifloxystrobin)0.03賽滅寧(Cypermethrin)0.02二硫代胺基甲酸鹽類0.27益達胺(Imidacloprid)0.02百利普芬(Pyriproxyfen)0.02派美尼,108,新北市,121.5198716,25.0421407
日本蜜柑,臺北市松山區店家,臺北市松山區民族東路336號,合格,農藥多重殘留分析(373項)檢出細項達特南(Dinotefuran)0.19祿芬隆(Lufenuron)0.03貝芬替(Carbendazim)0.06依滅列(Imazalil)0.02可尼丁(Clothianidin)0.02腐絕(Thiabendazole)0.05二硫代胺基甲酸鹽類未檢,108,新北市,121.5373211,25.067861
海梨柑,新竹縣芎林鄉店家,新竹縣芎林鄉華龍村3鄰211號,合格,愛殺松(Ethion)1.53二硫代胺基甲酸鹽類未檢出農藥多重殘留分析(373項)檢出細項,108,新北市,121.1395358,24.7505704
芹菜,新北市三峽區店家,"新北市三峽區愛國路8號對面,林老闆",合格,農藥多重殘留分析(373項)檢出細項益達胺(Imidacloprid)0.03得芬諾(Tebufenozide)0.11二硫代胺基甲酸鹽類未檢出亞托敏(Azoxystrobin)0.08賓克隆(Pencycuron)0.18,108,新北市,121.3740582,24.9336922
芹菜,新北市五股區店家,新北市五股區芳洲五路88號4樓,不合格,達滅芬(Dimethomorph)0.04二硫代胺基甲酸鹽類未檢出農藥多重殘留分析(373項)檢出細項亞滅培(Acetamiprid)0.16陶斯松(Chlorpyrifos)3.30,108,新北市,121.4453581,25.0863893
冠軍蛋,冠軍,屏東縣高樹鄉泰山村三民路11-15號,合格,氯黴素類抗生素(4項)未檢出離子型抗球蟲藥(5項)未檢出四環黴素類(7項)未檢出動物用藥多重殘留(48項)未檢出抗原蟲(7項)未檢出雞肉及雞蛋中殘留農藥檢驗方法(1項)未檢出,107,新北市,120.60374,22.7871185
AAG蛋,彰化縣芳苑鄉店家,彰化縣芳苑鄉王功村漁港3路143號,合格,抗原蟲(7項)未檢出雞肉及雞蛋中殘留農藥檢驗方法(1項)未檢出氯黴素類抗生素(4項)未檢出離子型抗球蟲藥(5項)未檢出四環黴素類(7項)未檢出動物用藥多重殘留(48項)未檢出,107,新北市,120.3248119694252,23.96874260581748
優質紅雞蛋(紅殼),優質,新北市三峽區隆恩街163號,合格,動物用藥多重殘留(48項)未檢出雞肉及雞蛋中殘留農藥檢驗方法(1項)未檢出抗原蟲(7項)未檢出四環黴素類(7項)未檢出離子型抗球蟲藥(5項)未檢出氯黴素類抗生素(4項)未檢出,107,新北市,121.3629265,24.9424252
鄉土大粒卵(紅殼),彰化縣二林鎮店家,彰化縣二林鎮振興里7鄰民保巷565號,合格,氯黴素類抗生素(4項)未檢出抗原蟲(7項)未檢出雞肉及雞蛋中殘留農藥檢驗方法(1項)未檢出四環黴素類(7項)未檢出動物用藥多重殘留(48項)未檢出離子型抗球蟲藥(5項)未檢出,107,新北市,120.4156391,23.9674229
永新洗選蛋,台南市後壁區店家,台南市後壁區新嘉里白沙屯130-9號,合格,氯黴素類抗生素(4項)未檢出抗原蟲(7項)未檢出雞肉及雞蛋中殘留農藥檢驗方法(1項)未檢出四環黴素類(7項)未檢出動物用藥多重殘留(48項)未檢出離子型抗球蟲藥(5項)未檢出,107,新北市,120.3133388,23.3679349
逸品蛋,宜蘭縣三星鄉店家,宜蘭縣三星鄉拱照大坑39-6號,合格,四環黴素類(7項)未檢出動物用藥多重殘留(48項)未檢出離子型抗球蟲藥(5項)未檢出雞肉及雞蛋中殘留農藥檢驗方法(1項)未檢出抗原蟲(7項)未檢出氯黴素類抗生素(4項)未檢出,107,新北市,121.672299,24.646937
養生紅麴蛋,彰化縣竹塘鄉店家,彰化縣竹塘鄉新廣村光明路新田巷66號,合格,氯黴素類抗生素(4項)未檢出雞肉及雞蛋中殘留農藥檢驗方法(1項)未檢出四環黴素類(7項)未檢出動物用藥多重殘留(48項)未檢出離子型抗球蟲藥(5項)未檢出抗原蟲(7項)未檢出,107,新北市,120.4391538,23.8379566
寶貝土雞蛋,台南市後壁區店家,台南市後壁區新佳里白沙屯130-9號,合格,氯黴素類抗生素(4項)未檢出抗原蟲(7項)未檢出雞肉及雞蛋中殘留農藥檢驗方法(1項)未檢出四環黴素類(7項)未檢出動物用藥多重殘留(48項)未檢出離子型抗球蟲藥(5項)未檢出,107,新北市,120.3133388,23.3679349
石安牧場動福蛋,高雄市阿蓮區店家,高雄市阿蓮區石安里230之53號,合格,氯黴素類抗生素(4項)未檢出雞肉及雞蛋中殘留農藥檢驗方法(1項)未檢出四環黴素類(7項)未檢出離子型抗球蟲藥(5項)未檢出動物用藥多重殘留(48項)未檢出抗原蟲(7項)未檢出,107,新北市,120.3060706,22.891346
博多叉燒拉麵,新北市板橋區店家,新北市板橋區府中路11號,合格,大腸桿菌陰性大腸桿菌群陰性,108,新北市,121.4596784,25.009478
阿根廷生紅蝦,高雄市三民區店家,高雄市三民區建元路9巷32號,合格,硼酸及其鹽類陰性,108,新北市,120.3186049,22.6475
蒲燒鰻丼,新北市中和區店家,新北市中和區中山路3段36號1樓,合格,大腸桿菌陰性大腸桿菌群陰性,108,新北市,121.4788204,25.0061067
冷凍生白蝦,新北市中和區店家,新北市中和區建二路155號,合格,硼酸及其鹽類陰性,108,新北市,121.4875703,25.0037828
炒飯,新北市汐止區店家,新北市汐止區大同路2段227號,合格,大腸桿菌群陰性大腸桿菌陰性,108,新北市,121.6531153,25.0651176
豆鼓鮮蚵,新北市淡水區店家,新北市淡水區中正路17號,合格,大腸桿菌陰性大腸桿菌群陰性,108,新北市,121.4428025,25.1696084
宮保雞丁,新北市淡水區店家,新北市淡水區中正路17號,合格,大腸桿菌陰性大腸桿菌群陰性,108,新北市,121.4428025,25.1696084
蔥爆豬肉,新北市蘆洲區店家,新北市蘆洲區長安街194巷29號,合格,大腸桿菌陰性大腸桿菌群陰性,108,新北市,121.459979,25.0846916
醬燒犇丼,新北市三重區店家,新北市三重區忠孝路1段77號,合格,大腸桿菌陰性大腸桿菌群9.2,108,新北市,121.482574,25.068641
炸薯條,新北市三重區店家,新北市三重區忠孝路1段77號,合格,大腸桿菌陰性大腸桿菌群陰性,108,新北市,121.482574,25.068641
黑色幽默(黑咖啡),新北市永和區店家,新北市永和區保福路2段41號1樓,合格,大腸桿菌陰性沙門氏桿菌陰性生菌數<10大腸桿菌群陰性,108,新北市,121.5107642,25.0116821
草莓(香水),草莓,臺北市大同區涼州街116號1樓,合格,布瑞莫(Bupirimate)0.02派美尼(Pyrimethanil)0.09達特南(Dinotefuran)0.07賽普洛(Cyprodinil)0.11農藥多重殘留分析(373項)檢出細項賽芬?(Cyflumetofen)0.02護汰寧(Fludioxonil)0.03撲滅寧(Procymidone)0.04二硫代胺基甲酸鹽類0.34白克列(Boscalid)0.15達滅芬(Dimethomorph)0.02,108,新北市,121.5090834,25.0604892
奶油培根,奶油,新北市土城區員林街7號1樓,合格,大腸桿菌陰性大腸桿菌群陰性,108,新北市,121.4426468,24.9781343
野菇雞肉青醬,新北市土城區店家,新北市土城區員林街7號1樓,合格,大腸桿菌陰性大腸桿菌群陰性,108,新北市,121.4426468,24.9781343
水晶七彩餃,新北市新店區店家,新北市新店區三民路41號1樓,合格,大腸桿菌群陰性大腸桿菌陰性,108,新北市,121.5371617,24.9707202
彩蔬涼拌,新北市新店區店家,新北市新店區三民路41號1樓,合格,大腸桿菌陰性大腸桿菌群陰性,108,新北市,121.5371617,24.9707202
清炒蒜香時蔬義大利麵,新北市板橋區店家,新北市板橋區民生路2段234巷24弄6號,合格,大腸桿菌群陰性大腸桿菌陰性,108,新北市,121.4702459,25.0222959
凱薩燻雞沙拉,新北市板橋區店家,新北市板橋區民生路2段234巷24弄6號,不合格,大腸桿菌群43大腸桿菌陰性,108,新北市,121.4702459,25.0222959
新安琪兒水解麥精-潛能配方,臺北市中山區店家,臺北市中山區松江路72號3樓,合格,錫未檢出鉛未檢出,107,新北市,121.5327087,25.0495208
冷凍冰魚,新北市新莊區店家,新北市新莊區新北大道2段217號14樓,合格,鎘未檢出鉛未檢出甲基汞未檢出,107,新北市,121.4627868,25.0606504
小珠貝,宜蘭縣五結鄉店家,宜蘭縣五結鄉利工一路2段56號,合格,鉛未檢出甲基汞未檢出鎘0.93 ppm,107,新北市,121.8344517,24.6547575
去頭沙蝦,台南市永康區店家,台南市永康區蔦松二街3號,合格,鎘未檢出甲基汞未檢出鉛未檢出,107,新北市,120.2532863,23.040778
去刺虱目魚肚,台南市北門區店家,台南市北門區錦湖里150-1號,合格,甲基汞未檢出鉛未檢出鎘未檢出,107,新北市,120.1647036,23.2941931
貝比卡兒嚴選綜合穀麥精,臺北市松山區店家,臺北市松山區復興南路1段368號3樓,合格,錫未檢出鉛未檢出,107,新北市,121.5441513,25.0474407
鱸魚片,桃園市蘆竹區店家,桃園市蘆竹區海山路1段200號,合格,鉛未檢出鎘未檢出甲基汞未檢出,107,新北市,121.2766976,25.0894344
鱈切厚片(大比目魚),高雄市前鎮店家,高雄市前鎮區后平路80號11樓之3,合格,甲基汞0.09 ppm鎘未檢出鉛未檢出,107,新北市,120.322225,22.571656
鴨蛋,彰化縣大城鄉店家,彰化縣大城鄉楓港段393-395地號,合格,抗原蟲(7項)抗原蟲劑 未檢出禽畜產品中殘留農藥(126項)殘留農藥 未檢出,109,新北市,120.3089541,23.8483614
甲魚,台南市將軍區店家,台南市將軍區將貴里45號,合格,孔雀綠(2項)孔雀綠及其代謝物 未檢出抗生物質(1項)抗生素及其代謝物 未檢出,109,新北市,120.1011836,23.2054945
龍蝦(蟹祖),新北市三重區店家,新北市三重區光復路1段103號1樓,合格,硝基呋喃代謝物(4項)硝基呋喃代謝物 未檢出β-內醯胺類抗生素(8項)β-內醯胺類 未檢出孔雀綠(2項)孔雀綠及其代謝物 未檢出Avermectin類抗生素(6項)Avermectin類 未檢出,109,新北市,121.4620678,25.0841587
鮑魚18P,高雄市新興區店家,高雄市新興區中正路55號26樓之2,合格,孔雀綠(2項)孔雀綠及其代謝物 未檢出四環黴素類(7項)四環黴素類未檢出,109,新北市,120.3060706,22.6283893
鴨蛋,臺北市南港區店家,臺北市南港區南港路3段149巷49弄2號1F,合格,抗原蟲(7項)抗原蟲劑 未檢出禽畜產品中殘留農藥(126項)殘留農藥 未檢出,109,新北市,121.5856222,25.0518944
甲魚,新北市中和區店家,新北市中和區興南路2段99巷5號,合格,孔雀綠(2項)孔雀綠及其代謝物 未檢出四環黴素類(7項)四環黴素類未檢出,109,新北市,121.5059778,24.9842074
拿鐵冰沙,新北市新店區店家,新北市新店區中正路2號,合格,生菌數3300大腸桿菌陰性大腸桿菌群23,107,新北市,121.545782,24.96957
巧克力碎片冰沙,新北市新店區店家,新北市新店區中正路2號,合格,生菌數200大腸桿菌陰性大腸桿菌群陰性,107,新北市,121.545782,24.96957
百香冰沙,百香,新北市淡水區民權路99之5號1樓,合格,大腸桿菌群陰性生菌數85大腸桿菌陰性,107,新北市,121.460192,25.137968
蛋捲冰淇淋,新北市三重區店家,新北市三重區五華街89號,合格,大腸桿菌群陰性生菌數10大腸桿菌陰性,107,新北市,121.4920643,25.0834053
冰炫風(冰淇淋部份),新北市樹林區店家,新北市樹林區中山路1段101號,合格,大腸桿菌陰性大腸桿菌群陰性生菌數30,107,新北市,121.4198606,24.9815605
蛋捲冰淇淋,新北市新莊區店家,新北市新莊區中正路232號,合格,大腸桿菌陰性大腸桿菌群陰性生菌數20,107,新北市,121.4483694,25.0354497
巧克力雪花冰,新北市中和區店家,新北市中和區景新街410巷26號1樓,合格,大腸桿菌陰性大腸桿菌群陰性生菌數18000,107,新北市,121.511874,24.9889282
紅豆刨冰,紅豆,新北市中和區景新街410巷26號1樓,合格,生菌數340大腸桿菌陰性大腸桿菌群陰性,107,新北市,121.511874,24.9889282
包心布丁煉乳,新北市汐止區店家,新北市汐止區新台五路1段99號B1樓,合格,大腸桿菌陰性大腸桿菌群3.6生菌數7600,107,新北市,121.6397184,25.0616059
黑白郎君,新北市汐止區店家,新北市汐止區新台五路1段99號B1樓,合格,大腸桿菌陰性大腸桿菌群陰性生菌數21000,107,新北市,121.6397184,25.0616059
宇治金時,新北市中和區店家,新北市中和區中山路3段122號B2樓,合格,生菌數26000大腸桿菌陰性大腸桿菌群9.2,107,新北市,121.4747785,25.0066732
紅豆芋圓剉冰,紅豆,新北市淡水區英專路28巷3號,合格,大腸桿菌陰性大腸桿菌群陰性生菌數150,107,新北市,121.445924,25.170033
綠豆芋圓剉冰,綠豆,新北市淡水區英專路28巷3號,合格,大腸桿菌陰性大腸桿菌群陰性生菌數30,107,新北市,121.445924,25.170033
百香檸檬冰沙,百香,新北市板橋區三民路1段31巷89弄1號,合格,大腸桿菌陰性大腸桿菌群陰性生菌數6300,107,新北市,121.4623951,25.0193771
阿華田冰沙,新北市板橋區店家,新北市板橋區三民路1段31巷89弄1號,合格,大腸桿菌陰性大腸桿菌群陰性生菌數8400,107,新北市,121.4623951,25.0193771
綜合冰,綜合,新北市土城區學府路193號1樓,合格,大腸桿菌群陰性生菌數2300大腸桿菌陰性,107,新北市,121.4521424,24.9847749
芋頭紅豆冰,芋頭,新北市土城區學府路1段262號,合格,大腸桿菌生菌數大腸桿菌群,107,新北市,121.4522269,24.9853747
八女石臼抹茶霜淇淋,新北市三重區店家,新北市三重區長元街2之2號,合格,生菌數40大腸桿菌陰性大腸桿菌群陰性,107,新北市,121.4988177,25.0659134
芒果冰沙,芒果,新北市新店區寶興路40號1樓,合格,大腸桿菌陰性大腸桿菌群陰性生菌數3600,107,新北市,121.5487287,24.9740132
百香果冰沙,百香果,新北市泰山區明志路3段181號1樓,合格,大腸桿菌陰性大腸桿菌群陰性生菌數<10,107,新北市,121.4244695,25.0390791
牛奶霜淇淋,牛奶,新北市蘆洲區集賢路226號,合格,大腸桿菌陰性大腸桿菌群陰性生菌數25,107,新北市,121.4822793,25.0865326
小美紅豆粉粿冰棒,彰化縣芳苑鄉店家,彰化縣芳苑鄉工區路37號,合格,生菌數130大腸桿菌陰性大腸桿菌群陰性,107,新北市,120.3485115,23.9203696
冰淇淋大福草莓牛奶,桃園市龜山區店家,桃園市龜山區文化一路45號3樓,合格,生菌數2100大腸桿菌陰性大腸桿菌群43,107,新北市,121.3715664,25.0600743
kiri藍莓起司雪糕,新北市汐止區店家,新北市汐止區大同路3段271號2樓,合格,生菌數<10大腸桿菌陰性大腸桿菌群陰性,107,新北市,121.6737921,25.0758036
綠豆沙,綠豆,新北市中和區興南路1段99號,合格,大腸桿菌陰性大腸桿菌群陰性生菌數60,107,新北市,121.5104147,24.9899636
米苔目冰,新北市三重區店家,新北市三重區文化北路51號,合格,生菌數5600大腸桿菌陰性大腸桿菌群23,107,新北市,121.4989275,25.0656104
紅茶冰沙,新北市新莊區店家,新北市新莊區中港路137號,合格,大腸桿菌群7.4大腸桿菌陰性生菌數3000,107,新北市,121.4551061,25.0405607
牛奶冰,牛奶,新北市新莊區公園路16號,合格,大腸桿菌群陰性生菌數3500大腸桿菌陰性,107,新北市,121.4482602,25.0389031
黑糖剉冰,黑糖,新北市新莊區中港路131號,合格,大腸桿菌陰性大腸桿菌群陰性生菌數120,107,新北市,121.4550334,25.0401145
抹茶冰沙,新北市中和區店家,新北市中和區興南路1段4號,合格,大腸桿菌陰性大腸桿菌群陰性生菌數2700,107,新北市,121.5104147,24.9899636
綠豆粉圓冰,綠豆,新北市樹林區太平路150巷8號,合格,大腸桿菌群23大腸桿菌陰性生菌數58000,107,新北市,121.41812,24.9779348
檸檬冰沙,檸檬,新北市樹林區太平路118號,合格,大腸桿菌群陰性生菌數180大腸桿菌陰性,107,新北市,121.4184281,24.9785662
愛戀巧克力,新北市中和區店家,新北市中和區中山路3段122號B2樓,合格,生菌數380大腸桿菌群3.6大腸桿菌陰性,107,新北市,121.4747785,25.0066732
提拉可可冰沙,提拉,新北市泰山區明志路3段171號,合格,大腸桿菌陰性生菌數13000大腸桿菌群陰性,107,新北市,121.4246102,25.0392694
蕃茄冰沙,新北市樹林區店家,新北市樹林區中山路1段73號,合格,大腸桿菌陰性生菌數8900大腸桿菌群陰性,107,新北市,121.4239162,24.9926446
抹茶紅豆雪花冰,新北市板橋區店家,新北市板橋區漢生東路312號,不合格,大腸桿菌28大腸桿菌群460生菌數73000,107,新北市,121.4713744,25.0085783
牛奶雪花冰,牛奶,新北市汐止區宜興街18號,不合格,大腸桿菌群3.6生菌數150000大腸桿菌陰性,107,新北市,121.6214547,25.0415664
雪印奶粉金嬰兒配方食品,臺北市松山區店家,臺北市松山區基隆路1段333琥,合格,生菌數30沙門氏桿菌陰性三聚氰胺未檢出大腸桿菌陰性大腸桿菌群陰性,109,新北市,121.5653136,25.0419415
桂格愛心嬰兒配方奶粉,臺北市松山區店家,臺北市松山區仁愛路3段136號5樓,合格,生菌數<10大腸桿菌陰性大腸桿菌群陰性沙門氏桿菌陰性三聚氰胺未檢出,109,新北市,121.5412729,25.0374747
亞培心美力嬰兒奶粉,臺北市松山區店家,臺北市松山區民生東路3段51號6F,合格,生菌數<10大腸桿菌陰性大腸桿菌群陰性沙門氏桿菌陰性三聚氰胺未檢出,109,新北市,121.5398306,25.0575733
優生A+育嬰配方奶粉(新升級),臺北市大安區店家,臺北市大安區仁愛路3段136號6F,合格,三聚氰胺未檢出生菌數<10大腸桿菌群陰性大腸桿菌陰性沙門氏桿菌陰性,109,新北市,121.5415053,25.0374263
S-26金愛兒樂嬰兒配方奶粉,臺北市內湖區店家,臺北市內湖區瑞光路399號8樓之1,合格,大腸桿菌陰性大腸桿菌群陰性生菌數<10沙門氏桿菌陰性三聚氰胺未檢出,109,新北市,121.5725155,25.0777641
能恩水解1部份水解蛋白嬰兒營養配方奶粉,臺北市內湖區店家,臺北市內湖區瑞光路399號8樓之1,合格,沙門氏桿菌陰性三聚氰胺未檢出大腸桿菌陰性大腸桿菌群陰性生菌數<10,109,新北市,121.5725155,25.0777641
卡洛塔妮A3兒童奶粉,臺北市大安區店家,臺北市大安區復興南路1段368號7樓,合格,生菌數<10大腸桿菌陰性大腸桿菌群陰性沙門氏桿菌陰性三聚氰胺未檢出,109,新北市,121.5442137,25.047407
新安琪兒安哺成長配方,臺北市中山區店家,臺北市中山區松江路723樓,合格,生菌數75大腸桿菌陰性大腸桿菌群陰性沙門氏桿菌陰性三聚氰胺未檢出,109,新北市,121.533471,25.0608517
成長奶粉健康溢菌配方,臺北市松山區店家,臺北市松山區仁愛路3段136號5樓,合格,沙門氏桿菌陰性生菌數85大腸桿菌陰性大腸桿菌群陰性三聚氰胺未檢出,109,新北市,121.5412729,25.0374747
豐力富全護幼兒成長奶粉,臺北市松山區店家,臺北市松山區敦化南路1段2號11樓,合格,沙門氏桿菌陰性三聚氰胺未檢出大腸桿菌陰性大腸桿菌群陰性生菌數180,109,新北市,121.5481508,25.0480051
北海珍寶頂級小魚魚油軟膠囊,北海,台中市西區台灣大道二段101號11樓,合格,鄰苯二甲酸二(2-乙基己基)酯(DEHP)0.55鄰苯二甲酸丁基苯酯(BBP)未檢出鄰苯二甲酸二丁酯(DBP)未檢出鄰苯二甲酸二辛酯(DNOP)未檢出鄰苯二甲酸二異癸酯(DIDP)未檢出鄰苯二甲酸二異壬酯(DINP)未檢出鄰苯二甲酸二甲酯(DMP)未檢出鄰苯二甲酸二乙酯(DEP)未檢出鄰苯二甲酸二異丁酯(DIBP)未檢出,110,新北市,120.6707373,24.1497994
挺立鈣強力錠,臺北市中正區店家,臺北市中正區忠孝西路1段66號24樓,合格,鄰苯二甲酸二(2-乙基己基)酯(DEHP)未檢出鄰苯二甲酸丁基苯酯(BBP)未檢出鄰苯二甲酸二丁酯(DBP)未檢出鄰苯二甲酸二辛酯(DNOP)未檢出鄰苯二甲酸二異癸酯(DIDP)未檢出鄰苯二甲酸二異壬酯(DINP)未檢出鄰苯二甲酸二甲酯(DMP)未檢出鄰苯二甲酸二乙酯(DEP)未檢出鄰苯二甲酸二異丁酯(DIBP)未檢出,110,新北市,121.5192071,25.0626318
拜維佳發泡錠,臺北市松山區店家,臺北市松山區信義路5段7號54樓,合格,鄰苯二甲酸二(2-乙基己基)酯(DEHP)未檢出鄰苯二甲酸丁基苯酯(BBP)未檢出鄰苯二甲酸二丁酯(DBP)未檢出鄰苯二甲酸二辛酯(DNOP)未檢出鄰苯二甲酸二異癸酯(DIDP)未檢出鄰苯二甲酸二異壬酯(DINP)未檢出鄰苯二甲酸二甲酯(DMP)未檢出鄰苯二甲酸二乙酯(DEP)未檢出鄰苯二甲酸二異丁酯(DIBP)未檢出,110,新北市,121.5645389,25.033976
兒童營養補給球,臺北市松山區店家,臺北市松山區東興路87號7F,合格,鄰苯二甲酸二(2-乙基己基)酯(DEHP)0.12鄰苯二甲酸丁基苯酯(BBP)未檢出鄰苯二甲酸二丁酯(DBP)未檢出鄰苯二甲酸二辛酯(DNOP)未檢出鄰苯二甲酸二異癸酯(DIDP)未檢出鄰苯二甲酸二異壬酯(DINP)未檢出鄰苯二甲酸二甲酯(DMP)未檢出鄰苯二甲酸二乙酯(DEP)未檢出鄰苯二甲酸二異丁酯(DIBP)未檢出,110,新北市,121.567027,25.046154
善存女性綜合維他命,新竹縣新豐鄉店家,新竹縣新豐鄉中崙村中崙290-1號,合格,鄰苯二甲酸二(2-乙基己基)酯(DEHP)0.08鄰苯二甲酸丁基苯酯(BBP)未檢出鄰苯二甲酸二丁酯(DBP)未檢出鄰苯二甲酸二辛酯(DNOP)未檢出鄰苯二甲酸二異癸酯(DIDP)未檢出鄰苯二甲酸二異壬酯(DINP)未檢出鄰苯二甲酸二甲酯(DMP)未檢出鄰苯二甲酸二乙酯(DEP)未檢出鄰苯二甲酸二異丁酯(DIBP)未檢出,110,新北市,121.0018588,24.8967745
Move Free葡萄糖胺錠,臺北市大安區店家,臺北市大安區仁愛路三段136號3樓,合格,鄰苯二甲酸二(2-乙基己基)酯(DEHP)未檢出鄰苯二甲酸丁基苯酯(BBP)未檢出鄰苯二甲酸二丁酯(DBP)未檢出鄰苯二甲酸二辛酯(DNOP)未檢出鄰苯二甲酸二異癸酯(DIDP)未檢出鄰苯二甲酸二異壬酯(DINP)未檢出鄰苯二甲酸二甲酯(DMP)未檢出鄰苯二甲酸二乙酯(DEP)未檢出鄰苯二甲酸二異丁酯(DIBP)未檢出,110,新北市,121.5414026,25.0374115
檸檬酸鈣鎂錠,檸檬,台中市大甲區日南里工九路27-1號,合格,鄰苯二甲酸二(2-乙基己基)酯(DEHP)0.14鄰苯二甲酸丁基苯酯(BBP)未檢出鄰苯二甲酸二丁酯(DBP)未檢出鄰苯二甲酸二辛酯(DNOP)未檢出鄰苯二甲酸二異癸酯(DIDP)未檢出鄰苯二甲酸二異壬酯(DINP)未檢出鄰苯二甲酸二甲酯(DMP)未檢出鄰苯二甲酸二乙酯(DEP)未檢出鄰苯二甲酸二異丁酯(DIBP)未檢出,110,新北市,120.6546526,24.4047215
葉黃素軟膠囊,台中市大甲區店家,台中市大甲區日南里工九路27-1號,合格,鄰苯二甲酸二(2-乙基己基)酯(DEHP)未檢出鄰苯二甲酸丁基苯酯(BBP)未檢出鄰苯二甲酸二丁酯(DBP)未檢出鄰苯二甲酸二辛酯(DNOP)未檢出鄰苯二甲酸二異癸酯(DIDP)未檢出鄰苯二甲酸二異壬酯(DINP)未檢出鄰苯二甲酸二甲酯(DMP)未檢出鄰苯二甲酸二乙酯(DEP)未檢出鄰苯二甲酸二異丁酯(DIBP)未檢出,110,新北市,120.6546526,24.4047215
PROMAX蔓越莓+洛神花(錠狀食品),臺北市中山區店家,臺北市中山區南京東路2 段72號3樓,合格,鄰苯二甲酸二(2-乙基己基)酯(DEHP)未檢出鄰苯二甲酸丁基苯酯(BBP)未檢出鄰苯二甲酸二丁酯(DBP)未檢出鄰苯二甲酸二辛酯(DNOP)未檢出鄰苯二甲酸二異癸酯(DIDP)未檢出鄰苯二甲酸二異壬酯(DINP)未檢出鄰苯二甲酸二甲酯(DMP)未檢出鄰苯二甲酸二乙酯(DEP)未檢出鄰苯二甲酸二異丁酯(DIBP)未檢出,110,新北市,121.5281835,25.051898
祈達維康B加強錠,臺北市松山區店家,臺北市松山區甘州街30號2樓,合格,鄰苯二甲酸二(2-乙基己基)酯(DEHP)0.09鄰苯二甲酸丁基苯酯(BBP)未檢出鄰苯二甲酸二丁酯(DBP)未檢出鄰苯二甲酸二辛酯(DNOP)未檢出鄰苯二甲酸二異癸酯(DIDP)未檢出鄰苯二甲酸二異壬酯(DINP)未檢出鄰苯二甲酸二甲酯(DMP)未檢出鄰苯二甲酸二乙酯(DEP)未檢出鄰苯二甲酸二異丁酯(DIBP)未檢出,110,新北市,121.5127127,25.058791
大漢優質油豆腐,大漢,桃園市大園區大觀路548號,合格,二甲基黃(dimethylyellow)未檢出二乙基黃(diethylyellow)未檢出,109,新北市,121.1805095,25.0644032
義美滷油豆腐,義美,臺北市松山區信義路二段88號10F,合格,二甲基黃(dimethylyellow)未檢出二乙基黃(diethylyellow)未檢出,109,新北市,121.5267677,25.0340082
串燒滷香豆干(含基因改造),彰化縣田尾鄉店家,彰化縣田尾鄉饒平村光復路二段698號,合格,二甲基黃(dimethylyellow)未檢出二乙基黃(diethylyellow)未檢出,109,新北市,120.530833,23.8913028
手打豆干(含基因改造),手打,彰化縣田尾鄉饒平村光復路二段698號,合格,二甲基黃(dimethylyellow)未檢出二乙基黃(diethylyellow)未檢出,109,新北市,120.530833,23.8913028
古味滷香豆干,彰化縣田尾鄉店家,彰化縣田尾鄉饒平村光復路2段698號,合格,二甲基黃(dimethylyellow)未檢出二乙基黃(diethylyellow)未檢出,109,新北市,120.530833,23.8913028
客家小炒豆干,客家,彰化縣田尾鄉饒平村光復路2段698號,合格,二甲基黃(dimethylyellow)未檢出二乙基黃(diethylyellow)未檢出,109,新北市,120.530833,23.8913028
白玉豆干,台南市西港區店家,台南市西港區劉厝里63之9號,合格,二甲基黃(dimethylyellow)未檢出二乙基黃(diethylyellow)未檢出,109,新北市,120.1791357,23.1327161
豆皮捲(非基改),豆皮,新北市五股區五工六路35號,合格,二甲基黃(dimethylyellow)未檢出二乙基黃(diethylyellow)未檢出,109,新北市,121.4475269,25.0642062
油豆腐,新北市三重區店家,新北市三重區中正北路193巷35弄71號1樓,合格,二甲基黃(dimethylyellow)未檢出二乙基黃(diethylyellow)未檢出,109,新北市,121.4786923,25.0714472
大溪名產串燒豆干,大溪,桃園市大溪區中華路52巷47號,合格,二甲基黃(dimethylyellow)未檢出二乙基黃(diethylyellow)未檢出,109,新北市,121.2934315,24.8832163
油揚(日式豆皮),嘉義市東區店家,嘉義市東區後湖里保順路327號1樓,合格,二甲基黃(dimethylyellow)未檢出二乙基黃(diethylyellow)未檢出,109,新北市,120.4498178,23.5138694
有機豆干(特選原味),桃園市大溪區店家,桃園市大溪區美華里美山路1段601巷255號,合格,二甲基黃(dimethylyellow)未檢出二乙基黃(diethylyellow)未檢出,109,新北市,121.269985,24.885424
有機香滷黑豆干,桃園市大溪區店家,桃園市大溪區興和里中央路123號,合格,二甲基黃(dimethylyellow)未檢出二乙基黃(diethylyellow)未檢出,109,新北市,121.2875084,24.8821271
中華油豆腐,屏東縣潮州鎮店家,屏東縣潮州鎮介壽路468號,合格,二甲基黃(dimethylyellow)未檢出二乙基黃(diethylyellow)未檢出,109,新北市,120.528121,22.529039
義美古早傳統豆乾(五香滷汁),義美,臺北市大安區信義路2段88號10F,合格,二甲基黃(dimethylyellow)未檢出二乙基黃(diethylyellow)未檢出,109,新北市,121.5267677,25.0340082
義美大黑豆乾,義美,臺北市大安區信義路2段88號10F,合格,二甲基黃(dimethylyellow)未檢出二乙基黃(diethylyellow)未檢出,109,新北市,121.5267677,25.0340082
豆干(特選五香),豆干,桃園市大溪區美華里美山路1段601巷255號,合格,二甲基黃(dimethylyellow)未檢出二乙基黃(diethylyellow)未檢出,109,新北市,121.269985,24.885424
手打滷香豆干,手打,彰化縣田尾鄉光復路2段698號,合格,二甲基黃(dimethylyellow)未檢出二乙基黃(diethylyellow)未檢出,109,新北市,120.530833,23.8913028
義美油豆腐,義美,臺北市信義區信義路2段88號10樓,合格,二甲基黃(dimethylyellow)未檢出二乙基黃(diethylyellow)未檢出,109,新北市,121.526813,25.0339597
豆皮輪,豆皮,桃園市桃園區大觀路269-5號,合格,二甲基黃(dimethylyellow)未檢出二乙基黃(diethylyellow)未檢出,109,新北市,121.1891428,25.0657408
漢堡,新北市淡水區店家,新北市淡水區北新路1段2號,合格,大腸桿菌陰性大腸桿菌群陰性,108,新北市,121.4507516,25.1793394
大麥克,新北市三重區店家,新北市三重區五華街89號1、2樓,合格,大腸桿菌群23大腸桿菌陰性,108,新北市,121.4920643,25.0834053
和風照燒雞腿堡,新北市新店區店家,新北市新店區民權路82號2樓,合格,大腸桿菌陰性大腸桿菌群陰性,108,新北市,121.5372088,24.9830944
勁辣雞腿堡,新北市蘆洲區店家,新北市蘆洲區長安街127號1~3樓,合格,大腸桿菌陰性大腸桿菌群陰性,108,新北市,121.4608544,25.0812934
千島黃金蝦堡,新北市蘆洲區店家,新北市蘆洲區長安街127號1~3樓,合格,大腸桿菌陰性大腸桿菌群陰性,108,新北市,121.4608544,25.0812934
原味牛肉堡,新北市八里區店家,新北市八里區觀海大道57號,合格,大腸桿菌陰性大腸桿菌群陰性,108,新北市,121.4280506,25.1616339
碳烤雞腿堡,新北市八里區店家,新北市八里區觀海大道57號,合格,大腸桿菌陰性大腸桿菌群陰性,108,新北市,121.4280506,25.1616339
雙層牛肉吉事堡,新北市土城區店家,新北市土城區裕民路180號,合格,大腸桿菌陰性大腸桿菌群陰性,108,新北市,121.452771,24.9851678
豬肉蛋堡,豬肉,新北市三重區正義北路15號1樓,合格,大腸桿菌陰性大腸桿菌群陰性,108,新北市,121.4978767,25.0629782
麥香雞堡,新北市瑞芳區店家,新北市瑞芳區中山路168號1樓,合格,大腸桿菌陰性大腸桿菌群陰性,108,新北市,121.8018897,25.1067253
勁辣雞腿堡,新北市五股區店家,新北市五股區成泰路2段121號1~3樓,合格,大腸桿菌陰性大腸桿菌群陰性,108,新北市,121.4385439,25.0847493
麥香雞堡,新北市林口區店家,新北市林口區中山路250之1號,合格,大腸桿菌陰性大腸桿菌群陰性,108,新北市,121.3859373,25.0795908
豬肉滿福堡加蛋,豬肉,新北市樹林區中山路1段101號,合格,大腸桿菌群陰性大腸桿菌陰性,108,新北市,121.4198606,24.9815605
香雞滿福堡加蛋,新北市樹林區店家,新北市樹林區中山路1段101號,合格,大腸桿菌陰性大腸桿菌群陰性,108,新北市,121.4198606,24.9815605
起司玉米鬆餅,起司,新北市林口區文化二路2段179號1、2樓,合格,大腸桿菌陰性大腸桿菌群陰性,108,新北市,121.3801848,25.0846273
牛肉堡玉米鬆餅,牛肉,新北市林口區文化二路2段179號1、2樓,合格,大腸桿菌群陰性大腸桿菌陰性,108,新北市,121.3801848,25.0846273
雙層牛肉吉事堡,新北市中和區店家,新北市中和區中山路2段583號,合格,大腸桿菌陰性大腸桿菌群陰性,108,新北市,121.4801992,25.0057341
麥香雞堡,新北市中和區店家,新北市中和區中山路2段583號,合格,大腸桿菌陰性大腸桿菌群陰性,108,新北市,121.4801992,25.0057341
香雞滿福堡,新北市三峽區店家,新北市三峽區學成路258號,合格,大腸桿菌群陰性大腸桿菌陰性,108,新北市,121.3753961,24.9422386
大麥克,新北市土城區店家,新北市土城區裕民路180號,合格,大腸桿菌群陰性大腸桿菌陰性,108,新北市,121.452771,24.9851678
脆片巧克力鬆餅,新北市林口區店家,新北市林口區民權路79號1、2樓,合格,大腸桿菌群陰性大腸桿菌陰性,108,新北市,121.3719641,25.0811795
巧克力鬆餅,新北市新莊區店家,新北市新莊區福德三街1號,合格,大腸桿菌群陰性大腸桿菌陰性,108,新北市,121.4626584,25.0586184
Move Free葡萄糖胺錠(食品)(Move FreeGlucosamineTablet),臺北市大安區店家,臺北市大安區仁愛路3段136號6樓,合格,鄰苯二甲酸二異癸酯(DIDP)鄰苯二甲酸二辛酯(DNOP)鄰苯二甲酸二異壬酯(DINP)鄰苯二甲酸二丁酯(DBP)鄰苯二甲酸二乙酯(DEP)鄰苯二甲酸二異丁酯(DIBP)鄰苯二甲酸二甲酯(DMP)鄰苯二甲酸二(2-乙基己基)酯(DEHP)鄰苯二甲酸丁基苯酯(BBP),108,新北市,121.5415053,25.0374263
加仕沛-葡萄糖胺PX PLUS錠,臺北市松山區店家,臺北市松山區民權東路3段181號12樓,合格,鄰苯二甲酸二(2-乙基己基)酯(DEHP)鄰苯二甲酸丁基苯酯(BBP)鄰苯二甲酸二甲酯(DMP)鄰苯二甲酸二乙酯(DEP)鄰苯二甲酸二異丁酯(DIBP)鄰苯二甲酸二異癸酯(DIDP)鄰苯二甲酸二丁酯(DBP)鄰苯二甲酸二辛酯(DNOP)鄰苯二甲酸二異壬酯(DINP),108,新北市,121.5410368,25.0627924
有機螺旋藻(錠狀食品),臺北市大安區店家,臺北市大安區信義路4段236號12樓,合格,鄰苯二甲酸二(2-乙基己基)酯(DEHP)鄰苯二甲酸丁基苯酯(BBP)鄰苯二甲酸二辛酯(DNOP)鄰苯二甲酸二異壬酯(DINP)鄰苯二甲酸二異丁酯(DIBP)鄰苯二甲酸二乙酯(DEP)鄰苯二甲酸二丁酯(DBP)鄰苯二甲酸二甲酯(DMP)鄰苯二甲酸二異癸酯(DIDP),108,新北市,121.5529754,25.0329744
培恩R鈣+鎂.鋅.銅.錳錠,臺北市大安區店家,臺北市大安區安和路2段181巷9號1樓,合格,鄰苯二甲酸二(2-乙基己基)酯(DEHP)鄰苯二甲酸丁基苯酯(BBP)鄰苯二甲酸二丁酯(DBP)鄰苯二甲酸二甲酯(DMP)鄰苯二甲酸二乙酯(DEP)鄰苯二甲酸二異丁酯(DIBP)鄰苯二甲酸二辛酯(DNOP)鄰苯二甲酸二異壬酯(DINP)鄰苯二甲酸二異癸酯(DIDP),108,新北市,121.5500878,25.0276682
Lovita愛維他藍綠藻食品錠1000mg,臺北市南港區店家,臺北市南港區忠孝東路5段815號6F,合格,鄰苯二甲酸二(2-乙基己基)酯(DEHP)鄰苯二甲酸丁基苯酯(BBP)鄰苯二甲酸二異癸酯(DIDP)鄰苯二甲酸二丁酯(DBP)鄰苯二甲酸二辛酯(DNOP)鄰苯二甲酸二異壬酯(DINP)鄰苯二甲酸二甲酯(DMP)鄰苯二甲酸二乙酯(DEP)鄰苯二甲酸二異丁酯(DIBP),108,新北市,121.566819,25.0405415
GMP液體鈣膠囊,臺北市松山區店家,臺北市松山區安和路2段181巷9號1樓,合格,鄰苯二甲酸二(2-乙基己基)酯(DEHP)鄰苯二甲酸丁基苯酯(BBP)鄰苯二甲酸二甲酯(DMP)鄰苯二甲酸二異癸酯(DIDP)鄰苯二甲酸二乙酯(DEP)鄰苯二甲酸二丁酯(DBP)鄰苯二甲酸二辛酯(DNOP)鄰苯二甲酸二異壬酯(DINP)鄰苯二甲酸二異丁酯(DIBP),108,新北市,121.5500878,25.0276682
培恩R金鑽卵磷脂膠囊,臺北市大安區店家,臺北市大安區安和路2段181巷9號1樓,合格,鄰苯二甲酸二辛酯(DNOP)鄰苯二甲酸二異壬酯(DINP)鄰苯二甲酸二甲酯(DMP)鄰苯二甲酸二(2-乙基己基)酯(DEHP)鄰苯二甲酸丁基苯酯(BBP)鄰苯二甲酸二乙酯(DEP)鄰苯二甲酸二異丁酯(DIBP)鄰苯二甲酸二異癸酯(DIDP)鄰苯二甲酸二丁酯(DBP),108,新北市,121.5500878,25.0276682
培恩精純魚油膠囊,臺北市大安區店家,臺北市大安區安和路2段181號1F,合格,鄰苯二甲酸二丁酯(DBP)鄰苯二甲酸二辛酯(DNOP)鄰苯二甲酸二異壬酯(DINP)鄰苯二甲酸二異丁酯(DIBP)鄰苯二甲酸二異癸酯(DIDP)鄰苯二甲酸二甲酯(DMP)鄰苯二甲酸二乙酯(DEP)鄰苯二甲酸二(2-乙基己基)酯(DEHP)鄰苯二甲酸丁基苯酯(BBP),108,新北市,121.5499061,25.0274306
德樂寶深海魚油膠囊,台中市豐原區店家,台中市豐原區圓環北路2段141號18樓-2,合格,鄰苯二甲酸二(2-乙基己基)酯(DEHP)鄰苯二甲酸丁基苯酯(BBP)鄰苯二甲酸二甲酯(DMP)鄰苯二甲酸二乙酯(DEP)鄰苯二甲酸二異丁酯(DIBP)鄰苯二甲酸二丁酯(DBP)鄰苯二甲酸二異壬酯(DINP)鄰苯二甲酸二異癸酯(DIDP)鄰苯二甲酸二辛酯(DNOP),108,新北市,120.7232179,24.2613043
培恩深海魚油膠囊,臺北市大安區店家,臺北市大安區安和路2段181巷9號1樓,合格,鄰苯二甲酸二異壬酯(DINP)鄰苯二甲酸二甲酯(DMP)鄰苯二甲酸二乙酯(DEP)鄰苯二甲酸二(2-乙基己基)酯(DEHP)鄰苯二甲酸丁基苯酯(BBP)鄰苯二甲酸二異癸酯(DIDP)鄰苯二甲酸二丁酯(DBP)鄰苯二甲酸二異丁酯(DIBP)鄰苯二甲酸二辛酯(DNOP),108,新北市,121.5500878,25.0276682
無籽檸檬,新北市新店區店家,新北市新店區實中路95-4號,合格,益達胺(Imidacloprid)0.08二硫代胺基甲酸鹽類未檢出農藥多重殘留分析(373項)檢出細項愛殺松(Ethion)0.32,107,新北市,121.5394822,24.978282
有機杏鮑菇,嘉義縣中埔鄉店家,嘉義縣中埔鄉中埔村15林中正路75號,合格,農藥多重殘留分析(373項)未檢出,107,新北市,120.5232634,23.4254249
甜玉米-履歷甜玉米,雲林縣西螺鎮店家,雲林縣西螺鎮振安路59號,合格,農藥多重殘留分析(373項)未檢出二硫代胺基甲酸鹽類未檢出,107,新北市,120.4654737,23.7876292
高接梨,雲林縣西螺鎮店家,雲林縣西螺鎮市場北路後棟258號,合格,亞托敏(Azoxystrobin)0.03陶斯松(Chlorpyrifos)0.06農藥多重殘留分析(373項)檢出細項待克利(Difenoconazole)0.05第滅寧(Deltamethrin)0.02二硫代胺基甲酸鹽類未檢出,107,新北市,120.4588367,23.7850496
玉米筍,玉米,臺北市萬華區西寧南路4號(西寧市場169號攤位),合格,二硫代胺基甲酸鹽類未檢出農藥多重殘留分析(373項)未檢出,107,新北市,121.5068829,25.0481108
有機杏鮑菇,台中市新社區店家,台中市新社區永源里東山街88-78號,合格,農藥多重殘留分析(373項)未檢出,107,新北市,120.7957852,24.2177693
新興梨(高接梨),臺北市中山區店家,臺北市中山區民族東路336號,合格,二硫代胺基甲酸鹽類未檢出百利普芬(Pyriproxyfen)0.02農藥多重殘留分析(373項)檢出細項,107,新北市,121.5373211,25.067861
豐水梨10-12A(健康優),苗栗縣南庄鄉店家,苗栗縣南庄鄉員林村17鄰4-2號,合格,二硫代胺基甲酸鹽類未檢出農藥多重殘留分析(373項)未檢出,107,新北市,120.9709419,24.63137
玉米條,玉米,臺北市士林區華齡街175號2樓,合格,二硫代胺基甲酸鹽類未檢出農藥多重殘留分析(373項)未檢出,107,新北市,121.5192471,25.0871324
筊白筍-300g,南投縣埔里鎮店家,南投縣埔里鎮守城路3巷9號之1,合格,農藥多重殘留分析(373項)未檢出二硫代胺基甲酸鹽類未檢出,107,新北市,120.986133,23.988314
甜椒-青椒,嘉義縣新港鄉店家,嘉義縣新港鄉番婆段安和小段,合格,二硫代胺基甲酸鹽類未檢出待克利(Difenoconazole)0.11畢芬寧(Bifenthrin)0.03農藥多重殘留分析(373項)檢出細項,107,新北市,120.310612,23.516083
番石榴-彰化溪州,彰化縣溪州鄉店家,彰化縣溪州鄉大庄村登山4路1段298號,合格,農藥多重殘留分析(373項)未檢出二硫代胺基甲酸鹽類未檢出,107,新北市,120.5682028,23.8081377
玉米筍(紅鬚),玉米,臺北市士林區大南路361號5樓之2,合格,二硫代胺基甲酸鹽類未檢出農藥多重殘留分析(373項)未檢出,107,新北市,121.516528,25.08897
筊白筍,南投縣埔里鎮店家,南投縣埔里鎮三勰路27-6號,合格,農藥多重殘留分析(373項)未檢出二硫代胺基甲酸鹽類未檢出,107,新北市,120.9400368,23.9769825
香菇,香菇,南投縣埔里鎮牛眠里西安路2段109巷6號,合格,農藥多重殘留分析(373項)未檢出,107,新北市,120.9744325,23.9904944
A級大杏鮑菇,彰化縣和美鎮店家,彰化縣和美鎮太平路46巷46號,合格,農藥多重殘留分析(373項)未檢出,107,新北市,120.5113612,24.0862372
高級水梨,高級,台中市東勢區明正里永盛巷239-1號,合格,撲滅寧(Procymidone)0.02布芬淨(Buprofezin)0.03二硫代胺基甲酸鹽類未檢出貝芬替(Carbendazim)0.15待克利(Difenoconazole)0.05農藥多重殘留分析(373項)檢出細項三氟敏(Trifloxystrobin)0.03,107,新北市,120.7696891,24.3169058
茭白筍-嚴選,南投縣埔里鎮店家,南投縣埔里鎮鐵山路88號,合格,二硫代胺基甲酸鹽類未檢出農藥多重殘留分析(373項)未檢出,107,新北市,120.9441826,23.9740547
美濃瓜,美濃,新北市中和區連城路194巷4號,合格,二硫代胺基甲酸鹽類未檢出農藥多重殘留分析(373項)未檢出,107,新北市,121.4920767,24.9977225
有機檸檬,屏東縣萬丹鄉店家,屏東縣萬丹鄉廈北村10鄰普安路178號,合格,二硫代胺基甲酸鹽類未檢出農藥多重殘留分析(373項)未檢出,107,新北市,120.463626,22.5997323
松稜糖燻-雞翅/滷蛋/豆干,台南市歸仁區店家,台南市歸仁區和順路2段305號,合格,大腸桿菌陰性大腸桿菌群陰性,107,新北市,120.2750454,22.9919131
糖燻雞翅,台南市歸仁區店家,台南市歸仁區和順路2段305號,合格,大腸桿菌陰性大腸桿菌群陰性,107,新北市,120.2750454,22.9919131
港式蠔油鳳爪,港式,屏東縣竹田鄉南進路15號,合格,大腸桿菌群陰性大腸桿菌陰性,107,新北市,120.5315407,22.5739616
滷黑干,新北市汐止區店家,新北市汐止區新台五路1段99號B1樓,合格,大腸桿菌陰性大腸桿菌群陰性,107,新北市,121.6397184,25.0616059
滷素雞,新北市汐止區店家,新北市汐止區新台五路1段99號B1樓,合格,大腸桿菌群93大腸桿菌陰性,107,新北市,121.6397184,25.0616059
滷非基改大黑干,新北市中和區店家,新北市中和區景平路182號B1樓,合格,大腸桿菌陰性大腸桿菌群3.6,107,新北市,121.5164033,24.9924085
滷百頁豆腐,新北市中和區店家,新北市中和區景平路182號B1樓,合格,大腸桿菌群3.6大腸桿菌陰性,107,新北市,121.5164033,24.9924085
香草豆干,香草,新北市新店區北宜路1段96號1樓,合格,大腸桿菌陰性大腸桿菌群3.6,107,新北市,121.5380553,24.958534
焦糖滷蛋,新北市新店區店家,新北市新店區北宜路1段272之1號1樓,合格,大腸桿菌陰性大腸桿菌群陰性,107,新北市,121.5380553,24.958534
滷海帶,桃園市楊梅區店家,桃園市楊梅區民豐路754-1號,合格,生菌數<10大腸桿菌陰性大腸桿菌群陰性,107,新北市,121.1060535,24.927797
油雞腿,台中市西屯區店家,台中市西屯區廣福路150巷25-1號,合格,大腸桿菌陰性大腸桿菌群陰性生菌數360,107,新北市,120.6445865,24.1968544
雞腿凍,桃園市中壢區店家,桃園市中壢區南園路2-16號,合格,大腸桿菌陰性大腸桿菌群陰性,107,新北市,121.2401463,24.9683695
香草米血,香草,新北市新店區北宜路一段96號,合格,大腸桿菌陰性大腸桿菌群陰性,107,新北市,121.5387751,24.9553548
香草百頁,香草,新北市新店區北宜路一段96號,合格,大腸桿菌陰性大腸桿菌群陰性,107,新北市,121.5387751,24.9553548
滷油豆腐,新北市永和區店家,新北市永和區保平路2號,合格,大腸桿菌陰性大腸桿菌群陰性,107,新北市,121.5130856,25.0078394
鴨血,新北市板橋區店家,新北市板橋區陽明街6號,合格,大腸桿菌陰性大腸桿菌群陰性,107,新北市,121.4668231,25.0217966
滷甜不辣,新北市新莊區店家,新北市新莊區龍安路337號,合格,大腸桿菌陰性大腸桿菌群陰性,107,新北市,121.4226405,25.0192187
滷大黑豆干,新北市新莊區店家,新北市新莊區龍安路337號,合格,大腸桿菌群陰性大腸桿菌陰性,107,新北市,121.4226405,25.0192187
滷臭豆腐,新北市三重區店家,新北市三重區自強路1段203號,合格,大腸桿菌陰性大腸桿菌群陰性,107,新北市,121.4867114,25.0614534
九月九嚴選甘草橄欖,台南市安南區店家,台南市安南區和順工業區開安五街32號,合格,苯甲酸0.29去水醋酸未檢出芥黃(Auramine)未檢出二甲基黃(dimethyl yellow)未檢出二乙基黃(diethyl yellow)未檢出己二烯酸未檢出皂黃(Metanil Yellow)未檢出,107,新北市,120.2266476,23.0488438
黃橄欖,新北市蘆洲區店家,新北市蘆洲區民權路65號,合格,去水醋酸未檢出二甲基黃(dimethyl yellow)未檢出二乙基黃(diethyl yellow)未檢出苯甲酸0.55皂黃(Metanil Yellow)未檢出芥黃(Auramine)未檢出己二烯酸未檢出,107,新北市,121.4736352,25.0882656
松板烤魚,台中市沙鹿區店家,台中市沙鹿區鎮南路1段319號,合格,蘇丹色素三號未檢出蘇丹色素四號未檢出己二烯酸1.23鹽基性桃紅精(Rhodamine B)未檢出蘇丹色素一號未檢出蘇丹色素二號未檢出苯甲酸未檢出去水醋酸未檢出,107,新北市,120.5704943,24.2167486
瘋這味-紅條魚,高雄市彌陀區店家,高雄市彌陀區漯底里樂安路100之66號,合格,去水醋酸未檢出鹽基性桃紅精(Rhodamine B)未檢出己二烯酸1.21蘇丹色素四號未檢出蘇丹色素一號未檢出蘇丹色素二號未檢出苯甲酸未檢出蘇丹色素三號未檢出,107,新北市,120.2470604,22.7656278
海味家族蜜汁沙茶,高雄市彌陀區店家,高雄市彌陀區樂安路100之66號,合格,蘇丹色素一號未檢出蘇丹色素二號未檢出蘇丹色素三號未檢出去水醋酸未檢出苯甲酸未檢出蘇丹色素四號未檢出鹽基性桃紅精(Rhodamine B)未檢出己二烯酸1.37,107,新北市,120.2470604,22.7656278
最愛古早味大紅片,新北市蘆洲區店家,新北市蘆洲區長興路353號1F,合格,鹽基性桃紅精(Rhodamine B)未檢出蘇丹色素三號未檢出去水醋酸未檢出己二烯酸0.65苯甲酸未檢出蘇丹色素一號未檢出蘇丹色素二號未檢出蘇丹色素四號未檢出,107,新北市,121.4607079,25.0910892
0401.黃草橄欖,臺北市大同區店家,臺北市大同區民生西路423巷23號1F,合格,芥黃(Auramine)未檢出二甲基黃(dimethyl yellow)未檢出二乙基黃(diethyl yellow)未檢出去水醋酸未檢出己二烯酸未檢出皂黃(Metanil Yellow)未檢出苯甲酸0.57,107,新北市,121.508826,25.05763
紅鱈波浪片,高雄市彌陀區店家,高雄市彌陀區中正南路28號,合格,己二烯酸未檢出苯甲酸未檢出蘇丹色素四號未檢出蘇丹色素一號未檢出蘇丹色素二號未檢出蘇丹色素三號未檢出去水醋酸未檢出鹽基性桃紅精(Rhodamine B)未檢出,107,新北市,120.257038,22.7719762
增城橄,臺北市大同區店家,臺北市大同區民生西路423巷23號1樓,合格,苯甲酸0.23己二烯酸未檢出皂黃(Metanil Yellow)未檢出去水醋酸未檢出芥黃(Auramine)未檢出二甲基黃(dimethyl yellow)未檢出二乙基黃(diethyl yellow)未檢出,107,新北市,121.508826,25.05763
沉香橄欖,新北市板橋區店家,新北市板橋區雙十路3段10巷27號,合格,己二烯酸未檢出苯甲酸0.31皂黃(Metanil Yellow)未檢出二甲基黃(dimethyl yellow)未檢出二乙基黃(diethyl yellow)未檢出去水醋酸未檢出芥黃(Auramine)未檢出,107,新北市,121.4724375,25.0313574
美國空運水蜜桃#48,新北市汐止區店家,新北市汐止區湖前街110巷97弄24號地下1層之6,合格,芬普寧(Fenpropathrin)0.21合賽多(Hexythiazox)0.04二硫代胺基甲酸鹽類未檢出護汰寧(Fludioxonil)1.06賜派芬(Spirodiclofen)0.07,108,新北市,121.6325656,25.0761918
紐西蘭有機綠奇異果,紐西,新北市三重區後竹圍街274號1F,合格,農藥多重殘留分析(373項)未檢出二硫代胺基甲酸鹽類未檢出,108,新北市,121.4835722,25.0710713
牛蕃茄,臺北市萬華區店家,臺北市萬華區中央果菜市場63號,合格,二硫代胺基甲酸鹽類未檢出農藥多重殘留分析(373項)未檢出,108,新北市,121.497064,25.017135
美國甜橙,桃園市大園區店家,桃園市大園區大觀路269-5號,合格,農藥多重殘留分析(373項)檢出細項依滅列(Imazalil)0.35二硫代胺基甲酸鹽類未檢出,108,新北市,121.1891428,25.0657408
百香果,百香果,新北市中和區景平街383巷81號1樓,合格,百克敏(Pyraclostrobin)0.19農藥多重殘留分析(373項)檢出細項氟比來(Fluopicolide)0.15二硫代胺基甲酸鹽類未檢出賽洛寧(λ-Cyhalothrin)0.02護汰寧(Fludioxonil)0.04三落松(Triazophos)0.05賽普洛(Cyprodinil)0.14,108,新北市,121.519439,24.991327
葡萄,葡萄,新北市中和區景平街383巷81號1樓,合格,二硫代胺基甲酸鹽類未檢出撲克拉(Prochloraz)0.21座賽胺(Zoxamide)0.02得克利(Tebuconazole)0.05賽普洛(Cyprodinil)1.43農藥多重殘留分析(373項)檢出細項氟比來(Fluopicolide)0.51護汰寧(Fludioxonil)0.36達滅芬(Dimethomorph)0.83三氟敏,108,新北市,121.519439,24.991327
玉米,玉米,雲林縣東勢鄉東南村東勢西路272之2號,合格,二硫代胺基甲酸鹽類未檢出農藥多重殘留分析(373項)未檢出,108,新北市,120.2475056,23.6810502
洋香瓜,嘉義縣太保市店家,嘉義縣太保市58號,合格,農藥多重殘留分析(373項)未檢出二硫代胺基甲酸鹽類未檢出,108,新北市,120.3814864,23.4980543
豇豆,彰化縣竹塘鄉店家,彰化縣竹塘鄉竹元村中央路2段153號,合格,農藥多重殘留分析(373項)未檢出二硫代胺基甲酸鹽類未檢出,108,新北市,120.4216842,23.8553292
新興梨,台中市東勢區店家,台中市東勢區...,合格,農藥多重殘留分析(373項)未檢出二硫代胺基甲酸鹽類未檢出,108,新北市,120.8272085,24.2599898
特選百香果,南投縣埔里鎮店家,南投縣埔里鎮合成里西安路3段204巷4弄5號,合格,貝芬替(Carbendazim)0.20依普同(Iprodione)0.02普拔克(Propamocarbhydrochloride)0.02農藥多重殘留分析(373項)檢出細項賽洛寧(λ-Cyhalothrin)0.04,108,新北市,120.9247222,24.0360586
改良種百香果,南投縣埔里鎮店家,南投縣埔里鎮西安路3段204巷1弄3號,合格,氟比來(Fluopicolide)0.10二硫代胺基甲酸鹽類0.22農藥多重殘留分析(373項)檢出細項三落松(Triazophos)0.07第滅寧(Deltamethrin)0.02貝芬替(Carbendazim)0.66待克利,108,新北市,120.9247222,24.0360586
木瓜,新北市泰山區店家,新北市泰山區楓江路86巷7號,合格,農藥多重殘留分析(373項)檢出細項普拔克(Propamocarbhydrochloride)0.11亞滅培(Acetamiprid)0.35二硫代胺基甲酸鹽類未檢出亞托敏,108,新北市,121.4375409,25.0626321
洋香瓜,台南市佳里區店家,台南市佳里區蔬果產銷班(第十四班供應代號R01086-826,合格,二硫代胺基甲酸鹽類未檢出農藥多重殘留分析(373項)檢出細項亞滅培(Acetamiprid)0.06益達胺(Imidacloprid)0.16普拔克(Propamocarbhydrochloride)0.03亞托敏,108,新北市,120.1704766,23.1694465
特選百香果,南投縣埔里鎮店家,南投縣埔里鎮合成里西安路3段167巷31號,不合格,凡殺同(Famoxadone)0.28普拔克(Propamocarbhydrochloride)0.05二硫代胺基甲酸鹽類未檢出納乃得(Methomyl)0.06賜派芬(Spirodiclofen)0.16貝芬替(Carbendazim)0.02賽普洛(Cyprodinil)0.03農藥多重殘留分析(373項)檢出細項芬普?(Fenpyroximate)0.08克凡派(Chlorfenapyr)0.12二福隆(Diflubenzuron)0.37新,108,新北市,120.9223323,24.0264721
草莓冰沙,草莓,新北市泰山區明志路1段369號,合格,大腸桿菌群陰性生菌數2300大腸桿菌陰性,107,新北市,121.4327919,25.0581641
珍珠奶茶雪花冰,珍珠,新北市板橋區中山路1段1號,合格,生菌數3600大腸桿菌陰性大腸桿菌群43,107,新北市,121.4618415,25.0114095
紅豆芋頭牛奶冰,紅豆,新北市板橋區中山路1段1號,合格,大腸桿菌群3.6生菌數84000大腸桿菌陰性,107,新北市,121.4618415,25.0114095
綠豆沙牛奶,綠豆,新北市土城區裕民路137之3號,合格,生菌數460大腸桿菌群9.2大腸桿菌陰性,107,新北市,121.4516925,24.9863896
莓果冰鑽,新北市土城區店家,新北市土城區裕民路137之3號,合格,大腸桿菌陰性大腸桿菌群陰性生菌數<10,107,新北市,121.4516925,24.9863896
綠豆牛奶冰,綠豆,新北市新店區安康路2段87號,合格,大腸桿菌群15大腸桿菌陰性生菌數7100,107,新北市,121.5133319,24.9628211
雙布丁雪花冰,新北市新店區店家,新北市新店區安康路2段87號,合格,大腸桿菌陰性生菌數5200大腸桿菌群23,107,新北市,121.5133319,24.9628211
莫凡彼夢幻香草冰淇淋,臺北市南港區店家,臺北市南港區三段50巷5號B1,合格,大腸桿菌陰性大腸桿菌群陰性生菌數<10,107,新北市,121.6111949,25.0312347
巧克力冰淇淋,新北市板橋區店家,新北市板橋區中山路一段156號8樓,合格,大腸桿菌群陰性生菌數90大腸桿菌陰性,107,新北市,121.4652016,25.0113822
冰萃檸檬,新北市淡水區店家,新北市淡水區中正路30號,合格,生菌數55大腸桿菌陰性大腸桿菌群陰性,107,新北市,121.4440723,25.1693263
巴巴,新北市三重區店家,新北市三重區碧華街216巷14弄16號,合格,生菌數800大腸桿菌陰性大腸桿菌群陰性,107,新北市,121.4855141,25.0826478
草莓總匯,草莓,新北市三重區碧華街216巷14弄16號,合格,大腸桿菌陰性生菌數20大腸桿菌群陰性,107,新北市,121.4855141,25.0826478
台灣土芒果霜,新北市三重區店家,新北市三重區文化北路47號,合格,生菌數55大腸桿菌陰性大腸桿菌群陰性,107,新北市,121.4990432,25.0655902
哈密瓜雪糕,臺北市南港區店家,臺北市南港區三重路19-2號11樓,合格,生菌數50大腸桿菌陰性大腸桿菌群陰性,107,新北市,121.6134127,25.0565415
芝士很芒冰沙,新北市泰山區店家,新北市泰山區全興路81號,合格,大腸桿菌陰性大腸桿菌群陰性生菌數100,107,新北市,121.4330173,25.058009
Zespri奇異果,新北市新店區店家,新北市新店區寶中路 95號,合格,二硫代胺基甲酸鹽類未檢出農藥多重殘留分析(380項)未檢出,109,新北市,121.5492254,24.9822203
菠菜-履歷菠菜,雲林縣西螺鎮店家,雲林縣西螺鎮大新里 47號,合格,二硫代胺基甲酸鹽類未檢出農藥多重殘留分析(380項)未檢出,109,新北市,120.4962417,23.7943604
澳洲甜橙,新北市汐止區店家,新北市汐止區福前街 110巷97 弄24號B1-6,合格,二硫代胺基甲酸鹽類未檢出農藥多重殘留分析(380項)檢出細項腐絕(Thiabendazole)0.04護汰寧(Fludioxonil)0.65依滅列(Imazalil)1.26,109,新北市,121.4636142,25.0552525
法蘭西玫瑰,台南市新營區店家,台南市新營區公學路 7段158 號,合格,二硫代胺基甲酸鹽類未檢出農藥多重殘留分析(380項)未檢出,109,新北市,120.1374181,23.0808344
紅豆,紅豆,高雄市仁武區仁雄路 86-28號,合格,二硫代胺基甲酸鹽類未檢出農藥多重殘留分析(380項)未檢出,109,新北市,120.3450758,22.6771765
紫羅蘭洋蔥(粒),新北市五股區店家,新北市五股區五工六路 35號,合格,二硫代胺基甲酸鹽類未檢出農藥多重殘留分析(380項)未檢出,109,新北市,121.4475269,25.0642062
紅鳳菜,新北市板橋區店家,新北市板橋區文化路 1段435 巷68號,合格,二硫代胺基甲酸鹽類未檢出農藥多重殘留分析(380項)未檢出,109,新北市,121.4672253,25.0221159
菠菜,新北市汐止區店家,新北市汐止區中正路 49號,合格,二硫代胺基甲酸鹽類未檢出農藥多重殘留分析(380項)檢出細項三氟敏(Trifloxystrobin)0.02 氟比來(Fluopicolide)0.02納乃得(Methomyl)0.02,109,新北市,121.661973,25.070044
有機日本菠菜,桃園市大溪區店家,桃園市大溪區康莊路 5段246 號,合格,二硫代胺基甲酸鹽類未檢出農藥多重殘留分析(380項)未檢出,109,新北市,121.2566308,24.8222725
紅玫瑰花,高雄市鳳山區店家,高雄市鳳山區建國三路 112號,合格,二硫代胺基甲酸鹽類未檢出農藥多重殘留分析(380項)未檢出,109,新北市,120.3493158,22.6113591
UNICAFE摩卡經典濾掛咖啡,臺北市松山區店家,臺北市松山區康寧路3段56巷1號10F之3,合格,赭麴毒素 A未檢出,107,新北市,121.6100839,25.0709738
經典風味濾掛式咖啡,經典,臺北市內湖區瑞光路26巷36弄6號2樓,合格,赭麴毒素 A未檢出,107,新北市,121.5817279,25.069214
星巴克掛耳式咖啡-派克市場烘焙,臺北市松山區店家,臺北市松山區東興路8號8樓,合格,赭麴毒素 A未檢出,107,新北市,121.5648409,25.0502151
伯朗大瀘掛咖啡-精選深烘焙,伯朗,桃園市平鎮區中興路527號,合格,赭麴毒素 A未檢出,107,新北市,121.1935579,24.8984239
廣吉瀘掛咖啡-重烘焙曼巴風味,台南市仁德區店家,台南市仁德區文賢路1段508-35號,合格,赭麴毒素 A未檢出,107,新北市,120.2286896,22.9362725
西雅圖白鷹藍山綜合(掛耳咖啡),西雅圖,臺北市內湖區環山路1段28巷15號1樓,合格,赭麴毒素 A未檢出,107,新北市,121.5657043,25.0826143
西雅圖極品大濾掛咖啡(藍山特調),西雅圖極,臺北市內湖區環山路1段28巷15號1樓,合格,赭麴毒素 A未檢出,107,新北市,121.5657043,25.0826143
雲谷藍山風味濾掛式咖啡,臺北市松山區店家,臺北市松山區長安東路2段106號,合格,赭麴毒素 A未檢出,107,新北市,121.5638621,25.0541591
伯朗濾掛咖啡,伯朗,桃園市平鎮區中興路3段230號,合格,赭麴毒素 A未檢出,107,新北市,121.1840061,24.9190308
麥斯威爾手沖濾掛式咖啡(曼特寧風味),臺北市內湖區店家,臺北市內湖區瑞光路70號,合格,赭麴毒素 A未檢出,107,新北市,121.5812978,25.0706874
職人柔和綜合便利沖咖啡,臺北市內湖區店家,臺北市內湖區瑞光路26巷36弄6號2F,合格,赭麴毒素 A未檢出,107,新北市,121.5817279,25.069214
炭燒濾掛式咖啡,臺北市內湖區店家,臺北市內湖區瑞光路26巷36弄6號2F,合格,赭麴毒素 A未檢出,107,新北市,121.5817279,25.069214
UNI豐醇濃郁濾泡咖啡,臺北市松山區店家,臺北市松山區南京西路289號,合格,赭麴毒素 A未檢出,107,新北市,121.5638621,25.0541591
西雅圖極品濾掛咖啡─曼巴風情,西雅圖極,臺北市內湖區環山路一段281巷15號1樓,合格,赭麴毒素 A未檢出,107,新北市,121.5416714,25.0599268
CITY CAFE瀘掛式咖啡 雲霧瓜地馬拉,桃園市平鎮店家,桃園市平鎮區工業五路8號,合格,赭麴毒素 A未檢出,107,新北市,121.1978669,24.9029498
CITY CAFE肯亞AA卡里米庫處理廠精品瀘掛式咖啡,桃園市平鎮店家,桃園市平鎮區工業五路8號,合格,赭麴毒素 A未檢出,107,新北市,121.1978669,24.9029498
咖啡人瀘掛咖啡深煎炭培風味,咖啡,臺北市內湖區民善街83號7樓,合格,赭麴毒素 A未檢出,107,新北市,121.5758707,25.0600936
鮮一杯幸福來了森巴瀘掛咖啡,新北市深坑區店家,新北市深坑區北深路3段270巷16號2樓,合格,赭麴毒素 A未檢出,107,新北市,121.5989082,25.0058177
西雅圖極品瀘掛咖啡(極品綜合),西雅圖極,臺北市內湖區環山路1段28巷15號1樓,合格,赭麴毒素 A未檢出,107,新北市,121.5657043,25.0826143
西雅圖極品瀘掛咖啡藍山綜合),西雅圖極,臺北市內湖區環山路1段28巷15號1樓,合格,赭麴毒素 A未檢出,107,新北市,121.5657043,25.0826143
優兒A+幼兒成長奶粉,臺北市松山區店家,臺北市松山區健康路156號5樓,合格,三聚氰胺未檢出生菌數10大腸桿菌陰性大腸桿菌群陰性沙門氏桿菌陰性,108,新北市,121.5572171,25.0533361
亞培心美力親護水解蛋白配方添加鐵質嬰兒配方食品,臺北市中山區店家,臺北市中山區民生東路3段51號6樓,合格,大腸桿菌陰性大腸桿菌群陰性生菌數<10沙門氏桿菌陰性三聚氰胺未檢出,108,新北市,121.5374986,25.0581396
舒兒優1嬰兒奶粉,臺北市松山區店家,臺北市松山區民生東路3段51號6樓,合格,沙門氏桿菌陰性三聚氰胺未檢出生菌數<10大腸桿菌陰性大腸桿菌群陰性,108,新北市,121.5398306,25.0575733
雀巢寶兒1 0-12個月嬰兒配方奶粉,臺北市內湖區店家,臺北市內湖區瑞光路399號8樓之1,合格,三聚氰胺未檢出大腸桿菌群陰性沙門氏桿菌陰性大腸桿菌陰性生菌數10,108,新北市,121.5725155,25.0777641
S-26鑀兒樂1 0-12個月專用嬰兒配方奶粉,臺北市內湖區店家,臺北市內湖區瑞光路399號8樓之1,合格,大腸桿菌陰性大腸桿菌群陰性沙門氏桿菌陰性生菌數65三聚氰胺未檢出,108,新北市,121.5725155,25.0777641
雪印奶粉-金嬰兒配方食品,臺北市松山區店家,臺北市松山區基隆路1段333號,合格,生菌數60大腸桿菌陰性大腸桿菌群陰性三聚氰胺未檢出沙門氏桿菌陰性,108,新北市,121.5653136,25.0419415
新安琪兒安哺嬰兒奶粉-酸化新配方,臺北市中山區店家,臺北市中山區松江路72號3樓,合格,大腸桿菌陰性生菌數<10大腸桿菌群陰性沙門氏桿菌陰性三聚氰胺未檢出,108,新北市,121.5327087,25.0495208
能恩水解(部分水解蛋白嬰兒營養配方奶粉),臺北市內湖區店家,臺北市內湖區瑞光路399號8F及8F之1,合格,生菌數<10大腸桿菌陰性沙門氏桿菌陰性三聚氰胺未檢出大腸桿菌群陰性,108,新北市,121.5725155,25.0777641
貝比卡兒嬰兒牛奶粉,臺北市大安區店家,臺北市大安區復興南路1段368號7樓,合格,大腸桿菌群陰性生菌數25沙門氏桿菌陰性三聚氰胺未檢出大腸桿菌陰性,108,新北市,121.5442137,25.047407
卡洛塔妮A3育嬰配方奶粉添加鐵質配方,臺北市松山區店家,臺北市松山區復興南路1段368號7樓,合格,大腸桿菌群陰性生菌數45大腸桿菌陰性三聚氰胺未檢出沙門氏桿菌陰性,108,新北市,121.5442137,25.047407
麥飯石微鹼竹炭水,新北市三重區店家,新北市三重區集美街203號,合格,大腸桿菌群陰性綠膿桿菌陰性糞便性鏈球菌陰性,108,新北市,121.4917331,25.0543423
麥飯石磁能礦泉水,新北市土城區店家,新北市土城區金城路3段202之6號,合格,糞便性鏈球菌陰性大腸桿菌群陰性綠膿桿菌陰性,108,新北市,121.4693998,24.9883022
麥飯石活礦水,新北市土城區店家,新北市土城區裕生路21巷6弄2之1號,合格,糞便性鏈球菌陰性大腸桿菌群陰性綠膿桿菌陰性,108,新北市,121.4486924,24.9868909
健康喝好水,健康,新北市板橋區長安街139巷1弄17號,合格,綠膿桿菌陰性糞便性鏈球菌陰性大腸桿菌群陰性,108,新北市,121.4738741,25.0113065
奈米礦泉水,新北市板橋區店家,新北市板橋區大仁街122號,合格,大腸桿菌群陰性綠膿桿菌陰性糞便性鏈球菌陰性,108,新北市,121.4525018,25.0158038
蔥抓餅,新北市新店區店家,新北市新店區寶中路95號,合格,大腸桿菌陰性大腸桿菌群陰性,108,新北市,121.5492254,24.9822203
大腸麵線,新北市蘆洲區店家,新北市蘆洲區民族路57號,合格,大腸桿菌陰性大腸桿菌群陰性,108,新北市,121.4788058,25.0856719
烤香腸,新北市蘆洲區店家,新北市蘆洲區民族路59號,合格,大腸桿菌陰性大腸桿菌群陰性,108,新北市,121.4788553,25.085691
蔥燒Q餅,新北市新莊區店家,新北市新莊區五權一路48號,合格,大腸桿菌群陰性大腸桿菌陰性,108,新北市,121.4578559,25.0657146
紅豆餅,紅豆,新北市土城區延吉街232號,合格,大腸桿菌陰性大腸桿菌群陰性,108,新北市,121.4671474,24.9849803
手工煎餃,新北市土城區店家,新北市土城區延吉街162號,合格,大腸桿菌群陰性大腸桿菌陰性,108,新北市,121.4686512,24.9854644
香雞塊,新北市土城區店家,新北市土城區延吉街164號,合格,大腸桿菌陰性大腸桿菌群陰性,108,新北市,121.4685694,24.9855591
小籠包,新北市五股區店家,新北市五股區五權路42之1號,合格,大腸桿菌陰性大腸桿菌群陰性,108,新北市,121.4521903,25.06847
手工蒸餃,新北市五股區店家,新北市五股區五權路42之1號,合格,大腸桿菌群陰性大腸桿菌陰性,108,新北市,121.4521903,25.06847
紅豆餅(奶油口味),紅豆,新北市三重區文化南路5號,合格,大腸桿菌陰性大腸桿菌群陰性,108,新北市,121.5000348,25.0624367
蒸餃,新北市五股區店家,新北市五股區五工路,合格,大腸桿菌陰性大腸桿菌群陰性,108,新北市,121.4517236,25.0683548
小籠包,新北市五股區店家,新北市五股區五工路,合格,大腸桿菌陰性大腸桿菌群陰性,108,新北市,121.4517236,25.0683548
鐵板麵,鐵板麵,新北市中和區立德街69號,合格,大腸桿菌陰性大腸桿菌群陰性,108,新北市,121.4874171,25.0076333
蛋餅,新北市中和區店家,新北市中和區立德街87號,合格,大腸桿菌群陰性大腸桿菌陰性,108,新北市,121.4863692,25.0083608
龍鳳腿,新北市汐止區店家,新北市汐止區中興路168之13號,合格,大腸桿菌陰性大腸桿菌群陰性,108,新北市,121.6319695,25.065599
雞捲,新北市汐止區店家,新北市汐止區中興路168之13號,合格,大腸桿菌群陰性大腸桿菌陰性,108,新北市,121.6319695,25.065599
双胞胎,新北市中和區店家,新北市中和區建一路91號,合格,大腸桿菌陰性大腸桿菌群陰性,108,新北市,121.4882161,25.0022755
紅豆餅,紅豆,新北市板橋區府中路88號,合格,大腸桿菌大腸桿菌群,108,新北市,121.4562263,25.0096834
蔥油餅,新北市板橋區店家,新北市板橋區府中路88號,合格,大腸桿菌大腸桿菌群,108,新北市,121.4562263,25.0096834
牛肉餡餅,牛肉,新北市板橋區府中路127號,合格,大腸桿菌大腸桿菌群,108,新北市,121.456086,25.0094907
洛神花,新北市新莊區店家,新北市新莊區新北大道四段185號11樓,合格,二硫代胺基甲酸鹽類未檢出農藥多重殘留分析(373項)未檢出,107,新北市,121.4451315,25.0581004
生機洛神花,生機,高雄市鹽埕區富野路621號2樓,合格,二硫代胺基甲酸鹽類未檢出農藥多重殘留分析(373項)未檢出,107,新北市,120.2838122,22.6283293
TYPHDD洋甘菊茶,新北市永和區店家,新北市永和區民權路53號7樓,合格,二硫代胺基甲酸鹽類未檢出農藥多重殘留分析(373項)未檢出,107,新北市,121.5201917,24.9966733
臺灣契作-台東洛神花,臺北市大同區店家,臺北市大同區迪化街1段64號,合格,二硫代胺基甲酸鹽類未檢出農藥多重殘留分析(373項)未檢出,107,新北市,121.5097974,25.0564363
台灣菊花(沖泡專用),高雄市鹽埕區店家,高雄市鹽埕區富野路67-1號2樓,合格,農藥多重殘留分析(373項)檢出細項可尼丁(Clothianidin)0.07益達胺(Imidacloprid)1.21二硫代胺基甲酸鹽類未檢出百克敏(Pyraclostrobin)0.12陶斯松(Chlorpyrifos)0.34,107,新北市,120.2842511,22.6278954
生機杭白菊,生機,臺北市中正區和平西路2段152號2樓,合格,農藥多重殘留分析(373項)未檢出二硫代胺基甲酸鹽類未檢出,107,新北市,121.5055671,25.0329713
洛神花,臺北市大同區店家,臺北市大同區甘州街11號1樓,合格,二硫代胺基甲酸鹽類未檢出農藥多重殘留分析(373項)未檢出,107,新北市,121.5129577,25.0585688
德國恬康樂洋甘菊花茶,臺北市北投區店家,臺北市北投區大業露416號1F,合格,農藥多重殘留分析(373項)未檢出二硫代胺基甲酸鹽類未檢出,107,新北市,121.4976367,25.1285423
德國洋甘chamomileFlowers,新北市永和區店家,新北市永和區保福路2段88巷19號,合格,農藥多重殘留分析(373項)未檢出二硫代胺基甲酸鹽類未檢出,107,新北市,121.5115752,25.0137327
大馬士革玫瑰花瓣,新北市永和區店家,新北市永和區保福路2段88巷19號,合格,農藥多重殘留分析(373項)未檢出二硫代胺基甲酸鹽類未檢出,107,新北市,121.5115752,25.0137327
菜豆,臺北市士林區店家,臺北市士林區華齡街175號2樓,合格,農藥多重殘留分析(373項)未檢出二硫代胺基甲酸鹽類未檢出,107,新北市,121.5192471,25.0871324
太陽農場生機枸杞,新北市三重區店家,新北市三重區文化北路65號1F,合格,農藥多重殘留分析(373項)未檢出二硫代胺基甲酸鹽類未檢出,107,新北市,121.498649,25.066581
生機枸杞,生機,新北市土城區中華路1段118號,合格,二硫代胺基甲酸鹽類未檢出農藥多重殘留分析(373項)未檢出,107,新北市,121.4472623,24.9896576
竹笙,竹笙,新北市中和區中山路2段327巷15號,合格,β-安殺番(β-Endosulfan)0.07農藥多重殘留分析(373項)檢出細項二硫代胺基甲酸鹽類未檢出,107,新北市,121.4934001,25.000664
生機枸杞王,生機,高雄市鹽埕區富野路67-1號2樓,合格,農藥多重殘留分析(373項)檢出細項二硫代胺基甲酸鹽類未檢出賽滅寧(Cypermethrin)0.06亞滅培(Acetamiprid)0.08,107,新北市,120.2842511,22.6278954
白雪耳,新北市汐止區店家,新北市汐止區明峰街10號,合格,農藥多重殘留分析(373項)未檢出二硫代胺基甲酸鹽類未檢出,107,新北市,121.6352285,25.071494
長豆-有機,臺北市松山區店家,臺北市松山區南京東路4段75號4樓之1,合格,農藥多重殘留分析(373項)未檢出二硫代胺基甲酸鹽類未檢出,107,新北市,121.550072,25.051152
生機枸杞,生機,高雄市三民區三鳳中街68巷16號,合格,農藥多重殘留分析(373項)檢出細項二硫代胺基甲酸鹽類未檢出亞滅培(Acetamiprid)0.45,107,新北市,120.2944323,22.6382568
菜豆-履歷敏豆,南投縣鹿谷鄉店家,南投縣鹿谷鄉中正路1段355號,合格,農藥多重殘留分析(373項)未檢出二硫代胺基甲酸鹽類未檢出,107,新北市,120.7809676,23.7348372
智利蘋果,智利,新北市新店區安康路2段120號,合格,二硫代胺基甲酸鹽類未檢出亞滅培(Acetamiprid)0.02達馬松(Methamidophos)0.02農藥多重殘留分析(373項)檢出細項剋安勃(Chlorantraniliprole)0.05毆殺松(Acephate)0.03護汰寧(Fludioxonil)0.49,107,新北市,121.5130559,24.9629042
菜豆-履歷敏豆,高雄市路竹區店家,高雄市路竹區永華路18-8號,合格,二硫代胺基甲酸鹽類未檢出農藥多重殘留分析(373項)檢出細項剋安勃(Chlorantraniliprole)0.12,107,新北市,120.2736625,22.8820351
白木耳,白木,高雄市仁武區仁安 三巷24-9號,合格,農藥多重殘留分析(373項)未檢出二硫代胺基甲酸鹽類未檢出,107,新北市,120.3732345,22.7042927
特3枸杞,新北市三重區店家,新北市三重區三和路3段107巷2號,合格,貝芬替(Carbendazim)0.86農藥多重殘留分析(373項)檢出細項二硫代胺基甲酸鹽類未檢出,107,新北市,121.494312,25.0729567
有機西芹,新竹縣新埔鎮店家,新竹縣新埔鎮鹿鳴里5鄰黃梨圍40-1號,合格,二硫代胺基甲酸鹽類未檢出農藥多重殘留分析(373項)未檢出,107,新北市,121.1395358,24.8517039
白木耳,白木,高雄市三民區建國二路112號,合格,二硫代胺基甲酸鹽類未檢出農藥多重殘留分析(373項)未檢出,107,新北市,120.3095651,22.6377195
太陽農場生機枸杞,新北市三重區店家,新北市三重區文化北路65號,不合格,可尼丁(Clothianidin)0.08速殺氟(Sulfoxaflor)0.06二硫代胺基甲酸鹽類未檢出農藥多重殘留分析(373項)檢出細項畢芬寧(Bifenthrin)0.07,107,新北市,121.498649,25.066581
NZ沙朗排,新北市五股區店家,新北市五股區五工一路101號,合格,Zilpaterol未檢出Ractopamine未檢出氯黴素類抗生素(4項)未檢出Cimaterol未檢出Tulobuterol未檢出動物用藥多重殘留(48項)未檢出Salbutamol未檢出Clenbuterol未檢出Terbutaline未檢出,107,新北市,121.4588765,25.0687651
豬梅花(6兩),臺北市內湖區店家,臺北市內湖區南京東路6段266號1F,合格,Zilpaterol未檢出Cimaterol未檢出Tulobuterol未檢出Terbutaline未檢出Ractopamine未檢出氯黴素類抗生素(4項)未檢出四環黴素類(7項)未檢出動物用藥多重殘留(48項)未檢出Clenbuterol未檢出Salbutamol未檢出,107,新北市,121.5871576,25.0610146
板腱美selest3D廠原料(牛肉),桃園市楊梅區店家,桃園市楊梅區高榮里高上路1段150號,合格,Tulobuterol未檢出Terbutaline未檢出Ractopamine未檢出氯黴素類抗生素(4項)未檢出Zilpaterol未檢出動物用藥多重殘留(48項)未檢出Clenbuterol未檢出Salbutamol未檢出Cimaterol未檢出,107,新北市,121.1743047,24.9376737
雞胸肉,新北市樹林區店家,新北市樹林區工興街8號,合格,Cimaterol未檢出Terbutaline未檢出Tulobuterol未檢出Ractopamine未檢出動物用藥多重殘留(48項)未檢出Clenbuterol未檢出Salbutamol未檢出氯黴素類抗生素(4項)未檢出Zilpaterol未檢出四環黴素類(7項)未檢出,107,新北市,121.3995741,25.0136546
丹麥皇冠梅花171廠(豬肉),桃園市楊梅區店家,桃園市楊梅區高榮里高上路1段150號,合格,Terbutaline未檢出Cimaterol未檢出Tulobuterol未檢出四環黴素類(7項)未檢出動物用藥多重殘留(48項)未檢出Clenbuterol未檢出Salbutamol未檢出Zilpaterol未檢出Ractopamine未檢出氯黴素類抗生素(4項)未檢出,107,新北市,121.1743047,24.9376737
解凍肉-美國雞棒棒腿,臺北市內湖區店家,臺北市內湖區新湖一路128巷36號2樓,合格,四環黴素類(7項)未檢出動物用藥多重殘留(48項)未檢出Clenbuterol未檢出Salbutamol未檢出Zilpaterol未檢出Terbutaline未檢出Cimaterol未檢出Tulobuterol未檢出Ractopamine未檢出氯黴素類抗生素(4項)未檢出,107,新北市,121.576814,25.0599741
直採美國Prime冷藏牛梅花厚切牛排,臺北市內湖區店家,臺北市內湖區新湖一路128巷36號2樓,合格,氯黴素類抗生素(4項)未檢出Cimaterol未檢出Tulobuterol未檢出Clenbuterol未檢出Salbutamol未檢出動物用藥多重殘留(48項)未檢出Zilpaterol未檢出Terbutaline未檢出Ractopamine未檢出,107,新北市,121.576814,25.0599741
舒康雞-雞腿肉,舒康雞,台南市永康區正南三路136號,合格,Salbutamol未檢出Clenbuterol未檢出四環黴素類(7項)未檢出動物用藥多重殘留(48項)未檢出Terbutaline未檢出Ractopamine未檢出氯黴素類抗生素(4項)未檢出Zilpaterol未檢出Cimaterol未檢出Tulobuterol未檢出,107,新北市,120.2362759,23.0296388
美國冷凍牛梅花燒烤片,美國冷,基隆市七堵區工建南路23路,合格,動物用藥多重殘留(48項)未檢出Zilpaterol未檢出Cimaterol未檢出Tulobuterol未檢出Terbutaline未檢出Ractopamine未檢出氯黴素類抗生素(4項)未檢出Clenbuterol未檢出Salbutamol未檢出,107,新北市,121.7036399,25.0835493
牛肉,牛肉,新北市土城區國際路93號,合格,Salbutamol未檢出Terbutaline未檢出Ractopamine未檢出氯黴素類抗生素(4項)未檢出Cimaterol未檢出Tulobuterol未檢出Zilpaterol未檢出動物用藥多重殘留(48項)未檢出Clenbuterol未檢出,107,新北市,121.4674217,24.9757947
滿漢蒜味香腸,台南市新市店家,台南市新市區大營里大營7號,合格,亞硝酸鹽未檢出,107,新北市,120.307701,23.100596
貢丸(含香菇),台南市東區店家,台南市東區生產路68號,合格,去水醋酸未檢出己二烯酸未檢出苯甲酸未檢出,107,新北市,120.2216471,22.9636366
美國冷藏牛肋條,美國冷,新北市中和區健康路264號,合格,Tulobuterol未檢出Ractopamine0.01Cimaterol未檢出Clenbuterol未檢出Salbutamol未檢出動物用藥多重殘留(48項)未檢出Zilpaterol未檢出氯黴素類抗生素(4項)未檢出Terbutaline未檢出,107,新北市,121.4890296,25.0000194
澳洲冷藏牛肋條,澳洲冷,臺北市士林區華齡街175號2樓,合格,Ractopamine未檢出氯黴素類抗生素(4項)未檢出Cimaterol未檢出Tulobuterol未檢出Zilpaterol未檢出動物用藥多重殘留(48項)未檢出Clenbuterol未檢出Salbutamol未檢出Terbutaline未檢出,107,新北市,121.5192471,25.0871324
原味精選香腸,台南市南區店家,台南市南區中華西路一段103號,合格,亞硝酸鹽0.002,107,新北市,120.1847925,22.9799633
美廉社牛肉火鍋片,新北市三重區店家,新北市三重區中正北路428巷9號,合格,Terbutaline未檢出Ractopamine未檢出氯黴素類抗生素(4項)未檢出Zilpaterol未檢出Cimaterol未檢出Tulobuterol未檢出Clenbuterol未檢出Salbutamol未檢出動物用藥多重殘留(48項)未檢出,107,新北市,121.4744399,25.070494
雲林土雞切塊-解凍肉,新北市永和區店家,新北市永和區中和路345號10樓之4,合格,Clenbuterol未檢出四環黴素類(7項)檢出細項脫氧羥四環黴素(Doxycycline)0.042Terbutaline未檢出Ractopamine未檢出氯黴素類抗生素(4項)未檢出Zilpaterol未檢出Salbutamol未檢出動物用藥多重殘留(48項)未檢出Cimaterol未檢出Tulobuterol未檢出,107,新北市,121.5079178,24.9997885
霜降豬肉,臺北市士林區店家,臺北市士林區大南路361號5樓之2,合格,Terbutaline未檢出Tulobuterol未檢出Ractopamine未檢出氯黴素類抗生素(4項)未檢出Cimaterol未檢出四環黴素類(7項)未檢出動物用藥多重殘留(48項)未檢出Clenbuterol未檢出Zilpaterol未檢出Salbutamol未檢出,107,新北市,121.516528,25.08897
澳洲冷藏牛肋條,澳洲冷,臺北市士林區華齡街175號,合格,Cimaterol未檢出Clenbuterol未檢出Salbutamol未檢出動物用藥多重殘留(48項)未檢出Zilpaterol未檢出Ractopamine未檢出氯黴素類抗生素(4項)未檢出Terbutaline未檢出Tulobuterol未檢出,107,新北市,121.5192471,25.0871324
豬五花肉-冷藏肉,桃園市大園區店家,桃園市大園區田心里4鄰嵌腳4-1號,合格,四環黴素類(7項)未檢出動物用藥多重殘留(48項)未檢出Zilpaterol未檢出Ractopamine未檢出氯黴素類抗生素(4項)未檢出Clenbuterol未檢出Salbutamol未檢出Terbutaline未檢出Cimaterol未檢出Tulobuterol未檢出,107,新北市,121.1148543,24.9975825
台畜蒜味香腸,臺北市大安區店家,臺北市大安區敦化南路2段71號4樓,合格,亞硝酸鹽未檢出,107,新北市,121.5492871,25.0306648
新竹貢丸,新北市泰山區店家,新北市泰山區楓江路46巷1-2號,合格,去水醋酸未檢出苯甲酸未檢出己二烯酸未檢出,107,新北市,121.4370631,25.0592884
黑胡椒香腸,黑胡,屏東縣屏東市工業區工業路14號1樓2樓,合格,亞硝酸鹽未檢出,107,新北市,120.4988833,22.6614051
黑胡椒香腸,黑胡,屏東縣屏東市工業區工業路14號1、2樓,合格,亞硝酸鹽未檢出,107,新北市,120.4988833,22.6614051
牛肉火鍋片,牛肉,新北市中和區中山路2段342號,合格,動物用藥多重殘留(48項)未檢出Clenbuterol未檢出Salbutamol未檢出Terbutaline未檢出Ractopamine未檢出Tulobuterol未檢出氯黴素類抗生素(4項)未檢出Zilpaterol未檢出Cimaterol未檢出,107,新北市,121.4936399,25.0023382
麥飯石微鹼竹炭水,新北市土城區店家,新北市土城區金城路3段202之6號,合格,大腸桿菌群陰性綠膿桿菌陰性糞便性鏈球菌陰性,109,新北市,121.4693998,24.9883022
麥飯石活礦水,新北市土城區店家,新北市土城區裕生路21巷6弄2之1號,合格,大腸桿菌群陰性綠膿桿菌陰性糞便性鏈球菌陰性,109,新北市,121.4486924,24.9868909
水,台中市大雅區店家,台中市大雅區中山一路25-1號,合格,大腸桿菌群陰性綠膿桿菌陰性糞便性鏈球菌陰性,109,新北市,120.6411566,24.2045311
純水,新北市淡水區店家,新北市淡水區民生路24巷2號,合格,大腸桿菌群陰性綠膿桿菌陰性糞便性鏈球菌陰性,109,新北市,121.4611688,25.1377352
竹炭水+麥飯石,新北市三重區店家,新北市三重區力行路2段127號,合格,大腸桿菌群陰性綠膿桿菌陰性糞便性鏈球菌陰性,109,新北市,121.4832166,25.0766495
麥飯石微鹼竹炭水,新北市汐止區店家,新北市汐止區康寧街428巷,合格,大腸桿菌群陰性綠膿桿菌陰性糞便性鏈球菌陰性,109,新北市,121.630806,25.0680676
麥飯石微鹼竹炭水,新北市新莊區店家,新北市新莊區民安路157號,合格,大腸桿菌群陰性綠膿桿菌陰性糞便性鏈球菌陰性,109,新北市,121.42573,25.023464
麥飯石微鹹竹炭水,新北市新莊區店家,新北市新莊區雙鳳路47號,合格,大腸桿菌群陰性綠膿桿菌陰性糞便性鏈球菌陰性,109,新北市,121.4159436,25.0270848
奈米礦泉水,新北市三重區店家,新北市三重區重陽路1段111-3號1樓,合格,大腸桿菌群陰性綠膿桿菌陰性糞便性鏈球菌陰性,109,新北市,121.487033,25.060918
食用冰塊,新北市汐止區店家,新北市汐止區新台五路1段99號,合格,生菌數39大腸桿菌陰性大腸桿菌群陰性,107,新北市,121.6483007,25.0607984
珍味粉圓,新北市泰山區店家,新北市泰山區同義街201號,合格,己二烯酸0.44硼酸及其鹽類陰性苯甲酸0.48去水醋酸未檢出順丁烯二酸與順丁烯二酸酐總量未檢出,107,新北市,121.4354966,25.0507165
肉圓,新北市淡水區店家,新北市淡水區清水街120號,合格,己二烯酸未檢出苯甲酸未檢出硼酸及其鹽類陰性去水醋酸未檢出順丁烯二酸與順丁烯二酸酐總量未檢出,107,新北市,121.4420617,25.1700494
新口味風味香魚卷,新北市中和區店家,新北市中和區建八路132號,合格,硼酸及其鹽類陰性苯甲酸0.02去水醋酸未檢出己二烯酸0.36順丁烯二酸與順丁烯二酸酐總量未檢出,107,新北市,121.4894918,24.9984659
肉圓,新北市板橋區店家,新北市板橋區文化路2段410巷11號,合格,去水醋酸未檢出順丁烯二酸與順丁烯二酸酐總量未檢出己二烯酸未檢出苯甲酸未檢出硼酸及其鹽類陰性,107,新北市,121.474488,25.0310254
波霸粉圓,新北市三芝區店家,新北市三芝區中山路1段55號,合格,己二烯酸未檢出硼酸及其鹽類陰性去水醋酸未檢出順丁烯二酸與順丁烯二酸酐總量未檢出苯甲酸未檢出,107,新北市,121.5024439,25.2558123
肉圓,新北市三重區店家,新北市三重區大同南路125號,合格,己二烯酸未檢出苯甲酸未檢出硼酸及其鹽類陰性順丁烯二酸與順丁烯二酸酐總量未檢出去水醋酸未檢出,107,新北市,121.4962372,25.0580945
紅心波霸粉圓,新北市樹林區店家,新北市樹林區八德街280巷3號4樓,合格,苯甲酸未檢出硼酸及其鹽類陰性己二烯酸未檢出去水醋酸未檢出順丁烯二酸與順丁烯二酸酐總量未檢出,107,新北市,121.4105554,24.9706559
西谷米,南投縣南投市店家,南投縣南投市自強三路28號,合格,己二烯酸未檢出苯甲酸未檢出硼酸及其鹽類陰性去水醋酸未檢出順丁烯二酸與順丁烯二酸酐總量未檢出,107,新北市,120.6658078,23.9266711
粿條(粄條),新北市中和區店家,新北市中和區中山路3段136巷10弄10號,合格,去水醋酸未檢出順丁烯二酸與順丁烯二酸酐總量未檢出己二烯酸未檢出硼酸及其鹽類陰性苯甲酸未檢出,107,新北市,121.4743022,25.0072214
黑輪,高雄市大寮區店家,高雄市大寮區工商路114巷1號,合格,順丁烯二酸與順丁烯二酸酐總量未檢出苯甲酸未檢出己二烯酸未檢出硼酸及其鹽類陰性去水醋酸未檢出,107,新北市,120.3902827,22.6331379
粄條,新北市蘆洲區店家,新北市蘆洲區成功路168號,合格,己二烯酸未檢出苯甲酸未檢出硼酸及其鹽類陰性順丁烯二酸與順丁烯二酸酐總量未檢出去水醋酸未檢出,107,新北市,121.4716085,25.0836309
粄條,新北市蘆洲區店家,新北市蘆洲區復興路410巷大台北集貨場103號,合格,順丁烯二酸與順丁烯二酸酐總量未檢出去水醋酸未檢出己二烯酸未檢出苯甲酸未檢出硼酸及其鹽類陰性,107,新北市,121.4846739,25.0905938
台灣黑輪,雲林縣土庫鎮店家,雲林縣土庫鎮埤腳里118-4號,合格,己二烯酸未檢出苯甲酸未檢出硼酸及其鹽類陰性去水醋酸未檢出順丁烯二酸與順丁烯二酸酐總量未檢出,107,新北市,120.3521983,23.6754801
珍珠粉圓,珍珠,新北市新莊區民樂街42號,合格,己二烯酸0.86去水醋酸未檢出苯甲酸未檢出硼酸及其鹽類陰性順丁烯二酸與順丁烯二酸酐總量未檢出,107,新北市,121.458079,25.041265
板條,新北市中和區店家,新北市中和區景平路601號9樓之29,合格,己二烯酸未檢出苯甲酸未檢出硼酸及其鹽類陰性順丁烯二酸與順丁烯二酸酐總量未檢出去水醋酸未檢出,107,新北市,121.4967681,25.0009597
花枝黑輪,花枝,新北市汐止區福德一路421巷15、17號,合格,去水醋酸未檢出苯甲酸未檢出硼酸及其鹽類陰性己二烯酸0.35順丁烯二酸與順丁烯二酸酐總量未檢出,107,新北市,121.6271977,25.0594514
IQF即食黑色珍珠粉圓,屏東縣里港鄉店家,屏東縣里港鄉載興村載南路23-7號,合格,去水醋酸未檢出苯甲酸未檢出硼酸及其鹽類陰性順丁烯二酸與順丁烯二酸酐總量未檢出己二烯酸未檢出,107,新北市,120.5322632,22.7729443
新口味風味香魚卷(黑輪),新北市中和區店家,新北市中和區建八路132號,合格,苯甲酸0.04去水醋酸未檢出己二烯酸0.55硼酸及其鹽類陰性順丁烯二酸與順丁烯二酸酐總量未檢出,107,新北市,121.4894918,24.9984659
珍珠粉圓,珍珠,新北市新莊區新樹路67巷40弄3號,合格,己二烯酸未檢出苯甲酸未檢出硼酸及其鹽類陰性順丁烯二酸與順丁烯二酸酐總量未檢出去水醋酸未檢出,107,新北市,121.4408118,25.0302757
肉圓,新北市永和區店家,新北市永和區永貞路180號,合格,己二烯酸未檢出苯甲酸未檢出硼酸及其鹽類陰性順丁烯二酸與順丁烯二酸酐總量未檢出去水醋酸未檢出,107,新北市,121.516329,25.0043288
黑輪,桃園市中壢區店家,桃園市中壢區民族路6段576巷39弄58號,合格,硼酸及其鹽類陰性己二烯酸1.43順丁烯二酸與順丁烯二酸酐總量未檢出去水醋酸未檢出苯甲酸0.03,107,新北市,121.1534472,24.9654204
肉圓,新北市泰山區店家,新北市泰山區貴陽街82號,合格,去水醋酸未檢出順丁烯二酸與順丁烯二酸酐總量未檢出己二烯酸未檢出苯甲酸未檢出硼酸及其鹽類陰性,107,新北市,121.4238132,25.0319196
粿條,新北市新莊區店家,新北市新莊區裕民街20號,合格,去水醋酸未檢出硼酸及其鹽類陰性己二烯酸未檢出苯甲酸未檢出順丁烯二酸與順丁烯二酸酐總量未檢出,107,新北市,121.4189964,25.0255833
肉圓,新北市蘆洲區店家,新北市蘆洲區長安街22巷39弄2-1號,合格,硼酸及其鹽類陰性去水醋酸未檢出順丁烯二酸與順丁烯二酸酐總量未檢出己二烯酸未檢出苯甲酸未檢出,107,新北市,121.4648681,25.0805542
黑輪,高雄市大寮區店家,高雄市大寮區中庄村工商路114巷1號,合格,己二烯酸未檢出苯甲酸未檢出硼酸及其鹽類陰性順丁烯二酸與順丁烯二酸酐總量未檢出去水醋酸未檢出,107,新北市,120.3902827,22.6331379
板條,新北市中和區店家,新北市中和區保健路10巷5號,合格,順丁烯二酸與順丁烯二酸酐總量未檢出苯甲酸未檢出硼酸及其鹽類陰性去水醋酸未檢出己二烯酸未檢出,107,新北市,121.5078794,24.9980186
板切,新北市中和區店家,新北市中和區中山路三段136巷10弄10號,合格,順丁烯二酸與順丁烯二酸酐總量未檢出去水醋酸未檢出硼酸及其鹽類陰性己二烯酸未檢出苯甲酸未檢出,107,新北市,121.4743022,25.0072214
粉圓,高雄市大寮區店家,高雄市大寮區大有一街26號,合格,己二烯酸0.63苯甲酸未檢出硼酸及其鹽類陰性去水醋酸未檢出順丁烯二酸與順丁烯二酸酐總量未檢出,107,新北市,120.4261972,22.5888831
肉圓,新北市新店區店家,新北市新店區中正路226號,合格,苯甲酸未檢出硼酸及其鹽類陰性去水醋酸未檢出順丁烯二酸與順丁烯二酸酐總量未檢出己二烯酸未檢出,107,新北市,121.5401478,24.9728984
肉圓,新北市新莊區店家,新北市新莊區復興路1段141號,合格,苯甲酸未檢出去水醋酸未檢出順丁烯二酸與順丁烯二酸酐總量未檢出己二烯酸未檢出硼酸及其鹽類陰性,107,新北市,121.4456222,25.0416023
肉圓,新北市汐止區店家,新北市汐止區汐平路2段43-1號,合格,苯甲酸未檢出硼酸及其鹽類陰性去水醋酸未檢出己二烯酸0.75順丁烯二酸與順丁烯二酸酐總量未檢出,107,新北市,121.696626,25.0637669
粉圓,台中市神岡區店家,台中市神岡區大富路287-7號,合格,順丁烯二酸與順丁烯二酸酐總量未檢出苯甲酸未檢出硼酸及其鹽類陰性己二烯酸0.41去水醋酸未檢出,107,新北市,120.6861075,24.2349428
芋頭圓,芋頭,新北市新莊區民樂街42號,合格,去水醋酸未檢出順丁烯二酸與順丁烯二酸酐總量未檢出苯甲酸未檢出硼酸及其鹽類陰性己二烯酸1.00,107,新北市,121.458079,25.041265
粄條,新北市三重區店家,新北市三重區自強路4段10號,合格,己二烯酸未檢出硼酸及其鹽類陰性順丁烯二酸與順丁烯二酸酐總量未檢出去水醋酸未檢出苯甲酸未檢出,107,新北市,121.4882949,25.0762741
IQF即時彩色珍珠粉圓植物萃取,屏東縣里港鄉店家,屏東縣里港鄉載興村載南路23-7號,合格,順丁烯二酸與順丁烯二酸酐總量未檢出去水醋酸未檢出硼酸及其鹽類陰性己二烯酸未檢出苯甲酸未檢出,107,新北市,120.5322632,22.7729443
甜不辣,甜不,新北市八里區博物館路131號,合格,去水醋酸未檢出己二烯酸未檢出苯甲酸未檢出硼酸及其鹽類陰性順丁烯二酸與順丁烯二酸酐總量未檢出,107,新北市,121.4081128,25.1584416
黑輪,雲林縣虎尾鎮店家,雲林縣虎尾鎮簾使里1701號,合格,順丁烯二酸與順丁烯二酸酐總量未檢出己二烯酸1.22苯甲酸0.05去水醋酸未檢出硼酸及其鹽類陰性,107,新北市,120.4199157,23.7289855
肉圓,臺北市南港區店家,臺北市南港區東南街14號,合格,己二烯酸未檢出苯甲酸未檢出硼酸及其鹽類陰性去水醋酸未檢出順丁烯二酸與順丁烯二酸酐總量未檢出,107,新北市,121.6122491,25.0550221
美濃粄條,美濃,新北市三重區新北大道二段139巷26號,合格,去水醋酸未檢出己二烯酸未檢出苯甲酸未檢出硼酸及其鹽類陰性順丁烯二酸與順丁烯二酸酐總量未檢出,107,新北市,121.4667224,25.0603975
粄條,新北市樹林區店家,新北市樹林區俊英街219巷45弄8-1號,合格,去水醋酸未檢出己二烯酸未檢出苯甲酸未檢出硼酸及其鹽類陰性順丁烯二酸與順丁烯二酸酐總量未檢出,107,新北市,121.4206933,25.0100769
大三絲丸(黑輪),新北市泰山區店家,新北市泰山區大科路400之10號,合格,去水醋酸未檢出己二烯酸0.37順丁烯二酸與順丁烯二酸酐總量未檢出苯甲酸未檢出硼酸及其鹽類陰性,107,新北市,121.3989425,25.0585551
生發號鴨皮蛋(蛋素),新北市淡水區店家,新北市淡水區北投子77之1號1樓,合格,鉛未檢出銅3.3,107,新北市,121.4460912,25.1813353
生發號鹹鴨蛋(蛋素),新北市淡水區店家,新北市淡水區北投子77之1號1樓,合格,苯甲酸未檢出對羥苯甲酸第二丁酯未檢出對羥苯甲酸異丁酯未檢出蘇丹色素四號未檢出規定外煤焦色素未檢出蘇丹色素一號未檢出蘇丹色素二號未檢出己二烯酸未檢出對羥苯甲酸丁酯未檢出水楊酸未檢出對羥苯甲酸未檢出去水醋酸未檢出對羥苯甲酸甲酯未檢出對羥苯甲酸乙酯未檢出對羥苯甲酸異丙酯未檢出對羥苯甲酸丙酯未檢出蘇丹色素三號未檢出,107,新北市,121.4460912,25.1813353
生鮮原料蛋(雞蛋),新北市新莊區店家,新北市新莊區化成路764巷8號,合格,抗原蟲(7項)未檢出四環黴素類(7項)未檢出動物用藥多重殘留(48項)未檢出離子型抗球蟲藥(5項)未檢出禽畜產品中殘留農藥(123項)未檢出氯黴素類抗生素(4項)未檢出,107,新北市,121.4657645,25.058798
香蕉,臺北市內湖區店家,臺北市內湖區瑞光路502號3樓,合格,農藥多重殘留分析(373項)檢出細項二硫代胺基甲酸鹽類未檢出亞托敏(Azoxystrobin)0.02,107,新北市,121.5681006,25.0792803
進口蘋果(有機),臺北市松山區店家,臺北市松山區敦化南路1段7號10F之1,合格,農藥多重殘留分析(373項)未檢出二硫代胺基甲酸鹽類未檢出,107,新北市,121.5493237,25.0468646
絲瓜,高雄市旗山區店家,高雄市旗山區蔬果產銷第10班,合格,農藥多重殘留分析(373項)未檢出二硫代胺基甲酸鹽類未檢出,107,新北市,120.4703258,22.8702492
有機青江菜(台灣),新北市五股區店家,新北市五股區五工二路101號,合格,二硫代胺基甲酸鹽類未檢出農藥多重殘留分析(373項)未檢出,107,新北市,121.4578227,25.0676518
絲瓜,臺北市萬華區店家,臺北市萬華區環南市場內,合格,二硫代胺基甲酸鹽類未檢出農藥多重殘留分析(373項)未檢出,107,新北市,121.4897587,25.0286603
香梨,新北市板橋區店家,新北市板橋區板城路1000號,合格,農藥多重殘留分析(373項)檢出細項二硫代胺基甲酸鹽類未檢出因得克(Indoxacarb)0.02,107,新北市,121.449148,25.0202341
香蕉,新北市三重區店家,新北市三重區中正北路111號,合格,二硫代胺基甲酸鹽類未檢出農藥多重殘留分析(373項)未檢出,107,新北市,121.4853918,25.0659487
蜜蘋果-40,臺北市中山區店家,臺北市中山區民族東路336號攤號6-13,合格,二硫代胺基甲酸鹽類未檢出白克列(Boscalid)0.04賽滅寧(Cypermethrin)0.04亞滅培(Acetamiprid)0.07農藥多重殘留分析(373項)檢出細項貝芬替(Carbendazim)0.06,107,新北市,121.5373211,25.067861
奇異果-39,奇異,臺北市中山區民族東路336號攤號6-13,合格,二硫代胺基甲酸鹽類未檢出農藥多重殘留分析(373項)未檢出,107,新北市,121.5373211,25.067861
有機黑葉白菜(台灣)(陳),桃園市蘆竹區店家,桃園市蘆竹區龍安街2段968號,合格,二硫代胺基甲酸鹽類未檢出農藥多重殘留分析(373項)未檢出,107,新北市,121.2590362,25.0049809
絲瓜,屏東縣里港鄉店家,屏東縣里港鄉土庫段,合格,待克利(Difenoconazole)0.04農藥多重殘留分析(373項)檢出細項二硫代胺基甲酸鹽類未檢出,107,新北市,120.506931,22.821328
青蔥,彰化縣二林鎮店家,彰化縣二林鎮華崙里光復路35號,合格,依普同(Iprodione)0.13百克敏(Pyraclostrobin)0.03克凡派(Chlorfenapyr)0.04二硫代胺基甲酸鹽類未檢出撲滅寧(Procymidone)0.14農藥多重殘留分析(373項)檢出細項,107,新北市,120.4476047,23.944482
珍珠芭樂,珍珠,彰化縣溪州鄉大庄村中山巷16號,合格,農藥多重殘留分析(373項)未檢出二硫代胺基甲酸鹽類未檢出,107,新北市,120.5675309,23.8148
日本蘋果,桃園市中壢區店家,桃園市中壢區五光一街30號,合格,賽果培(Thiacloprid)0.02亞滅培(Acetamiprid)0.02剋安勃(Chlorantraniliprole)0.02二硫代胺基甲酸鹽類未檢出白克列(Boscalid)0.04農藥多重殘留分析(373項)檢出細項貝芬替(Carbendazim)0.06三氟敏(Trifloxystrobin)0.06賜滅芬(Spiromesifen)0.03氟大滅(Flubendiamide)0.02,107,新北市,121.2090649,24.9586079
茄子,屏東縣里港鄉店家,屏東縣里港鄉土庫村東榮路5號,合格,二硫代胺基甲酸鹽類未檢出達馬松(Methamidophos)0.02毆殺松(Acephate)0.08農藥多重殘留分析(373項)檢出細項愛殺松(Ethion)0.02,107,新北市,120.506931,22.821328
絲瓜,新北市中和區店家,新北市中和區立德街19號2樓,合格,撲滅寧(Procymidone)0.03普拔克(Propamocarbhydrochloride)0.84亞托敏(Azoxystrobin)0.02農藥多重殘留分析(373項)檢出細項亞滅培(Acetamiprid)0.03二硫代胺基甲酸鹽類未檢出,107,新北市,121.4886748,25.0072144
芭樂,芭樂,桃園市復興區羅源村高坡七鄰22號之2,合格,二硫代胺基甲酸鹽類未檢出農藥多重殘留分析(373項)未檢出,107,新北市,121.35017,24.769407
茄子,臺北市南港區店家,臺北市南港區玉成街166巷2號5樓,合格,二硫代胺基甲酸鹽類未檢出益達胺(Imidacloprid)0.06亞滅培(Acetamiprid)0.06農藥多重殘留分析(373項)檢出細項,107,新北市,121.5840328,25.0445527
一品蛋(洗選蛋),新北市三峽區店家,新北市三峽區隆恩街163號,合格,芬普尼及其代謝物之總量未檢出,107,新北市,121.3629265,24.9424252
殼蛋,屏東縣鹽埔鄉店家,屏東縣鹽埔鄉豐年路1-36號,合格,芬普尼及其代謝物之總量未檢出,107,新北市,120.5812275,22.7551387
金愛蛋 King Eggs(雞蛋),彰化縣大城鄉店家,彰化縣大城鄉山腳村鐵樹巷一弄51號,合格,芬普尼及其代謝物之總量未檢出,107,新北市,120.3178222,23.8369957
力優蛋 Li YoEggs(雞蛋),彰化縣竹塘鄉店家,彰化縣竹塘鄉新慶村光明路新庄巷21號,合格,芬普尼及其代謝物之總量未檢出,107,新北市,120.4259386,23.8417984
大成白色巨蛋(洗選),台南市永康區店家,台南市永康區鳥松二街3號,合格,芬普尼及其代謝物之總量未檢出,107,新北市,120.2532863,23.040778
自產現銷包裝鮮蛋,彰化縣芳苑鄉店家,彰化縣芳苑鄉王功村功湖路王功段379巷65號,合格,芬普尼及其代謝物之總量未檢出,107,新北市,120.3465148,23.9619846
AAG蛋,新北市三峽區店家,新北市三峽區隆恩街163號,合格,芬普尼及其代謝物之總量未檢出,107,新北市,121.3629265,24.9424252
益鮮白蛋,臺北市士林區店家,臺北市士林區華齡街175號2樓,合格,芬普尼及其代謝物之總量未檢出,107,新北市,121.5192471,25.0871324
AAG蛋,新北市三峽區店家,新北市三峽區隆恩街163號,合格,芬普尼及其代謝物之總量未檢出,107,新北市,121.3629265,24.9424252
源牧鮮蛋(雞蛋),台南市關廟區店家,台南市關廟區關新路2段387號,合格,芬普尼及其代謝物之總量未檢出,107,新北市,120.3084848,23.0047367
食用冰塊,新北市新店區店家,新北市新店區中正路504號1樓,合格,食品中微生物衛生標準(5.1)-腸桿菌科及沙門氏菌,113,新北市,121.5339004,24.9825767
食用冰塊,新北市新店區店家,新北市新店區北新路3段62號,合格,,113,新北市,121.5421901,24.9802585
食用冰塊,新北市板橋區店家,新北市板橋區板橋區中山路1段152號11樓,合格,,113,新北市,121.4618415,25.0114095
食用冰塊,新北市板橋區店家,新北市板橋區中山路1段152號12樓,合格,,113,新北市,121.412267,24.9607949
食用衛生冰塊,新北市中和區店家,新北市中和區立德街72巷10號,合格,,113,新北市,121.4880642,25.0080712
冰塊,新北市淡水區店家,新北市淡水區中正路242號,合格,,113,新北市,121.4390558,25.1710471
食用冰塊,新北市中和區店家,新北市中和區中山路3段122號3樓,合格,,113,新北市,121.4747649,25.0071972
冰塊,新北市淡水區店家,新北市淡水區中正路175號1樓,合格,食品中微生物衛生標準(5.1)-腸桿菌科及沙門氏菌,113,新北市,121.4386233,25.1712947
食用冰塊,新北市中和區店家,新北市中和區中山路3段122號3樓,合格,,113,新北市,121.4747649,25.0071972
冰塊,新北市淡水區店家,新北市淡水區中正路49號,合格,,113,新北市,121.4420971,25.1694592
食用冰塊,新北市土城區店家,新北市土城區裕民路85號,合格,,113,新北市,121.4501617,24.9874353
食用冰塊,新北市新莊區店家,新北市新莊區建國一路30號,合格,,113,新北市,121.4336768,25.031569
食用冰塊,新北市新莊區店家,新北市新莊區建國一路28號,合格,,113,新北市,121.433668,25.0315927
食用冰塊,新北市板橋區店家,新北市板橋區裕民街57號,合格,,113,新北市,121.4610169,25.0283108
冰塊,新北市五股區店家,新北市五股區工商路88號,合格,,113,新北市,121.4379861,25.0852534
錫蘭紅茶,新北市新店區店家,新北市新店區中正路226號,合格,食品中微生物衛生標準(4.7)-腸桿菌科及沙門氏菌,113,新北市,121.5401478,24.9728984
經典紅茶,經典,新北市新店區中正路187號,合格,,113,新北市,121.540642,24.9722026
茉香綠茶,新北市新店區店家,新北市新店區中正路187號,合格,,113,新北市,121.540642,24.9722026
春摘翡翠,新北市中和區店家,新北市中和區中山路3段122號3樓,合格,,113,新北市,121.4747649,25.0071972
紅茶,新北市中和區店家,新北市中和區中山路3段122號2樓,合格,,113,新北市,121.474553,25.0064003
鐵觀音凍飲,新北市中和區店家,新北市中和區中山路3段122號1樓,合格,,113,新北市,121.4747756,25.0074739
古香烏龍,新北市淡水區店家,新北市淡水區中正路49號,合格,,113,新北市,121.4420971,25.1694592
不知春,新北市土城區店家,新北市土城區裕民路85號,合格,,113,新北市,121.4501617,24.9874353
錫蘭紅茶,新北市新莊區店家,新北市新莊區建國一路28號,合格,,113,新北市,121.433668,25.0315927
紅茶,新北市三重區店家,新北市三重區三和路3段186號1樓,合格,,113,新北市,121.4920312,25.0735014
老賴紅茶,新北市板橋區店家,新北市板橋區裕民街57號,合格,食品中微生物衛生標準(4.7)-腸桿菌科及沙門氏菌,113,新北市,121.4610169,25.0283108
蜜香紅茶,新北市五股區店家,新北市五股區工商路88號,合格,,113,新北市,121.4379861,25.0852534
錫蘭紅茶,新北市五股區店家,新北市五股區工九路10號,合格,,113,新北市,121.4386586,25.0848317
泡沫紅茶,新北市五股區店家,新北市五股區成泰路2段94號,合格,,113,新北市,121.4376594,25.0826725
錫蘭紅茶,新北市板橋區店家,新北市板橋區四維路188號,合格,,113,新北市,121.4643825,25.026878
翡翠綠茶,新北市板橋區店家,新北市板橋區四維路188號,合格,,113,新北市,121.4643825,25.026878
紅茶,新北市板橋區店家,新北市板橋區四維路183號,合格,,113,新北市,121.4640803,25.0266413
紅茶,新北市三重區店家,新北市三重區五華街282號1樓,合格,,113,新北市,121.4868335,25.0881076
檸檬汁,檸檬,新北市新店區新店區北新路3段62號,合格,食品中微生物衛生標準(4.5)-大腸桿菌、病原性大腸桿菌(O157:H7)及沙門氏菌,113,新北市,121.5421901,24.9802585
葡萄柚果粒蜜茶,葡萄,新北市新店區中正路504號1樓,合格,,113,新北市,121.5339004,24.9825767
鳳梨胡蘿蔔汁,鳳梨,新北市板橋區中山路1段152號11樓,合格,,113,新北市,121.412267,24.9607949
西瓜汁,西瓜,新北市板橋區中山路1段152號12樓,合格,,113,新北市,121.412267,24.9607949
鮮榨西瓜汁,新北市中和區店家,新北市中和區中山路3段122號B2樓,合格,,113,新北市,121.4747785,25.0066732
鮮榨芭樂汁,新北市中和區店家,新北市中和區中山路3段122號B2樓,合格,,113,新北市,121.4747785,25.0066732
鮮柚汁,新北市新莊區店家,新北市新莊區建國一路30號,合格,,113,新北市,121.4336768,25.031569
西瓜汁,西瓜,新北市淡水區北新路182巷5弄38號,合格,,113,新北市,121.4493087,25.1773276
芭樂汁,芭樂,新北市淡水區北新路182巷5弄38號,合格,,113,新北市,121.4493087,25.1773276
芭樂汁,芭樂,新北市新莊區富國路91號1樓,合格,食品中微生物衛生標準(4.5)-大腸桿菌、病原性大腸桿菌(O157:H7)及沙門氏菌,113,新北市,121.4206568,25.0259041
冰淇淋-摩卡脆片,臺北市大同區店家,臺北市大同區南京西路1-18號,合格,食品中微生物衛生標準(5.2)-腸桿菌科及沙門氏菌,113,新北市,121.5174307,25.053113
冰淇淋-藍莓果醬,臺北市大同區店家,臺北市大同區南京西路1-18號,合格,,113,新北市,121.5174307,25.053113
青花椒冰淇淋,臺中市西區店家,臺中市西區臺灣大道2段218號29樓,合格,,113,新北市,120.6690084,24.1521315
牛奶雪花冰,牛奶,新北市新店區中正路387號,合格,,113,新北市,121.5344983,24.9770972
𫃎淇冰香草口味,臺南市新市店家,臺南市新市區中山路182-1號,合格,,113,新北市,120.2925601,23.069843
香草冰淇淋,香草,新北市中和區中山路3段122號B2樓,合格,,113,新北市,121.4747785,25.0066732
鐵觀音霜淇淋,新北市淡水區店家,新北市淡水區中正路242號,合格,食品中微生物衛生標準(5.2)-腸桿菌科及沙門氏菌,113,新北市,121.4390558,25.1710471
牛奶霜淇淋,牛奶,新北市淡水區中正路35號1樓,合格,,113,新北市,121.442191,25.1694649
原味霜淇淋,新北市中和區店家,新北市中和區中山路3段122號B2樓,合格,,113,新北市,121.4747785,25.0066732
原味雪貝-冰淇淋,新北市中和區店家,新北市中和區中山路3段122號B2樓,合格,,113,新北市,121.4747785,25.0066732
芒果冰沙,芒果,新北市永和區仁愛路101號,合格,,113,新北市,121.5127699,25.0130798
米苔目冰,新北市林口區店家,新北市林口區忠孝路566號,合格,,113,新北市,121.3744143,25.0679146
海鹽檸檬霜淇淋,新北市三重區店家,新北市三重區三和路3段186號1樓,合格,,113,新北市,121.4920312,25.0735014
百香果沙,百香果,新北市五股區成泰路2段94號,合格,,113,新北市,121.4376594,25.0826725
黑糖刨冰,黑糖,新北市新莊區龍安路328號1樓,合格,,113,新北市,121.4232521,25.0186501
牛奶雪花冰,牛奶,新北市新莊區龍安路328號1樓,合格,食品中微生物衛生標準(5.2)-腸桿菌科及沙門氏菌,113,新北市,121.4232521,25.0186501
戀愛蜜桃沙沙,新北市板橋區店家,新北市板橋區四維路183號,合格,,113,新北市,121.4640803,25.0266413
鳳梨剉冰,鳳梨,新北市板橋區四維路264號,合格,,113,新北市,121.4634651,25.0283494
黑糖清冰,黑糖,新北市板橋區四維路264號,合格,,113,新北市,121.4634651,25.0283494
粉圓冰,新北市板橋區店家,新北市板橋區四維路327號,合格,,113,新北市,121.4625349,25.0292905
多磷素C,臺北市中正區店家,臺北市中正區新生南路1段116號6樓,合格,溴酸鹽未檢出,107,新北市,121.5324474,25.0391662
蔗糖素,臺北市中正區店家,臺北市中正區新生南路1段116號6樓,合格,甘精(dulcin)未檢出,107,新北市,121.5324474,25.0391662
食用黃色4號,新北市汐止區店家,新北市汐止區大安街56巷7弄15號1、2樓,合格,規定煤焦色素未檢出,107,新北市,121.6772785,25.0736775
牛奶香粉,牛奶,新北市汐止區大安街56巷7弄15號1、2樓,合格,香豆素未檢出,107,新北市,121.6772785,25.0736775
草莓香料粉,草莓,新北市新莊區五權二路20之1號,合格,香豆素未檢出,107,新北市,121.4576432,25.0666105
檸檬香料,檸檬,新北市新莊區五權二路20之1號,合格,香豆素未檢出,107,新北市,121.4576432,25.0666105
葡萄香料SW-2928,葡萄,新北市新莊區化成路21號,合格,香豆素未檢出,107,新北市,121.4648937,25.0435536
荔枝香料T86035,新北市新莊區店家,新北市新莊區化成路21號,合格,香豆素未檢出,107,新北市,121.4648937,25.0435536
SF56277黑糖香料,新北市瑞芳區店家,新北市瑞芳區頂坪路90號,合格,香豆素未檢出,107,新北市,121.788074,25.0984009
258414百香果香料,新北市瑞芳區店家,新北市瑞芳區頂坪路90號,合格,香豆素未檢出,107,新北市,121.788074,25.0984009
焦糖色素,新北市樹林區店家,新北市樹林區東大街166號,合格,規定外煤焦色素未檢出,107,新北市,121.4093633,24.9758008
義美糙米奶,義美,臺北市大安區信義路二段88號10F,合格,黃麴毒素B1未檢出赭麴毒素 A未檢出總黃麴毒素未檢出,109,新北市,121.5267677,25.0340082
有機彩虹高原印加麥,臺北市萬華區店家,臺北市萬華區西園路二段157號9樓,合格,玉米赤黴毒素未檢出脫氧雪腐鐮刀菌烯醇未檢出黃麴毒素B1未檢出總黃麴毒素未檢出,109,新北市,121.495975,25.029029
摩卡咖啡,基隆市中正區店家,基隆市中正區武訓街65號,合格,赭麴毒素 A未檢出,109,新北市,121.6987052,25.1497367
AGF罐裝MAX IM特調咖啡-藍,臺北市松山區店家,臺北市松山區民權東路6段123巷20弄12號5樓,合格,赭麴毒素 A未檢出,109,新北市,121.5927169,25.069782
雀巢咖啡三合一濃醇原味,臺北市內湖區店家,臺北市內湖區瑞光路399號8樓及8稜之1,合格,赭麴毒素 A未檢出,109,新北市,121.5725155,25.0777641
G旦麵,新北市板橋區店家,新北市板橋區干城路139號3樓,合格,脫氧雪腐鐮刀菌烯醇：74μg/kg (750 μg/kg)黃麴毒素B1未檢出總黃麴毒素未檢出,109,新北市,121.4599347,24.9932855
紅麴料理粉,紅麴,新北市樹林區東興街4巷8號,合格,"橘黴素：1,618μg/kg(5,000 μg/kg)",109,新北市,121.4088368,24.979582
陽春麵,台中市大雅區店家,台中市大雅區民富街114號,合格,脫氧雪腐鐮刀菌烯醇：64μg/kg (750μg/kg)黃麴毒素B1未檢出總黃麴毒素未檢出,109,新北市,120.6666632,24.2329769
珍煮丹黑糖爆米花,新北市新莊區店家,新北市新莊區莊崑路29號2樓,合格,玉米赤黴毒素未檢出脫氧雪腐鐮刀菌烯醇未檢出黃麴毒素B1未檢出赭麴毒素 A未檢出總黃麴毒素未檢出伏馬毒素(3項)伏馬毒素B1+B2未檢出,109,新北市,121.4316739,24.999407
紅麴,紅麴,高雄市仁武區洛湖街537號1樓,合格,橘黴素未檢出,109,新北市,120.3423604,22.7057951
有機紅藜麥,新北市土城區店家,新北市土城區裕民路259巷12號,合格,玉米赤黴毒素未檢出脫氧雪腐鐮刀菌烯醇未檢出黃麴毒素B1未檢出總黃麴毒素未檢出,109,新北市,121.4555268,24.9827769
海蜇,臺北市萬華區店家,臺北市萬華區長沙街2段91號3樓,合格,動物用藥多重殘留(48項)多重殘留分析(二) 未檢出氯黴素類抗生素(4項)未檢出孔雀綠(2項)孔雀綠及其代謝物 未檢出,107,新北市,121.5047314,25.0406315
調味海蜇絲,新北市三重區店家,新北市三重區中興北街136巷22號,合格,動物用藥多重殘留(48項)多重殘留分析(二) 未檢出氯黴素類抗生素(4項)未檢出孔雀綠(2項)孔雀綠及其代謝物 未檢出,107,新北市,121.468113,25.0558753
北海魚丸,北海,新北市土城區永豐路195巷7弄3號,合格,硼酸及其鹽類未檢出過氧化氫未檢出,107,新北市,121.4713652,24.978896
冷凍白蝦仁,新北市中和區店家,新北市中和區建二路155號1-3樓,合格,孔雀綠(2項)孔雀綠及其代謝物 未檢出氯黴素類抗生素(4項)未檢出動物用藥多重殘留(48項)多重殘留分析(二) 未檢出,107,新北市,121.4875703,25.0037828
調理蝦仁,新北市中和區店家,新北市中和區建二路155號1-3樓,合格,孔雀綠(2項)孔雀綠及其代謝物 未檢出氯黴素類抗生素(4項)未檢出動物用藥多重殘留(48項)多重殘留分析(二) 未檢出,107,新北市,121.4875703,25.0037828
FROZEN SURIMI,新北市三重區店家,新北市三重區三尾街300巷6弄4號1樓,合格,過氧化氫未檢出硼酸及其鹽類未檢出,107,新北市,121.4901892,25.0664991
Frozen FishMeat (Surimi)GRADE C,高雄市鼓山區店家,高雄市鼓山區博愛二路349號5樓,合格,硼酸及其鹽類未檢出過氧化氫未檢出,107,新北市,120.3029865,22.6634503
冷凍白蝦仁,桃園市楊梅區店家,桃園市楊梅區瑞坪路4號1F,合格,動物用藥多重殘留(48項)動物用藥殘留量-多重殘留分析(二) 未檢出氯黴素類抗生素(4項)未檢出孔雀綠(2項)孔雀綠及其代謝物 未檢出,107,新北市,121.1773246,24.9049918
冷凍白蝦仁,新北市中和區店家,新北市中和區建二路155號,合格,動物用藥多重殘留(48項)動物用藥殘留量-多重殘留分析(二) 未檢出氯黴素類抗生素(4項)未檢出硝基?喃代謝物(4項)未檢出孔雀綠(2項)孔雀綠及其代謝物 未檢出,107,新北市,121.4875703,25.0037828
桂冠黃金魚蛋,桂冠,新北市中和區中山路2段329號,合格,硼酸及其鹽類未檢出過氧化氫未檢出,107,新北市,121.4928825,25.0020458
真空金目鱸魚,新北市中和區店家,新北市中和區連城路114號,合格,氯黴素類抗生素(4項)未檢出動物用藥多重殘留(48項)多重殘留分析(二) 未檢出孔雀綠(2項)孔雀綠及其代謝物 未檢出,107,新北市,121.4960499,24.9995603
蝦米乾,蝦米,宜蘭縣頭城鎮濱海路5段226號,合格,二氧化硫未檢出螢光增白劑未檢出,107,新北市,121.8929418,24.9399199
金鉤蝦,臺北市大同區店家,臺北市大同區迪化街1段283號,合格,螢光增白劑未檢出二氧化硫未檢出,107,新北市,121.5097974,25.0564363
蝦米,蝦米,連江縣南竿鄉仁愛村1鄰9號,合格,二氧化硫未檢出螢光增白劑未檢出,107,新北市,119.9263488,26.1450617
台灣櫻花蝦(東港),新北市新莊區店家,新北市新莊區新樹路67巷40弄3號,合格,二氧化硫未檢出螢光增白劑未檢出,107,新北市,121.4408118,25.0302757
蝦米(金鉤蝦),蝦米,臺北市松山區迪化街1段224巷14號,合格,螢光增白劑未檢出二氧化硫未檢出,107,新北市,121.5638621,25.0541591
蝦米,蝦米,宜蘭縣礁溪鄉玉興村瑪璘路26-3號,合格,螢光增白劑未檢出二氧化硫未檢出,107,新北市,121.7667762,24.7937601
頂級大蝦仁乾,頂級,新北市新莊區新樹路67巷40弄3號,合格,螢光增白劑未檢出二氧化硫未檢出,107,新北市,121.4408118,25.0302757
蝦米,蝦米,雲林縣西螺鎮新吉街116號,合格,二氧化硫0.039螢光增白劑未檢出,107,新北市,120.4474488,23.7824057
金鉤蝦,宜蘭縣頭城鎮店家,宜蘭縣頭城鎮大里里大里路115之2號1F,合格,螢光增白劑未檢出二氧化硫未檢出,107,新北市,121.9214685,24.9637149
櫻花蝦,新北市五股區店家,新北市五股區民義路1段247之11號,合格,螢光增白劑未檢出二氧化硫未檢出,107,新北市,121.4374058,25.0832555
鴨肉,臺北市松山區店家,臺北市松山區長順街73號,合格,氯黴素類抗生素(4項)未檢出四環黴素類(7項)未檢出動物用藥多重殘留(48項)未檢出乙型受體素類(β-agonist)(21項)未檢出,110,新北市,121.5638621,25.0541591
鴨肉,臺北市萬華區店家,臺北市萬華區環河南路2段245號2樓家禽攤2號,合格,氯黴素類抗生素(4項)未檢出四環黴素類(7項)未檢出動物用藥多重殘留(48項)未檢出乙型受體素類(β-agonist)(21項)未檢出,110,新北市,121.4906279,25.0292628
鴨肉,新北市三重區店家,新北市三重區中正北路145巷8弄8號,合格,氯黴素類抗生素(4項)未檢出四環黴素類(7項)未檢出動物用藥多重殘留(48項)未檢出乙型受體素類(β-agonist)(21項)未檢出,110,新北市,121.4838833,25.0679351
鴨肉,新北市新莊區店家,新北市新莊區五工一路90號1樓,合格,氯黴素類抗生素(4項)未檢出四環黴素類(7項)未檢出動物用藥多重殘留(48項)未檢出乙型受體素類(β-agonist)(21項)未檢出,110,新北市,121.4610551,25.0674798
鴨肉,新北市汐止區店家,新北市汐止區新台五路2段116巷10號,合格,氯黴素類抗生素(4項)未檢出四環黴素類(7項)未檢出動物用藥多重殘留(48項)未檢出乙型受體素類(β-agonist)(21項)未檢出,110,新北市,121.6630645,25.0658574
鮮香菇,彰化縣和美鎮店家,彰化縣和美鎮太平路46巷467號,合格,鉛未檢出鎘1.5 mg/kg,109,新北市,120.5103163,24.0862391
有機雪白菇,南投縣名間鄉店家,南投縣名間鄉中山村名山路1段430號1樓,合格,鉛未檢出鎘0.4 mg/kg,109,新北市,120.6708657,23.8528962
有機鴻禧菇,南投縣名間鄉店家,南投縣名間鄉中山村名山路1段430號1樓,合格,鉛未檢出鎘0.2 mg/kg,109,新北市,120.6708657,23.8528962
杏鮑菇,台中市霧峰區店家,台中市霧峰區中正路250號,合格,鉛未檢出鎘未檢出,109,新北市,120.6969954,24.030468
鮮香菇,桃園市大園區店家,桃園市大園區大觀路269-5號,合格,鉛未檢出鎘1.4 mg/kg,109,新北市,121.1891428,25.0657408
有機雪白菇,南投縣國姓鄉店家,南投縣國姓鄉中正路4段63-8號,合格,鉛未檢出鎘0.7 mg/kg,109,新北市,120.8891893,23.9853615
白雪金菇,台中市后里區店家,台中市后里區月眉里雲頭路月光巷10號,合格,鉛未檢出鎘未檢出,109,新北市,120.7019818,24.3218408
豐生金針菇,台中市霧峰區店家,台中市霧峰區南柳里新厝路139號,合格,鉛未檢出鎘未檢出,109,新北市,120.6819195,24.0627983
履歷香菇200g,履歷,新北市中和區安樂路69號2樓,合格,鉛未檢出鎘1.3 mg/kg,109,新北市,121.5124078,24.9939057
有機轉型期厚肉香菇,彰化縣和美鎮店家,彰化縣和美鎮線東路2段567號,合格,鉛未檢出鎘1.2 mg/kg,109,新北市,120.5205556,24.0844401
味丹〔多喝水﹞(包裝飲用水),味丹,南投縣埔里鎮牛眠里內埔路1-1號,合格,鉛未檢出銅未檢出鎘未檢出砷未檢出鋅未檢出汞未檢出,107,新北市,121.0028354,23.9820682
味丹多喝水微鹼性竹炭離子水(包裝飲用水),味丹多喝,台中市沙鹿區興安路81號1樓,合格,鉛未檢出銅未檢出鎘未檢出砷未檢出鋅未檢出汞未檢出,107,新北市,120.5494418,24.228405
味丹多喝水鹼性竹炭水(包裝飲用水),味丹多喝,台中市沙鹿區興安路81號1樓,合格,鉛未檢出銅未檢出鎘未檢出砷未檢出鋅未檢出汞未檢出,107,新北市,120.5494418,24.228405
好山好水(包裝飲用水),南投縣埔里鎮店家,南投縣埔里鎮新生路148號,合格,鉛未檢出銅未檢出鎘未檢出砷未檢出鋅未檢出汞未檢出,107,新北市,120.95934,23.955167
超值純水(包裝飲用水),高雄市仁武區店家,高雄市仁武區竹後里竹工三巷33-7號,合格,鉛未檢出銅未檢出鎘未檢出砷未檢出鋅未檢出汞未檢出,107,新北市,120.3319181,22.7133659
台鹽小分子海洋活水,苗栗縣通霄鎮店家,苗栗縣通霄鎮內島里122號,合格,鉛未檢出銅未檢出鎘未檢出砷未檢出鋅未檢出汞未檢出,107,新北市,120.7148767,24.5537351
水事紀天然礦泉水,新北市瑞芳區店家,新北市瑞芳區濱二路27-3號,合格,鉛未檢出銅未檢出鎘未檢出砷未檢出鋅未檢出汞未檢出,107,新北市,121.8371655,25.1142192
古道你好水-鹼性離子水,高雄市苓雅區店家,高雄市苓雅區中正二路175號,合格,鉛未檢出銅未檢出鎘未檢出砷未檢出鋅未檢出汞未檢出,107,新北市,120.3135756,22.6302499
VITANA維泉天然水(包裝飲用水),臺北市內湖區店家,臺北市內湖區堤頂大道二段4樓,合格,鉛未檢出銅未檢出鎘未檢出砷未檢出鋅未檢出汞未檢出,107,新北市,121.5747315,25.0728908
形動海洋深層鹼性元素水,宜蘭縣蘇澳鎮店家,宜蘭縣蘇澳鎮新城路13號,合格,鉛未檢出銅未檢出鎘未檢出砷未檢出鋅未檢出汞未檢出,107,新北市,121.8272192,24.6185328
舒跑鹼性離子水,宜蘭縣頭城鎮店家,宜蘭縣頭城鎮復興路37巷29-1號,合格,鉛未檢出銅未檢出鎘未檢出砷未檢出鋅未檢出汞未檢出,107,新北市,121.814462,24.8637779
泰山純水(包裝飲用水),泰山,宜蘭縣頭城鎮復興路37巷29號,合格,鉛未檢出銅未檢出鎘未檢出砷未檢出鋅未檢出汞未檢出,107,新北市,121.814411,24.86386
禾風竹炭水(包裝飲用水),南投縣埔里鎮店家,南投縣埔里鎮水頭路37-3號,合格,鉛未檢出銅未檢出鎘未檢出砷未檢出鋅未檢出汞未檢出,107,新北市,120.9717397,23.9467815
悅氏礦泉水,宜蘭縣頭城鎮店家,宜蘭縣頭城鎮吉祥路236巷1號,合格,鉛未檢出銅未檢出鎘未檢出砷未檢出鋅未檢出汞未檢出,107,新北市,121.814445,24.861942
泰山TWIST WATER環保包裝水,泰山,彰化縣田中鎮興工路6號,合格,鉛未檢出銅未檢出鎘未檢出砷未檢出鋅未檢出汞未檢出,107,新北市,120.5927671,23.8482281
波爾天然水,宜蘭縣員山鄉店家,宜蘭縣員山鄉員山路2段326號,合格,鉛未檢出銅未檢出鎘未檢出砷未檢出鋅未檢出汞未檢出,107,新北市,121.6911055,24.7136119
FIJI Water斐濟天然深層礦泉水,臺北市南港區店家,臺北市南港區忠孝東路六段21號6F之5,合格,鉛未檢出銅未檢出鎘未檢出砷未檢出鋅未檢出汞未檢出,107,新北市,121.5820955,25.0470494
天泉溫泉水(包裝飲用水),南投縣埔里鎮店家,南投縣埔里鎮覆金路1號,合格,鉛未檢出銅未檢出鎘未檢出砷未檢出鋅未檢出汞未檢出,107,新北市,120.9561566,24.0300287
西班牙MOND ARIZ天然礦泉水,臺北市大安區店家,臺北市大安區敦化南路1段205號8F,合格,鉛未檢出銅未檢出鎘未檢出砷未檢出鋅未檢出汞未檢出,107,新北市,121.5493769,25.0419105
頂好牌竹炭水(包裝飲用水),高雄市仁武區店家,高雄市仁武區竹後里竹工三項33-7號,合格,鉛未檢出銅未檢出鎘未檢出砷未檢出鋅未檢出汞未檢出,107,新北市,120.3363438,22.7039239
冰塊,新北市蘆洲區店家,新北市蘆洲區永樂街43之1號,合格,大腸桿菌陰性大腸桿菌群陰性生菌數<10,107,新北市,121.4576382,25.0882773
食用冰塊,新北市淡水區店家,新北市淡水區北新路182巷28號,合格,大腸桿菌群陰性生菌數<10大腸桿菌陰性,107,新北市,121.4490856,25.1780004
食用冰塊,新北市中和區店家,新北市中和區興南路1段99號,合格,生菌數<10大腸桿菌群陰性大腸桿菌陰性,107,新北市,121.5104147,24.9899636
食用冰塊,新北市樹林區店家,新北市樹林區博愛一街19號,合格,大腸桿菌陰性生菌數<10大腸桿菌群陰性,107,新北市,121.4255644,24.9911457
食用冰塊,新北市蘆洲區店家,新北市蘆洲區長安街91號,合格,生菌數75大腸桿菌陰性大腸桿菌群陰性,107,新北市,121.4620287,25.0803738
衛生冰塊,新北市汐止區店家,新北市汐止區中興路226號,合格,大腸桿菌陰性大腸桿菌群陰性生菌數50,107,新北市,121.6308427,25.0666362
食用冰塊,新北市板橋區店家,新北市板橋區雨農路58號,合格,大腸桿菌陰性大腸桿菌群陰性生菌數<10,107,新北市,121.4607132,25.0241876
食用冰塊,新北市板橋區店家,新北市板橋區縣民大道2段7號B1樓,合格,大腸桿菌陰性大腸桿菌群陰性生菌數<10,107,新北市,121.4637594,25.0140885
食用冰塊,新北市中和區店家,新北市中和區中山路3段107號,合格,生菌數40大腸桿菌陰性大腸桿菌群陰性,107,新北市,121.4749219,25.0058649
食用冰塊,新北市淡水區店家,新北市淡水區民族路1號,合格,生菌數<10大腸桿菌陰性大腸桿菌群陰性,107,新北市,121.4603505,25.1371897
食用冰塊,新北市中和區店家,新北市中和區中山路3段122號B2樓,合格,大腸桿菌陰性大腸桿菌群陰性生菌數<10,107,新北市,121.4747785,25.0066732
City Cafe 冰塊180g,臺北市信義區店家,臺北市信義區東興路65號2樓,合格,生菌數<10大腸桿菌陰性大腸桿菌群陰性,107,新北市,121.5666547,25.0468659
city cafe 冰塊 180g,新北市五股區店家,新北市五股區五工一路131號3F,合格,大腸桿菌群陰性生菌數<10大腸桿菌陰性,107,新北市,121.4501747,25.0706874
食用冰塊,新北市新莊區店家,新北市新莊區福樂街154號1樓,合格,生菌數<10大腸桿菌群陰性大腸桿菌陰性,107,新北市,121.4561142,25.0481975
食用冰塊,新北市新莊區店家,新北市新莊區中港路131號,合格,大腸桿菌陰性大腸桿菌群陰性生菌數10,107,新北市,121.4550334,25.0401145
食用冰塊,新北市新莊區店家,新北市新莊區中港路137號,合格,生菌數71大腸桿菌陰性大腸桿菌群陰性,107,新北市,121.4551061,25.0405607
食用衛生冰塊,新北市三峽區店家,新北市三峽區成福路105巷26號,合格,大腸桿菌群陰性生菌數<10大腸桿菌陰性,107,新北市,121.4195627,24.9325214
食用冰塊,新北市中和區店家,新北市中和區中山路3段122號B2樓,合格,大腸桿菌陰性大腸桿菌群陰性生菌數<10,107,新北市,121.4747785,25.0066732
食用冰塊,新北市新店區店家,新北市新店區寶興路40號1樓,合格,大腸桿菌陰性生菌數<10大腸桿菌群陰性,107,新北市,121.5487287,24.9740132
食用冰塊,新北市汐止區店家,新北市汐止區新台五路1段99號B1樓,合格,大腸桿菌陰性大腸桿菌群陰性生菌數87,107,新北市,121.6397184,25.0616059
食用冰塊,新北市三重區店家,新北市三重區五華街243號,合格,生菌數43大腸桿菌陰性大腸桿菌群陰性,107,新北市,121.4893409,25.0862421
食用冰塊,新北市板橋區店家,新北市板橋區四維路300號,合格,生菌數15大腸桿菌陰性大腸桿菌群陰性,107,新北市,121.4627007,25.0295146
食用冰塊,新北市淡水區店家,新北市淡水區民權路115號,合格,生菌數<10大腸桿菌群陰性大腸桿菌陰性,107,新北市,121.4602869,25.1373832
新北市食用衛生冰塊,新北市三峽區店家,新北市三峽區成福路105巷26號,合格,生菌數<10大腸桿菌陰性大腸桿菌群陰性,107,新北市,121.4195627,24.9325214
食用冰塊,新北市新店區店家,新北市新店區二十張路40之1號1樓,合格,大腸桿菌陰性大腸桿菌群陰性生菌數<10,107,新北市,121.5379571,24.9814028
食用冰塊,新北市三重區店家,新北市三重區正義北路251號,合格,大腸桿菌大腸桿菌群生菌數,107,新北市,121.4958072,25.0696346
食用冰塊,新北市汐止區店家,新北市汐止區中興路179之1號,合格,生菌數<10大腸桿菌陰性大腸桿菌群陰性,107,新北市,121.6304996,25.0666642
食用冰塊,新北市板橋區店家,新北市板橋區中山路2段114號,合格,生菌數<10大腸桿菌陰性大腸桿菌群陰性,107,新北市,121.4760323,25.0166024
冰塊,新北市樹林區店家,新北市樹林區太平路118號,合格,生菌數71大腸桿菌陰性大腸桿菌群陰性,107,新北市,121.4184281,24.9785662
衛生冰塊,新北市三重區店家,新北市三重區興德路141巷8號,合格,生菌數45大腸桿菌陰性大腸桿菌群陰性,107,新北市,121.469525,25.0531884
食用冰塊,新北市新店區店家,新北市新店區民權路44之1號,合格,大腸桿菌陰性大腸桿菌群陰性生菌數<10,107,新北市,121.5402881,24.9830483
(ICE WALKER冰塊)食用冰塊,新北市五股區店家,新北市五股區五工一路131號3樓,合格,生菌數<10大腸桿菌陰性大腸桿菌群陰性,107,新北市,121.4501747,25.0706874
冰塊,新北市蘆洲區店家,新北市蘆洲區永樂街50號,合格,大腸桿菌陰性大腸桿菌群陰性生菌數<10,107,新北市,121.4577014,25.0885705
食用冰塊,新北市泰山區店家,新北市泰山區明志路3段181號1樓,合格,生菌數54大腸桿菌陰性大腸桿菌群陰性,107,新北市,121.4244695,25.0390791
食用冰塊,新北市汐止區店家,新北市汐止區忠孝東路246號,合格,大腸桿菌陰性大腸桿菌群陰性生菌數<10,107,新北市,121.6629605,25.0672325
泰山TWIST WATER環保包裝水(包裝飲用水),泰山,南投縣埔里鎮水頭里水頭路37-3號,合格,鉛未檢出鎘未檢出砷未檢出汞未檢出銻未檢出,109,新北市,120.9717397,23.9467815
味丹多喝水(包裝飲用水),味丹多喝,台中市沙鹿區興安路65號,合格,鉛未檢出鎘未檢出砷未檢出汞未檢出銻未檢出,109,新北市,120.549604,24.228647
味丹多喝水鹼性竹炭水(包裝飲用水),味丹多喝,台中市沙鹿區興安路65號,合格,鉛未檢出鎘未檢出砷未檢出汞未檢出銻未檢出,109,新北市,120.549604,24.228647
泰山純水(包裝飲用水),泰山,宜蘭縣頭城鎮復興路37巷293號,合格,鉛未檢出鎘未檢出砷未檢出汞未檢出銻未檢出,109,新北市,121.8151725,24.8634704
波爾天然水(包裝飲用水),宜蘭縣員山鄉店家,宜蘭縣員山鄉員山路2段326號,合格,鉛未檢出鎘未檢出砷未檢出汞未檢出銻未檢出,109,新北市,121.6911055,24.7136119
特惠牌純水(包裝飲用水),臺北市士林區店家,臺北市士林區華齡街175號2樓,合格,鉛未檢出鎘未檢出砷未檢出汞未檢出銻未檢出,109,新北市,121.5192471,25.0871324
統一PH9.0鹼性離子水,統一,新北市瑞芳區濱二路27-3號,合格,鉛0.0007鎘未檢出砷0.0036汞未檢出銻未檢出,109,新北市,121.8371655,25.1142192
法國富維克天然礦泉水,法國,臺北市內湖區瑞光路502號4樓,合格,鉛未檢出鎘未檢出砷0.0024汞未檢出銻0.0016,109,新北市,121.5681006,25.0792803
台鹽小分子海洋活水,苗栗縣通霄鎮店家,苗栗縣通霄鎮內島里122號,合格,鉛未檢出鎘未檢出砷未檢出汞未檢出銻未檢出,109,新北市,120.7148767,24.5537351
悅氏礦泉水,宜蘭縣頭城鎮店家,宜蘭縣頭城鎮吉祥路236巷1號,合格,鉛未檢出鎘未檢出砷未檢出汞未檢出銻未檢出,109,新北市,121.814445,24.861942
舒跑鹼性離子水,宜蘭縣頭城鎮店家,宜蘭縣頭城鎮復興路37巷29-1號,合格,鉛未檢出鎘未檢出砷未檢出汞未檢出銻未檢出,109,新北市,121.814462,24.8637779
味丹多喝水微鹼性竹炭離子水,味丹多喝,南投縣埔里鎮內埔路1-3號,合格,鉛未檢出鎘未檢出砷未檢出汞未檢出銻未檢出,109,新北市,121.0026808,23.9820654
天然水(包裝飲用水),宜蘭縣員山鄉店家,宜蘭縣員山鄉員山路2段326號,合格,鉛0.0048鎘未檢出砷未檢出汞未檢出銻未檢出,109,新北市,121.6911055,24.7136119
台鹽海洋鹼性離子水,苗栗縣通霄鎮店家,苗栗縣通霄鎮內島里122號,合格,鉛未檢出鎘未檢出砷未檢出汞未檢出銻未檢出,109,新北市,120.7148767,24.5537351
OKINA沖繩久米島深海微礦水,嘉義縣民雄鄉店家,嘉義縣民雄鄉工業二路12-1號,合格,鉛未檢出鎘未檢出砷未檢出汞未檢出銻未檢出,109,新北市,120.4319213,23.5219008
iseLect礦泉水PET1000,新北市瑞芳區店家,新北市瑞芳區濱二路27-3號,合格,鉛未檢出鎘未檢出砷未檢出汞未檢出銻未檢出,109,新北市,121.8371655,25.1142192
UNI water純水,南投縣埔里鎮店家,南投縣埔里鎮榮光路63號,合格,鉛未檢出鎘未檢出砷未檢出汞未檢出銻未檢出,109,新北市,121.0069327,23.9699004
加拿大ICEFIELD天然冰河水,臺北市內湖區店家,臺北市內湖區行忠路42號5樓,合格,鉛未檢出鎘未檢出砷未檢出汞未檢出銻未檢出,109,新北市,121.578332,25.065289
悅氏Light鹼性水,宜蘭縣頭城鎮店家,宜蘭縣頭城鎮吉祥路93號,合格,鉛未檢出鎘未檢出砷未檢出汞未檢出銻未檢出,109,新北市,121.814505,24.861
鹼性離子水,宜蘭縣頭城鎮店家,宜蘭縣頭城鎮吉祥路93號,合格,鉛未檢出鎘未檢出砷未檢出汞未檢出銻未檢出,109,新北市,121.814505,24.861
石斑魚,高雄市梓官區店家,高雄市梓官區漁港二路32號,合格,鉛鎘甲基汞,109,新北市,120.2558229,22.7263115
鯛魚下巴,臺北市大同區店家,臺北市大同區伊寧街46-3號,合格,鉛鎘甲基汞,109,新北市,121.5112901,25.0645869
特選無刺虱目魚肚,台南市學甲區店家,台南市學甲區興業路409號,合格,鉛鎘甲基汞,109,新北市,120.1932962,23.2385358
冷凍台灣鯛魚片,雲林縣口湖鄉店家,雲林縣口湖鄉崙東村民生路1-90號,合格,鉛鎘甲基汞,109,新北市,120.1585553,23.6149134
安永嚴選北海道干貝(包),臺北市內湖區店家,臺北市內湖區堤頂大道二段483號,合格,鉛鎘甲基汞,109,新北市,121.5620534,25.0824005
一配鮪魚飯糰,桃園市大溪區店家,桃園市大溪區松樹21-8號,合格,大腸桿菌陰性大腸桿菌群7.2,109,新北市,121.2969674,24.8658422
柴魚乳酪級大麥飯糰,桃園市大溪區店家,桃園市大溪區松樹21-8號,合格,大腸桿菌陰性大腸桿菌群陰性,109,新北市,121.2969674,24.8658422
二配鮪魚飯糰,桃園市大溪區店家,桃園市大溪區松樹21-8號,合格,大腸桿菌群23大腸桿菌陰性,109,新北市,121.2969674,24.8658422
二配明太子龍蝦風味飯糰,桃園市大溪區店家,桃園市大溪區松樹21-8號,合格,大腸桿菌陰性大腸桿菌群陰性,109,新北市,121.2969674,24.8658422
御選肉鬆飯糰,新北市土城區店家,新北市土城區中興路16號,合格,大腸桿菌陰性大腸桿菌群陰性,109,新北市,121.4248913,24.9657726
秋鮭鮪魚雙手卷,新北市土城區店家,新北市土城區中興路16號,合格,大腸桿菌陰性大腸桿菌群陰性,109,新北市,121.4248913,24.9657726
一配肉鬆飯糰,桃園市大溪區店家,桃園市大溪區松樹21-8號,合格,大腸桿菌陰性大腸桿菌群460,109,新北市,121.2969674,24.8658422
龍蝦風味魚卵手卷,桃園市大溪區店家,桃園市大溪區松樹21-8號,合格,大腸桿菌陰性大腸桿菌群9.2,109,新北市,121.2969674,24.8658422
雞肉飯飯糰,雞肉,新北市土城區中興路16號,合格,大腸桿菌陰性大腸桿菌群陰性,109,新北市,121.4248913,24.9657726
御選肉鬆飯糰,新北市土城區店家,新北市土城區中興路16號,合格,大腸桿菌群陰性大腸桿菌陰性,109,新北市,121.4248913,24.9657726
鹹蛋黃肉鬆飯糰,鹹蛋,基隆市安樂區武訓街43號,合格,大腸桿菌陰性大腸桿菌群陰性,109,新北市,121.7002276,25.1459933
雙蔬鮪魚飯糰,基隆市安樂區店家,基隆市安樂區武訓街43號,合格,大腸桿菌陰性大腸桿菌群陰性,109,新北市,121.7002276,25.1459933
香鬆吻仔魚超級大麥飯糰,桃園市大溪區店家,桃園市大溪區松樹21-8號,合格,大腸桿菌群9.2大腸桿菌陰性,109,新北市,121.2969674,24.8658422
蔥爆牛柳飯糰,桃園市大溪區店家,桃園市大溪區松樹21-8號,合格,大腸桿菌陰性大腸桿菌群23,109,新北市,121.2969674,24.8658422
海鮮沙拉花壽司,新北市土城區店家,新北市土城區中興路16號,合格,大腸桿菌陰性大腸桿菌群陰性,109,新北市,121.4248913,24.9657726
海陸雙拼壽司組,新北市土城區店家,新北市土城區中興路16號,合格,大腸桿菌群陰性大腸桿菌陰性,109,新北市,121.4248913,24.9657726
秋鮭鮪魚雙手卷,基隆市安樂區店家,基隆市安樂區武訓街43號,合格,大腸桿菌陰性大腸桿菌群陰性,109,新北市,121.7002276,25.1459933
招牌雙手卷,基隆市安樂區店家,基隆市安樂區武訓街43號,合格,大腸桿菌陰性大腸桿菌群陰性,109,新北市,121.7002276,25.1459933
御選肉鬆飯糰,新北市土城區店家,新北市土城區02-22675100,合格,大腸桿菌陰性大腸桿菌群陰性,109,新北市,121.438034,24.968371
葱鹽燒肉飯糰,新北市土城區店家,新北市土城區02-22675100,合格,大腸桿菌陰性大腸桿菌群陰性,109,新北市,121.438034,24.968371
龍蝦風味魚卵,桃園市大溪區店家,桃園市大溪區松樹12-8號,合格,大腸桿菌陰性大腸桿菌群陰性,109,新北市,121.2969674,24.8658422
海陸雙手卷,桃園市大溪區店家,桃園市大溪區松樹12-8號,合格,大腸桿菌群3.6大腸桿菌陰性,109,新北市,121.2969674,24.8658422
小黃瓜細卷,新北市板橋區店家,新北市板橋區重慶路8號2樓,合格,大腸桿菌陰性大腸桿菌群陰性,109,新北市,121.46063,25.007993
豆皮壽司,豆皮,新北市板橋區重慶路8號2樓,合格,大腸桿菌群9.2大腸桿菌陰性,109,新北市,121.46063,25.007993
海苔壽司,海苔,新北市板橋區重慶路17號1樓,合格,大腸桿菌陰性大腸桿菌群460,109,新北市,121.46096,25.0080412
鹹蛋黃肉鬆,鹹蛋,新北市鶯歌區二甲路41-2號,合格,大腸桿菌陰性大腸桿菌群陰性,109,新北市,121.338011,24.934739
雞肉飯飯糰,雞肉,新北市鶯歌區二甲路41-2號,合格,大腸桿菌陰性大腸桿菌群陰性,109,新北市,121.338011,24.934739
秋鮭鮪魚雙手卷,新北市鶯歌區店家,新北市鶯歌區二甲路41-2號,合格,大腸桿菌陰性大腸桿菌群陰性,109,新北市,121.338011,24.934739
蜜汁燒肉飯糰,蜜汁,桃園市大溪區松樹21-8號,合格,大腸桿菌群7.4大腸桿菌陰性,109,新北市,121.2969674,24.8658422
二配明太子龍蝦風味飯糰,桃園市大溪區店家,桃園市大溪區松樹21-8號,合格,大腸桿菌陰性大腸桿菌群陰性,109,新北市,121.2969674,24.8658422
紅心波霸粉圓,新北市樹林區店家,新北市樹林區八德街280巷3號4樓,合格,順丁烯二酸與順丁烯二酸酐總量未檢出去水醋酸未檢出己二烯酸未檢出苯甲酸未檢出,108,新北市,121.4105554,24.9706559
紅心波霸粉圓,新北市樹林區店家,新北市樹林區八德街280巷3號4樓,合格,順丁烯二酸與順丁烯二酸酐總量未檢出去水醋酸未檢出己二烯酸未檢出苯甲酸未檢出,108,新北市,121.4105554,24.9706559
登豐波霸粉圓,登豐,新北市三芝區中山路一段55號,合格,順丁烯二酸與順丁烯二酸酐總量未檢出己二烯酸未檢出苯甲酸未檢出去水醋酸未檢出,108,新北市,121.500686,25.2573322
甜不辣,甜不,臺北市萬華區康定路172巷內,合格,順丁烯二酸與順丁烯二酸酐總量未檢出去水醋酸未檢出己二烯酸未檢出苯甲酸未檢出,108,新北市,121.5017718,25.0393562
珍珠粉圓,珍珠,台中市大里區東榮路682號,合格,苯甲酸未檢出己二烯酸0.66去水醋酸未檢出順丁烯二酸與順丁烯二酸酐總量未檢出,108,新北市,120.676194,24.1095202
黑輪,高雄市大寮區店家,高雄市大寮區中庄村工商路114巷1號,合格,去水醋酸未檢出順丁烯二酸與順丁烯二酸酐總量未檢出己二烯酸未檢出苯甲酸未檢出,108,新北市,120.3902827,22.6331379
西谷米,新北市樹林區店家,新北市樹林區八德街280巷3號4樓,合格,己二烯酸未檢出去水醋酸未檢出順丁烯二酸與順丁烯二酸酐總量未檢出苯甲酸未檢出,108,新北市,121.4105554,24.9706559
珍珠粉圓,珍珠,桃園市八德區廣興路561號,合格,去水醋酸未檢出順丁烯二酸與順丁烯二酸酐總量未檢出己二烯酸未檢出苯甲酸未檢出,108,新北市,121.2837194,24.9434969
肉圓,新北市板橋區店家,新北市板橋區府中路104號,合格,己二烯酸未檢出苯甲酸未檢出去水醋酸未檢出順丁烯二酸與順丁烯二酸酐總量未檢出,108,新北市,121.455846,25.0097404
芋圓,新北市板橋區店家,新北市板橋區府中路105號,合格,去水醋酸未檢出順丁烯二酸與順丁烯二酸酐總量未檢出己二烯酸未檢出苯甲酸未檢出,108,新北市,121.456767,25.009441
肉圓,新北市永和區店家,新北市永和區永貞路309號,合格,順丁烯二酸與順丁烯二酸酐總量未檢出去水醋酸未檢出己二烯酸未檢出苯甲酸未檢出,108,新北市,121.5103266,25.0063962
黑輪,雲林縣虎尾鎮店家,雲林縣虎尾鎮廉使里1701號,合格,苯甲酸未檢出己二烯酸1.34去水醋酸未檢出順丁烯二酸與順丁烯二酸酐總量未檢出,108,新北市,120.4199157,23.7289855
手工粄條,新竹縣湖口鄉店家,新竹縣湖口鄉長安村長安路142號,合格,順丁烯二酸與順丁烯二酸酐總量未檢出去水醋酸未檢出己二烯酸未檢出苯甲酸未檢出,108,新北市,121.090423,24.887588
粄條,新北市林口區店家,新北市林口區中正路152號,合格,己二烯酸未檢出苯甲酸未檢出去水醋酸未檢出順丁烯二酸與順丁烯二酸酐總量未檢出,108,新北市,121.3926039,25.0774371
甜不辣,甜不,臺北市大同區迪化街1段337號,合格,順丁烯二酸與順丁烯二酸酐總量未檢出己二烯酸未檢出苯甲酸未檢出去水醋酸未檢出,108,新北市,121.5097974,25.0564363
肉圓,新北市汐止區店家,新北市汐止區中興路160號,合格,去水醋酸未檢出己二烯酸未檢出苯甲酸未檢出順丁烯二酸與順丁烯二酸酐總量未檢出,108,新北市,121.632174,25.0652979
新埔客家粄條,新竹縣新埔鎮店家,新竹縣新埔鎮關埔路內立段155號,合格,順丁烯二酸與順丁烯二酸酐總量未檢出去水醋酸未檢出苯甲酸未檢出己二烯酸未檢出,108,新北市,121.0847958,24.8152636
小地瓜圓,新北市新莊區店家,新北市新莊區新樹路302巷7號,合格,去水醋酸未檢出苯甲酸未檢出順丁烯二酸與順丁烯二酸酐總量未檢出己二烯酸未檢出,108,新北市,121.4321872,25.0064005
黑輪,新北市板橋區店家,新北市板橋區中興路63-12號,合格,去水醋酸未檢出苯甲酸未檢出順丁烯二酸與順丁烯二酸酐總量未檢出己二烯酸未檢出,108,新北市,121.4554072,25.0075938
天婦羅,新北市泰山區店家,新北市泰山區中港西路3號,合格,去水醋酸未檢出順丁烯二酸與順丁烯二酸酐總量未檢出己二烯酸未檢出苯甲酸未檢出,108,新北市,121.4442501,25.0680393
肉圓,新北市三重區店家,新北市三重區中 正北路145巷28號,合格,去水醋酸未檢出順丁烯二酸與順丁烯二酸酐總量未檢出己二烯酸未檢出苯甲酸未檢出,108,新北市,121.484908,25.068141
美濃手工粄條,美濃,新北市三重區新北大道2段139巷28號,合格,去水醋酸未檢出順丁烯二酸與順丁烯二酸酐總量未檢出己二烯酸未檢出苯甲酸未檢出,108,新北市,121.4663955,25.0605282
水晶粉條,新北市永和區店家,新北市永和區仁愛路61號,合格,去水醋酸未檢出順丁烯二酸與順丁烯二酸酐總量未檢出己二烯酸0.17苯甲酸0.36,108,新北市,121.51356,25.0132305
紅糟肉圓,新北市新莊區店家,新北市新莊區新泰路381巷9號,合格,去水醋酸未檢出己二烯酸未檢出苯甲酸未檢出順丁烯二酸與順丁烯二酸酐總量未檢出,108,新北市,121.4433505,25.0436121
粄條(粿仔條),新北市樹林區店家,新北市樹林區俊英街219巷45弄8-1號,合格,順丁烯二酸與順丁烯二酸酐總量未檢出己二烯酸未檢出苯甲酸未檢出去水醋酸未檢出,108,新北市,121.4206933,25.0100769
肉圓,新北市新店區店家,新北市新店區中正路244之3號,合格,去水醋酸未檢出順丁烯二酸與順丁烯二酸酐總量未檢出己二烯酸未檢出苯甲酸未檢出,108,新北市,121.5395958,24.9733096
板條,新北市三重區店家,新北市三重區長壽西街5號,合格,己二烯酸未檢出苯甲酸未檢出去水醋酸未檢出順丁烯二酸與順丁烯二酸酐總量未檢出,108,新北市,121.4978286,25.0676961
黑輪(雞卷),新北市板橋區店家,新北市板橋區中興路63-12號,合格,去水醋酸未檢出順丁烯二酸與順丁烯二酸酐總量未檢出己二烯酸未檢出苯甲酸未檢出,108,新北市,121.4554072,25.0075938
肉圓,新北市三峽區店家,新北市三峽區民生路193號,合格,己二烯酸未檢出苯甲酸未檢出順丁烯二酸與順丁烯二酸酐總量未檢出去水醋酸未檢出,108,新北市,121.3744903,24.9358605
肉圓,桃園市中壢區店家,桃園市中壢區中山北路2段101號,合格,苯甲酸未檢出順丁烯二酸與順丁烯二酸酐總量未檢出去水醋酸未檢出己二烯酸未檢出,108,新北市,121.1697806,24.9081467
粄條,台中市石岡區店家,台中市石岡區和順巷27之3號,合格,苯甲酸未檢出順丁烯二酸與順丁烯二酸酐總量未檢出去水醋酸未檢出己二烯酸未檢出,108,新北市,120.8052325,24.2738604
甜不辣,甜不,新北市瑞芳區明燈路3段2號,合格,去水醋酸未檢出己二烯酸未檢出苯甲酸未檢出順丁烯二酸與順丁烯二酸酐總量未檢出,108,新北市,121.8088529,25.1076342
不一樣黑珍珠粉圓,新北市中和區店家,新北市中和區橋安街1號1樓,合格,去水醋酸未檢出順丁烯二酸與順丁烯二酸酐總量未檢出己二烯酸未檢出苯甲酸未檢出,108,新北市,121.4926531,25.0031367
肉圓,新北市淡水區店家,新北市淡水區博愛街9號,合格,己二烯酸未檢出苯甲酸未檢出順丁烯二酸與順丁烯二酸酐總量未檢出去水醋酸未檢出,108,新北市,121.4461666,25.1700982
河粉(條)(粄條),新北市樹林區店家,新北市樹林區俊英街219巷45弄8-1號,合格,苯甲酸未檢出己二烯酸未檢出去水醋酸未檢出順丁烯二酸與順丁烯二酸酐總量未檢出,108,新北市,121.4206933,25.0100769
板條,新竹縣新埔鎮店家,新竹縣新埔鎮內立里關埔路內立段155號,合格,己二烯酸未檢出苯甲酸未檢出順丁烯二酸與順丁烯二酸酐總量未檢出去水醋酸未檢出,108,新北市,121.0847958,24.8152636
肉圓,新北市新莊區店家,新北市新莊區復興路1段141號,合格,去水醋酸未檢出順丁烯二酸與順丁烯二酸酐總量未檢出苯甲酸未檢出己二烯酸未檢出,108,新北市,121.4456222,25.0416023
甜不辣(長條),甜不,臺北市萬華區廣州街223巷13號,合格,順丁烯二酸與順丁烯二酸酐總量未檢出苯甲酸未檢出去水醋酸未檢出己二烯酸未檢出,108,新北市,121.499017,25.0371375
甜不辣(圓),甜不,臺北市萬華區廣州街223巷13號,合格,苯甲酸未檢出順丁烯二酸與順丁烯二酸酐總量未檢出去水醋酸未檢出己二烯酸未檢出,108,新北市,121.499017,25.0371375
新埔客家-板條,新竹縣新埔鎮店家,新竹縣新埔鎮關埔路內立段155號,合格,己二烯酸未檢出苯甲酸未檢出去水醋酸未檢出順丁烯二酸與順丁烯二酸酐總量未檢出,108,新北市,121.0847958,24.8152636
泰式甜辣醬(甜雞醬),泰式,新北市土城區民生街3-8號,合格,去水醋酸未檢出己二烯酸未檢出苯甲酸未檢出,107,新北市,121.4146151,24.9596221
四季釀造醬油,四季,台南市新市區大營里大營7-2號,合格,去水醋酸未檢出苯甲酸未檢出己二烯酸未檢出,107,新北市,120.307701,23.100596
御膳食堂辣豆瓣醬,高雄市大社區店家,高雄市大社區旗楠路103巷23號,合格,己二烯酸未檢出苯甲酸未檢出去水醋酸未檢出,107,新北市,120.3480647,22.7510183
狀元黑豆醬油,台中市大肚區店家,台中市大肚區沙田路1段388巷35之9號,合格,去水醋酸未檢出己二烯酸未檢出苯甲酸未檢出,107,新北市,120.5624474,24.1358732
蜜汁烤肉醬,蜜汁,臺北市松山區忠孝東路4段560號,合格,去水醋酸未檢出己二烯酸未檢出苯甲酸未檢出,107,新北市,121.5638621,25.0541591
萬家香海山醬,萬家香,屏東縣內埔鄉中林村大同路5段88號,合格,去水醋酸未檢出己二烯酸0.57苯甲酸未檢出,107,新北市,120.596525,22.6620822
台灣搵醬蒜蓉醬,台中市霧峰區店家,台中市霧峰區萬豐里中正路266號,合格,苯甲酸0.32己二烯酸0.27去水醋酸未檢出,107,新北市,120.6946681,24.0344431
金蘭甜麵醬,金蘭,桃園市大溪區介壽路236號,合格,己二烯酸未檢出去水醋酸未檢出苯甲酸未檢出,107,新北市,121.2920536,24.9196793
萬家香烤肉醬,萬家香,屏東縣內埔鄉中林村大同路5段88號,合格,己二烯酸未檢出苯甲酸未檢出去水醋酸未檢出,107,新北市,120.596525,22.6620822
餃仔醬,屏東縣麟洛鄉店家,屏東縣麟洛鄉新田村民族路埔圳巷8號,合格,己二烯酸未檢出苯甲酸未檢出去水醋酸未檢出,107,新北市,120.5483939,22.6646999
水餃醬汁,臺北市中山區店家,臺北市中山區松江路125號,合格,己二烯酸未檢出苯甲酸未檢出去水醋酸未檢出,107,新北市,121.5334641,25.0531691
味全薄鹽醬油,台中市霧峰區店家,台中市霧峰區萬峰里中正路266號,合格,苯甲酸未檢出己二烯酸未檢出去水醋酸未檢出,107,新北市,120.6946681,24.0344431
日式照燒烤肉醬,臺北市信義區店家,臺北市信義區忠孝東路4段560號12樓,合格,己二烯酸未檢出苯甲酸未檢出去水醋酸未檢出,107,新北市,121.557158,25.041012
亨氏番茄醬,臺北市中山區店家,臺北市中山區南京東路3段70號4樓,合格,去水醋酸未檢出己二烯酸未檢出苯甲酸未檢出,107,新北市,121.5281453,25.0523713
釀造醬油,新北市新店區店家,新北市新店區中正路538巷1號1樓,合格,去水醋酸未檢出己二烯酸未檢出苯甲酸未檢出,107,新北市,121.5341269,24.9845748
喜樂甘霖素蠔油,台中市北區店家,台中市北區文祥街108號1樓,合格,苯甲酸未檢出去水醋酸未檢出己二烯酸未檢出,107,新北市,120.6811995,24.1515129
8佳醬蘑菇牛排醬,雲林縣斗六市店家,雲林縣斗六市工業區民有街38號,合格,苯甲酸未檢出己二烯酸0.24去水醋酸未檢出,107,新北市,120.5969286,23.7210366
憶霖黑胡椒醬,雲林縣斗六市店家,雲林縣斗六市斗六工業區民有街38號,合格,己二烯酸0.25苯甲酸未檢出去水醋酸未檢出,107,新北市,120.5969286,23.7210366
香辣豆瓣醬,嘉義縣民雄鄉店家,嘉義縣民雄鄉興南村工業一路8-1號,合格,去水醋酸未檢出己二烯酸未檢出苯甲酸未檢出,107,新北市,120.4305078,23.5190194
海霸王蒜蓉辣豆瓣醬,彰化縣北斗鎮店家,彰化縣北斗鎮新工一路108號,合格,苯甲酸未檢出己二烯酸未檢出去水醋酸未檢出,107,新北市,120.5496163,23.8685744
黑龍夏荷鈒黑豆蔭油(膏油),嘉義縣民雄鄉店家,嘉義縣民雄鄉寮頂村頂寮66之5號,合格,己二烯酸未檢出苯甲酸未檢出去水醋酸未檢出,107,新北市,120.4214109,23.5664378
海山醬,臺北市松山區店家,臺北市松山區忠孝東路三段10巷1號,合格,去水醋酸未檢出己二烯酸0.19苯甲酸未檢出,107,新北市,121.5338692,25.0415174
龜甲萬丸大豆本釀醬油,龜甲萬,台南市永康區中正路301號,合格,去水醋酸未檢出苯甲酸未檢出己二烯酸未檢出,107,新北市,120.2447232,23.0343175
丸莊極品黑豆蔭油,雲林縣西螺鎮店家,雲林縣西螺鎮延平路25號,合格,己二烯酸未檢出苯甲酸未檢出去水醋酸未檢出,107,新北市,120.4638235,23.8022629
大象韓式醃烤肉醬(原味),臺北市中山區店家,臺北市中山區長安西路24號7樓,合格,去水醋酸未檢出己二烯酸未檢出苯甲酸未檢出,107,新北市,121.5207571,25.0499336
大象韓式醃烤肉醬(辣味),臺北市中山區店家,臺北市中山區長安西路24號7樓,合格,己二烯酸未檢出苯甲酸未檢出去水醋酸未檢出,107,新北市,121.5207571,25.0499336
龜甲萬料亭和露(柴魚),龜甲萬,台南市新市區大營里大營7之2號,合格,苯甲酸未檢出己二烯酸未檢出去水醋酸未檢出,107,新北市,120.307701,23.100596
龜甲萬料亭和露(昆布香菇),龜甲萬,台南市新市區大營里大營7之2號,合格,己二烯酸未檢出苯甲酸未檢出去水醋酸未檢出,107,新北市,120.307701,23.100596
蒸魚醬油,臺北市松山區店家,臺北市松山區忠孝東路4段560號12樓,合格,己二烯酸未檢出苯甲酸未檢出去水醋酸未檢出,107,新北市,121.5335165,25.0419925
台灣搵醬海鮮五味醬,台中市霧峰區店家,台中市霧峰區萬豐里中正路266號,合格,己二烯酸0.28苯甲酸未檢出去水醋酸未檢出,107,新北市,120.6946681,24.0344431
港式蘿蔔糕,港式,新北市樹林區柑園街1段193之17號,合格,二甲基黃(dimethyl yellow)未檢出二乙基黃(diethyl yellow)未檢出己二烯酸未檢出苯甲酸未檢出二氧化硫未檢出去水醋酸未檢出,107,新北市,121.4065995,24.960914
急凍麵,新北市土城區店家,新北市土城區中興路17號,合格,去水醋酸未檢出己二烯酸未檢出二乙基黃(diethyl yellow)未檢出二氧化硫未檢出苯甲酸未檢出二甲基黃(dimethyl yellow)未檢出,107,新北市,121.4250975,24.9666272
什錦珍菇素蘿蔔糕,什錦,新北市汐止區福德一路392巷42弄17號,合格,己二烯酸未檢出二乙基黃(diethyl yellow)未檢出苯甲酸未檢出去水醋酸未檢出二氧化硫未檢出二甲基黃(dimethyl yellow)未檢出,107,新北市,121.627569,25.0627091
港式蘿蔔糕,港式,雲林縣西螺鎮正興里福安街13號,合格,苯甲酸未檢出去水醋酸未檢出二氧化硫未檢出二甲基黃(dimethyl yellow)未檢出二乙基黃(diethyl yellow)未檢出己二烯酸未檢出,107,新北市,120.4614614,23.7949036
衛生油麵,新北市樹林區店家,新北市樹林區東順街80-2號,合格,二乙基黃(diethyl yellow)未檢出二甲基黃(dimethyl yellow)未檢出去水醋酸未檢出二氧化硫未檢出己二烯酸未檢出苯甲酸未檢出,107,新北市,121.4091483,24.9772726
愛麵族日式拉麵,愛麵族,屏東縣內埔鄉北寧路2段88號,合格,去水醋酸未檢出二甲基黃(dimethyl yellow)未檢出二氧化硫未檢出苯甲酸未檢出二乙基黃(diethyl yellow)未檢出己二烯酸未檢出,107,新北市,120.5684768,22.6299072
素食蘿蔔糕,桃園市八德區店家,桃園市八德區介壽路2段133巷130號,合格,己二烯酸未檢出苯甲酸未檢出二氧化硫未檢出去水醋酸未檢出二甲基黃(dimethyl yellow)未檢出二乙基黃(diethyl yellow)未檢出,107,新北市,121.3001134,24.956758
南僑讚岐烏龍麵,桃園市中壢區店家,桃園市中壢區中壢工業區吉林路16號1-2樓,合格,去水醋酸未檢出二甲基黃(dimethyl yellow)未檢出二氧化硫未檢出己二烯酸未檢出苯甲酸未檢出二乙基黃(diethyl yellow)未檢出,107,新北市,121.242369,24.979051
港式菜頭粿,港式,彰化縣伸港鄉興工路59號,合格,二甲基黃(dimethyl yellow)未檢出二乙基黃(diethyl yellow)未檢出苯甲酸未檢出己二烯酸未檢出去水醋酸未檢出二氧化硫未檢出,107,新北市,120.5107121,24.1674551
手打風烏龍麵,手打,新北市樹林區東順街80-2號,合格,苯甲酸未檢出二甲基黃(dimethyl yellow)未檢出二乙基黃(diethyl yellow)未檢出去水醋酸未檢出二氧化硫未檢出己二烯酸未檢出,107,新北市,121.4091483,24.9772726
點線麵(烏龍冷麵)Cold UdonNoodles,桃園市八德區店家,桃園市八德區福德一路237號,合格,二甲基黃(dimethyl yellow)未檢出二乙基黃(diethyl yellow)未檢出己二烯酸未檢出二氧化硫未檢出去水醋酸未檢出苯甲酸未檢出,107,新北市,121.3274911,24.9641869
點線麵(油蔥乾拌麵)PLN CrispShallot Noodle,桃園市八德區店家,桃園市八德區福德一路237號,合格,二甲基黃(dimethyl yellow)未檢出去水醋酸未檢出二氧化硫未檢出二乙基黃(diethyl yellow)未檢出己二烯酸未檢出苯甲酸未檢出,107,新北市,121.3274911,24.9641869
草莓烏龍麵,草莓,桃園市中壢區中壢工業區吉林路16號1.2樓,合格,去水醋酸未檢出二氧化硫未檢出己二烯酸未檢出苯甲酸未檢出二甲基黃(dimethyl yellow)未檢出二乙基黃(diethyl yellow)未檢出,107,新北市,121.242369,24.979051
洋讚岐烏龍麵食,臺北市北投區店家,臺北市北投區立功街120號,合格,己二烯酸未檢出苯甲酸未檢出二氧化硫未檢出去水醋酸未檢出二甲基黃(dimethyl yellow)未檢出二乙基黃(diethyl yellow)未檢出,107,新北市,121.4732676,25.1253901
火鍋麵,高雄市鳳山區店家,高雄市鳳山區鎮北路北巷21之30號,合格,二氧化硫未檢出己二烯酸未檢出苯甲酸未檢出二甲基黃(dimethyl yellow)未檢出去水醋酸未檢出二乙基黃(diethyl yellow)未檢出,107,新北市,120.3493158,22.6113591
蘿蔔糕,蘿蔔,台中市大甲區工七路26號,合格,二甲基黃(dimethyl yellow)未檢出去水醋酸未檢出二乙基黃(diethyl yellow)未檢出己二烯酸未檢出苯甲酸未檢出二氧化硫未檢出,107,新北市,120.6544183,24.4057399
油麵,新北市板橋區店家,新北市板橋區中山路2段212巷2之4號,合格,去水醋酸未檢出二氧化硫未檢出己二烯酸未檢出苯甲酸未檢出二甲基黃(dimethyl yellow)未檢出二乙基黃(diethyl yellow)未檢出,107,新北市,121.4780262,25.0173949
陽春麵,新北市板橋區店家,新北市板橋區中山路2段212巷2之4號,合格,苯甲酸未檢出二乙基黃(diethyl yellow)未檢出己二烯酸未檢出二甲基黃(dimethyl yellow)未檢出去水醋酸未檢出二氧化硫未檢出,107,新北市,121.4780262,25.0173949
黑胡椒肉醬義大利麵310g,黑胡,台中市太平區甲堤路608號,合格,去水醋酸未檢出己二烯酸未檢出苯甲酸未檢出二甲基黃(dimethyl yellow)未檢出二乙基黃(diethyl yellow)未檢出二氧化硫未檢出,107,新北市,120.7051266,24.1253767
港式蘿蔔糕,港式,彰化縣員林鎮至善街198號,合格,苯甲酸未檢出二甲基黃(dimethyl yellow)未檢出二乙基黃(diethyl yellow)未檢出二氧化硫未檢出去水醋酸未檢出己二烯酸0.12,107,新北市,120.5683013,23.9593854
冰塊,新北市淡水區店家,新北市淡水區清水街26號,合格,生菌數53大腸桿菌群陰性,108,新北市,121.4449355,25.1704401
凍頂烏龍茶,新北市淡水區店家,新北市淡水區清水街26號,合格,大腸桿菌陰性大腸桿菌群陰性生菌數8700沙門氏桿菌陰性,108,新北市,121.4449355,25.1704401
珍珠粉圓,珍珠,新北市新莊區中港路135號,合格,順丁烯二酸與順丁烯二酸酐總量未檢出,108,新北市,121.4551824,25.0402885
食用冰塊,新北市三重區店家,新北市三重區忠孝路3段3號,合格,生菌數36大腸桿菌群陰性,108,新北市,121.4817295,25.0677001
椰果,台中市南屯區店家,台中市南屯區黎明路2段420號10樓-6,合格,順丁烯二酸與順丁烯二酸酐總量未檢出,108,新北市,120.6353823,24.1517693
椰果,台中市南屯區店家,台中市南屯區黎明路2段420號10樓-6,合格,食用色素紅色六號未檢出食用色素黃色五號未檢出食用色素紅色四十號未檢出食用色素藍色二號未檢出食用色素綠色三號未檢出食用色素黃色四號檢出食用色素藍色一號未檢出食用色素紅色七號未檢出,108,新北市,120.6353823,24.1517693
食用冰塊,新北市汐止區店家,新北市汐止區忠孝東路246號,合格,大腸桿菌群陰性生菌數<10,108,新北市,121.6629605,25.0672325
泡沫紅茶,新北市汐止區店家,新北市汐止區忠孝東路246號,合格,香豆素未檢出(標準:2ppm),108,新北市,121.6629605,25.0672325
紅茶,臺北市南港區店家,臺北市南港區南港路3段50巷7號1樓,合格,農藥多重殘留分析(373項)檢出細項亞滅培(Acetamiprid)0.06二硫代胺基甲酸鹽類未檢出,108,新北市,121.5916377,25.0548051
珍珠,珍珠,新北市板橋區雙十路3段33號,合格,大腸桿菌陰性大腸桿菌群陰性,108,新北市,121.4706586,25.0315633
衛生冰塊,新北市土城區店家,新北市土城區光明街11號1樓,合格,生菌數陰性大腸桿菌群陰性,108,新北市,121.442213,24.974555
仙草,雲林縣斗六市店家,雲林縣斗六市石榴路351號,合格,農藥多重殘留分析(373項)未檢出二硫代胺基甲酸鹽類未檢出,108,新北市,120.590623,23.7290351
四季春青茶,四季,新北市中和區安平路100號,合格,沙門氏桿菌陰性大腸桿菌陰性大腸桿菌群陰性生菌數480,108,新北市,121.511623,24.9972414
手作紅茶,新北市中和區店家,新北市中和區安平路100號,合格,香豆素未檢出 (標準 : 2ppm),108,新北市,121.511623,24.9972414
綠茶,新北市三峽區店家,新北市三峽區民生街171號,合格,食用色素紅色七號未檢出食用色素藍色一號未檢出食用色素紅色六號未檢出食用色素黃色五號未檢出食用色素紅色四十號未檢出食用色素黃色四號未檢出食用色素藍色二號未檢出食用色素綠色三號未檢出,108,新北市,121.3723595,24.934743
含風草(咸豐草),嘉義縣大林鎮店家,嘉義縣大林鎮中正路384號,合格,農藥多重殘留分析(373項)檢出細項芬普尼(Fipronil)0.002二硫代胺基甲酸鹽類未檢出,108,新北市,120.4522149,23.6008185
青草茶,新北市新店區店家,新北市新店區大豐路32號,合格,生菌數<10大腸桿菌群陰性沙門氏桿菌陰性大腸桿菌陰性,108,新北市,121.5405096,24.9801522
青草茶,新北市新莊區店家,新北市新莊區自強街37巷4號,合格,生菌數<10大腸桿菌群陰性沙門氏桿菌陰性大腸桿菌陰性,108,新北市,121.4543927,25.046718
油切綠茶,新北市土城區店家,新北市土城區光明街11號1樓,合格,生菌數<10大腸桿菌群陰性沙門氏桿菌陰性大腸桿菌陰性,108,新北市,121.442213,24.974555
涼麵,新北市三重區店家,新北市三重區中正北路172號,合格,大腸桿菌群93大腸桿菌陰性,108,新北市,121.4839837,25.0662196
涼麵,新北市三重區店家,新北市三重區中正北路290號,合格,大腸桿菌陰性大腸桿菌群23,108,新北市,121.4802611,25.0686886
一番涼麵,桃園市大溪區店家,桃園市大溪區松樹21-8號,合格,大腸桿菌陰性大腸桿菌群3.6,108,新北市,121.2969674,24.8658422
大滿足麻醬涼麵,大滿足,桃園市大溪區松樹21-8號,合格,大腸桿菌群3.6大腸桿菌陰性,108,新北市,121.2969674,24.8658422
豬排蕎麥冷麵,新北市汐止區店家,新北市汐止區新台五路1段95號,合格,大腸桿菌陰性大腸桿菌群93,108,新北市,121.639246,25.0626671
雞排蕎麥冷麵,新北市汐止區店家,新北市汐止區新台五路1段95號,合格,大腸桿菌陰性大腸桿菌群23,108,新北市,121.639246,25.0626671
原味麻醬涼麵,臺北市內湖區店家,臺北市內湖區民善街88號,合格,大腸桿菌群460大腸桿菌陰性,108,新北市,121.5750221,25.0602383
涼麵,新北市新莊區店家,新北市新莊區中正路307號,合格,大腸桿菌群23大腸桿菌陰性,108,新北市,121.4483116,25.0351043
寬麵革命-嘉義涼麵,台中市大甲區店家,台中市大甲區重義二路151號,合格,大腸桿菌陰性大腸桿菌群陰性,108,新北市,120.6137069,24.3359225
重量級原味麻醬涼麵,台中市大甲區店家,台中市大甲區重義二路151號,合格,大腸桿菌陰性大腸桿菌群陰性,108,新北市,120.6137069,24.3359225
真飽涼麵-原味麻醬,新北市瑞芳區店家,新北市瑞芳區頂坪路129號,合格,大腸桿菌陰性大腸桿菌群陰性,108,新北市,121.7848617,25.0967038
重量級辣味麻醬涼麵,台中市大甲區店家,台中市大甲區重義二路151號,合格,大腸桿菌陰性大腸桿菌群3.6,108,新北市,120.6137069,24.3359225
涼麵本舖經典麻醬,台中市大甲區店家,台中市大甲區重義二路151號,合格,大腸桿菌陰性大腸桿菌群陰性,108,新北市,120.6137069,24.3359225
泰式酸辣冷麵,泰式,新北市瑞芳區頂坪路129號,合格,大腸桿菌陰性大腸桿菌群陰性,108,新北市,121.7848617,25.0967038
辣味雞絲涼麵,新北市瑞芳區店家,新北市瑞芳區頂坪路129號,合格,大腸桿菌陰性大腸桿菌群陰性,108,新北市,121.7848617,25.0967038
日本產蕎麥冷麵,新北市林口區店家,新北市林口區文化三路1段356號2樓,合格,大腸桿菌群460大腸桿菌陰性,108,新北市,121.3616761,25.0621469
真飽涼麵-香辣麻醬,新北市瑞芳區店家,新北市瑞芳區頂坪路129號,合格,大腸桿菌陰性大腸桿菌群陰性,108,新北市,121.7848617,25.0967038
大滿足麻醬涼麵,大滿足,桃園市大溪區松樹21-8號,合格,大腸桿菌群陰性大腸桿菌陰性,108,新北市,121.2969674,24.8658422
超大滿足麻醬涼麵,桃園市大溪區店家,桃園市大溪區松樹21-8號,合格,大腸桿菌陰性大腸桿菌群陰性,108,新北市,121.2969674,24.8658422
真飽涼麵-香辣麻醬,新北市瑞芳區店家,新北市瑞芳區頂坪路129號,合格,大腸桿菌群陰性大腸桿菌陰性,108,新北市,121.7848617,25.0967038
真飽涼麵-原味麻醬,新北市瑞芳區店家,新北市瑞芳區頂坪路129號,合格,大腸桿菌陰性大腸桿菌群3.6,108,新北市,121.7848617,25.0967038
涼麵,新北市八里區店家,新北市八里區中山路2段289號,合格,大腸桿菌群23大腸桿菌陰性,108,新北市,121.4015896,25.1483628
麻醬涼麵,新北市八里區店家,新北市八里區中山路2段219號,合格,大腸桿菌陰性大腸桿菌群23,108,新北市,121.403655,25.1493465
泰式涼麵,泰式,新北市八里區中山路2段219號,合格,大腸桿菌陰性大腸桿菌群陰性,108,新北市,121.403655,25.1493465
涼麵,新北市淡水區店家,新北市淡水區真理街2號,合格,大腸桿菌陰性大腸桿菌群陰性,108,新北市,121.4386066,25.173071
芝麻涼麵,芝麻,新北市新店區三民路5號1樓,合格,大腸桿菌陰性大腸桿菌群陰性,108,新北市,121.539947,24.972452
原味麻醬涼麵,新北市樹林區店家,新北市樹林區大里路118號,合格,大腸桿菌陰性大腸桿菌群陰性,108,新北市,121.4143898,24.9866363
四川麻辣涼麵,四川,新北市樹林區大里路118號,合格,大腸桿菌陰性大腸桿菌群陰性,108,新北市,121.4143898,24.9866363
原味麻醬涼麵,臺北市北投區店家,臺北市北投區大業路136號5樓,合格,大腸桿菌陰性大腸桿菌群陰性,108,新北市,121.4993064,25.1244713
原味涼麵,新北市板橋區店家,新北市板橋區中山路2段90巷10號,合格,大腸桿菌陰性大腸桿菌群陰性,108,新北市,121.4752881,25.0160174
雞絲涼麵,新北市板橋區店家,新北市板橋區中山路2段90巷10號,合格,大腸桿菌陰性大腸桿菌群陰性,108,新北市,121.4752881,25.0160174
四川麻辣涼麵,四川,臺北市內湖區民善街88號,合格,大腸桿菌陰性大腸桿菌群陰性,108,新北市,121.5750221,25.0602383
日式蕎麥風味麵,宜蘭縣五結鄉店家,宜蘭縣五結鄉五結路3段489號,合格,大腸桿菌陰性大腸桿菌群陰性,108,新北市,121.782526,24.682418
傳統涼麵,傳統,新北市三重區大同北路42號,合格,大腸桿菌陰性大腸桿菌群7.4,108,新北市,121.4951338,25.0628092
招牌涼麵,新北市新莊區店家,新北市新莊區中港一街29號,合格,大腸桿菌陰性大腸桿菌群460,108,新北市,121.4511166,25.0454928
涼麵,新北市蘆洲區店家,新北市蘆洲區中央路30-2號,合格,大腸桿菌陰性大腸桿菌群7.4,108,新北市,121.4736268,25.083002
招牌涼麵,新北市新店區店家,新北市新店區民權路28號1樓,合格,大腸桿菌陰性大腸桿菌群43,108,新北市,121.5409957,24.9830716
蔬菜涼麵,新北市新店區店家,新北市新店區民權路28號1樓,合格,大腸桿菌陰性大腸桿菌群460,108,新北市,121.5409957,24.9830716
涼麵,新北市中和區店家,新北市中和區莒光路97號,合格,大腸桿菌陰性大腸桿菌群陰性,108,新北市,121.4725673,25.0029716
招牌涼麵,新北市新店區店家,新北市新店區北新路1段62號,合格,大腸桿菌陰性大腸桿菌群23,108,新北市,121.5403135,24.9652509
毅典易樂捲食物調理紙,桃園市龍潭區店家,桃園市龍潭區中央街281號,合格,溶出試驗-甲醛(水；95℃，30分鐘)陰性材質試驗-螢光增白劑未檢出溶出試驗-砷(水；95℃，30分鐘)小於 0.1 ppm溶出試驗-蒸發殘渣(水；95℃，30分鐘)1 ppm溶出試驗-蒸發殘渣(4%醋酸；95℃，30分鐘)3 ppm溶出試驗-蒸發殘渣(正庚烷；25℃，1小時)未檢出溶出試驗-蒸發殘渣(20%酒精；60℃，30分鐘)5 ppm溶出試驗-砷(4%醋酸；95℃，30分鐘)小於 0.1 ppm溶出試驗-重金屬(比色法)(95℃，30分鐘)小於 1 ppm,108,新北市,121.2071437,24.8803507
瑪芬杯,桃園市龍潭區店家,桃園市龍潭區中央街281號,合格,材質試驗-螢光增白劑未檢出溶出試驗-蒸發殘渣(20%酒精；60℃，30分鐘)315 ppm溶出試驗-砷(水；95℃，30分鐘)小於 0.1 ppm溶出試驗-甲醛(水；95℃，30分鐘)陰性溶出試驗-蒸發殘渣(水；95℃，30分鐘)280 ppm溶出試驗-蒸發殘渣(正庚烷；25℃，1小時)2 ppm溶出試驗-氯仿可溶物(水；95℃，30分鐘)2 ppm溶出試驗-氯仿可溶物(20%酒精；60℃，30分鐘)4 ppm溶出試驗-蒸發殘渣(4%醋酸；95℃，30分鐘)293 ppm溶出試驗-重金屬(比色法)(95℃，30分鐘)小於 1 ppm溶出試驗-氯仿可溶物(4%醋酸；95℃，30分鐘)4 ppm溶出試驗-砷(4%醋酸；95℃，30分鐘)小於 0.1 ppm,108,新北市,121.2071437,24.8803507
妙潔耐高溫保鮮膜,苗栗縣竹南鎮店家,苗栗縣竹南鎮和誠街38號,合格,"耐熱溫度標示符合性無變形/顏色無變化溶出試驗-著色劑(4%醋酸；95℃，30分鐘)未檢出材質試驗-鉛含量(ppm)未檢出材質試驗-鎘含量(ppm)未檢出溶出試驗-塑化劑鄰苯二甲酸二丁酯(DBP)(正庚烷；25℃，1小時)塑化劑鄰苯二甲酸酯類(25度C , 60分鐘) 未檢出溶出試驗-高錳酸鉀消耗量(水；95℃，30分鐘)0.9 ppm溶出試驗-著色劑(正庚烷；25℃，1小時)未檢出溶出試驗-著色劑(20%乙醇；60℃，30分鐘)未檢出溶出試驗-著色劑(水；95℃，30分鐘)未檢出材質鑑別聚甲基戊烯溶出試驗-重金屬(比色法)(95℃，30分鐘)小於 1 ppm",108,新北市,120.8772095,24.7141775
韓式泡菜,韓式,屏東縣萬巒鄉堡和村堡興路77-5號,合格,對羥苯甲酸甲酯未檢出去水醋酸未檢出對羥苯甲酸乙酯未檢出對羥苯甲酸異丙酯未檢出己二烯酸未檢出苯甲酸未檢出對羥苯甲酸第二丁酯未檢出對羥苯甲酸異丁酯未檢出對羥苯甲酸丁酯未檢出水楊酸未檢出對羥苯甲酸未檢出對羥苯甲酸丙酯未檢出二氧化硫未檢出,108,新北市,120.6084832,22.584046
新秀酸菜,花蓮縣新城鄉店家,花蓮縣新城鄉北埔村樹人街2號,合格,對羥苯甲酸異丙酯未檢出對羥苯甲酸丙酯未檢出二氧化硫未檢出去水醋酸未檢出對羥苯甲酸丁酯未檢出對羥苯甲酸甲酯未檢出水楊酸未檢出對羥苯甲酸未檢出己二烯酸未檢出苯甲酸未檢出對羥苯甲酸第二丁酯未檢出對羥苯甲酸異丁酯未檢出對羥苯甲酸乙酯未檢出,108,新北市,121.6016544,24.0379736
甘蔗筍,屏東縣萬巒鄉店家,屏東縣萬巒鄉佳和村興路77號之5,合格,苯甲酸未檢出對羥苯甲酸第二丁酯未檢出對羥苯甲酸異丁酯未檢出對羥苯甲酸甲酯未檢出對羥苯甲酸乙酯未檢出去水醋酸未檢出對羥苯甲酸異丙酯未檢出對羥苯甲酸丁酯未檢出水楊酸未檢出對羥苯甲酸丙酯未檢出二氧化硫未檢出己二烯酸未檢出對羥苯甲酸未檢出,108,新北市,120.5940988,22.5736744
慶尚北道韓式泡菜,彰化縣田尾鄉店家,彰化縣田尾鄉饒平村中山路1段163號,合格,水楊酸未檢出對羥苯甲酸未檢出對羥苯甲酸丁酯未檢出對羥苯甲酸甲酯未檢出對羥苯甲酸丙酯未檢出二氧化硫未檢出去水醋酸未檢出對羥苯甲酸乙酯未檢出對羥苯甲酸異丙酯未檢出己二烯酸未檢出苯甲酸未檢出對羥苯甲酸第二丁酯未檢出對羥苯甲酸異丁酯未檢出,108,新北市,120.5307881,23.8885751
客家福菜,客家,苗栗縣公館鄉大坑村3鄰58-2號,合格,對羥苯甲酸丁酯未檢出水楊酸未檢出對羥苯甲酸未檢出對羥苯甲酸甲酯未檢出對羥苯甲酸乙酯未檢出對羥苯甲酸丙酯未檢出二氧化硫未檢出去水醋酸未檢出對羥苯甲酸異丙酯未檢出己二烯酸未檢出苯甲酸未檢出對羥苯甲酸第二丁酯未檢出對羥苯甲酸異丁酯未檢出,108,新北市,120.8527655,24.4906805
爭鮮黃薑片,桃園市龜山區店家,桃園市龜山區文化一路45號3樓,合格,己二烯酸未檢出苯甲酸未檢出對羥苯甲酸異丁酯未檢出二氧化硫未檢出對羥苯甲酸第二丁酯未檢出去水醋酸未檢出對羥苯甲酸甲酯未檢出對羥苯甲酸丁酯未檢出水楊酸未檢出對羥苯甲酸未檢出對羥苯甲酸丙酯未檢出對羥苯甲酸乙酯未檢出對羥苯甲酸異丙酯未檢出,108,新北市,121.3715664,25.0600743
筍干,嘉義縣大埔鄉店家,嘉義縣大埔鄉大埔村135號,合格,苯甲酸未檢出對羥苯甲酸第二丁酯未檢出對羥苯甲酸異丁酯未檢出對羥苯甲酸甲酯未檢出對羥苯甲酸乙酯未檢出對羥苯甲酸異丙酯未檢出對羥苯甲酸丙酯未檢出二氧化硫未檢出去水醋酸未檢出對羥苯甲酸丁酯未檢出水楊酸未檢出對羥苯甲酸未檢出己二烯酸未檢出,108,新北市,120.5998528,23.295369
酸菜,酸菜,新北市淡水區水梘頭42之1號,合格,對羥苯甲酸異丙酯未檢出對羥苯甲酸未檢出己二烯酸未檢出苯甲酸未檢出對羥苯甲酸第二丁酯未檢出對羥苯甲酸異丁酯未檢出對羥苯甲酸甲酯未檢出對羥苯甲酸乙酯未檢出去水醋酸未檢出對羥苯甲酸丁酯未檢出水楊酸未檢出對羥苯甲酸丙酯未檢出二氧化硫未檢出,108,新北市,121.481441,25.1853635
淡榨菜絲,桃園市觀音區店家,桃園市觀音區草漯里草漯249-22號,合格,對羥苯甲酸異丁酯未檢出對羥苯甲酸丁酯未檢出水楊酸未檢出對羥苯甲酸未檢出己二烯酸0.90對羥苯甲酸甲酯未檢出對羥苯甲酸乙酯未檢出對羥苯甲酸丙酯未檢出二氧化硫未檢出去水醋酸未檢出對羥苯甲酸異丙酯未檢出對羥苯甲酸第二丁酯未檢出苯甲酸0.30,108,新北市,121.1432795,25.0477845
酸菜,酸菜,桃園市觀音區草漯里草漯249-22號,合格,對羥苯甲酸第二丁酯未檢出對羥苯甲酸異丁酯未檢出對羥苯甲酸丙酯未檢出二氧化硫未檢出對羥苯甲酸丁酯未檢出水楊酸未檢出對羥苯甲酸未檢出去水醋酸未檢出對羥苯甲酸乙酯未檢出對羥苯甲酸異丙酯未檢出己二烯酸0.58苯甲酸0.21對羥苯甲酸甲酯未檢出,108,新北市,121.1432795,25.0477845
辣蘿蔔,桃園市龜山區店家,桃園市龜山區自強南路287巷22-1號,合格,苯甲酸未檢出去水醋酸未檢出對羥苯甲酸甲酯未檢出對羥苯甲酸異丙酯未檢出對羥苯甲酸第二丁酯未檢出己二烯酸未檢出對羥苯甲酸乙酯未檢出對羥苯甲酸異丁酯未檢出對羥苯甲酸丙酯未檢出二氧化硫未檢出對羥苯甲酸丁酯未檢出水楊酸未檢出對羥苯甲酸未檢出,108,新北市,121.334655,24.9897868
大茂幼筍,屏東縣屏東市店家,屏東縣屏東市建國路450巷11號,合格,己二烯酸未檢出對羥苯甲酸第二丁酯未檢出對羥苯甲酸異丁酯未檢出苯甲酸未檢出對羥苯甲酸甲酯未檢出對羥苯甲酸乙酯未檢出對羥苯甲酸異丙酯未檢出對羥苯甲酸未檢出去水醋酸未檢出對羥苯甲酸丁酯未檢出水楊酸未檢出對羥苯甲酸丙酯未檢出二氧化硫未檢出,108,新北市,120.4634349,22.6561164
酸菜(鹹菜心),酸菜,雲林縣大埤鄉興安村72號,合格,水楊酸未檢出對羥苯甲酸未檢出對羥苯甲酸第二丁酯未檢出去水醋酸未檢出對羥苯甲酸乙酯未檢出對羥苯甲酸異丙酯未檢出對羥苯甲酸異丁酯未檢出對羥苯甲酸丙酯未檢出二氧化硫未檢出對羥苯甲酸甲酯未檢出己二烯酸未檢出苯甲酸未檢出對羥苯甲酸丁酯未檢出,108,新北市,120.3911059,23.6282314
蕾心酸菜,彰化縣田尾鄉店家,彰化縣田尾鄉正義村中正路1段442號,合格,對羥苯甲酸乙酯未檢出對羥苯甲酸異丙酯未檢出對羥苯甲酸第二丁酯未檢出對羥苯甲酸異丁酯未檢出去水醋酸未檢出對羥苯甲酸丙酯未檢出二氧化硫未檢出己二烯酸未檢出對羥苯甲酸丁酯未檢出水楊酸未檢出對羥苯甲酸未檢出苯甲酸0.15對羥苯甲酸甲酯未檢出,108,新北市,120.5091385,23.9022712
有機酸菜,桃園市大溪區店家,桃園市大溪區康莊路5段246號,合格,對羥苯甲酸第二丁酯未檢出對羥苯甲酸異丁酯未檢出對羥苯甲酸丁酯未檢出水楊酸未檢出對羥苯甲酸未檢出對羥苯甲酸丙酯未檢出二氧化硫未檢出己二烯酸未檢出苯甲酸未檢出去水醋酸未檢出對羥苯甲酸甲酯未檢出對羥苯甲酸乙酯未檢出對羥苯甲酸異丙酯未檢出,108,新北市,121.2566308,24.8222725
東北酸白菜,高雄市大寮區店家,高雄市大寮區大發工業區大有二街29號,合格,苯甲酸未檢出對羥苯甲酸丙酯未檢出二氧化硫未檢出對羥苯甲酸甲酯未檢出對羥苯甲酸乙酯未檢出對羥苯甲酸異丙酯未檢出對羥苯甲酸第二丁酯未檢出對羥苯甲酸異丁酯未檢出去水醋酸未檢出對羥苯甲酸未檢出己二烯酸未檢出對羥苯甲酸丁酯未檢出水楊酸未檢出,108,新北市,120.424042,22.586934
嫩竹筍,新北市八里區店家,新北市八里區龍米路2段62號,合格,對羥苯甲酸第二丁酯未檢出己二烯酸未檢出去水醋酸未檢出對羥苯甲酸異丙酯未檢出對羥苯甲酸丁酯未檢出對羥苯甲酸丙酯未檢出二氧化硫未檢出對羥苯甲酸甲酯未檢出對羥苯甲酸乙酯未檢出對羥苯甲酸異丁酯未檢出苯甲酸未檢出水楊酸未檢出對羥苯甲酸未檢出,108,新北市,121.4482936,25.1412588
紅薑絲,屏東縣萬巒鄉店家,屏東縣萬巒鄉佳和村佳興路77-5號,合格,對羥苯甲酸丁酯未檢出對羥苯甲酸未檢出對羥苯甲酸甲酯未檢出對羥苯甲酸第二丁酯未檢出去水醋酸未檢出對羥苯甲酸乙酯未檢出對羥苯甲酸異丙酯未檢出水楊酸未檢出己二烯酸未檢出對羥苯甲酸異丁酯未檢出對羥苯甲酸丙酯未檢出二氧化硫未檢出苯甲酸0.24,108,新北市,120.5897975,22.5707272
CJ Bibigo韓式蘿蔔塊,臺北市南港區店家,臺北市南港區南港路2段20巷5號,合格,對羥苯甲酸第二丁酯未檢出對羥苯甲酸異丁酯未檢出己二烯酸未檢出苯甲酸未檢出去水醋酸未檢出對羥苯甲酸甲酯未檢出對羥苯甲酸乙酯未檢出對羥苯甲酸異丙酯未檢出對羥苯甲酸丙酯未檢出二氧化硫未檢出對羥苯甲酸丁酯未檢出水楊酸未檢出對羥苯甲酸未檢出,108,新北市,121.6056077,25.054442
調味酸菜,雲林縣元長鄉店家,雲林縣元長鄉下寮村興工街9號,合格,去水醋酸未檢出己二烯酸未檢出對羥苯甲酸甲酯未檢出對羥苯甲酸乙酯未檢出對羥苯甲酸異丙酯未檢出對羥苯甲酸丙酯未檢出水楊酸未檢出對羥苯甲酸未檢出苯甲酸0.37二氧化硫未檢出對羥苯甲酸丁酯未檢出對羥苯甲酸第二丁酯未檢出對羥苯甲酸異丁酯未檢出,108,新北市,120.3320542,23.612853
嘉義大埔筍干,新北市中和區店家,新北市中和區連城路258號8樓,合格,去水醋酸未檢出己二烯酸未檢出苯甲酸未檢出對羥苯甲酸第二丁酯未檢出對羥苯甲酸異丁酯未檢出對羥苯甲酸異丙酯未檢出對羥苯甲酸甲酯未檢出對羥苯甲酸乙酯未檢出對羥苯甲酸丙酯未檢出二氧化硫未檢出對羥苯甲酸丁酯未檢出水楊酸未檢出對羥苯甲酸未檢出,108,新北市,121.4869174,24.9965494
原味榨菜,新北市八里區店家,新北市八里區龍米路2段62號,合格,己二烯酸未檢出對羥苯甲酸丁酯未檢出水楊酸未檢出對羥苯甲酸異丁酯未檢出對羥苯甲酸未檢出去水醋酸未檢出對羥苯甲酸甲酯未檢出對羥苯甲酸乙酯未檢出對羥苯甲酸異丙酯未檢出對羥苯甲酸丙酯未檢出苯甲酸0.34二氧化硫未檢出對羥苯甲酸第二丁酯未檢出,108,新北市,121.4482936,25.1412588
紅薑,新北市中和區店家,新北市中和區建康路52號,合格,對羥苯甲酸丙酯未檢出二氧化硫未檢出對羥苯甲酸異丁酯未檢出己二烯酸未檢出對羥苯甲酸第二丁酯未檢出苯甲酸0.45對羥苯甲酸甲酯未檢出對羥苯甲酸丁酯未檢出水楊酸未檢出對羥苯甲酸未檢出對羥苯甲酸異丙酯未檢出去水醋酸未檢出對羥苯甲酸乙酯未檢出,108,新北市,121.4870301,24.9999339
公館福菜,苗栗縣公館鄉店家,苗栗縣公館鄉館東村大同路266號,合格,己二烯酸未檢出苯甲酸未檢出對羥苯甲酸第二丁酯未檢出對羥苯甲酸異丁酯未檢出對羥苯甲酸未檢出對羥苯甲酸丁酯未檢出水楊酸未檢出去水醋酸未檢出對羥苯甲酸異丙酯未檢出對羥苯甲酸乙酯未檢出對羥苯甲酸丙酯未檢出二氧化硫未檢出對羥苯甲酸甲酯未檢出,108,新北市,120.8272511,24.5053511
0-405湯盤紫茄,台南市安南區店家,台南市安南區開安六街30號,合格,溶出試驗-高錳酸鉀消耗量(水；95℃，30分鐘)1.93溶出試驗-著色劑(4%醋酸；95℃，30分鐘)未檢出溶出試驗-重金屬(比色法)(95℃，30分鐘)<1材質試驗-鎘含量(ppm)溶出試驗-甲醛(水；95℃，30分鐘)未檢出溶出試驗-蒸發殘渣(4%醋酸；95℃，30分鐘)6.160材質試驗-鉛含量(ppm)溶出試驗-酚(水；95℃，30分鐘)未檢出溶出試驗-三聚氰胺(4%醋酸；95℃，30分鐘)未檢出溶出試驗-塑化劑鄰苯二甲酸二丁酯(DBP)(正庚烷；25℃，1小時)未檢出溶出試驗-塑化劑鄰苯二甲酸二(2-乙基己基)酯(DEHP)(正庚烷；25℃，1小時)未檢出溶出試驗-塑化劑鄰苯二甲酸丁基苯甲酯(BBP)(正庚烷；25℃，1小時)未檢出溶出試驗-塑化劑鄰苯二甲酸二異壬酯(DINP)(正庚烷；25℃，1小時)未檢出溶出試驗-塑化劑鄰苯二甲酸二異癸酯(DIDP)(正庚烷；25℃，1小時)未檢出溶出試驗-塑化劑己二酸二(2-乙基己基)酯(DEHA)(正庚烷；25℃，1小時)未檢出,109,新北市,120.2266214,23.0498146
0-3302長方盤紫茄,台南市安南區店家,台南市安南區開安六街30號,合格,溶出試驗-高錳酸鉀消耗量(水；95℃，30分鐘)0.15溶出試驗-著色劑(4%醋酸；95℃，30分鐘)未檢出溶出試驗-重金屬(比色法)(95℃，30分鐘)<1材質試驗-鎘含量(ppm)未檢出溶出試驗-甲醛(水；95℃，30分鐘)未檢出溶出試驗-蒸發殘渣(4%醋酸；95℃，30分鐘)6.070材質試驗-鉛含量(ppm)未檢出溶出試驗-酚(水；95℃，30分鐘)未檢出溶出試驗-三聚氰胺(4%醋酸；95℃，30分鐘)未檢出溶出試驗-塑化劑鄰苯二甲酸二丁酯(DBP)(正庚烷；25℃，1小時)未檢出溶出試驗-塑化劑鄰苯二甲酸二(2-乙基己基)酯(DEHP)(正庚烷；25℃，1小時)未檢出溶出試驗-塑化劑鄰苯二甲酸丁基苯甲酯(BBP)(正庚烷；25℃，1小時)未檢出溶出試驗-塑化劑鄰苯二甲酸二異壬酯(DINP)(正庚烷；25℃，1小時)未檢出溶出試驗-塑化劑鄰苯二甲酸二異癸酯(DIDP)(正庚烷；25℃，1小時)未檢出溶出試驗-塑化劑己二酸二(2-乙基己基)酯(DEHA)(正庚烷；25℃，1小時)未檢出,109,新北市,120.2266214,23.0498146
103/2030碟時尚紅,台南市新化區店家,台南市新化區竹子腳101-30號,合格,溶出試驗-高錳酸鉀消耗量(水；95℃，30分鐘)4.94溶出試驗-著色劑(4%醋酸；95℃，30分鐘)未檢出溶出試驗-重金屬(比色法)(95℃，30分鐘)<1材質試驗-鎘含量(ppm)溶出試驗-甲醛(水；95℃，30分鐘)未檢出溶出試驗-蒸發殘渣(4%醋酸；95℃，30分鐘)7.540材質試驗-鉛含量(ppm)溶出試驗-酚(水；95℃，30分鐘)未檢出溶出試驗-三聚氰胺(4%醋酸；95℃，30分鐘)1.0溶出試驗-塑化劑鄰苯二甲酸二丁酯(DBP)(正庚烷；25℃，1小時)未檢出溶出試驗-塑化劑鄰苯二甲酸二(2-乙基己基)酯(DEHP)(正庚烷；25℃，1小時)未檢出溶出試驗-塑化劑鄰苯二甲酸丁基苯甲酯(BBP)(正庚烷；25℃，1小時)未檢出溶出試驗-塑化劑鄰苯二甲酸二異壬酯(DINP)(正庚烷；25℃，1小時)未檢出溶出試驗-塑化劑鄰苯二甲酸二異癸酯(DIDP)(正庚烷；25℃，1小時)未檢出溶出試驗-塑化劑己二酸二(2-乙基己基)酯(DEHA)(正庚烷；25℃，1小時)未檢出,109,新北市,120.2910833,23.029555
F109錦鯉兒童匙,高雄市阿蓮區店家,高雄市阿蓮區民生路310號,合格,溶出試驗-高錳酸鉀消耗量(水；95℃，30分鐘)1.65溶出試驗-著色劑(4%醋酸；95℃，30分鐘)未檢出溶出試驗-重金屬(比色法)(95℃，30分鐘)<1材質試驗-鎘含量(ppm)溶出試驗-甲醛(水；95℃，30分鐘)未檢出溶出試驗-蒸發殘渣(4%醋酸；95℃，30分鐘)7.320材質試驗-鉛含量(ppm)溶出試驗-酚(水；95℃，30分鐘)未檢出溶出試驗-三聚氰胺(4%醋酸；95℃，30分鐘)0.5溶出試驗-塑化劑鄰苯二甲酸二丁酯(DBP)(正庚烷；25℃，1小時)未檢出溶出試驗-塑化劑鄰苯二甲酸二(2-乙基己基)酯(DEHP)(正庚烷；25℃，1小時)未檢出溶出試驗-塑化劑鄰苯二甲酸丁基苯甲酯(BBP)(正庚烷；25℃，1小時)未檢出溶出試驗-塑化劑鄰苯二甲酸二異壬酯(DINP)(正庚烷；25℃，1小時)未檢出溶出試驗-塑化劑鄰苯二甲酸二異癸酯(DIDP)(正庚烷；25℃，1小時)未檢出溶出試驗-塑化劑己二酸二(2-乙基己基)酯(DEHA)(正庚烷；25℃，1小時)未檢出,109,新北市,120.3230953,22.8891484
Y101湯匙,台南市南區店家,台南市南區新嘉南路28號,合格,溶出試驗-高錳酸鉀消耗量(水；95℃，30分鐘)5.11溶出試驗-著色劑(4%醋酸；95℃，30分鐘)未檢出溶出試驗-重金屬(比色法)(95℃，30分鐘)<1材質試驗-鎘含量(ppm)溶出試驗-甲醛(水；95℃，30分鐘)未檢出溶出試驗-蒸發殘渣(4%醋酸；95℃，30分鐘)28.230材質試驗-鉛含量(ppm)溶出試驗-酚(水；95℃，30分鐘)未檢出溶出試驗-三聚氰胺(4%醋酸；95℃，30分鐘)0.8溶出試驗-塑化劑鄰苯二甲酸二丁酯(DBP)(正庚烷；25℃，1小時)未檢出溶出試驗-塑化劑鄰苯二甲酸二(2-乙基己基)酯(DEHP)(正庚烷；25℃，1小時)未檢出溶出試驗-塑化劑鄰苯二甲酸丁基苯甲酯(BBP)(正庚烷；25℃，1小時)未檢出溶出試驗-塑化劑鄰苯二甲酸二異壬酯(DINP)(正庚烷；25℃，1小時)未檢出溶出試驗-塑化劑鄰苯二甲酸二異癸酯(DIDP)(正庚烷；25℃，1小時)未檢出溶出試驗-塑化劑己二酸二(2-乙基己基)酯(DEHA)(正庚烷；25℃，1小時)未檢出,109,新北市,120.1877943,22.9563522
703反口碗,台南市佳里區店家,台南市佳里區六安里117-29號,合格,溶出試驗-高錳酸鉀消耗量(水；95℃，30分鐘)3.24溶出試驗-著色劑(4%醋酸；95℃，30分鐘)未檢出溶出試驗-重金屬(比色法)(95℃，30分鐘)<1材質試驗-鎘含量(ppm)未檢出溶出試驗-甲醛(水；95℃，30分鐘)未檢出溶出試驗-蒸發殘渣(4%醋酸；95℃，30分鐘)5.470材質試驗-鉛含量(ppm)未檢出溶出試驗-酚(水；95℃，30分鐘)未檢出溶出試驗-三聚氰胺(4%醋酸；95℃，30分鐘)未檢出溶出試驗-塑化劑鄰苯二甲酸二丁酯(DBP)(正庚烷；25℃，1小時)未檢出溶出試驗-塑化劑鄰苯二甲酸二(2-乙基己基)酯(DEHP)(正庚烷；25℃，1小時)未檢出溶出試驗-塑化劑鄰苯二甲酸丁基苯甲酯(BBP)(正庚烷；25℃，1小時)未檢出溶出試驗-塑化劑鄰苯二甲酸二異壬酯(DINP)(正庚烷；25℃，1小時)未檢出溶出試驗-塑化劑鄰苯二甲酸二異癸酯(DIDP)(正庚烷；25℃，1小時)未檢出溶出試驗-塑化劑己二酸二(2-乙基己基)酯(DEHA)(正庚烷；25℃，1小時)未檢出,109,新北市,120.1791357,23.1703108
美耐皿餐具,台南市南區店家,台南市南區開安六街30號,合格,溶出試驗-高錳酸鉀消耗量(水；95℃，30分鐘)5.00溶出試驗-著色劑(4%醋酸；95℃，30分鐘)未檢出溶出試驗-重金屬(比色法)(95℃，30分鐘)<1材質試驗-鎘含量(ppm)未檢出溶出試驗-甲醛(水；95℃，30分鐘)未檢出溶出試驗-蒸發殘渣(4%醋酸；95℃，30分鐘)7.740材質試驗-鉛含量(ppm)未檢出溶出試驗-酚(水；95℃，30分鐘)未檢出溶出試驗-三聚氰胺(4%醋酸；95℃，30分鐘)2.3溶出試驗-塑化劑鄰苯二甲酸二丁酯(DBP)(正庚烷；25℃，1小時)未檢出溶出試驗-塑化劑鄰苯二甲酸二(2-乙基己基)酯(DEHP)(正庚烷；25℃，1小時)未檢出溶出試驗-塑化劑鄰苯二甲酸丁基苯甲酯(BBP)(正庚烷；25℃，1小時)未檢出溶出試驗-塑化劑鄰苯二甲酸二異壬酯(DINP)(正庚烷；25℃，1小時)未檢出溶出試驗-塑化劑鄰苯二甲酸二異癸酯(DIDP)(正庚烷；25℃，1小時)未檢出溶出試驗-塑化劑己二酸二(2-乙基己基)酯(DEHA)(正庚烷；25℃，1小時)未檢出,109,新北市,120.2266214,23.0498146
ME-709三格盤神偷奶爸系列產品,台南市東區店家,台南市東區林森路1段91號,合格,溶出試驗-高錳酸鉀消耗量(水；95℃，30分鐘)0.43溶出試驗-著色劑(4%醋酸；95℃，30分鐘)未檢出溶出試驗-重金屬(比色法)(95℃，30分鐘)<1材質試驗-鎘含量(ppm)未檢出溶出試驗-甲醛(水；95℃，30分鐘)未檢出溶出試驗-蒸發殘渣(4%醋酸；95℃，30分鐘)6.100材質試驗-鉛含量(ppm)未檢出溶出試驗-酚(水；95℃，30分鐘)未檢出溶出試驗-三聚氰胺(4%醋酸；95℃，30分鐘)未檢出溶出試驗-塑化劑鄰苯二甲酸二丁酯(DBP)(正庚烷；25℃，1小時)未檢出溶出試驗-塑化劑鄰苯二甲酸二(2-乙基己基)酯(DEHP)(正庚烷；25℃，1小時)未檢出溶出試驗-塑化劑鄰苯二甲酸丁基苯甲酯(BBP)(正庚烷；25℃，1小時)未檢出溶出試驗-塑化劑鄰苯二甲酸二異壬酯(DINP)(正庚烷；25℃，1小時)未檢出溶出試驗-塑化劑鄰苯二甲酸二異癸酯(DIDP)(正庚烷；25℃，1小時)未檢出溶出試驗-塑化劑己二酸二(2-乙基己基)酯(DEHA)(正庚烷；25℃，1小時)未檢出,109,新北市,120.2238391,22.9888334
009-圓形果盤意祥22.8*2.4,台南市新營區店家,台南市新營區政安路21號,合格,溶出試驗-高錳酸鉀消耗量(水；95℃，30分鐘)4.46溶出試驗-著色劑(4%醋酸；95℃，30分鐘)未檢出溶出試驗-重金屬(比色法)(95℃，30分鐘)<1材質試驗-鎘含量(ppm)未檢出溶出試驗-甲醛(水；95℃，30分鐘)未檢出溶出試驗-蒸發殘渣(4%醋酸；95℃，30分鐘)2.310材質試驗-鉛含量(ppm)未檢出溶出試驗-酚(水；95℃，30分鐘)未檢出溶出試驗-三聚氰胺(4%醋酸；95℃，30分鐘)0.9溶出試驗-塑化劑鄰苯二甲酸二丁酯(DBP)(正庚烷；25℃，1小時)未檢出溶出試驗-塑化劑鄰苯二甲酸二(2-乙基己基)酯(DEHP)(正庚烷；25℃，1小時)未檢出溶出試驗-塑化劑鄰苯二甲酸丁基苯甲酯(BBP)(正庚烷；25℃，1小時)未檢出溶出試驗-塑化劑鄰苯二甲酸二異壬酯(DINP)(正庚烷；25℃，1小時)未檢出溶出試驗-塑化劑鄰苯二甲酸二異癸酯(DIDP)(正庚烷；25℃，1小時)未檢出溶出試驗-塑化劑己二酸二(2-乙基己基)酯(DEHA)(正庚烷；25℃，1小時)未檢出,109,新北市,120.2168524,23.0420498
AHK1-03紅黑-反口小湯碗,彰化縣秀水鄉店家,彰化縣秀水鄉和平巷29號,合格,溶出試驗-高錳酸鉀消耗量(水；95℃，30分鐘)0.66溶出試驗-著色劑(4%醋酸；95℃，30分鐘)未檢出溶出試驗-重金屬(比色法)(95℃，30分鐘)<1材質試驗-鎘含量(ppm)溶出試驗-甲醛(水；95℃，30分鐘)未檢出溶出試驗-蒸發殘渣(4%醋酸；95℃，30分鐘)8.430材質試驗-鉛含量(ppm)溶出試驗-酚(水；95℃，30分鐘)未檢出溶出試驗-三聚氰胺(4%醋酸；95℃，30分鐘)0.5溶出試驗-塑化劑鄰苯二甲酸二丁酯(DBP)(正庚烷；25℃，1小時)未檢出溶出試驗-塑化劑鄰苯二甲酸二(2-乙基己基)酯(DEHP)(正庚烷；25℃，1小時)未檢出溶出試驗-塑化劑鄰苯二甲酸丁基苯甲酯(BBP)(正庚烷；25℃，1小時)未檢出溶出試驗-塑化劑鄰苯二甲酸二異壬酯(DINP)(正庚烷；25℃，1小時)未檢出溶出試驗-塑化劑鄰苯二甲酸二異癸酯(DIDP)(正庚烷；25℃，1小時)未檢出溶出試驗-塑化劑己二酸二(2-乙基己基)酯(DEHA)(正庚烷；25℃，1小時)未檢出,109,新北市,120.4993029,24.075279
得意人生歐寶鈣加強錠食品,臺北市松山區店家,臺北市松山區南京東路五段296號9F-1,合格,鄰苯二甲酸二(2-乙基己基)酯(DEHP)未檢出鄰苯二甲酸丁基苯酯(BBP)未檢出鄰苯二甲酸二丁酯(DBP)未檢出鄰苯二甲酸二辛酯(DNOP)未檢出鄰苯二甲酸二異癸酯(DIDP)未檢出鄰苯二甲酸二異壬酯(DINP)未檢出鄰苯二甲酸二甲酯(DMP)未檢出鄰苯二甲酸二乙酯(DEP)未檢出鄰苯二甲酸二異丁酯(DIBP)未檢出,109,新北市,121.5673706,25.0510562
立國液態檸檬酸鈣軟膠囊,彰化縣彰化市店家,彰化縣彰化市建國路127號1-3F,合格,鄰苯二甲酸二(2-乙基己基)酯(DEHP)0.27鄰苯二甲酸丁基苯酯(BBP)未檢出鄰苯二甲酸二丁酯(DBP)0.26鄰苯二甲酸二辛酯(DNOP)未檢出鄰苯二甲酸二異癸酯(DIDP)未檢出鄰苯二甲酸二異壬酯(DINP)未檢出鄰苯二甲酸二甲酯(DMP)未檢出鄰苯二甲酸二乙酯(DEP)未檢出鄰苯二甲酸二異丁酯(DIBP)未檢出,109,新北市,120.5490608,24.0952035
高單位液態鈣600plusD3軟膠囊LIQUIDCALCIUM,台中市北區店家,台中市北區文心路4段182號11樓-3,合格,鄰苯二甲酸二(2-乙基己基)酯(DEHP)未檢出鄰苯二甲酸丁基苯酯(BBP)未檢出鄰苯二甲酸二丁酯(DBP)未檢出鄰苯二甲酸二辛酯(DNOP)未檢出鄰苯二甲酸二異癸酯(DIDP)未檢出鄰苯二甲酸二異壬酯(DINP)未檢出鄰苯二甲酸二甲酯(DMP)未檢出鄰苯二甲酸二乙酯(DEP)未檢出鄰苯二甲酸二異丁酯(DIBP)未檢出,109,新北市,120.6747082,24.1735519
Nature' sCare豐納康深海魚油Omega3,臺北市松山區店家,臺北市松山區南京東路2段8號10樓,合格,鄰苯二甲酸二(2-乙基己基)酯(DEHP)0.11鄰苯二甲酸丁基苯酯(BBP)未檢出鄰苯二甲酸二丁酯(DBP)0.55鄰苯二甲酸二辛酯(DNOP)未檢出鄰苯二甲酸二異癸酯(DIDP)未檢出鄰苯二甲酸二異壬酯(DINP)未檢出鄰苯二甲酸二甲酯(DMP)未檢出鄰苯二甲酸二乙酯(DEP)未檢出鄰苯二甲酸二異丁酯(DIBP)未檢出,109,新北市,121.5582063,25.0513163
銀寶善存50+女性綜合維他命,新北市淡水區店家,新北市淡水區中正東路2段177號,合格,鄰苯二甲酸二(2-乙基己基)酯(DEHP)未檢出鄰苯二甲酸丁基苯酯(BBP)未檢出鄰苯二甲酸二丁酯(DBP)未檢出鄰苯二甲酸二辛酯(DNOP)未檢出鄰苯二甲酸二異癸酯(DIDP)未檢出鄰苯二甲酸二異壬酯(DINP)未檢出鄰苯二甲酸二甲酯(DMP)未檢出鄰苯二甲酸二乙酯(DEP)未檢出鄰苯二甲酸二異丁酯(DIBP)未檢出,109,新北市,121.4458912,25.1678474
萊萃美男性綜合維生素加鋅錠,臺北市松山區店家,臺北市松山區東興路8號7樓,合格,鄰苯二甲酸二(2-乙基己基)酯(DEHP)未檢出鄰苯二甲酸丁基苯酯(BBP)未檢出鄰苯二甲酸二丁酯(DBP)未檢出鄰苯二甲酸二辛酯(DNOP)未檢出鄰苯二甲酸二異癸酯(DIDP)未檢出鄰苯二甲酸二異壬酯(DINP)未檢出鄰苯二甲酸二甲酯(DMP)未檢出鄰苯二甲酸二乙酯(DEP)未檢出鄰苯二甲酸二異丁酯(DIBP)未檢出,109,新北市,121.5648409,25.0502151
三多綜合維他命膜衣錠,臺北市松山區店家,臺北市松山區四維路208巷3-1號1樓,合格,鄰苯二甲酸二(2-乙基己基)酯(DEHP)0.09鄰苯二甲酸丁基苯酯(BBP)未檢出鄰苯二甲酸二丁酯(DBP)未檢出鄰苯二甲酸二辛酯(DNOP)未檢出鄰苯二甲酸二異癸酯(DIDP)未檢出鄰苯二甲酸二異壬酯(DINP)未檢出鄰苯二甲酸二甲酯(DMP)未檢出鄰苯二甲酸二乙酯(DEP)未檢出鄰苯二甲酸二異丁酯(DIBP)未檢出,109,新北市,121.5476263,25.026622
喜顏錠500毫克(抗壞血酸),新北市中和區店家,新北市中和區782號6樓,合格,鄰苯二甲酸二(2-乙基己基)酯(DEHP)未檢出鄰苯二甲酸丁基苯酯(BBP)未檢出鄰苯二甲酸二丁酯(DBP)未檢出鄰苯二甲酸二辛酯(DNOP)未檢出鄰苯二甲酸二異癸酯(DIDP)未檢出鄰苯二甲酸二異壬酯(DINP)未檢出鄰苯二甲酸二甲酯(DMP)未檢出鄰苯二甲酸二乙酯(DEP)未檢出鄰苯二甲酸二異丁酯(DIBP)未檢出,109,新北市,121.499448,25.0048318
維維樂液補鈣軟膠囊,臺北市中山區店家,臺北市中山區南京東路3段68號12樓,合格,鄰苯二甲酸二(2-乙基己基)酯(DEHP)0.11鄰苯二甲酸丁基苯酯(BBP)未檢出鄰苯二甲酸二丁酯(DBP)未檢出鄰苯二甲酸二辛酯(DNOP)未檢出鄰苯二甲酸二異癸酯(DIDP)未檢出鄰苯二甲酸二異壬酯(DINP)未檢出鄰苯二甲酸二甲酯(DMP)未檢出鄰苯二甲酸二乙酯(DEP)未檢出鄰苯二甲酸二異丁酯(DIBP)未檢出,109,新北市,121.5281453,25.0523713
VV鹼性離子水,高雄市仁武區店家,高雄市仁武區竹後里竹工三巷33-7號,合格,汞銅鎘鋅砷鉛,108,新北市,120.3319181,22.7133659
悅氏Light鹼性水,宜蘭縣頭城鎮店家,宜蘭縣頭城鎮吉祥路93號,合格,銅鎘砷汞鋅鉛,108,新北市,121.814505,24.861
悅氏礦泉水,宜蘭縣頭城鎮店家,宜蘭縣頭城鎮吉祥路236巷1號,合格,鋅汞銅鎘砷鉛,108,新北市,121.814445,24.861942
舒跑天然水(包裝飲用水),南投縣埔里鎮店家,南投縣埔里鎮水頭里水頭路37-3號,合格,砷鉛銅鎘汞鋅,108,新北市,120.9717397,23.9467815
泰山純水(包裝飲用水),泰山,宜蘭縣頭城鎮復興路37巷29號,合格,鉛汞鋅銅砷鎘,108,新北市,121.814411,24.86386
"FUJI Water,斐濟天然深層礦泉水",臺北市南港區店家,臺北市南港區忠孝東路6段21號6樓之5,合格,鋅鉛銅鎘砷汞,108,新北市,121.5217777,25.0443856
深命力鹼性元素海洋深層水,花蓮縣花蓮市店家,花蓮縣花蓮市華東15號,合格,汞鎘鋅鉛砷銅,108,新北市,121.633701,24.004855
波爾天然水(包裝飲用水),宜蘭縣員山鄉店家,宜蘭縣員山鄉員山路2段326號,合格,砷鉛汞鋅銅鎘,108,新北市,121.6911055,24.7136119
微鹼性竹炭離子水,台中市沙鹿區店家,台中市沙鹿區興安路81號1樓,合格,鉛汞銅鎘砷鋅,108,新北市,120.5494418,24.228405
頂好牌竹炭水(包裝飲用水),臺北市士林區店家,臺北市士林區華齡街175號2樓,合格,汞砷銅鎘鉛鋅,108,新北市,121.5192471,25.0871324
窯烤檸檬雞翅,新北市三重區店家,新北市三重區正義北路115號,合格,大腸桿菌陰性大腸桿菌群陰性,108,新北市,121.4969903,25.0658306
綠咖哩椰汁雞,新北市蘆洲區店家,新北市蘆洲區長榮路693號,合格,大腸桿菌陰性大腸桿菌群陰性,108,新北市,121.4605922,25.0927549
蘑菇義大利麵(義麵),新北市蘆洲區店家,新北市蘆洲區光榮路8號,合格,大腸桿菌陰性大腸桿菌群陰性,108,新北市,121.4598876,25.0881694
肉醬貝殼麵,新北市三重區店家,新北市三重區三信路182號,合格,大腸桿菌陰性大腸桿菌群陰性,108,新北市,121.4880427,25.0863758
梅花豬火鍋,梅花,新北市三重區大仁街17號,合格,大腸桿菌陰性大腸桿菌群陰性,108,新北市,121.4918345,25.0642916
帕瑪森雞肉野菇燉飯,新北市板橋區店家,新北市板橋區中山路1段152號4樓,合格,大腸桿菌陰性大腸桿菌群陰性,108,新北市,121.412267,24.9607949
豆腐餅,新北市石碇區店家,新北市石碇區番子坑17號,合格,大腸桿菌群3.6大腸桿菌陰性,108,新北市,121.675508,25.010981
酥炸南瓜條,新北市石碇區店家,新北市石碇區番子坑17號,合格,大腸桿菌陰性大腸桿菌群7.4,108,新北市,121.675508,25.010981
奶油雞肉麵,奶油,新北市永和區得和路10號1樓,合格,大腸桿菌陰性大腸桿菌群陰性,108,新北市,121.5150044,25.0004769
炸物(小雞塊),新北市永和區店家,新北市永和區中山路1段324號,合格,大腸桿菌陰性大腸桿菌群陰性,108,新北市,121.5061052,25.0057564
蜂蜜起司PIZZA,新北市蘆洲區店家,新北市蘆洲區長榮路211巷1號,合格,大腸桿菌陰性大腸桿菌群陰性,108,新北市,121.46079,25.084936
揚出豆腐,新北市新莊區店家,新北市新莊區中正路59號1樓,合格,大腸桿菌群3.6大腸桿菌陰性,108,新北市,121.426479,24.9998325
炸雞塊,新北市新莊區店家,新北市新莊區中正路59號1樓,合格,大腸桿菌陰性大腸桿菌群陰性,108,新北市,121.426479,24.9998325
波隆那肉醬義大利麵,新北市淡水區店家,新北市淡水區義山路2段301號,合格,大腸桿菌群陰性大腸桿菌陰性,108,新北市,121.4386346,25.1984954
愛吃火腿玉米蛋炒飯,新北市淡水區店家,新北市淡水區義山路2段301號,合格,大腸桿菌陰性大腸桿菌群43,108,新北市,121.4386346,25.1984954
洋蔥圈,新北市八里區店家,新北市八里區博物館路202巷46號,合格,大腸桿菌陰性大腸桿菌群陰性,108,新北市,121.406279,25.1611286
炒鮮蔬,新北市林口區店家,新北市林口區文化三路1段358之2號,合格,大腸桿菌陰性大腸桿菌群陰性,108,新北市,121.3616761,25.0621469
德式香腸紅醬義大利麵,新北市深坑區店家,新北市深坑區阿柔洋39之2號,合格,大腸桿菌群陰性大腸桿菌陰性,108,新北市,121.607145,24.998691
麥克雞塊,新北市八里區店家,新北市八里區荖阡坑路34之5號1樓,合格,大腸桿菌陰性大腸桿菌群陰性,108,新北市,121.4045109,25.1302176
燙青菜,新北市林口區店家,新北市林口區惠民街2號,合格,大腸桿菌陰性大腸桿菌群陰性,108,新北市,121.3569552,25.0666004
經典白酒蛤蠣細扁麵,經典,新北市樹林區學成路736號1樓,合格,大腸桿菌陰性大腸桿菌群陰性,108,新北市,121.3831642,24.9461965
經典波隆那肉醬燉飯,經典,新北市樹林區學成路736號1樓,合格,大腸桿菌陰性大腸桿菌群陰性,108,新北市,121.3831642,24.9461965
吻仔魚蛋粥,新北市淡水區店家,新北市淡水區文化路63號,合格,大腸桿菌陰性大腸桿菌群陰性,108,新北市,121.4388578,25.1718822
泰式椒麻雞,泰式,新北市板橋區南雅東路45號,合格,大腸桿菌群陰性大腸桿菌陰性,108,新北市,121.4536617,25.0069076
炸物拼盤,新北市中和區店家,新北市中和區安平路55號,合格,大腸桿菌陰性大腸桿菌群陰性,108,新北市,121.509496,24.9953437
洗選蛋-D,臺北市松山區店家,臺北市松山區八德路4段111號7F,合格,鉛未檢出銅0.8 mg/kg,108,新北市,121.5614273,25.0487217
鯛魚片,新北市中和區店家,新北市中和區中正路800號10樓之5,合格,鉛未檢出甲基汞未檢出無機砷未檢出鎘未檢出,108,新北市,121.4852068,25.001537
冷凍台灣鯛魚切片,嘉義縣義竹鄉店家,嘉義縣義竹鄉義工三路3號,合格,鉛未檢出甲基汞未檢出無機砷未檢出鎘未檢出,108,新北市,120.2194368,23.3596462
一番鮮蛋(白殼洗選雞蛋),新北市蘆洲區店家,新北市蘆洲區仁愛街118巷13-7號,合格,銅0.7 mg/kg鉛未檢出,108,新北市,121.4690055,25.095567
御品皮蛋,桃園市觀音區店家,桃園市觀音區中山路1段388巷51號,合格,銅3.7 mg/kg鉛未檢出,108,新北市,121.0819975,25.0369964
原味香鐵蛋(雞蛋),雲林縣西螺鎮店家,雲林縣西螺鎮中正路47號,合格,銅0.8 mg/kg鉛未檢出,108,新北市,120.4640597,23.7988739
土鳳梨酥,高雄市仁武區店家,高雄市仁武區仁雄路86-28號,合格,去水醋酸丙酸己二烯酸苯甲酸,未知,新北市,120.3450758,22.6771765
芒果酥,芒果,桃園市龍潭區龍平路1171巷26號,合格,苯甲酸己二烯酸去水醋酸丙酸,未知,新北市,121.2404374,24.8842671
珍珠奶茶酥,珍珠,南投縣南投市自強三路3號,合格,丙酸去水醋酸己二烯酸苯甲酸,未知,新北市,120.6689377,23.9214982
法國麵包,法國,彰化縣北斗鎮重慶里武英巷16號,合格,去水醋酸丙酸己二烯酸苯甲酸,未知,新北市,120.5232048,23.8708753
漢氏囍餅,新北市樹林區店家,新北市樹林區中正路815號,合格,去水醋酸丙酸己二烯酸苯甲酸,未知,新北市,121.4093212,25.0168803
鳳梨酥,鳳梨酥,新北市土城區中山路21號,合格,己二烯酸苯甲酸去水醋酸丙酸,未知,新北市,121.4180729,24.9628783
脆皮核桃,新北市汐止區店家,新北市汐止區新台五路1段99號B1樓,合格,苯甲酸己二烯酸去水醋酸丙酸,未知,新北市,121.6397184,25.0616059
鮮奶核桃,新北市汐止區店家,新北市汐止區新台五路1段99號B1樓,合格,己二烯酸苯甲酸去水醋酸丙酸,未知,新北市,121.6397184,25.0616059
vv鳳梨酥,高雄市大社區店家,高雄市大社區中正路570號,合格,去水醋酸丙酸己二烯酸苯甲酸,未知,新北市,120.3520048,22.7493367
鳳梨酥(奶素),鳳梨酥,桃園市楊梅區電研路190巷268號,合格,去水醋酸丙酸己二烯酸苯甲酸,未知,新北市,121.1732571,24.9498355
鳳梨酥(奶素),鳳梨酥,桃園市楊梅區電研路190巷268號,合格,去水醋酸丙酸己二烯酸苯甲酸,未知,新北市,121.1732571,24.9498355
新東陽鳳梨酥,桃園市大園區店家,桃園市大園區大工路11號,合格,去水醋酸丙酸己二烯酸苯甲酸,未知,新北市,121.1800215,25.0662437
奧利奧巧心蛋糕,臺北市內湖區店家,臺北市內湖區洲子街107號6樓,合格,苯甲酸己二烯酸去水醋酸丙酸,未知,新北市,121.5695849,25.0809076
LOTTE巧克力派(12顆裝),臺北市松山區店家,臺北市松山區南京東路4段16號6樓A2,合格,去水醋酸丙酸己二烯酸苯甲酸,未知,新北市,121.550072,25.051152
太陽餅(4入),台中市太平區店家,台中市太平區永平路2段476巷66弄19號,合格,去水醋酸丙酸苯甲酸己二烯酸,未知,新北市,120.7097753,24.1313622
奶油酥餅(4入),奶油,台中市太平區永平路2段476巷66弄19號,合格,己二烯酸苯甲酸丙酸去水醋酸,未知,新北市,120.7097753,24.1313622
土鳳梨一口酥,屏東縣屏東市店家,屏東縣屏東市瑞光路2段42號,合格,丙酸去水醋酸己二烯酸苯甲酸,未知,新北市,120.5107367,22.6727396
小鳳梨酥,台南市安南區店家,台南市安南區和順工業區開安街35號,合格,苯甲酸去水醋酸丙酸己二烯酸,未知,新北市,120.2196838,23.0461926
乳酪酥(起司酥),新北市新莊區店家,新北市新莊區五權一路3號1樓,合格,去水醋酸丙酸己二烯酸苯甲酸,未知,新北市,121.456792,25.065889
新東陽鳳梨酥,桃園市大園區店家,桃園市大園區大公路11號,合格,去水醋酸丙酸己二烯酸苯甲酸,未知,新北市,121.193945,25.0492632
台鳳牌鳳梨酥,新北市新莊區店家,新北市新莊區新北大道3段5號15樓之3,合格,己二烯酸苯甲酸去水醋酸丙酸,未知,新北市,121.4582051,25.0601955
野川經典蛋黃派,宜蘭縣冬山鄉店家,宜蘭縣冬山鄉廣興路680巷190號,合格,去水醋酸丙酸己二烯酸苯甲酸,未知,新北市,121.7310947,24.6636092
鳳梨酥,鳳梨酥,南投縣南投市自強三路3號,合格,去水醋酸苯甲酸己二烯酸丙酸,未知,新北市,120.6689377,23.9214982
WE SWEET卡士達奶油銅鑼燒,台南市永康區店家,台南市永康區中正二街181號,合格,己二烯酸去水醋酸丙酸苯甲酸,未知,新北市,120.2332883,23.0296977
鳳梨酥(老曾祖),鳳梨酥,花蓮縣新城鄉嘉里村嘉里路116之1號,合格,去水醋酸苯甲酸丙酸己二烯酸,未知,新北市,121.6093777,24.0202243
鳳梨酥(竹葉屋),鳳梨酥,桃園市平鎮區工業二路2號,合格,丙酸苯甲酸己二烯酸去水醋酸,未知,新北市,121.2031151,24.9002518
7入裝原味太陽餅(蛋素),台南市新營區店家,台南市新營區民權路4段275號,合格,苯甲酸己二烯酸丙酸去水醋酸,未知,新北市,120.1786509,22.9988705
蘋果麵包,蘋果,雲林縣西螺鎮福田里社口68-41號,合格,己二烯酸丙酸去水醋酸苯甲酸,未知,新北市,120.4293571,23.791188
花生麵包,花生,新北市瑞芳區明燈路3段60號1樓,合格,苯甲酸丙酸去水醋酸己二烯酸,未知,新北市,121.8068532,25.1080536
WE SWEET老鷹紅豆銅鑼燒,台南市永康區店家,台南市永康區中正二街181號,合格,己二烯酸苯甲酸丙酸去水醋酸,未知,新北市,120.2332883,23.0296977
紅蘿蔔,臺北市士林區店家,臺北市士林區前港街100巷1-1號5樓,合格,二硫代胺基甲酸鹽類未檢出農藥多重殘留分析(373項)未檢出,107,新北市,121.519094,25.0848986
芋頭,芋頭,臺北市士林區前港街100巷1-1號5樓,合格,二硫代胺基甲酸鹽類未檢出達滅芬(Dimethomorph)0.03農藥多重殘留分析(373項)檢出細項,107,新北市,121.519094,25.0848986
金桔,宜蘭縣宜蘭市店家,宜蘭縣宜蘭市文昌路167號,合格,二硫代胺基甲酸鹽類0.97益達胺(Imidacloprid)0.02賽洛寧(λ-Cyhalothrin)0.13農藥多重殘留分析(373項)檢出細項芬化利(Fenvalerate)1.98愛殺松(Ethion)0.22,107,新北市,121.7469135,24.7580018
省產芋頭,新北市板橋區店家,新北市板橋區大觀路1段28巷124號,合格,農藥多重殘留分析(373項)檢出細項二硫代胺基甲酸鹽類未檢出達滅芬(Dimethomorph)0.02,107,新北市,121.4460568,25.0012676
紅蘿蔔,台中市后里區店家,台中市后里區民生路268號,合格,農藥多重殘留分析(373項)未檢出二硫代胺基甲酸鹽類未檢出,107,新北市,120.7124197,24.3068675
真情香芋(生鮮芋角),台中市大甲區店家,台中市大甲區東西五路一段2號,合格,二硫代胺基甲酸鹽類未檢出農藥多重殘留分析(373項)未檢出,107,新北市,120.6394696,24.3724722
有機青江菜,彰化縣永靖鄉店家,彰化縣永靖鄉東寧村溪洲路856號,合格,二硫代胺基甲酸鹽類未檢出農藥多重殘留分析(373項)未檢出,107,新北市,120.5638863,23.9174733
有機紅蘿蔔,彰化縣福興鄉店家,彰化縣福興鄉福寶村新生路5號,合格,二硫代胺基甲酸鹽類未檢出農藥多重殘留分析(373項)未檢出,107,新北市,120.412666,24.0403586
舞菇,屏東縣屏東市店家,屏東縣屏東市長治鄉德和村研發一路1號,合格,二硫代胺基甲酸鹽類未檢出農藥多重殘留分析(373項)未檢出,107,新北市,120.5378407,22.714553
豌豆,彰化縣芳苑鄉店家,彰化縣芳苑鄉斗苑路芳苑段195號,合格,三泰隆(Triadimenol)0.18二硫代胺基甲酸鹽類未檢出農藥多重殘留分析(373項)檢出細項百滅寧(Permethrin)0.28,107,新北市,120.3206414,23.9235611
有機金棗,桃園縣中壢市店家,桃園縣中壢市定寧路15號1樓,合格,農藥多重殘留分析(373項)未檢出二硫代胺基甲酸鹽類未檢出,107,新北市,121.2449633,24.9934065
芋頭,芋頭,新北市樹林區大安路502號3樓,合格,農藥多重殘留分析(373項)未檢出二硫代胺基甲酸鹽類未檢出,107,新北市,121.4139599,24.9865001
有機青江菜,雲林縣西螺鎮店家,雲林縣西螺鎮新安里市場南路393號,合格,農藥多重殘留分析(373項)未檢出二硫代胺基甲酸鹽類未檢出,107,新北市,120.4412922,23.7802362
豌豆,臺北市萬華區店家,臺北市萬華區萬大路533號,合格,農藥多重殘留分析(373項)未檢出二硫代胺基甲酸鹽類未檢出,107,新北市,121.4984156,25.0185059
白蘿蔔,白蘿,新北市三重區車路頭街92號1樓,合格,二硫代胺基甲酸鹽類未檢出農藥多重殘留分析(373項)檢出細項歐殺滅(Oxamyl)0.03,107,新北市,121.4842469,25.0744592
非基改黃豆(NON-GMO SOYBEANS),臺北市萬華區店家,臺北市萬華區和平西路3段49號,合格,農藥多重殘留分析(373項)未檢出二硫代胺基甲酸鹽類未檢出,107,新北市,121.5027558,25.0353539
豌豆,臺北市萬華區店家,臺北市萬華區萬大路533號,合格,益達胺(Imidacloprid)0.77二硫代胺基甲酸鹽類未檢出賽普洛(Cyprodinil)0.02亞滅培(Acetamiprid)0.69農藥多重殘留分析(373項)檢出細項派滅淨(Pymetrozine)0.04,107,新北市,121.4984156,25.0185059
豌豆,臺北市萬華區店家,臺北市萬華區...,合格,二硫代胺基甲酸鹽類未檢出農藥多重殘留分析(373項)未檢出,107,新北市,121.4970294,25.0262857
黃秋葵,臺北市萬華區店家,臺北市萬華區萬大路533號,合格,農藥多重殘留分析(373項)檢出細項亞滅培(Acetamiprid)0.02二硫代胺基甲酸鹽類未檢出,107,新北市,121.4984156,25.0185059
芋-真情香芋,雲林縣褒忠鄉店家,雲林縣褒忠鄉中民村三民路316-10號,合格,二硫代胺基甲酸鹽類未檢出農藥多重殘留分析(373項)未檢出,107,新北市,120.3161858,23.6998572
白蘿蔔,白蘿,新北市中和區圓通路137號4樓-3,不合格,二硫代胺基甲酸鹽類未檢出農藥多重殘留分析(373項)檢出細項亞滅培(Acetamiprid)0.03賽速安(Thiamethoxam)0.09農藥多重殘留分析(373項)0.03賽洛寧(λ-Cyhalothrin)0.03,107,新北市,121.4990412,24.9957453
有機青江菜,臺北市大安區店家,臺北市大安區文昌街106號1樓,合格,二硫代胺基甲酸鹽類未檢出農藥多重殘留分析(380項)未檢,109,新北市,121.551838,25.0326611
美國甜橙,桃園市大園區店家,桃園市大園區大觀路269-5號,合格,二硫代胺基甲酸鹽類未檢出依滅列(Imazalil)1.28腐絕(Thiabendazole)0.71農藥多重殘留分析(380項)檢出細項,109,新北市,121.1891428,25.0657408
有機轉型期小芥,桃園市平鎮店家,桃園市平鎮區新富里環南路2段271號17樓之1,合格,農藥多重殘留分析(380項)未檢出二硫代胺基甲酸鹽類未檢出,109,新北市,121.215539,24.9405356
有機甜菜心,新竹縣新埔鎮店家,新竹縣新埔鎮鹿鳴里5鄰,合格,農藥多重殘留分析(380項)未檢出二硫代胺基甲酸鹽類未檢出,109,新北市,121.1395358,24.8517039
智利空運櫻桃,智利,新北市汐止區湖前街110巷97弄24號,合格,農藥多重殘留分析(380項)檢出細項依滅列(Imazalil)0.03護汰寧(Fludioxonil)0.78二硫代胺基甲酸鹽類未檢出亞滅培(Acetamiprid)0.02腐絕(Thiabendazole)0.03派美尼(Pyrimethanil)1.17,109,新北市,121.6325656,25.0761918
智利空運櫻桃,智利,新北市汐止區湖前街110巷97弄24號地下1層之6,合格,二硫代胺基甲酸鹽類未檢出派美尼(Pyrimethanil)1.53亞滅培(Acetamiprid)0.25護汰寧(Fludioxonil)0.80農藥多重殘留分析(380項)檢出細項,109,新北市,121.6325656,25.0761918
提拉米蘇捲,提拉,桃園縣蘆竹鄉蘆竹街195號,合格,去水醋酸未檢出金黃色葡萄球菌陰性苯甲酸未檢出大腸桿菌陰性大腸桿菌群陰性沙門氏桿菌陰性己二烯酸未檢出,107,新北市,121.2742164,25.052154
提拉米蘇,提拉,新北市新莊區福壽街76號1樓,合格,沙門氏桿菌陰性去水醋酸未檢出大腸桿菌陰性大腸桿菌群陰性己二烯酸未檢出苯甲酸未檢出金黃色葡萄球菌陰性,107,新北市,121.4583917,25.0495303
提拉米蘇蛋糕,提拉,新北市板橋區中山路2段146號,合格,大腸桿菌陰性大腸桿菌群3.6金黃色葡萄球菌陰性己二烯酸未檢出苯甲酸未檢出去水醋酸未檢出沙門氏桿菌陰性,107,新北市,121.4766435,25.016952
提拉米蘇,提拉,新北市永和區得和路320號,合格,大腸桿菌陰性大腸桿菌群陰性金黃色葡萄球菌陰性己二烯酸未檢出苯甲酸未檢出沙門氏桿菌陰性去水醋酸未檢出,107,新北市,121.523047,24.99947
雪白田園,桃園縣桃園市店家,桃園縣桃園市復興路49之1號1樓,合格,去水醋酸未檢出沙門氏桿菌陰性己二烯酸未檢出大腸桿菌陰性大腸桿菌群陰性苯甲酸未檢出金黃色葡萄球菌陰性,107,新北市,121.3165522,24.9908214
櫻花慕斯,桃園縣大溪鎮店家,桃園縣大溪鎮松樹21-8號,合格,去水醋酸未檢出金黃色葡萄球菌陰性沙門氏桿菌陰性己二烯酸未檢出苯甲酸未檢出大腸桿菌陰性大腸桿菌群陰性,107,新北市,121.2969674,24.8658422
經典提拉米蘇,經典,新北市新莊區五權三路12巷3號,合格,金黃色葡萄球菌陰性大腸桿菌群陰性沙門氏桿菌陰性去水醋酸未檢出己二烯酸未檢出苯甲酸未檢出大腸桿菌陰性,107,新北市,121.4522734,25.0630614
提拉米蘇,提拉,新北市板橋區國光路189號,合格,己二烯酸未檢出苯甲酸未檢出去水醋酸未檢出金黃色葡萄球菌陰性大腸桿菌陰性大腸桿菌群陰性沙門氏桿菌陰性,107,新北市,121.4611696,25.0185355
抹之物語,新北市汐止區店家,新北市汐止區環河街166號,合格,去水醋酸未檢出大腸桿菌群9.2沙門氏桿菌陰性己二烯酸未檢出苯甲酸未檢出金黃色葡萄球菌陰性大腸桿菌陰性,107,新北市,121.6282538,25.0574835
提拉米蘇,提拉,新北市淡水區北新路184巷142弄23號,合格,己二烯酸未檢出去水醋酸未檢出金黃色葡萄球菌陰性大腸桿菌陰性大腸桿菌群陰性沙門氏桿菌陰性苯甲酸未檢出,107,新北市,121.4508943,25.1769708
芒果乳酪慕斯,芒果,新北市汐止區中興路141號,合格,去水醋酸未檢出金黃色葡萄球菌陰性大腸桿菌群23己二烯酸未檢出苯甲酸未檢出大腸桿菌陰性沙門氏桿菌陰性,107,新北市,121.6314779,25.0656193
提拉米蘇,提拉,新北市板橋區四川路2段245巷42號,合格,己二烯酸未檢出大腸桿菌陰性大腸桿菌群9.2苯甲酸未檢出金黃色葡萄球菌陰性去水醋酸未檢出沙門氏桿菌陰性,107,新北市,121.4517156,24.9925972
提拉蜜斯,提拉,新北市汐止區汐萬路1段238號,合格,大腸桿菌陰性去水醋酸未檢出沙門氏桿菌陰性金黃色葡萄球菌陰性己二烯酸未檢出苯甲酸未檢出大腸桿菌群陰性,107,新北市,121.6560533,25.0672085
提拉米蘇,提拉,新北市淡水區清水街20號,合格,金黃色葡萄球菌陰性去水醋酸未檢出大腸桿菌群23大腸桿菌陰性沙門氏桿菌陰性己二烯酸未檢出苯甲酸未檢出,107,新北市,121.4451326,25.1704524
巧克力慕思,新北市淡水區店家,新北市淡水區清水街20號,合格,去水醋酸未檢出己二烯酸未檢出沙門氏桿菌陰性大腸桿菌群15金黃色葡萄球菌陰性大腸桿菌陰性苯甲酸未檢出,107,新北市,121.4451326,25.1704524
草莓慕思,草莓,新北市中和區連城路285號,合格,去水醋酸未檢出大腸桿菌陰性沙門氏桿菌陰性大腸桿菌群陰性苯甲酸未檢出金黃色葡萄球菌陰性己二烯酸未檢出,107,新北市,121.4903134,24.9961653
提拉米蘇蛋糕,提拉,新北市中和區中山路2段347號,合格,去水醋酸未檢出金黃色葡萄球菌陰性苯甲酸未檢出大腸桿菌群15沙門氏桿菌陰性大腸桿菌陰性己二烯酸未檢出,107,新北市,121.4924664,25.0025603
草莓慕絲,草莓,新北市土城區裕民路52之1號,合格,己二烯酸未檢出苯甲酸未檢出大腸桿菌陰性大腸桿菌群陰性沙門氏桿菌陰性去水醋酸未檢出金黃色葡萄球菌陰性,107,新北市,121.4483902,24.9880684
莓果提拉,新北市五股區店家,新北市五股區五工六路53之2號2樓,合格,金黃色葡萄球菌陰性去水醋酸未檢出大腸桿菌陰性大腸桿菌群陰性己二烯酸未檢出苯甲酸未檢出沙門氏桿菌陰性,107,新北市,121.4462415,25.0676862
幕斯蛋糕,新北市五股區店家,新北市五股區五股區五工二路130號,合格,金黃色葡萄球菌陰性去水醋酸未檢出大腸桿菌陰性大腸桿菌群陰性己二烯酸未檢出苯甲酸未檢出沙門氏桿菌陰性,107,新北市,121.4546441,25.0709236
大西瓜切片,新北市中和區店家,新北市中和區安平路109號1樓,合格,環己基(代)磺醯胺酸(cyclamate)未檢出甘精(dulcin)未檢出糖精(Saccharin)未檢出醋磺內酯鉀(Acesulfamepotassium)未檢出大腸桿菌陰性大腸桿菌群陰性,108,新北市,121.5113742,24.9976831
鳳梨(削皮),鳳梨,新北市中和區安平路109號1樓,合格,大腸桿菌陰性大腸桿菌群陰性糖精(Saccharin)未檢出醋磺內酯鉀(Acesulfamepotassium)未檢出環己基(代)磺醯胺酸(cyclamate)未檢出甘精(dulcin)未檢出,108,新北市,121.5113742,24.9976831
鳳梨(削皮),鳳梨,新北市板橋區中正路330之1號1樓,合格,糖精(Saccharin)未檢出大腸桿菌陰性大腸桿菌群陰性醋磺內酯鉀(Acesulfamepotassium)未檢出環己基(代)磺醯胺酸(cyclamate)未檢出甘精(dulcin)未檢出,108,新北市,121.4544254,25.0219028
西瓜(切片),西瓜,新北市板橋區中正路330之1號1樓,合格,醋磺內酯鉀(Acesulfamepotassium)未檢出糖精(Saccharin)未檢出環己基(代)磺醯胺酸(cyclamate)未檢出甘精(dulcin)未檢出大腸桿菌陰性大腸桿菌群陰性,108,新北市,121.4544254,25.0219028
截切水果(火龍果),新北市三重區店家,新北市三重區中正北路510號,合格,大腸桿菌陰性糖精(Saccharin)未檢出大腸桿菌群460醋磺內酯鉀(Acesulfamepotassium)未檢出環己基(代)磺醯胺酸(cyclamate)未檢出甘精(dulcin)未檢出,108,新北市,121.472459,25.071445
鳳梨(削皮),鳳梨,新北市新莊區中港路526號1樓,合格,糖精(Saccharin)未檢出大腸桿菌陰性大腸桿菌群陰性環己基(代)磺醯胺酸(cyclamate)未檢出甘精(dulcin)未檢出醋磺內酯鉀(Acesulfamepotassium)未檢出,108,新北市,121.4517054,25.0523153
鳳梨(削皮),鳳梨,新北市樹林區樹德街35號1樓,合格,甘精(dulcin)未檢出糖精(Saccharin)未檢出環己基(代)磺醯胺酸(cyclamate)未檢出醋磺內酯鉀(Acesulfamepotassium)未檢出大腸桿菌群3.6大腸桿菌陰性,108,新北市,121.4216397,24.991683
大西瓜1/6切,新北市樹林區店家,新北市樹林區樹德街35號1樓,合格,糖精(Saccharin)未檢出環己基(代)磺醯胺酸(cyclamate)未檢出甘精(dulcin)未檢出醋磺內酯鉀(Acesulfamepotassium)未檢出大腸桿菌陰性大腸桿菌群陰性,108,新北市,121.4216397,24.991683
金枕頭榴槤VNM(剝肉),臺北市士林區店家,臺北市士林區華齡街175號,合格,大腸桿菌陰性甘精(dulcin)未檢出環己基(代)磺醯胺酸(cyclamate)未檢出醋磺內酯鉀(Acesulfamepotassium)未檢出大腸桿菌群15糖精(Saccharin)未檢出,108,新北市,121.5192471,25.0871324
大熱狗麵包,新北市樹林區店家,新北市樹林區龍興街13巷2號,合格,沙門氏桿菌陰性大腸桿菌陰性大腸桿菌群3.6金黃色葡萄球菌陰性,107,新北市,121.4031306,25.0163438
酥烤蔥花麵包,新北市汐止區店家,新北市汐止區新台五路1段99號B1樓,合格,金黃色葡萄球菌陰性大腸桿菌陰性大腸桿菌群陰性沙門氏桿菌陰性,107,新北市,121.6397184,25.0616059
肉鬆沙拉麵包,肉鬆,新北市汐止區新台五路1段99號B1樓,合格,金黃色葡萄球菌陰性大腸桿菌陰性大腸桿菌群陰性沙門氏桿菌陰性,107,新北市,121.6397184,25.0616059
沙拉肉鬆麵包,新北市三芝區店家,新北市三芝區育英街9號,合格,大腸桿菌陰性沙門氏桿菌陰性大腸桿菌群陰性金黃色葡萄球菌陰性,107,新北市,121.5016091,25.2585586
蛋沙拉麵包,新北市淡水區店家,新北市淡水區民族路8號,合格,大腸桿菌陰性金黃色葡萄球菌150大腸桿菌群23沙門氏桿菌陰性,107,新北市,121.4603749,25.1368746
海苔肉鬆沙拉麵包,海苔,新北市新店區安和路2段141號,合格,大腸桿菌群陰性沙門氏桿菌陰性金黃色葡萄球菌陰性大腸桿菌陰性,107,新北市,121.5192315,24.9734296
馬鈴薯沙拉(麵包),臺北市松山區店家,臺北市松山區復興南路2段308巷5號,合格,沙門氏桿菌陰性大腸桿菌群240金黃色葡萄球菌陰性大腸桿菌陰性,107,新北市,121.542976,25.0236612
玉米燻雞沙拉麵包,玉米,新北市板橋區貴興路101號,合格,大腸桿菌陰性沙門氏桿菌陰性金黃色葡萄球菌陰性大腸桿菌群3.6,107,新北市,121.4569554,25.0017697
培根洋蔥沙拉麵包,新北市板橋區店家,新北市板橋區貴興路101號,合格,沙門氏桿菌陰性金黃色葡萄球菌陰性大腸桿菌陰性大腸桿菌群陰性,107,新北市,121.4569554,25.0017697
肉鬆麵包,肉鬆,新北市板橋區民生路3段83號,合格,金黃色葡萄球菌陰性大腸桿菌陰性大腸桿菌群陰性沙門氏桿菌陰性,107,新北市,121.4667454,25.024426
肉鬆麵包,肉鬆,新北市新莊區新泰路82號,合格,大腸桿菌群75大腸桿菌陰性金黃色葡萄球菌陰性沙門氏桿菌陰性,107,新北市,121.4490587,25.0351582
牛肉堡,牛肉,新北市新莊區中正路283號1樓,合格,沙門氏桿菌陰性大腸桿菌陰性大腸桿菌群陰性金黃色葡萄球菌陰性,107,新北市,121.4203172,25.0053009
鮪魚沙拉麵包,新北市新莊區店家,新北市新莊區中港路23號1樓,合格,大腸桿菌陰性沙門氏桿菌陰性金黃色葡萄球菌陰性大腸桿菌群240,107,新北市,121.4550262,25.0374783
肉鬆沙拉麵包,肉鬆,新北市泰山區明志路2段13號,合格,沙門氏桿菌陰性大腸桿菌群陰性金黃色葡萄球菌陰性大腸桿菌陰性,107,新北市,121.4300859,25.0535559
沙拉麵包,新北市新店區店家,新北市新店區中正路104號,合格,大腸桿菌群23沙門氏桿菌陰性大腸桿菌陰性金黃色葡萄球菌陰性,107,新北市,121.5431935,24.9708194
蛋沙拉麵包,新北市三重區店家,新北市三重區文化北路4之1號,合格,大腸桿菌陰性金黃色葡萄球菌陰性沙門氏桿菌陰性大腸桿菌群93,107,新北市,121.4996785,25.0633302
熱狗沙拉麵包,新北市三重區店家,新北市三重區文化北路4之1號,合格,大腸桿菌陰性沙門氏桿菌陰性大腸桿菌群20金黃色葡萄球菌陰性,107,新北市,121.4996785,25.0633302
馬鈴薯沙拉,新北市中和區店家,新北市中和區中山路3段122號B2樓,合格,沙門氏桿菌陰性大腸桿菌陰性大腸桿菌群240金黃色葡萄球菌陰性,107,新北市,121.4747785,25.0066732
優質肉鬆沙拉(麵包),優質,新北市三重區中正北路193巷45號,合格,大腸桿菌群陰性金黃色葡萄球菌陰性大腸桿菌陰性沙門氏桿菌陰性,107,新北市,121.4763613,25.0715194
三星蔥培根(麵包),新北市三重區店家,新北市三重區中正北路193巷45號,合格,金黃色葡萄球菌陰性大腸桿菌群陰性沙門氏桿菌陰性大腸桿菌陰性,107,新北市,121.4763613,25.0715194
沙拉麵包,新北市土城區店家,新北市土城區中央路2段250號,合格,大腸桿菌陰性沙門氏桿菌陰性大腸桿菌群150金黃色葡萄球菌陰性,107,新北市,121.4417571,24.9748161
雞堡沙拉,新北市土城區店家,新北市土城區中央路2段250號,合格,金黃色葡萄球菌陰性大腸桿菌群23沙門氏桿菌陰性大腸桿菌陰性,107,新北市,121.4417571,24.9748161
沙拉麵包(火腿蛋沙拉),新北市土城區店家,新北市土城區中央路2段278巷10號,合格,沙門氏桿菌陰性大腸桿菌群7.4金黃色葡萄球菌陰性大腸桿菌陰性,107,新北市,121.4400683,24.9750125
酥烤蔥花麵包,新北市板橋區店家,新北市板橋區三民路2段31號b1樓,合格,大腸桿菌陰性大腸桿菌群陰性金黃色葡萄球菌陰性沙門氏桿菌陰性,107,新北市,121.4794499,25.0177483
培根整片,新北市板橋區店家,新北市板橋區三民路2段31號b1樓,合格,沙門氏桿菌陰性大腸桿菌陰性大腸桿菌群陰性金黃色葡萄球菌陰性,107,新北市,121.4794499,25.0177483
蔥花肉脯,新北市三重區店家,新北市三重區集美街111號,合格,金黃色葡萄球菌陰性大腸桿菌陰性大腸桿菌群陰性沙門氏桿菌陰性,107,新北市,121.4895566,25.0526326
肉鬆沙拉麵包,肉鬆,新北市中和區景平路182號B1樓,合格,大腸桿菌陰性大腸桿菌群陰性沙門氏桿菌陰性金黃色葡萄球菌陰性,107,新北市,121.5164033,24.9924085
殺菌蛋黃液,殺菌蛋,台中市大里區慈善路128號,合格,金黃色葡萄球菌陰性沙門氏桿菌陰性,107,新北市,120.6944289,24.0930583
蛋黃液(殺菌),蛋黃,台南市關廟區關新路2段387號,合格,金黃色葡萄球菌陰性沙門氏桿菌陰性,107,新北市,120.3084848,23.0047367
冷藏殺菌液全蛋,新北市新莊區店家,新北市新莊區後港路262號,合格,金黃色葡萄球菌陰性沙門氏桿菌陰性,107,新北市,121.4225859,25.0197604
殺菌蛋黃液,殺菌蛋,嘉義市西區新民路37號,合格,金黃色葡萄球菌陰性沙門氏桿菌陰性,107,新北市,120.4311582,23.452216
殺菌蛋白液,殺菌蛋,嘉義市西區新民路37號,合格,金黃色葡萄球菌陰性沙門氏桿菌陰性,107,新北市,120.4311582,23.452216
殺菌蛋白液,殺菌蛋,嘉義市西區新民路37號,合格,沙門氏桿菌陰性金黃色葡萄球菌陰性,107,新北市,120.4311582,23.452216
殺菌蛋黃液,殺菌蛋,嘉義市西區新民路37號,合格,沙門氏桿菌陰性金黃色葡萄球菌陰性,107,新北市,120.4311582,23.452216
全蛋液,新北市林口區店家,新北市林口區工四路12號,合格,動物用藥多重殘留(48項)未檢出四環黴素類(7項)檢出細項離子型抗球蟲藥(5項)未檢出氯黴素類抗生素(4項)未檢出抗原蟲(7項)未檢出脫氧羥四環黴素,107,新北市,121.4015583,25.0780833
未殺菌液體蛋,未殺,新北市林口區工四路12號,合格,四環黴素類(7項)未檢出離子型抗球蟲藥(5項)未檢出動物用藥多重殘留(48項)未檢出抗原蟲(7項)未檢出氯黴素類抗生素(4項)未檢出,107,新北市,121.4015583,25.0780833
殺菌蛋白,殺菌蛋,台南市永康區蔦松二街3號,合格,沙門氏桿菌陰性金黃色葡萄球菌陰性,107,新北市,120.2532863,23.040778
殺菌蛋白液,殺菌蛋,台南市關廟區關新路2段387號,合格,金黃色葡萄球菌陰性沙門氏桿菌陰性,107,新北市,120.3084848,23.0047367
殺菌蛋黃液,殺菌蛋,台南市關廟區關新路2段387號,合格,沙門氏桿菌陰性金黃色葡萄球菌陰性,107,新北市,120.3084848,23.0047367
冷藏殺菌液全蛋,新北市新莊區店家,新北市新莊區後港一路202號,合格,沙門氏桿菌陰性金黃色葡萄球菌陰性,107,新北市,121.4333484,25.0281705
殺菌全蛋液,殺菌,嘉義市西區新民路37號,合格,沙門氏桿菌陰性金黃色葡萄球菌陰性,107,新北市,120.4311582,23.452216
冷藏殺菌全蛋液,高雄市阿蓮區店家,高雄市阿蓮區和平路206號,合格,沙門氏桿菌陰性金黃色葡萄球菌陰性,107,新北市,120.3329565,22.8843118
殺菌蛋黃液,殺菌蛋,桃園市桃園區興一街100號6樓,合格,金黃色葡萄球菌陰性沙門氏桿菌陰性,107,新北市,121.3155111,25.0144298
殺菌蛋白液,殺菌蛋,嘉義市西區新民路37號,合格,金黃色葡萄球菌陰性沙門氏桿菌陰性,107,新北市,120.4311582,23.452216
高優質魚油軟膠囊,宜蘭縣冬山鄉店家,宜蘭縣冬山鄉中山村中山路84號,合格,鄰苯二甲酸丁基苯酯(BBP)未檢出鄰苯二甲酸二甲酯(DMP)未檢出鄰苯二甲酸二乙酯(DEP)未檢出鄰苯二甲酸二丁酯(DBP)未檢出鄰苯二甲酸二辛酯(DNOP)未檢出鄰苯二甲酸二異壬酯(DINP)未檢出鄰苯二甲酸二異丁酯(DIBP)未檢出鄰苯二甲酸二異癸酯(DIDP)未檢出鄰苯二甲酸二(2-乙基己基)酯(DEHP)0.18,107,新北市,121.7483885,24.6344526
橙心-頂級黑褐藻錠,台中市北屯區店家,台中市北屯區北屯路266號11樓之1,合格,鄰苯二甲酸二(2-乙基己基)酯(DEHP)0.06鄰苯二甲酸二甲酯(DMP)未檢出鄰苯二甲酸二乙酯(DEP)未檢出鄰苯二甲酸二異丁酯(DIBP)未檢出鄰苯二甲酸二丁酯(DBP)未檢出鄰苯二甲酸二辛酯(DNOP)未檢出鄰苯二甲酸二異壬酯(DINP)未檢出鄰苯二甲酸二異癸酯(DIDP)未檢出鄰苯二甲酸丁基苯酯(BBP)未檢出,107,新北市,120.6994253,24.1717278
Beauty-CTablet 唯美C錠(食品),新北市中和區店家,新北市中和區中正路782號6樓,合格,鄰苯二甲酸二(2-乙基己基)酯(DEHP)未檢出鄰苯二甲酸丁基苯酯(BBP)未檢出鄰苯二甲酸二甲酯(DMP)未檢出鄰苯二甲酸二丁酯(DBP)未檢出鄰苯二甲酸二辛酯(DNOP)未檢出鄰苯二甲酸二乙酯(DEP)未檢出鄰苯二甲酸二異丁酯(DIBP)未檢出鄰苯二甲酸二異癸酯(DIDP)未檢出鄰苯二甲酸二異壬酯(DINP)未檢出,107,新北市,121.4853785,25.0006625
挺立鈣強化錠60+28錠2組入,新北市淡水區店家,新北市淡水區中正東路2段177號,合格,鄰苯二甲酸二辛酯(DNOP)未檢出鄰苯二甲酸二丁酯(DBP)未檢出鄰苯二甲酸二(2-乙基己基)酯(DEHP)未檢出鄰苯二甲酸二異癸酯(DIDP)未檢出鄰苯二甲酸丁基苯酯(BBP)未檢出鄰苯二甲酸二甲酯(DMP)未檢出鄰苯二甲酸二乙酯(DEP)未檢出鄰苯二甲酸二異丁酯(DIBP)未檢出鄰苯二甲酸二異壬酯(DINP)未檢出,107,新北市,121.4458912,25.1678474
Move Free 葡萄糖胺錠(食品),臺北市大安區店家,臺北市大安區仁愛路三段136號6樓,合格,鄰苯二甲酸丁基苯酯(BBP)未檢出鄰苯二甲酸二異癸酯(DIDP)未檢出鄰苯二甲酸二(2-乙基己基)酯(DEHP)0.28鄰苯二甲酸二丁酯(DBP)未檢出鄰苯二甲酸二辛酯(DNOP)未檢出鄰苯二甲酸二異壬酯(DINP)未檢出鄰苯二甲酸二異丁酯(DIBP)未檢出鄰苯二甲酸二乙酯(DEP)未檢出鄰苯二甲酸二甲酯(DMP)未檢出,107,新北市,121.5415053,25.0374263
三多 綜合維他命膜衣錠,臺北市大安區店家,臺北市大安區四維路208巷3-1號1樓,合格,鄰苯二甲酸二(2-乙基己基)酯(DEHP)未檢出鄰苯二甲酸丁基苯酯(BBP)未檢出鄰苯二甲酸二異壬酯(DINP)未檢出鄰苯二甲酸二異癸酯(DIDP)未檢出鄰苯二甲酸二丁酯(DBP)未檢出鄰苯二甲酸二辛酯(DNOP)未檢出鄰苯二甲酸二乙酯(DEP)未檢出鄰苯二甲酸二異丁酯(DIBP)未檢出鄰苯二甲酸二甲酯(DMP)未檢出,107,新北市,121.5476263,25.026622
螺旋藻膠囊,高雄市鳳山區店家,高雄市鳳山區中華五路656號,合格,鄰苯二甲酸二丁酯(DBP)未檢出鄰苯二甲酸二辛酯(DNOP)未檢出鄰苯二甲酸二異壬酯(DINP)未檢出鄰苯二甲酸二甲酯(DMP)未檢出鄰苯二甲酸二乙酯(DEP)未檢出鄰苯二甲酸二異丁酯(DIBP)未檢出鄰苯二甲酸丁基苯酯(BBP)未檢出鄰苯二甲酸二(2-乙基己基)酯(DEHP)未檢出,107,新北市,120.3493158,22.6113591
亞麻仁油膠囊食品,高雄市鳳山區店家,高雄市鳳山區中華五路656號,合格,鄰苯二甲酸二丁酯(DBP)未檢出鄰苯二甲酸二甲酯(DMP)未檢出鄰苯二甲酸二乙酯(DEP)未檢出鄰苯二甲酸二異丁酯(DIBP)未檢出鄰苯二甲酸二(2-乙基己基)酯(DEHP)未檢出鄰苯二甲酸丁基苯酯(BBP)0.08鄰苯二甲酸二辛酯(DNOP)未檢出鄰苯二甲酸二異壬酯(DINP)未檢出鄰苯二甲酸二異癸酯(DIDP)未檢出,107,新北市,120.3493158,22.6113591
活沛多鈣+維他命D口嚅錠,新竹縣湖口鄉店家,新竹縣湖口鄉光復北路19號,合格,鄰苯二甲酸二異癸酯(DIDP)未檢出鄰苯二甲酸二丁酯(DBP)未檢出鄰苯二甲酸二辛酯(DNOP)未檢出鄰苯二甲酸二異壬酯(DINP)未檢出鄰苯二甲酸二甲酯(DMP)未檢出鄰苯二甲酸二乙酯(DEP)未檢出鄰苯二甲酸二(2-乙基己基)酯(DEHP)未檢出鄰苯二甲酸二異丁酯(DIBP)未檢出鄰苯二甲酸丁基苯酯(BBP)未檢出,107,新北市,121.0354302,24.8749468
加仕沛-綜合維他命PX PLUS錠,臺北市中山區店家,臺北市中山區民權東路3段181號12樓,合格,鄰苯二甲酸二甲酯(DMP)未檢出鄰苯二甲酸二乙酯(DEP)未檢出鄰苯二甲酸二異丁酯(DIBP)未檢出鄰苯二甲酸二(2-乙基己基)酯(DEHP)0.26鄰苯二甲酸二異癸酯(DIDP)未檢出鄰苯二甲酸二辛酯(DNOP)未檢出鄰苯二甲酸二異壬酯(DINP)未檢出鄰苯二甲酸二丁酯(DBP)0.45鄰苯二甲酸丁基苯酯(BBP)未檢出,107,新北市,121.5408718,25.0624386
豬五花肉條(帶皮),新北市五股區店家,新北市五股區五工六路35號,合格,Clenbuterol未檢出四環黴素類(7項)未檢出動物用藥多重殘留(48項)未檢出Ractopamine未檢出Salbutamol未檢出Cimaterol未檢出Tulobuterol未檢出Terbutaline未檢出氯黴素類抗生素(4項)未檢出Zilpaterol未檢出,107,新北市,121.4475269,25.0642062
活菌豬五花肉條,新北市樹林區店家,新北市樹林區工興街8號,合格,Cimaterol未檢出Tulobuterol未檢出動物用藥多重殘留(48項)未檢出Clenbuterol未檢出Ractopamine未檢出Salbutamol未檢出Zilpaterol未檢出四環黴素類(7項)未檢出Terbutaline未檢出氯黴素類抗生素(4項)未檢出,107,新北市,121.3995741,25.0136546
豬梅花火鍋薄切肉片冷藏肉,新北市五股區店家,新北市五股區五工六路35號,合格,Cimaterol未檢出Tulobuterol未檢出Clenbuterol未檢出Salbutamol未檢出動物用藥多重殘留(48項)未檢出四環黴素類(7項)未檢出Terbutaline未檢出Zilpaterol未檢出Ractopamine未檢出氯黴素類抗生素(4項)未檢出,107,新北市,121.4475269,25.0642062
DK梅花肉-進口豬,臺北市內湖區店家,臺北市內湖區民善街76號,合格,Cimaterol未檢出Tulobuterol未檢出Terbutaline未檢出Ractopamine未檢出氯黴素類抗生素(4項)未檢出Zilpaterol未檢出Clenbuterol未檢出Salbutamol未檢出四環黴素類(7項)未檢出動物用藥多重殘留(48項)未檢出,107,新北市,121.5754413,25.0594699
梅花肉片,梅花,台南市東區生產路68號,合格,Clenbuterol未檢出Salbutamol未檢出動物用藥多重殘留(48項)未檢出Zilpaterol未檢出四環黴素類(7項)未檢出Terbutaline未檢出Ractopamine未檢出氯黴素類抗生素(4項)未檢出Cimaterol未檢出Tulobuterol未檢出,107,新北市,120.2216471,22.9636366
豬肉(龍骨),豬肉,台南市東區生產路68號,合格,Zilpaterol未檢出Clenbuterol未檢出四環黴素類(7項)未檢出動物用藥多重殘留(48項)未檢出Salbutamol未檢出Terbutaline未檢出Ractopamine未檢出氯黴素類抗生素(4項)未檢出Cimaterol未檢出Tulobuterol未檢出,107,新北市,120.2216471,22.9636366
里肌肉片(包),新北市樹林區店家,新北市樹林區俊安街43號,合格,Ractopamine未檢出氯黴素類抗生素(4項)未檢出Zilpaterol未檢出四環黴素類(7項)未檢出動物用藥多重殘留(48項)未檢出Clenbuterol未檢出Terbutaline未檢出Tulobuterol未檢出Cimaterol未檢出Salbutamol未檢出,107,新北市,121.4215545,25.0127449
美廉社豬肉火鍋片,新北市三重區店家,新北市三重區中正北路428巷9號,合格,Salbutamol未檢出Tulobuterol未檢出Zilpaterol未檢出四環黴素類(7項)未檢出動物用藥多重殘留(48項)未檢出Clenbuterol未檢出Terbutaline未檢出Cimaterol未檢出Ractopamine未檢出氯黴素類抗生素(4項)未檢出,107,新北市,121.4744399,25.070494
五花肉薄片,台中市霧峰區店家,台中市霧峰區峰東路268號,合格,Clenbuterol未檢出Salbutamol未檢出動物用藥多重殘留(48項)未檢出Zilpaterol未檢出四環黴素類(7項)未檢出Terbutaline未檢出Ractopamine未檢出氯黴素類抗生素(4項)未檢出Cimaterol未檢出Tulobuterol未檢出,107,新北市,120.6722739,24.0316468
黑毛豬梅花烤肉片,新北市中和區店家,新北市中和區中山路2段342號,合格,Tulobuterol未檢出Ractopamine未檢出氯黴素類抗生素(4項)未檢出Clenbuterol未檢出動物用藥多重殘留(48項)未檢出Zilpaterol未檢出Terbutaline未檢出Cimaterol未檢出Salbutamol未檢出四環黴素類(7項)未檢出,107,新北市,121.4936399,25.0023382
茄子-履歷茄子,彰化縣二林鎮店家,彰化縣二林鎮華崙里6鄰光復路35號,合格,農藥多重殘留分析(380項)檢出細項亞托敏(Azoxystrobin)0.12加保扶(Carbofuran)0.03二硫代胺基甲酸鹽類未檢出,109,新北市,120.4476047,23.944482
子彈蓮霧,臺北市中山區店家,臺北市中山區民族東路336號,合格,農藥多重殘留分析(380項)檢出細項克凡派(Chlorfenapyr)0.03撲滅寧(Procymidone)0.02二硫代胺基甲酸鹽類未檢出,109,新北市,121.5373211,25.067861
格藍芽,雲林縣二崙鄉店家,雲林縣二崙鄉龍結路15之10號P99733-844(供應代碼),合格,農藥多重殘留分析(380項)檢出細項二硫代胺基甲酸鹽類0.17百克敏(Pyraclostrobin)0.04得芬諾(Tebufenozide)0.58,109,新北市,120.380742,23.775694
小芥菜,雲林縣西螺鎮店家,雲林縣西螺鎮新安里市場南路261號,合格,農藥多重殘留分析(380項)檢出細項達滅芬(Dimethomorph)0.42畢芬寧(Bifenthrin)0.053-羥基加保扶(3-OHCarbofuran)0.03待克利(Difenoconazole)0.05克凡派(Chlorfenapyr)0.12加保扶(Carbofuran)0.03亞滅培(Acetamiprid)0.17二硫代胺基甲酸鹽類未檢出納乃得(Methomyl)0.05毆殺滅(Oxamyl)0.09佈飛松(Profenophos)0.11速殺氟(Sulfoxaflor)0.09,109,新北市,120.4512465,23.7817861
芥藍菜,雲林縣西螺鎮店家,雲林縣西螺鎮新安里市場南路261號,合格,達滅芬(Dimethomorph)0.07毆殺滅(Oxamyl)0.29克凡派(Chlorfenapyr)0.05亞滅培(Acetamiprid)0.22氟比來(Fluopicolide)0.17得芬諾(Tebufenozide)0.43施得圃(Pendimethalin)0.02農藥多重殘留分析(380項)檢出細項佈飛松(Profenophos)0.39,109,新北市,120.4512465,23.7817861
茄子,屏東縣鹽埔鄉店家,屏東縣鹽埔鄉鹽埔辦事處T00666-951(供應代號),合格,農藥多重殘留分析(380項)未檢出二硫代胺基甲酸鹽類未檢出,109,新北市,120.5727296,22.7551475
茄子,高雄市美濃區店家,高雄市美濃區蔬菜產銷班第24班0932-971-238,合格,農藥多重殘留分析(380項)未檢出二硫代胺基甲酸鹽類未檢出,109,新北市,120.5509358,22.885385
小芥菜,桃園市大園區店家,桃園市大園區大觀路269-5號,合格,祿芬隆(Lufenuron)0.17二硫代胺基甲酸鹽類0.47達滅芬(Dimethomorph)0.10普拔克(Propamocarbhydrochloride)0.05賽速安(Thiamethoxam)0.20賽洛寧(λ-Cyhalothrin)0.47農藥多重殘留分析(380項)檢出細項亞滅培(Acetamiprid)0.06可尼丁(Clothianidin)0.06撲滅寧,109,新北市,121.1891428,25.0657408
紅鳳菜,新北市板橋區店家,新北市板橋區國慶路149巷28號,合格,農藥多重殘留分析(380項)未檢出二硫代胺基甲酸鹽類未檢出,109,新北市,121.4611576,24.9976609
有機轉型期-茄子,桃園市大溪區店家,桃園市大溪區康莊路5段246號,合格,二硫代胺基甲酸鹽類未檢出農藥多重殘留分析(380項)未檢出,109,新北市,121.2566308,24.8222725
小芥菜-有機,桃園市觀音區店家,桃園市觀音區坑尾里11鄰坑尾二路805巷78號,合格,農藥多重殘留分析(380項)未檢出二硫代胺基甲酸鹽類未檢出,109,新北市,121.0880788,25.0244992
芥藍,雲林縣西螺鎮店家,雲林縣西螺鎮新豐里264號,合格,農藥多重殘留分析(380項)檢出細項賽座滅(Cyazofamid)0.02脫芬瑞(Tolfenpyrad)0.05賓克隆(Pencycuron)0.02達滅芬(Dimethomorph)0.03二硫代胺基甲酸鹽類未檢出,109,新北市,120.4458448,23.7825382
蓮霧,屏東縣東港鎮店家,屏東縣東港鎮下?里1-1,合格,二硫代胺基甲酸鹽類未檢出達特南(Dinotefuran)0.02亞滅培(Acetamiprid)0.06達滅芬(Dimethomorph)0.03益達胺(Imidacloprid)0.04農藥多重殘留分析(380項)檢出細項普拔克(Propamocarbhydrochloride)0.15,109,新北市,120.4703258,22.4628783
有機黃豆芽,台南市麻豆區店家,台南市麻豆區番子寮36-6號,合格,農藥多重殘留分析(380項)未檢出二硫代胺基甲酸鹽類未檢出,109,新北市,120.2233813,23.1680407
檳榔心芋,新北市五股區店家,新北市五股區五工六路35號,合格,達滅芬(Dimethomorph)0.03農藥多重殘留分析(380項)檢出細項二硫代胺基甲酸鹽類未檢出,109,新北市,121.4475269,25.0642062
芥菜,新北市雲林縣二崙鄉店家,新北市雲林縣二崙鄉崙東村中興路118號,不合格,百滅寧(Permethrin)0.02脫芬瑞(Tolfenpyrad)0.17克凡派(Chlorfenapyr)0.40第滅寧(Deltamethrin)1.10待克利(Difenoconazole)3.98馬拉松(Malathion)0.84益斯普(Ethiprole)0.16二硫代胺基甲酸鹽類0.71賽洛寧(λ-Cyhalothrin)0.15益達胺(Imidacloprid)0.12因滅汀(Emamectinbenzoate B1a)0.08氟比來(Fluopicolide)0.04護賽寧(Flucythrinate)0.05達特南(Dinotefuran)3.98農藥多重殘留分析(380,109,新北市,120.4124805,23.7730692
火山烏骨雞切-解凍肉,新北市五股區店家,新北市五股區五工六路35號,合格,氯黴素類抗生素(4項)未檢出動物用藥多重殘留(48項)未檢出雞肉及雞蛋中殘留農藥檢驗方法(1項)殘留農藥(126項) 未檢出/弗雷拉納 未檢出乙型受體素類(β-agonist)(21項)未檢出,109,新北市,121.4475269,25.0642062
雪坊精品優格(160公克),新北市中和區店家,新北市中和區員山路502號7樓之3,合格,沙門氏桿菌陰性金黃色葡萄球菌腸毒素陰性大腸桿菌陰性大腸桿菌群陰性,108,新北市,121.4797808,25.0074491
雪坊6號精品優格,新北市中和區店家,新北市中和區員山路502號7樓之3,合格,大腸桿菌群陰性沙門氏桿菌陰性大腸桿菌陰性金黃色葡萄球菌腸毒素陰性,108,新北市,121.4797808,25.0074491
冷凍台灣鯛魚切片,嘉義縣義竹鄉店家,嘉義縣義竹鄉義工三路3號,合格,一氧化碳,108,新北市,120.2194368,23.3596462
鮭魚肚片,鮭魚,新北市中和區建康路258號,合格,一氧化碳,108,新北市,121.4925892,24.9991802
冷凍旗魚切片,高雄市大寮區店家,高雄市大寮區大發工業區華中路28號,合格,一氧化碳,108,新北市,120.4292262,22.5804929
凍鮭肚片15g,桃園市龜山區店家,桃園市龜山區文化一路45號,合格,一氧化碳,108,新北市,121.3715664,25.0600743
鮭魚切片,鮭魚,新北市中和區建康路258號,合格,一氧化碳,108,新北市,121.4925892,24.9991802
滷蛋,新北市三峽區店家,新北市三峽區光明路12號,合格,大腸桿菌群陰性大腸桿菌陰性,108,新北市,121.3731577,24.9311244
豆干,豆干,新北市三峽區光明路12號,合格,大腸桿菌陰性大腸桿菌群陰性,108,新北市,121.3731577,24.9311244
滷蛋,新北市三峽區店家,新北市三峽區光明路30號1樓,合格,大腸桿菌陰性大腸桿菌群陰性,108,新北市,121.3735889,24.9306536
涼拌脆腸,桃園市楊梅區店家,桃園市楊梅區民豐路754-1號,合格,大腸桿菌陰性大腸桿菌群陰性,108,新北市,121.1060535,24.927797
滷非基改大黑干,新北市中和區店家,新北市中和區中山路2段228號B1樓,合格,大腸桿菌陰性大腸桿菌群陰性,108,新北市,121.4988381,25.0028437
招牌豆干,新北市板橋區店家,新北市板橋區縣民大道2段66號1樓,合格,大腸桿菌陰性大腸桿菌群陰性,108,新北市,121.4630925,25.012243
元廚油雞胸,雲林縣元長鄉店家,雲林縣元長鄉龍岩村143-7號,合格,大腸桿菌陰性大腸桿菌群陰性,108,新北市,120.3161625,23.6255786
茶葉蛋,高雄市路竹區店家,高雄市路竹區中山路268號,合格,大腸桿菌陰性大腸桿菌群陰性,108,新北市,120.2563427,22.8655381
醬滷黑豆干,新北市板橋區店家,新北市板橋區文化路1段360號B1樓之26,合格,大腸桿菌群陰性大腸桿菌陰性,108,新北市,121.4618415,25.0114095
香滷血旺,新北市板橋區店家,新北市板橋區雙十路2段4之4號,合格,大腸桿菌陰性大腸桿菌群陰性,108,新北市,121.4771091,25.0259215
滷花干,新北市瑞芳區店家,新北市瑞芳區明燈路35巷2號,合格,大腸桿菌陰性大腸桿菌群陰性,108,新北市,121.8057904,25.107509
滷豆干,新北市瑞芳區店家,新北市瑞芳區明燈路35巷2號,合格,大腸桿菌群陰性大腸桿菌陰性,108,新北市,121.8057904,25.107509
綜合滷味,綜合,新北市新莊區建國一路33號,合格,大腸桿菌群陰性大腸桿菌陰性,108,新北市,121.4342121,25.0312387
滷豆干,新北市新莊區店家,新北市新莊區建國一路11號,合格,大腸桿菌陰性大腸桿菌群陰性,108,新北市,121.4340518,25.0319144
綜合滷味,綜合,新北市新莊區建國一路22號,合格,大腸桿菌陰性大腸桿菌群陰性,108,新北市,121.4336414,25.0316638
滷豆干,新北市淡水區店家,新北市淡水區坪頂路48號2樓,合格,大腸桿菌陰性大腸桿菌群陰性,108,新北市,121.4579453,25.1623702
元廚油雞腿,雲林縣元長鄉店家,雲林縣元長鄉龍岩村143-7號,合格,大腸桿菌群陰性大腸桿菌陰性,108,新北市,120.3161625,23.6255786
去骨鳳爪,新北市永和區店家,新北市永和區民生路46巷56號B1樓,不合格,大腸桿菌群75大腸桿菌3.6,108,新北市,121.5222569,24.9967203
萬巒豬耳絲,新北市永和區店家,新北市永和區民生路46巷56號B1樓,不合格,大腸桿菌9.2大腸桿菌群93,108,新北市,121.5222569,24.9967203
韓式年糕,韓式,新北市深坑區松柏街47巷18號,合格,甲醛己二烯酸苯甲酸去水醋酸硼酸及其鹽類過氧化氫二氧化硫水楊酸對羥苯甲酸順丁烯二酸與順丁烯二酸酐總量,109,新北市,121.6382375,25.012772
蘿蔔糕(純素),蘿蔔,雲林縣西螺鎮福安街103號,合格,甲醛己二烯酸苯甲酸去水醋酸硼酸及其鹽類過氧化氫二氧化硫水楊酸對羥苯甲酸順丁烯二酸與順丁烯二酸酐總量,109,新北市,120.4614992,23.7949776
Q米粗韓國年糕,新北市泰山區店家,新北市泰山區新北大道6段401號2樓,合格,甲醛己二烯酸苯甲酸去水醋酸硼酸及其鹽類過氧化氫二氧化硫水楊酸對羥苯甲酸順丁烯二酸與順丁烯二酸酐總量,109,新北市,121.421276,25.0320638
港式菜頭粿,港式,桃園市八德區介壽路2段133巷130號,合格,甲醛己二烯酸苯甲酸去水醋酸硼酸及其鹽類過氧化氫二氧化硫水楊酸對羥苯甲酸順丁烯二酸與順丁烯二酸酐總量,109,新北市,121.3001134,24.956758
素食蘿蔔糕,桃園市八德區店家,桃園市八德區介壽路2段133巷130號,合格,甲醛己二烯酸苯甲酸去水醋酸硼酸及其鹽類過氧化氫二氧化硫水楊酸對羥苯甲酸順丁烯二酸與順丁烯二酸酐總量,109,新北市,121.3001134,24.956758
義美菜頭粿,義美,桃園市蘆竹區南工路1段11號,合格,甲醛己二烯酸苯甲酸去水醋酸硼酸及其鹽類過氧化氫二氧化硫水楊酸對羥苯甲酸順丁烯二酸與順丁烯二酸酐總量,109,新北市,121.2727696,25.0543353
港式菜頭粿,港式,彰化縣伸港鄉興工路59號,合格,甲醛己二烯酸苯甲酸去水醋酸硼酸及其鹽類過氧化氫二氧化硫水楊酸對羥苯甲酸順丁烯二酸與順丁烯二酸酐總量,109,新北市,120.5107121,24.1674551
韓式年糕(全素),韓式,桃園市大園區自立一街40號,合格,甲醛己二烯酸苯甲酸去水醋酸硼酸及其鹽類過氧化氫二氧化硫水楊酸對羥苯甲酸順丁烯二酸與順丁烯二酸酐總量,109,新北市,121.1812003,25.0655911
米苔目,高雄市岡山區店家,高雄市岡山區本洲路192號,合格,甲醛己二烯酸苯甲酸去水醋酸硼酸及其鹽類過氧化氫二氧化硫水楊酸對羥苯甲酸順丁烯二酸與順丁烯二酸酐總量,109,新北市,120.2658693,22.8074328
港式蘿蔔糕,港式,嘉義縣朴子市竹村里1-3號,合格,甲醛己二烯酸苯甲酸去水醋酸硼酸及其鹽類過氧化氫二氧化硫水楊酸對羥苯甲酸順丁烯二酸與順丁烯二酸酐總量,109,新北市,120.2483881,23.4402073
光州年糕條,桃園市楊梅區店家,桃園市楊梅區環東路295巷7號1樓,合格,甲醛己二烯酸苯甲酸去水醋酸硼酸及其鹽類過氧化氫二氧化硫水楊酸對羥苯甲酸順丁烯二酸與順丁烯二酸酐總量,109,新北市,121.1572629,24.9074254
寧波年糕,新北市深坑區店家,新北市深坑區松柏街47巷18號,合格,甲醛己二烯酸苯甲酸去水醋酸硼酸及其鹽類過氧化氫二氧化硫水楊酸對羥苯甲酸順丁烯二酸與順丁烯二酸酐總量,109,新北市,121.6382375,25.012772
愛麵族美濃粄條肉燥風味(湯),愛麵族,屏東縣內埔鄉北寧路2段88號,合格,甲醛己二烯酸苯甲酸去水醋酸硼酸及其鹽類過氧化氫二氧化硫水楊酸對羥苯甲酸順丁烯二酸與順丁烯二酸酐總量,109,新北市,120.5684768,22.6299072
什錦珍菇素蘿蔔糕(全素),什錦,新北市汐止區福德一路392巷42弄17號,合格,甲醛己二烯酸苯甲酸去水醋酸硼酸及其鹽類過氧化氫二氧化硫水楊酸對羥苯甲酸順丁烯二酸與順丁烯二酸酐總量,109,新北市,121.627569,25.0627091
港式蘿蔔糕,港式,新北市汐止區福德一路392巷42弄17號,合格,甲醛己二烯酸苯甲酸去水醋酸硼酸及其鹽類過氧化氫二氧化硫水楊酸對羥苯甲酸順丁烯二酸與順丁烯二酸酐總量,109,新北市,121.627569,25.0627091
板條,新北市鶯歌區店家,新北市鶯歌區鶯桃路329號,合格,甲醛己二烯酸苯甲酸去水醋酸硼酸及其鹽類過氧化氫二氧化硫水楊酸對羥苯甲酸順丁烯二酸與順丁烯二酸酐總量,109,新北市,121.3338281,24.9617672
港式蘿蔔糕(肉燥),港式,雲林縣西螺鎮福興路46號,合格,甲醛己二烯酸苯甲酸去水醋酸硼酸及其鹽類過氧化氫二氧化硫水楊酸對羥苯甲酸順丁烯二酸與順丁烯二酸酐總量,109,新北市,120.4609117,23.7948677
港式蘿蔔糕,港式,彰化縣伸港鄉工五路5號,合格,甲醛己二烯酸苯甲酸去水醋酸硼酸及其鹽類過氧化氫二氧化硫水楊酸對羥苯甲酸順丁烯二酸與順丁烯二酸酐總量,109,新北市,120.510982,24.1672155
甜米糕,新北市中和區店家,新北市中和區安樂路2巷30弄63號,合格,甲醛己二烯酸苯甲酸去水醋酸硼酸及其鹽類過氧化氫二氧化硫水楊酸對羥苯甲酸順丁烯二酸與順丁烯二酸酐總量,109,新北市,121.5124871,24.991616
紅龜粿,新北市中和區店家,新北市中和區安樂路2巷30弄63號,合格,甲醛己二烯酸苯甲酸去水醋酸硼酸及其鹽類過氧化氫二氧化硫水楊酸對羥苯甲酸順丁烯二酸與順丁烯二酸酐總量,109,新北市,121.5124871,24.991616
安博格無鹽奶油,臺北市松山區店家,臺北市松山區八德路4段111號7樓,合格,食品微生物衛生標準苯甲酸己二烯酸去水醋酸乳品中李斯特菌金黃色葡萄球菌腸毒素沙門氏桿菌,108,新北市,121.5614234,25.0487086
飛燕加糖全脂煉乳,雲林縣斗六市店家,雲林縣斗六市民享街1號,合格,食品微生物衛生標準乳品中李斯特菌金黃色葡萄球菌腸毒素沙門氏桿菌,108,新北市,120.540501,23.709746
快樂牛切達乾酪切片,臺北市松山區店家,臺北市松山區雙城街43巷31號,合格,食品微生物衛生標準苯甲酸己二烯酸去水醋酸乳品中李斯特菌金黃色葡萄球菌腸毒素沙門氏桿菌,108,新北市,121.5253695,25.0675663
義美無加糖優酪乳,義美,桃園市蘆竹區南工路1段11號,合格,食品微生物衛生標準乳品中李斯特菌金黃色葡萄球菌腸毒素沙門氏桿菌乳酸菌200000000,108,新北市,121.2727696,25.0543353
菲力鮮奶油乳酪,臺北市內湖區店家,臺北市內湖區洲子街107號6樓,合格,食品微生物衛生標準苯甲酸己二烯酸去水醋酸乳品中李斯特菌金黃色葡萄球菌腸毒素沙門氏桿菌,108,新北市,121.5695849,25.0809076
柳營鮮乳,台南市新市店家,台南市新市區永就里中山路180-23號,合格,食品微生物衛生標準乳品中李斯特菌金黃色葡萄球菌腸毒素沙門氏桿菌,108,新北市,120.2972783,23.0718053
光泉鮮乳,光泉,桃園市大園區大觀路1249號,合格,食品微生物衛生標準乳品中李斯特菌金黃色葡萄球菌腸毒素沙門氏桿菌,108,新北市,121.1608685,25.0553403
銀寶淡鹽迷你奶油,臺北市松山區店家,臺北市松山區豐城街43巷31號2樓,合格,食品微生物衛生標準苯甲酸己二烯酸去水醋酸乳品中李斯特菌金黃色葡萄球菌腸毒素沙門氏桿菌,108,新北市,121.5638621,25.0541591
安佳頂級大師專用乳酪絲,安佳,臺北市內湖區瑞光路302號4樓,合格,食品微生物衛生標準苯甲酸己二烯酸去水醋酸乳品中李斯特菌金黃色葡萄球菌腸毒素沙門氏桿菌,108,新北市,121.5742103,25.07651
林鳳營高品質鮮乳(全脂鮮乳),高雄市路竹區店家,高雄市路竹區北嶺里中山南路51號,合格,食品微生物衛生標準乳品中李斯特菌金黃色葡萄球菌腸毒素沙門氏桿菌,108,新北市,120.2669122,22.8269122
安佳無添加鹽奶油,安佳,臺北市內湖區銳公路302號4F,合格,食品微生物衛生標準苯甲酸己二烯酸去水醋酸乳品中李斯特菌金黃色葡萄球菌腸毒素沙門氏桿菌,108,新北市,121.5658739,25.0397197
比薩調理專用乳酪cheese,新北市瑞芳區店家,新北市瑞芳區頂坪路21號,合格,食品微生物衛生標準苯甲酸己二烯酸去水醋酸乳品中李斯特菌金黃色葡萄球菌腸毒素沙門氏桿菌,108,新北市,121.791247,25.0988075
LCA506活菌原味發酵乳,雲林縣斗六市店家,雲林縣斗六市長林路11號,合格,食品微生物衛生標準乳品中李斯特菌金黃色葡萄球菌腸毒素沙門氏桿菌乳酸菌360000000,108,新北市,120.5251434,23.7217019
烏鶖牌煉乳,台中市大甲區店家,台中市大甲區中山路一段912號,合格,食品微生物衛生標準乳品中李斯特菌金黃色葡萄球菌腸毒素沙門氏桿菌,108,新北市,120.62761,24.3504266
農臨鮮乳,雲林縣斗六市店家,雲林縣斗六市榴中里工業路78號,合格,食品微生物衛生標準乳品中李斯特菌金黃色葡萄球菌腸毒素沙門氏桿菌,108,新北市,120.5889867,23.7212184
光泉低脂保久乳,光泉,嘉義縣民雄鄉民雄工業區成功街1號,合格,食品微生物衛生標準乳品中李斯特菌金黃色葡萄球菌腸毒素沙門氏桿菌,108,新北市,120.4504898,23.5205135
巧克力牛乳,嘉義縣民雄鄉店家,嘉義縣民雄鄉民雄工業區成功街1號,合格,食品微生物衛生標準乳品中李斯特菌金黃色葡萄球菌腸毒素沙門氏桿菌,108,新北市,120.4504898,23.5205135
法國鐵塔牌-動物性鮮奶油35.1%,法國,臺北市松山區民權東路3段166號8樓,合格,食品微生物衛生標準苯甲酸己二烯酸去水醋酸乳品中李斯特菌金黃色葡萄球菌腸毒素沙門氏桿菌,108,新北市,121.5410368,25.0627924
總統牌三明治切片乾酪,臺北市北投區店家,臺北市北投區中央北路4段515巷28號3樓,合格,食品微生物衛生標準苯甲酸己二烯酸去水醋酸乳品中李斯特菌金黃色葡萄球菌腸毒素沙門氏桿菌,108,新北市,121.4687162,25.1266853
統一AB原味優酪乳,統一,台南市新市區大營里大營7號,合格,食品微生物衛生標準乳品中李斯特菌金黃色葡萄球菌腸毒素沙門氏桿菌乳酸菌1300000000,108,新北市,120.307701,23.100596
光泉葡萄綜合優酪乳,光泉,嘉義縣民雄鄉工業區成功街1號,合格,食品微生物衛生標準乳品中李斯特菌金黃色葡萄球菌腸毒素沙門氏桿菌乳酸菌590000000,108,新北市,120.4504898,23.5205135
牧之香無調整鮮乳,高雄市鳳山區店家,高雄市鳳山區路竹區東安路36巷1078號,合格,食品微生物衛生標準乳品中李斯特菌金黃色葡萄球菌腸毒素沙門氏桿菌,108,新北市,120.2865162,22.854251
高大鮮乳,高雄市鳳山區店家,高雄市鳳山區建國二路230號,合格,食品微生物衛生標準乳品中李斯特菌金黃色葡萄球菌腸毒素沙門氏桿菌,108,新北市,120.3493158,22.6113591
瑞穗麥芽調味乳,桃園市楊梅區店家,桃園市楊梅區民富路1段301號,合格,食品微生物衛生標準乳品中李斯特菌金黃色葡萄球菌腸毒素沙門氏桿菌,108,新北市,121.0840776,24.9245877
木瓜牛奶,雲林縣斗六市店家,雲林縣斗六市長平里長林路11號,合格,食品微生物衛生標準乳品中李斯特菌金黃色葡萄球菌腸毒素沙門氏桿菌,108,新北市,120.507312,23.6931727
可可牛乳,雲林縣斗六市店家,雲林縣斗六市長平里長林路11號,合格,食品微生物衛生標準乳品中李斯特菌金黃色葡萄球菌腸毒素沙門氏桿菌,108,新北市,120.507312,23.6931727
總統牌動物性鮮奶油,臺北市北投區店家,臺北市北投區中央北路4段512巷28號3樓,合格,食品微生物衛生標準苯甲酸己二烯酸去水醋酸乳品中李斯特菌金黃色葡萄球菌腸毒素沙門氏桿菌,108,新北市,121.4685462,25.1283447
鷹牌煉奶,臺北市內湖區店家,臺北市內湖區瑞光路399號8樓及8樓之1,合格,食品微生物衛生標準乳品中李斯特菌金黃色葡萄球菌腸毒素沙門氏桿菌,108,新北市,121.5725155,25.0777641
乳酪絲,台中市烏日區店家,台中市烏日區中山路1段265巷5號,合格,食品微生物衛生標準苯甲酸己二烯酸去水醋酸乳品中李斯特菌金黃色葡萄球菌腸毒素沙門氏桿菌,108,新北市,120.6004666,24.110793
總統牌無鹽奶油條,臺北市北投區店家,臺北市北投區中央北路4段515巷28號3樓,合格,食品微生物衛生標準苯甲酸己二烯酸去水醋酸乳品中李斯特菌金黃色葡萄球菌腸毒素沙門氏桿菌乳酸菌850000,108,新北市,121.4687162,25.1266853
紐麥福全脂保久乳,臺北市中正區店家,臺北市中正區延平南路85號4樓,合格,食品微生物衛生標準乳品中李斯特菌金黃色葡萄球菌腸毒素沙門氏桿菌,108,新北市,121.5108165,25.0433082
芝司樂高鈣起司,臺北市大安區店家,臺北市大安區敦化南路1段2號11樓,合格,食品微生物衛生標準苯甲酸己二烯酸去水醋酸乳品中李斯特菌金黃色葡萄球菌腸毒素沙門氏桿菌,108,新北市,121.5481508,25.0480051
統一AB無加糖優酪乳,統一,桃園市楊梅區民富路1段301號,合格,食品微生物衛生標準乳品中李斯特菌金黃色葡萄球菌腸毒素沙門氏桿菌乳酸菌820000000,108,新北市,121.0840776,24.9245877
養樂多優質鮮乳,桃園市中壢區店家,桃園市中壢區自強一路4號,合格,食品微生物衛生標準乳品中李斯特菌金黃色葡萄球菌腸毒素沙門氏桿菌,108,新北市,121.2445724,24.9689194
安佳超高溫處理攪用忌廉安佳鮮奶油,安佳,臺北市內湖區瑞光路302號4樓,合格,食品微生物衛生標準苯甲酸己二烯酸去水醋酸乳品中李斯特菌金黃色葡萄球菌腸毒素沙門氏桿菌,108,新北市,121.5742103,25.07651
北海道煉乳,北海,新北市新莊區中央路283號1樓,合格,食品微生物衛生標準乳品中李斯特菌金黃色葡萄球菌腸毒素沙門氏桿菌,108,新北市,121.4525745,25.0586461
英泉全脂牛乳,雲林縣斗六市店家,雲林縣斗六市榴中里工業路78號,合格,食品微生物衛生標準乳品中李斯特菌金黃色葡萄球菌腸毒素沙門氏桿菌,108,新北市,120.5889867,23.7212184
酪農戶限定●萬丹鮮奶黑糖飲,高雄市路竹區店家,高雄市路竹區北嶺里中山南路51號,合格,食品微生物衛生標準乳品中李斯特菌金黃色葡萄球菌腸毒素沙門氏桿菌,108,新北市,120.2669122,22.8269122
自製優格水果沙拉,新北市板橋區店家,新北市板橋區建國街118號,合格,大腸桿菌陰性大腸桿菌群93,108,新北市,121.4610103,25.0175321
燒醬雞厚押餅,新北市板橋區店家,新北市板橋區建國街118號,合格,大腸桿菌群陰性大腸桿菌陰性,108,新北市,121.4610103,25.0175321
奶茶,新北市三重區店家,新北市三重區光復路1段32號,合格,生菌數55沙門氏桿菌陰性大腸桿菌陰性大腸桿菌群陰性,108,新北市,121.463126,25.0848117
波菜起司嫩雞丁義大利麵,新北市新店區店家,新北市新店區德正街22號1樓,合格,大腸桿菌陰性大腸桿菌群陰性,108,新北市,121.5438738,24.9721425
拿坡里肉醬義大利麵,新北市汐止區店家,新北市汐止區大同路1段227號,合格,大腸桿菌陰性大腸桿菌群陰性,108,新北市,121.3789988,24.9293019
豆漿(冰),新北市淡水區店家,新北市淡水區民生路12號,合格,基因改造黃豆(14項)基因改造黃豆成分 未檢出,108,新北市,121.4608639,25.1377608
葉黃素盤蛋,嘉義市西區店家,嘉義市西區新民路37號,合格,氯黴素類抗生素(4項)未檢出可利斯汀可利斯汀(A+B) 未檢出抗原蟲(7項)未檢出卡巴得(3項)卡巴得及其代謝物(3項)未檢出禽畜產品中殘留農藥(123項)未檢出四環黴素類(7項)未檢出動物用藥多重殘留(48項)未檢出離子型抗球蟲藥(5項)未檢出,108,新北市,120.4311582,23.452216
手打牛肉漢堡,手打,新北市板橋區文化路1段316號1樓,合格,大腸桿菌群93大腸桿菌陰性,108,新北市,121.4618415,25.0114095
水煎包,新北市三峽區店家,新北市三峽區大學路1號,合格,大腸桿菌陰性大腸桿菌群陰性,108,新北市,121.3777275,24.9396807
雞蛋,彰化縣芳苑鄉店家,彰化縣芳苑鄉漢賓園段51-68、60地號,合格,四環黴素類(7項)未檢出離子型抗球蟲藥(5項)未檢出動物用藥多重殘留(48項)未檢出卡巴得(3項)卡巴得及其代謝物(3項)未檢出禽畜產品中殘留農藥(123項)未檢出氯黴素類抗生素(4項)未檢出抗原蟲(7項)未檢出可利斯汀可利斯汀(A+B) 未檢出,108,新北市,120.3550808,23.9455949
紅茶,新北市新莊區店家,新北市新莊區中誠街167號,合格,生菌數4400大腸桿菌陰性沙門氏桿菌陰性大腸桿菌群3.6,108,新北市,121.4482532,25.0472209
紅茶,新北市永和區店家,新北市永和區仁愛路125號,合格,大腸桿菌陰性大腸桿菌群陰性沙門氏桿菌陰性生菌數<10,108,新北市,121.511919,25.013005
冰豆漿,新北市三峽區店家,新北市三峽區大學路1號,合格,基因改造黃豆(14項)基因改造黃豆成分 未檢出,108,新北市,121.3777275,24.9396807
胡麻鮮蔬沙拉,新北市永和區店家,新北市永和區文化路90巷24號1樓,不合格,大腸桿菌群 150大腸桿菌陰性,108,新北市,121.5139345,25.0162772
海帶芽,新北市樹林區店家,新北市樹林區八德街280巷3號4樓,合格,重金屬,107,新北市,121.4105554,24.9706559
豬肝切片,新北市五股區店家,新北市五股區五工六路35號,合格,重金屬,107,新北市,121.4475269,25.0642062
水鯊魚丁,高雄市梓官區店家,高雄市梓官區漁港路2路32號,合格,重金屬,107,新北市,120.2570421,22.7486104
蟳味棒,台中市東區店家,台中市東區十全街96號,合格,重金屬,107,新北市,120.710296,24.1449818
善美的有機杏鮑菇,嘉義縣中埔鄉店家,嘉義縣中埔鄉和睦村公館30-1號,合格,重金屬,107,新北市,120.458819,23.446252
雞肫-冷藏肉,桃園縣桃園市店家,桃園縣桃園市大園區田心里4鄰崁腳4-1號,合格,重金屬,107,新北市,121.1902607,25.0630462
大漢傳統板豆腐,大漢,桃園市大園區大觀路548號,合格,己二烯酸未檢出苯甲酸未檢出去水醋酸未檢出過氧化氫未檢出水楊酸未檢出對羥苯甲酸未檢出,109,新北市,121.1805095,25.0644032
大漢家常豆腐,大漢,桃園市大園區大觀路548號,合格,己二烯酸未檢出苯甲酸未檢出去水醋酸未檢出過氧化氫未檢出水楊酸未檢出對羥苯甲酸未檢出,109,新北市,121.1805095,25.0644032
中華超嫩豆腐,高雄市大樹區店家,高雄市大樹區龍目路110~6號,合格,己二烯酸未檢出苯甲酸未檢出去水醋酸未檢出過氧化氫未檢出水楊酸未檢出對羥苯甲酸未檢出,109,新北市,120.41625,22.6851785
豆腐,臺北市松山區店家,臺北市松山區民族東路41巷2弄16號1樓,合格,己二烯酸未檢出苯甲酸未檢出去水醋酸未檢出過氧化氫未檢出水楊酸未檢出對羥苯甲酸未檢出,109,新北市,121.5297872,25.0686123
VV非基改木棉凍豆腐,新北市樹林區店家,新北市樹林區俊英街116巷9號,合格,己二烯酸未檢出苯甲酸未檢出去水醋酸未檢出過氧化氫未檢出水楊酸未檢出對羥苯甲酸未檢出,109,新北市,121.4277322,25.0060276
大漢家常火鍋豆腐,大漢,桃園市大園區大觀路548號,合格,己二烯酸未檢出苯甲酸未檢出去水醋酸未檢出過氧化氫未檢出水楊酸未檢出對羥苯甲酸未檢出,109,新北市,121.1805095,25.0644032
凍豆腐,新北市淡水區店家,新北市淡水區清水街36號,合格,己二烯酸未檢出苯甲酸未檢出去水醋酸未檢出過氧化氫未檢出水楊酸未檢出對羥苯甲酸未檢出,109,新北市,121.4447558,25.1704568
凍豆腐,新北市泰山區店家,新北市泰山區義學里磚雅厝3號,合格,己二烯酸未檢出苯甲酸未檢出去水醋酸未檢出過氧化氫未檢出水楊酸未檢出對羥苯甲酸未檢出,109,新北市,121.4798712,25.0233092
豆腐,新北市三重區店家,新北市三重區中正北路193巷35弄71號1樓,合格,己二烯酸未檢出苯甲酸未檢出去水醋酸未檢出過氧化氫未檢出水楊酸未檢出對羥苯甲酸未檢出,109,新北市,121.4786923,25.0714472
臭豆腐,桃園市龜山區店家,桃園市龜山區西勢湖路88巷1號,合格,己二烯酸未檢出苯甲酸未檢出去水醋酸未檢出過氧化氫未檢出水楊酸未檢出對羥苯甲酸未檢出,109,新北市,121.3698424,25.0313249
臭豆腐,新北市深坑區店家,新北市深坑區北深路3段286巷23號,合格,己二烯酸未檢出苯甲酸未檢出去水醋酸未檢出過氧化氫未檢出水楊酸未檢出對羥苯甲酸未檢出,109,新北市,121.5967842,25.0064551
有機嫩豆腐,桃園市大溪區店家,桃園市大溪區美華里9鄰美山路1段601巷255號,合格,己二烯酸未檢出苯甲酸未檢出去水醋酸未檢出過氧化氫未檢出水楊酸未檢出對羥苯甲酸未檢出,109,新北市,121.297988,24.880474
凍豆腐,新北市板橋區店家,新北市板橋區國泰街53之1號,合格,己二烯酸未檢出苯甲酸未檢出去水醋酸未檢出過氧化氫未檢出水楊酸未檢出對羥苯甲酸未檢出,109,新北市,121.4680047,25.0065025
中華板豆腐,屏東縣潮州鎮店家,屏東縣潮州鎮介壽路468號,合格,己二烯酸未檢出苯甲酸未檢出去水醋酸未檢出過氧化氫未檢出水楊酸未檢出對羥苯甲酸未檢出,109,新北市,120.528121,22.529039
凍豆腐,新北市汐止區店家,新北市汐止區新昌路54號,合格,己二烯酸未檢出苯甲酸未檢出去水醋酸未檢出過氧化氫未檢出水楊酸未檢出對羥苯甲酸未檢出,109,新北市,121.6627922,25.068186
有機凍豆腐,新竹縣湖口鄉店家,新竹縣湖口鄉中正路2段126巷10號,合格,己二烯酸未檢出苯甲酸未檢出去水醋酸未檢出過氧化氫未檢出水楊酸未檢出對羥苯甲酸未檢出,109,新北市,121.0488968,24.8939216
中華有機豆腐,屏東縣潮州鎮店家,屏東縣潮州鎮介壽路468號,合格,己二烯酸未檢出苯甲酸未檢出去水醋酸未檢出過氧化氫未檢出水楊酸未檢出對羥苯甲酸未檢出,109,新北市,120.528121,22.529039
臭豆腐,新北市五股區店家,新北市五股區成泰路3段577巷100號1樓,合格,己二烯酸未檢出苯甲酸未檢出去水醋酸未檢出過氧化氫未檢出水楊酸未檢出對羥苯甲酸未檢出,109,新北市,121.449215,25.1040947
板豆腐,新北市土城區店家,新北市土城區學府路1段164巷4弄1號,合格,己二烯酸未檢出苯甲酸未檢出去水醋酸未檢出過氧化氫未檢出水楊酸未檢出對羥苯甲酸未檢出,109,新北市,121.459747,24.9885054
凍豆腐,新北市中和區店家,新北市中和區連勝街80號,合格,己二烯酸未檢出苯甲酸未檢出去水醋酸未檢出過氧化氫未檢出水楊酸未檢出對羥苯甲酸未檢出,109,新北市,121.4954658,24.9963796
豆腐,新北市中和區店家,新北市中和區連勝街80號,合格,己二烯酸未檢出苯甲酸未檢出去水醋酸未檢出過氧化氫未檢出水楊酸未檢出對羥苯甲酸未檢出,109,新北市,121.4954658,24.9963796
手工火鍋凍豆腐,彰化縣芬園鄉店家,彰化縣芬園鄉彰南路2段761號,合格,己二烯酸未檢出苯甲酸未檢出去水醋酸未檢出過氧化氫未檢出水楊酸未檢出對羥苯甲酸未檢出,109,新北市,120.6303264,23.9996285
凍豆腐,新北市三重區店家,新北市三重區力行路市場丙區100號,不合格,己二烯酸未檢出苯甲酸0.65去水醋酸未檢出過氧化氫未檢出水楊酸未檢出對羥苯甲酸未檢出,109,新北市,121.4827185,25.0706345
鮮牛肉河粉,新北市板橋區店家,新北市板橋區區運路18號,合格,大腸桿菌群陰性金黃色葡萄球菌陰性仙人掌桿菌陰性單核球增多性李斯特菌陰性病原性大腸桿菌陰性大腸桿菌陰性沙門氏桿菌陰性,107,新北市,121.4618415,25.0114095
燦爛招牌月見生牛肉,新北市新店區店家,新北市新店區民權路9號,合格,沙門氏桿菌陰性大腸桿菌陰性大腸桿菌群43 MPN/g仙人掌桿菌陰性金黃色葡萄球菌陰性單核球增多性李斯特菌陰性病原性葡萄球菌陰性,107,新北市,121.5424892,24.9827698
帕瑪火腿,新北市永和區店家,新北市永和區永元路71號,合格,大腸桿菌陰性大腸桿菌群陰性仙人掌桿菌陰性金黃色葡萄球菌陰性單核球增多性李斯特菌陰性病原性大腸桿菌陰性沙門氏桿菌陰性,107,新北市,121.5221046,25.0011759
牛肉河粉,牛肉,新北市三峽區復興路30之2號,合格,仙人掌桿菌陰性單核球增多性李斯特菌陰性大腸桿菌陰性大腸桿菌群陰性金黃色葡萄球菌陰性沙門氏桿菌陰性病原性大腸桿菌陰性,107,新北市,121.3744164,24.9362381
里肌火鍋肉片,屏東縣長治鄉店家,屏東縣長治鄉繁昌村中山路122號,合格,氯黴素類抗生素(4項)未檢出四環黴素類(7項)未檢出動物用藥多重殘留(48項)未檢出乙型受體素類(β-agonist)(21項)未檢出,109,新北市,120.5784033,22.7125436
豬梅花火鍋肉片,新北市板橋區店家,新北市板橋區干城路142號,合格,氯黴素類抗生素(4項)未檢出四環黴素類(7項)未檢出動物用藥多重殘留(48項)未檢出乙型受體素類(β-agonist)(21項)未檢出,109,新北市,121.4595491,24.9932599
台灣大文蛤,彰化縣芳苑鄉店家,彰化縣芳苑鄉漢寶村成功路136號,合格,硝基呋喃代謝物(4項)未檢出孔雀綠(2項)未檢出氯黴素類抗生素(4項)未檢出四環黴素類(7項)未檢出動物用藥多重殘留(48項)未檢出抗生素及其代謝物多重殘留分析-畜禽水產品(16項)未檢出,109,新北市,120.3682496,24.0052089
赤嘴蛤,臺北市萬華區店家,臺北市萬華區桂林路244巷82號,合格,硝基呋喃代謝物(4項)未檢出孔雀綠(2項)未檢出氯黴素類抗生素(4項)未檢出四環黴素類(7項)未檢出動物用藥多重殘留(48項)未檢出抗生素及其代謝物多重殘留分析-畜禽水產品(16項)未檢出,109,新北市,121.4936314,25.03682
梅花肉片,梅花,屏東縣長治鄉繁昌村中山路122號,合格,氯黴素類抗生素(4項)未檢出四環黴素類(7項)未檢出動物用藥多重殘留(48項)未檢出乙型受體素類(β-agonist)(21項)未檢出,109,新北市,120.5784033,22.7125436
豬肉片,豬肉,臺北市士林區華齡街175號2樓,合格,氯黴素類抗生素(4項)未檢出四環黴素類(7項)未檢出動物用藥多重殘留(48項)未檢出乙型受體素類(β-agonist)(21項)未檢出,109,新北市,121.5192471,25.0871324
里肌火鍋肉片,屏東縣長治鄉店家,屏東縣長治鄉繁昌村中山路122號,合格,氯黴素類抗生素(4項)未檢出四環黴素類(7項)未檢出動物用藥多重殘留(48項)未檢出乙型受體素類(β-agonist)(21項)未檢出,109,新北市,120.5784033,22.7125436
布袋文蛤,臺北市萬華區店家,臺北市萬華區桂林路242巷67號,合格,硝基呋喃代謝物(4項)未檢出孔雀綠(2項)未檢出氯黴素類抗生素(4項)未檢出四環黴素類(7項)未檢出動物用藥多重殘留(48項)未檢出抗生素及其代謝物多重殘留分析-畜禽水產品(16項)未檢出,109,新北市,121.4941545,25.0369799
精選豬肉火鍋片,新北市板橋區店家,新北市板橋區干城路142號,合格,氯黴素類抗生素(4項)未檢出四環黴素類(7項)未檢出動物用藥多重殘留(48項)未檢出乙型受體素類(β-agonist)(21項)未檢出,109,新北市,121.4595491,24.9932599
豬肉火鍋片,豬肉,新北市板橋區干城路142號,合格,氯黴素類抗生素(4項)未檢出四環黴素類(7項)未檢出動物用藥多重殘留(48項)未檢出乙型受體素類(β-agonist)(21項)未檢出,109,新北市,121.4595491,24.9932599
文蛤,新北市中和區店家,新北市中和區景新街467巷32弄11號1F,合格,硝基呋喃代謝物(4項)未檢出孔雀綠(2項)未檢出氯黴素類抗生素(4項)未檢出四環黴素類(7項)未檢出動物用藥多重殘留(48項)未檢出抗生素及其代謝物多重殘留分析-畜禽水產品(16項)未檢出,109,新北市,121.5151778,24.9879949
家樂福黑豬五花火鍋片,家樂福,新北市板橋區干城路142號,合格,氯黴素類抗生素(4項)未檢出四環黴素類(7項)未檢出動物用藥多重殘留(48項)未檢出乙型受體素類(β-agonist)(21項)未檢出,109,新北市,121.4595491,24.9932599
里肌火鍋肉片,屏東縣長治鄉店家,屏東縣長治鄉繁昌村中山路122號,合格,氯黴素類抗生素(4項)未檢出四環黴素類(7項)未檢出動物用藥多重殘留(48項)未檢出乙型受體素類(β-agonist)(21項)未檢出,109,新北市,120.5784033,22.7125436
特大文蛤,新北市中和區店家,新北市中和區連城路114號,合格,硝基呋喃代謝物(4項)未檢出孔雀綠(2項)未檢出氯黴素類抗生素(4項)未檢出四環黴素類(7項)未檢出動物用藥多重殘留(48項)未檢出抗生素及其代謝物多重殘留分析-畜禽水產品(16項)未檢出,109,新北市,121.4960499,24.9995603
冷藏豬五花肉條附皮,高雄市路竹區店家,高雄市路竹區中山南路47號,合格,氯黴素類抗生素(4項)未檢出四環黴素類(7項)未檢出動物用藥多重殘留(48項)未檢出乙型受體素類(β-agonist)(21項)未檢出,109,新北市,120.2653038,22.8362098
嘉義東石文蛤,臺北市大同區店家,臺北市大同區伊寧街46-3號,合格,硝基呋喃代謝物(4項)未檢出孔雀綠(2項)未檢出氯黴素類抗生素(4項)未檢出四環黴素類(7項)未檢出動物用藥多重殘留(48項)未檢出抗生素及其代謝物多重殘留分析-畜禽水產品(16項)未檢出,109,新北市,121.5112901,25.0645869
家樂福黑豬里肌烤肉片,家樂福,屏東縣內埔鄉豐田村延平路133號,合格,氯黴素類抗生素(4項)未檢出四環黴素類(7項)未檢出動物用藥多重殘留(48項)未檢出乙型受體素類(β-agonist)(21項)未檢出,109,新北市,120.5479825,22.6393555
文蛤(300g)真空包,新北市中和區店家,新北市中和區連城路114 號,合格,硝基呋喃代謝物(4項)未檢出孔雀綠(2項)未檢出氯黴素類抗生素(4項)未檢出四環黴素類(7項)未檢出動物用藥多重殘留(48項)未檢出抗生素及其代謝物多重殘留分析-畜禽水產品(16項)未檢出,109,新北市,121.4960499,24.9995603
里肌火鍋肉片,屏東縣長治鄉店家,屏東縣長治鄉繁昌村中山路122號,合格,氯黴素類抗生素(4項)未檢出四環黴素類(7項)未檢出動物用藥多重殘留(48項)未檢出乙型受體素類(β-agonist)(21項)未檢出,109,新北市,120.5784033,22.7125436
東石大文蛤,臺北市大同區店家,臺北市大同區伊寧街46-3號,合格,硝基呋喃代謝物(4項)未檢出孔雀綠(2項)未檢出氯黴素類抗生素(4項)未檢出四環黴素類(7項)未檢出動物用藥多重殘留(48項)未檢出抗生素及其代謝物多重殘留分析-畜禽水產品(16項)未檢出,109,新北市,121.5112901,25.0645869
掛川完熟帶皮五花肉塊,新北市三重區店家,新北市三重區光復路1段111-18號,合格,氯黴素類抗生素(4項)未檢出四環黴素類(7項)未檢出動物用藥多重殘留(48項)未檢出乙型受體素類(β-agonist)(21項)未檢出,109,新北市,121.4867114,25.0614534
蛤蜊,新北市板橋區店家,新北市板橋區文化路1段71號1.2樓,合格,硝基呋喃代謝物(4項)未檢出孔雀綠(2項)未檢出氯黴素類抗生素(4項)未檢出四環黴素類(7項)未檢出動物用藥多重殘留(48項)未檢出抗生素及其代謝物多重殘留分析-畜禽水產品(16項)未檢出,109,新北市,121.4618415,25.0114095
金針花乾,花蓮縣玉里鎮店家,花蓮縣玉里鎮觀音里高寮268之2號,合格,二氧化硫未檢出,108,新北市,121.356292,23.383577
金針,新北市汐止區店家,新北市汐止區南陽街23號,合格,二氧化硫0.144,108,新北市,121.6250637,25.0658944
高山金針,高山,新北市新莊區新北大道4段185號11樓,合格,二氧化硫1.000,108,新北市,121.4451315,25.0581004
乾金針,雲林縣西螺鎮店家,雲林縣西螺鎮新德街42號,合格,二氧化硫0.400,108,新北市,120.450795,23.7842933
金針,新北市板橋區店家,新北市板橋區四維路269巷33號,合格,二氧化硫2.184,108,新北市,121.4618204,25.0276285
山金針,臺北市大同區店家,臺北市大同區迪化街1段224巷10號1F,合格,二氧化硫0.176,108,新北市,121.5097974,25.0564363
高山金針,高山,新北市新莊區新樹路67巷40弄3號,合格,二氧化硫2.128,108,新北市,121.4408118,25.0302757
雪針(金針),臺北市大同區店家,臺北市大同區迪化街1段283號,合格,二氧化硫0.080,108,新北市,121.5097974,25.0564363
金針,臺北市大同區店家,臺北市大同區迪化街1段159號,合格,二氧化硫0.048,108,新北市,121.5097974,25.0564363
金針,臺北市萬華區店家,臺北市萬華區富民路155巷3號,合格,二氧化硫0.552,108,新北市,121.5001877,25.0179321
高山有機金針,高山,花蓮縣富里鄉竹田村25鄰8號,合格,二氧化硫未檢出,108,新北市,121.3255688,23.2041991
乾金針,臺北市大同區店家,臺北市大同區南京西路163號2樓之76,合格,二氧化硫1.328,108,新北市,121.5132416,25.0542016
金針,花蓮縣玉里鎮店家,花蓮縣玉里鎮觀音里高寮117號,合格,二氧化硫0.672,108,新北市,121.3569961,23.3801062
台灣金針(食品),桃園市桃園區店家,桃園市桃園區大仁路43號,合格,二氧化硫0.072,108,新北市,121.3234189,24.972337
特選高山金針,新北市八里區店家,新北市八里區龍米路2段62號,合格,二氧化硫0.055,108,新北市,121.4482936,25.1412588
金針,新北市蘆洲區店家,新北市蘆洲區復興路323巷23號,合格,二氧化硫0.352,108,新北市,121.481764,25.0928805
,花蓮縣玉里鎮店家,花蓮縣玉里鎮玉里鎮觀音里高寮106-3號,合格,二氧化硫快篩合格,108,新北市,120.708326,23.8280384
高山金針,高山,花蓮縣玉里鎮玉里鎮觀音里高寮106-3號,合格,二氧化硫快篩合格,108,新北市,120.708326,23.8280384
紫菜捲,新北市土城區店家,新北市土城區永豐路195巷27弄32號,合格,二甲基黃(dimethylyellow)未檢出過氧化氫未檢出二乙基黃(diethylyellow)未檢出防腐劑(14項)未檢出,107,新北市,121.4728034,24.9804159
番茄義大利醬,新北市新莊區店家,新北市新莊區化成路382巷5號,合格,二甲基黃(dimethylyellow)未檢出二乙基黃(diethylyellow)未檢出過氧化氫未檢出防腐劑(14項)未檢出,107,新北市,121.4665273,25.0502162
香椿素肉燥,新北市新莊區店家,新北市新莊區化成路382巷5號,合格,防腐劑(14項)未檢出過氧化氫未檢出基因改造黃豆(14項)未檢出二甲基黃(dimethylyellow)未檢出二乙基黃(diethylyellow)未檢出,107,新北市,121.4665273,25.0502162
香魚排,新北市土城區店家,新北市土城區日新街37巷3號,合格,二甲基黃(dimethylyellow)未檢出二乙基黃(diethylyellow)未檢出基因改造黃豆(14項)未檢出過氧化氫未檢出防腐劑(14項)未檢出,107,新北市,121.4428335,24.9880002
煙燻素雞腿,新北市土城區店家,新北市土城區日新街37巷3號,合格,過氧化氫未檢出防腐劑(14項)未檢出二乙基黃(diethylyellow)未檢出二甲基黃(dimethylyellow)未檢出,107,新北市,121.4428335,24.9880002
板豆腐,新北市新莊區店家,新北市新莊區復興路3段50號,合格,防腐劑(14項)未檢出二乙基黃(diethylyellow)未檢出二甲基黃(dimethylyellow)未檢出過氧化氫未檢出,107,新北市,121.4620168,25.0444024
原味豆干,新北市新莊區店家,新北市新莊區復興路3段50號,合格,過氧化氫未檢出防腐劑(14項)未檢出二甲基黃(dimethylyellow)未檢出二乙基黃(diethylyellow)未檢出,107,新北市,121.4620168,25.0444024
提拉米蘇捲,提拉,桃園市蘆竹區蘆竹街195號,合格,大腸桿菌陰性大腸桿菌群陰性沙門氏桿菌陰性金黃色葡萄球菌陰性己二烯酸未檢出苯甲酸未檢出去水醋酸未檢出,110,新北市,121.2742164,25.052154
微風輕哨(慕斯),新北市新莊區店家,新北市新莊區五權二路24號,合格,大腸桿菌陰性大腸桿菌群陰性沙門氏桿菌陰性金黃色葡萄球菌陰性己二烯酸未檢出苯甲酸未檢出去水醋酸未檢出,110,新北市,121.4585529,25.0676939
芋泥布丁,新北市新莊區店家,新北市新莊區五權二路24號,合格,大腸桿菌陰性大腸桿菌群3.6沙門氏桿菌陰性金黃色葡萄球菌陰性己二烯酸0.04苯甲酸未檢出去水醋酸未檢出,110,新北市,121.4585529,25.0676939
提拉米蘇,提拉,新北市中和區景平路182號B1樓,合格,大腸桿菌陰性大腸桿菌群23沙門氏桿菌陰性金黃色葡萄球菌陰性己二烯酸未檢出苯甲酸未檢出去水醋酸未檢出,110,新北市,121.5164033,24.9924085
提拉米蘇,提拉,臺北市內湖區基湖路35巷6號3樓,合格,大腸桿菌陰性大腸桿菌群陰性沙門氏桿菌陰性金黃色葡萄球菌腸毒素陰性己二烯酸未檢出苯甲酸未檢出去水醋酸未檢出,110,新北市,121.5656025,25.079489
提拉米蘇,提拉,新北市土城區中山路21號,合格,大腸桿菌陰性大腸桿菌群93沙門氏桿菌陰性金黃色葡萄球菌陰性己二烯酸0.12苯甲酸未檢出去水醋酸未檢出,110,新北市,121.4180729,24.9628783
黑森林巧克力蛋糕,新北市板橋區店家,新北市板橋區雙十路2段225號,合格,大腸桿菌陰性大腸桿菌群240沙門氏桿菌陰性金黃色葡萄球菌陰性己二烯酸未檢出苯甲酸未檢出去水醋酸未檢出,110,新北市,121.4731559,25.0290867
極光醇黑巧克力,新北市三峽區店家,新北市三峽區國際二街7號,合格,大腸桿菌陰性大腸桿菌群240沙門氏桿菌陰性金黃色葡萄球菌陰性己二烯酸未檢出苯甲酸未檢出去水醋酸未檢出,110,新北市,121.373788,24.943914
蛋糕,新北市板橋區店家,新北市板橋區北門街18號,合格,大腸桿菌陰性大腸桿菌群240沙門氏桿菌陰性金黃色葡萄球菌陰性己二烯酸未檢出苯甲酸未檢出去水醋酸未檢出,110,新北市,121.4576187,25.0107796
夏日芒果蛋糕,臺北市士林區店家,臺北市士林區大東路82-1號,合格,大腸桿菌陰性大腸桿菌群陰性沙門氏桿菌陰性金黃色葡萄球菌陰性己二烯酸0.02苯甲酸未檢出去水醋酸未檢出,110,新北市,121.5257642,25.0909545
WE SWEET 草莓慕斯奶凍捲(非素食),桃園市龍潭區店家,桃園市龍潭區龍祥里工一路210之1號1樓,合格,大腸桿菌陰性大腸桿菌群3.6沙門氏桿菌陰性金黃色葡萄球菌陰性己二烯酸0.20苯甲酸未檢出去水醋酸未檢出,110,新北市,121.2077462,24.8785485
瑞士香草巧克力(慕斯),新北市永和區店家,新北市永和區永貞路240號1樓,合格,大腸桿菌陰性大腸桿菌群陰性沙門氏桿菌陰性金黃色葡萄球菌陰性己二烯酸未檢出苯甲酸未檢出去水醋酸未檢出,110,新北市,121.5146842,25.0039613
香橙磅蛋糕,新北市永和區店家,新北市永和區民族街35號,合格,大腸桿菌陰性大腸桿菌群陰性沙門氏桿菌陰性金黃色葡萄球菌陰性己二烯酸未檢出苯甲酸未檢出去水醋酸未檢出,110,新北市,121.5188578,24.9993476
草莓派,草莓,新北市淡水區民權路145巷20號,合格,大腸桿菌陰性大腸桿菌群3.6沙門氏桿菌陰性金黃色葡萄球菌陰性己二烯酸0.12苯甲酸未檢出去水醋酸未檢出,110,新北市,121.4607218,25.1362467
芒慕蛋糕,新北市淡水區店家,新北市淡水區民權路47號,合格,大腸桿菌陰性大腸桿菌群陰性沙門氏桿菌陰性金黃色葡萄球菌陰性己二烯酸0.05苯甲酸未檢出去水醋酸未檢出,110,新北市,121.4599904,25.1398794
精典提拉米蘇/6吋,新北市新店區店家,新北市新店區復興路121號,合格,大腸桿菌陰性大腸桿菌群93沙門氏桿菌陰性金黃色葡萄球菌陰性己二烯酸未檢出苯甲酸未檢出去水醋酸未檢出,110,新北市,121.5340629,24.9878003
巧克力慕絲,新北市土城區店家,新北市土城區延吉街234號,合格,大腸桿菌陰性大腸桿菌群陰性沙門氏桿菌陰性金黃色葡萄球菌陰性己二烯酸未檢出苯甲酸未檢出去水醋酸未檢出,110,新北市,121.4670874,24.9849976
蜂蜜蛋糕,新北市土城區店家,新北市土城區延吉街234號,合格,大腸桿菌陰性大腸桿菌群陰性沙門氏桿菌陰性金黃色葡萄球菌陰性己二烯酸未檢出苯甲酸未檢出去水醋酸未檢出,110,新北市,121.4670874,24.9849976
重乳酪蛋糕,臺北市內湖區店家,臺北市內湖區南京東路6段461號9樓之2,合格,大腸桿菌陰性大腸桿菌群陰性沙門氏桿菌陰性金黃色葡萄球菌陰性己二烯酸未檢出苯甲酸未檢出去水醋酸未檢出,110,新北市,121.5871576,25.0610146
巧克力慕斯,新北市新店區店家,新北市新店區民權路48之3號1樓,合格,大腸桿菌陰性大腸桿菌群3.6沙門氏桿菌陰性金黃色葡萄球菌陰性己二烯酸未檢出苯甲酸未檢出去水醋酸未檢出,110,新北市,121.5396729,24.9830771
覆盆莓慕斯,新北市淡水區店家,新北市淡水區清水街20號1樓,合格,大腸桿菌陰性大腸桿菌群陰性沙門氏桿菌陰性金黃色葡萄球菌陰性己二烯酸0.02苯甲酸未檢出去水醋酸未檢出,110,新北市,121.4451326,25.1704524
WE SWEET抹茶提拉米蘇,桃園市平鎮店家,桃園市平鎮區中豐路1段300號,合格,大腸桿菌陰性大腸桿菌群3.6沙門氏桿菌陰性金黃色葡萄球菌陰性己二烯酸未檢出苯甲酸未檢出去水醋酸未檢出,110,新北市,121.2124868,24.8851861
蛋糕,新北市樹林區店家,新北市樹林區光興街91-2號,合格,大腸桿菌陰性大腸桿菌群陰性沙門氏桿菌陰性金黃色葡萄球菌陰性己二烯酸0.09苯甲酸未檢出去水醋酸未檢出,110,新北市,121.4091164,25.0023002
提拉米蘇,提拉,新北市汐止區大同路2段312巷18號,合格,大腸桿菌陰性大腸桿菌群3.6沙門氏桿菌陰性金黃色葡萄球菌陰性己二烯酸未檢出苯甲酸未檢出去水醋酸未檢出,110,新北市,121.6558913,25.065698
巧克力茅屋起司,新北市新店區店家,新北市新店區中央五街5號,合格,大腸桿菌陰性大腸桿菌群93沙門氏桿菌陰性金黃色葡萄球菌陰性己二烯酸未檢出苯甲酸未檢出去水醋酸未檢出,110,新北市,121.5301968,24.9741666
招牌楓糖葡萄捲,新北市五股區店家,新北市五股區五工五路31號,合格,大腸桿菌陰性大腸桿菌群陰性沙門氏桿菌陰性金黃色葡萄球菌陰性己二烯酸未檢出苯甲酸未檢出去水醋酸未檢出,110,新北市,121.4525701,25.0640965
蛋糕,新北市新莊區店家,新北市新莊區建福路62號,合格,大腸桿菌陰性大腸桿菌群陰性沙門氏桿菌陰性金黃色葡萄球菌陰性己二烯酸未檢出苯甲酸未檢出去水醋酸未檢出,110,新北市,121.426668,25.0270506
提拉米蘇,提拉,新北市汐止區福德一路298號1樓,不合格,大腸桿菌陰性大腸桿菌群1100沙門氏桿菌陰性金黃色葡萄球菌陰性己二烯酸未檢出苯甲酸未檢出去水醋酸未檢出,110,新北市,121.6313447,25.0634438
桶餐,新北市樹林區店家,新北市樹林區忠愛街2號1樓,合格,大腸桿菌陰性大腸桿菌群陰性,107,新北市,121.409061,25.015563
白油麵,新北市樹林區店家,新北市樹林區柑園街1段142-15號,合格,過氧化氫陰性,107,新北市,121.4065995,24.960914
桶餐,新北市中和區店家,新北市中和區立德街112號B1樓,合格,大腸桿菌陰性大腸桿菌群陰性,107,新北市,121.487238,25.008406
桶餐,新北市淡水區店家,新北市淡水區八勢一街1號,合格,大腸桿菌陰性大腸桿菌群陰性,107,新北市,121.4599553,25.1561653
肉鬆夾心三角飯糰,肉鬆,新北市五股區五權路49號,合格,大腸桿菌陰性大腸桿菌群陰性,107,新北市,121.4526846,25.0693221
衛生油麵,新北市樹林區店家,新北市樹林區東順街80-2號,合格,己二烯酸未檢出苯甲酸未檢出去水醋酸未檢出,107,新北市,121.4091483,24.9772726
桶餐,新北市三重區店家,新北市三重區國道路1段59號,合格,大腸桿菌陰性大腸桿菌群陰性,107,新北市,121.4867114,25.0614534
樂U筆管麵,臺北市中正區店家,臺北市中正區忠孝東路1段13號3樓,合格,過氧化氫陰性,107,新北市,121.533259,25.0425297
大溪豆干,大溪,新北市新莊區新莊路417之6號1樓,合格,過氧化氫陰性,107,新北市,121.4506207,25.0330355
去皮雞火片,新北市五股區店家,新北市五股區五工一路101號,合格,硝基呋喃代謝物(4項)未檢出β-內醯胺類抗生素(8項)未檢出動物用藥多重殘留(48項)未檢出抗生素及其代謝物多重殘留分析-畜禽水產品(16項)未檢出芬普尼及其代謝物之總量未檢出乙型受體素類(β-agonist)(20項)未檢出,107,新北市,121.4588765,25.0687651
生鴨蛋,新北市三重區店家,新北市三重區重陽路2段34巷66號,合格,抗原蟲(7項)未檢出動物用藥多重殘留(48項)未檢出氯黴素類抗生素(4項)未檢出,107,新北市,121.4850708,25.0641827
澳洲安格斯帶骨沙朗,新北市汐止區店家,新北市汐止區湖前街110巷97弄24號B1-6,合格,乙型受體素類(β-agonist)(20項)未檢出四環黴素類(7項)未檢出,107,新北市,121.6325656,25.0761918
豬肉卷(重組),豬肉,臺北市萬華區大理街168號1樓,合格,鉛未檢出鎘未檢出,109,新北市,121.4938054,25.0338886
有機小白菜,桃園市新屋區店家,桃園市新屋區新湖路907巷67號,合格,鉛未檢出鎘0.057 mg/kg(標準:0.2mg/kg),109,新北市,121.0505974,24.9602917
香蕉超值包(2入/袋),新北市中和區店家,新北市中和區連城路194巷4號,合格,鉛未檢出鎘未檢出,109,新北市,121.4920767,24.9977225
梅花薄切,梅花,屏東縣屏東市建國路480號,合格,鉛未檢出鎘未檢出,109,新北市,120.4613704,22.6541176
春捲皮,臺北市萬華區店家,臺北市萬華區青年路 168巷30號,不合格,己二烯酸 1.05 g/kg(標準：不得檢出),109,新北市,121.5017933,25.0200973
香菜,臺北市萬華區店家,臺北市萬華區萬大路533號,不合格,普拔克Propamocarbh ydrochloride 0.17ppm(標準：0.01ppm),109,新北市,121.4984156,25.0185059
大漢傳統板豆腐,大漢,桃園市大園區大觀路548號,合格,苯甲酸對羥苯甲酸己二烯酸去水醋酸水楊酸過氧化氫芥黃二甲基黃二乙基黃皂黃,109,新北市,121.1805095,25.0644032
大漢嫩豆腐,大漢,桃園市大園區大觀路548號,合格,,109,新北市,121.1805095,25.0644032
臭豆腐,桃園市大溪區店家,桃園市大溪區仁和里15鄰埔頂路1段245巷188弄80號,合格,,109,新北市,121.276648,24.8974129
大漢家常豆腐,大漢,桃園市大園區大觀路548號,合格,,109,新北市,121.1805095,25.0644032
春豐大黑干,雲林縣元長鄉店家,雲林縣元長鄉西莊村西莊109之86號,合格,,109,新北市,120.304432,23.622327
大漢雞蛋豆腐,大漢,桃園市大園區大觀路548號,合格,苯甲酸對羥苯甲酸己二烯酸去水醋酸水楊酸過氧化氫芥黃二甲基黃二乙基黃皂黃,109,新北市,121.1805095,25.0644032
中華板豆腐,屏東縣潮州鎮店家,屏東縣潮州鎮介壽路468號,合格,,109,新北市,120.528121,22.529039
國產非基改黃豆使用-白玉豆干,台南市西港區店家,台南市西港區劉厝里63-9號,合格,,109,新北市,120.1791357,23.1327161
屏干(非基改),台中市西屯區店家,台中市西屯區工業39路62號,合格,,109,新北市,120.6424333,24.1769764
生豆包,新北市中和區店家,新北市中和區立德街98巷46號,合格,,109,新北市,121.4878087,25.0089656
三角油豆腐,新北市中和區店家,新北市中和區立德街98巷46號,合格,苯甲酸對羥苯甲酸己二烯酸去水醋酸水楊酸過氧化氫芥黃二甲基黃二乙基黃皂黃,109,新北市,121.4878087,25.0089656
中華非基因改造黃豆火鍋豆腐,高雄市大樹區店家,高雄市大樹區龍目路110-6號,合格,,109,新北市,120.41625,22.6851785
中華滷味百頁豆腐(全素),高雄市大樹區店家,高雄市大樹區龍目路110-6號,合格,,109,新北市,120.41625,22.6851785
手打豆干,手打,彰化縣田尾鄉饒平村光復路二段698號,合格,,109,新北市,120.530833,23.8913028
滷香大黑干,台南市東區店家,台南市東區崇明路529號,合格,,109,新北市,120.2258762,22.9717177
香菇魚,香菇,台南市東區崇明路529號,合格,苯甲酸對羥苯甲酸己二烯酸去水醋酸水楊酸過氧化氫芥黃二甲基黃二乙基黃皂黃,109,新北市,120.2258762,22.9717177
香菇燉雞,香菇,台南市東區崇明路529號,合格,,109,新北市,120.2258762,22.9717177
義美古早傳統豆乾(五香滷汁),義美,桃園市蘆竹區南工路1段11號,合格,,109,新北市,121.2727696,25.0543353
手打滷香豆干(含基因改造),手打,彰化縣田尾鄉饒平村光復路2段698號,合格,,109,新北市,120.530833,23.8913028
非基改豆包,台中市東區店家,台中市東區工業區41路17-1號,合格,,109,新北市,120.6944233,24.1427702
義美大黑豆乾,義美,桃園市蘆竹區南二路1段11號,合格,苯甲酸對羥苯甲酸己二烯酸去水醋酸水楊酸過氧化氫芥黃二甲基黃二乙基黃皂黃,109,新北市,121.2715731,25.0601715
百頁豆腐,桃園市八德區店家,桃園市八德區和平路1447號,合格,,109,新北市,121.3231012,24.969923
鮮嫩豆腐,臺北市大安區店家,臺北市大安區信義路2段88號10樓,合格,,109,新北市,121.526813,25.0339597
壽司皮(三角形),桃園市大園區店家,桃園市大園區自立一街40號,合格,,109,新北市,121.1812003,25.0655911
大漢非基改火鍋豆腐,大漢,桃園市大園區大觀路548號,合格,,109,新北市,121.1805095,25.0644032
客家小炒豆干(含基因改造),客家,彰化縣田尾鄉饒平村光復路二段698號,合格,苯甲酸對羥苯甲酸己二烯酸去水醋酸水楊酸過氧化氫芥黃二甲基黃二乙基黃皂黃,109,新北市,120.530833,23.8913028
中華非基因改造黃豆超嫩豆腐,高雄市大樹區店家,高雄市大樹區龍目路110-6號,合格,,109,新北市,120.41625,22.6851785
百頁豆腐,嘉義縣民雄鄉店家,嘉義縣民雄鄉工業區成功一街7號,合格,,109,新北市,120.4539927,23.5223428
百頁豆腐(全素),台中市大里區店家,台中市大里區仁化路756號,合格,,109,新北市,120.6919797,24.092735
大漢雞蛋豆腐,大漢,桃園市大園區大觀路548號,合格,,109,新北市,121.1805095,25.0644032
薄餅皮-VDD021,薄餅,高雄市苓雅區四維四路199號12樓,合格,苯甲酸己二烯酸去水醋酸二氧化硫,109,新北市,120.2937058,22.6137014
薄餅皮-VDD022,薄餅,高雄市苓雅區四維四路199號12樓,合格,,109,新北市,120.2937058,22.6137014
潤餅皮,潤餅皮,新北市三重區大智街73號1樓,合格,,109,新北市,121.4924039,25.0685407
潤餅皮,潤餅皮,新北市板橋區中興路85號,合格,,109,新北市,121.454911,25.0071877
潤餅皮,潤餅皮,新北市蘆洲區復興路410巷11號,合格,,109,新北市,121.4862192,25.0911316
潤餅皮(澱粉皮),潤餅皮,屏東縣新園鄉田洋村仙隆路245-6號,合格,,109,新北市,120.4535587,22.5445538
潤餅皮(薄米片),潤餅皮,桃園市桃園區龍鳳三街65巷37號,合格,苯甲酸己二烯酸去水醋酸二氧化硫,109,新北市,121.2800012,24.9862892
潤餅皮,潤餅皮,新北市中和區中興街172巷11號,合格,,109,新北市,121.4995478,24.9911762
潤餅皮,潤餅皮,新北市汐止區信義路15號,合格,,109,新北市,121.6616512,25.0693462
越南春捲皮,臺北市松山區店家,臺北市松山區三民路113巷22號11樓,合格,,109,新北市,121.5620817,25.0580386
方皮,新北市永和區店家,新北市永和區中正路442巷7號,合格,,109,新北市,121.517936,25.0028
DUY ANH薄餅,臺北市大安區店家,臺北市大安區和平東路3段63號8樓,合格,,109,新北市,121.5249224,25.0270958
薄餅,薄餅,臺北市大同區重慶北路3段338號7F,合格,,109,新北市,121.5136255,25.0760396
薄餅,薄餅,臺北市松山區重慶北路3段388號7樓,合格,,109,新北市,121.5136876,25.070191
薄餅(22cm),薄餅,臺北市松山區重慶北路3段338號7樓,合格,苯甲酸己二烯酸去水醋酸二氧化硫,109,新北市,121.5638621,25.0541591
潤餅皮,潤餅皮,新北市汐止區中正路95巷,合格,,109,新北市,121.6611035,25.0694058
越式春捲皮,臺北市松山區店家,臺北市松山區三民路113巷22號11樓,合格,,109,新北市,121.5620817,25.0580386
薄餅,薄餅,臺北市松山區重慶北路3段338號7屋,合格,,109,新北市,121.5524318,25.0496452
春捲皮,新北市泰山區店家,新北市泰山區明志路2段255巷3弄5號,合格,,109,新北市,121.4279084,25.0476279
胡瓜-溫室小黃瓜,雲林縣西螺鎮店家,雲林縣西螺鎮鎮興農西路316號,合格,農藥多重殘留分析(380項)二硫代胺基甲酸鹽類,109,新北市,120.4519499,23.7924186
結球萵苣-綠包心萵,雲林縣二崙鄉店家,雲林縣二崙鄉大庄村酒姑路54之80號,合格,,109,新北市,120.3655558,23.8042414
金柑-履歷宜蘭金柑,宜蘭縣礁溪鄉店家,宜蘭縣礁溪鄉林美村林尾路134-6號,合格,,109,新北市,121.75167,24.8166941
有機富士蘋果(袋裝),新北市三重區店家,新北市三重區後竹圍街274號1F,合格,,109,新北市,121.4835722,25.0710713
有機蘋果,新北市中和區店家,新北市中和區連城路194巷4號,合格,,109,新北市,121.4920767,24.9977225
胡蘿蔔,彰化縣二林鎮店家,彰化縣二林鎮東西巷11號,合格,農藥多重殘留分析(380項)二硫代胺基甲酸鹽類,109,新北市,120.4217311,23.9567207
日本蜜蘋果,台中市東區店家,台中市東區自由路4段312號7樓,合格,,109,新北市,120.7051978,24.1425818
韓國梨,韓國,台中市東區自由路4段312號7樓,合格,,109,新北市,120.7051978,24.1425818
韓國梨 2入,韓國,桃園市大園區大觀路269-5號,合格,,109,新北市,121.1891428,25.0657408
阿根廷蒜頭,桃園市大園區店家,桃園市大園區大觀路269-5號,合格,,109,新北市,121.1891428,25.0657408
綠豆芽,綠豆,雲林縣西螺鎮新安里振安路98號,合格,農藥多重殘留分析(380項)二硫代胺基甲酸鹽類,109,新北市,120.4586209,23.788367
W 省高麗菜(剖半),桃園市大園區店家,桃園市大園區大觀路269-8號,合格,,109,新北市,121.1877593,25.0653353
華盛頓富士蘋果,桃園市大園區店家,桃園市大園區大觀路269-8號,合格,,109,新北市,121.1877593,25.0653353
有機綠豆芽,台中市后里區店家,台中市后里區公館里眉豐路120號,合格,,109,新北市,120.7230215,24.327457
胡蘿蔔-產銷紅蘿蔔,雲林縣西螺鎮店家,雲林縣西螺鎮頂湳里頂湳3-6號,合格,,109,新北市,120.4510237,23.7709239
頂級去殼烏殼綠竹筍,頂級,雲林縣斗南鎮阿丹里14鄰阿丹5-8號,合格,農藥多重殘留分析(380項)二硫代胺基甲酸鹽類,109,新北市,120.506006,23.647841
有機香菜,雲林縣西螺鎮店家,雲林縣西螺鎮漢光里平和南路313巷32號,合格,,109,新北市,120.4548611,23.7939983
活力胡蘿蔔,雲林縣東勢鄉店家,雲林縣東勢鄉東勢西路392巷77號,合格,,109,新北市,120.2511376,23.6844216
甘藍,雲林縣二崙鄉店家,雲林縣二崙鄉天庄村酒菇路54-80號1樓,合格,,109,新北市,120.3658794,23.8047901
港式菜頭粿,港式,桃園市八德區介壽路2段133巷130號,合格,苯甲酸己二烯酸去水醋酸硼酸及其鹽類,109,新北市,121.3001134,24.956758
梅子糕3入(全素),新北市淡水區店家,新北市淡水區奎柔山路256號,合格,,109,新北市,121.4562726,25.2051462
綠豆灣糕 3入(全素),綠豆,新北市淡水區奎柔山路256號,合格,,109,新北市,121.4562726,25.2051462
義美素菜頭粿,義美,臺北市大安區信義路2段88號10樓,合格,,109,新北市,121.526813,25.0339597
港式芋頭糕,港式,新北市中和區建三路67號,合格,,109,新北市,121.4862571,25.0014034
綠豆口味綠豆糕,綠豆,新北市三重區中正北路331巷10弄1號,合格,苯甲酸己二烯酸去水醋酸硼酸及其鹽類,109,新北市,121.4733882,25.0722636
黑糖糕,黑糖,新北市土城區中央路二段209號11樓之7,合格,,109,新北市,121.4416696,24.9742956
綠豆糕,綠豆,桃園市龜山區南上路400巷8號,合格,,109,新北市,121.3044666,25.0448531
港式蘿蔔糕,港式,彰化縣伸港鄉工五路5號,合格,,109,新北市,120.510982,24.1672155
港式蘿蔔糕,港式,雲林縣西螺鎮正興里福家,合格,,109,新北市,120.460966,23.7959988
炒熟花生粉(調合粉),臺北市文山區店家,臺北市文山區萬芳路21號1樓,合格,黃麴毒素 B1黃麴毒素 B2黃麴毒素 G1黃麴毒素 G2,109,新北市,121.5647397,24.9983482
花生粉,花生,新北市樹林區東和街11之2號,合格,,109,新北市,121.4044651,24.9805296
義美花生粉,義美,桃園市蘆竹區南工路1段11號,合格,,109,新北市,121.2727696,25.0543353
花生粉,花生,臺北市萬華區環南市場甲棟2樓832號,合格,,109,新北市,121.4897587,25.0286603
花生粉,花生,新北市新莊區化成路403巷47號,合格,,109,新北市,121.4630653,25.0584424
花生粉,花生,新北市新莊區瓊林南路118之21號,合格,黃麴毒素 B1黃麴毒素 B2黃麴毒素 G1黃麴毒素 G2,109,新北市,121.4333628,25.0109196
一級花生粉,彰化縣芳苑鄉店家,彰化縣芳苑鄉仁愛村芳漢路芳二段758號,合格,,109,新北市,120.3228578,23.9208264
花生粉,花生,桃園市蘆竹區錦順街33號,合格,,109,新北市,121.2861609,25.0515176
調合花生粉,新北市新莊區店家,新北市新莊區化成路403巷47號,合格,,109,新北市,121.4630653,25.0584424
特A花生粉(熟),新北市樹林區店家,新北市樹林區大安路173號,合格,,109,新北市,121.4214393,24.9962982
麻油G,彰化縣大村鄉店家,彰化縣大村鄉黃厝村山腳路47-10號,合格,動物性成分,109,新北市,120.588086,23.985651
山藥貢丸,彰化縣大村鄉店家,彰化縣大村鄉黃厝村山腳路47-10號,合格,,109,新北市,120.588086,23.985651
三杯杏鮑菇,桃園市蘆竹區店家,桃園市蘆竹區南崁路2段459號,合格,,109,新北市,121.2674417,25.0621243
無蛋薑絲丸,台南市東區店家,台南市東區崇明路529號,合格,,109,新北市,120.2258762,22.9717177
蠔油腱花,台南市東區店家,台南市東區崇明路529號,合格,,109,新北市,120.2258762,22.9717177
KirklandSignature ValDi Mazara 初榨橄欖油,高雄市前鎮店家,高雄市前鎮區中華五路656號,合格,抗氧化劑(11項),109,新北市,120.3066113,22.6036247
泰山玄米油,泰山,彰化縣田中鎮興工路6號,合格,抗氧化劑(11項),109,新北市,120.5927671,23.8482281
健康好理由純芥花油,健康,彰化縣田中鎮興工路6號,合格,抗氧化劑(11項),109,新北市,120.5927671,23.8482281
泰山OMEGA-3花不飽和調和油,泰山,彰化縣田中鎮興工路6號,合格,抗氧化劑(11項),109,新北市,120.5927671,23.8482281
源順花生風味調合油,雲林縣土庫鎮店家,雲林縣土庫鎮成功路1-62號,合格,抗氧化劑(11項),109,新北市,120.3953157,23.6722395
義美100%純葵花油,義美,桃園市龍潭區中興路九龍段129巷91號,合格,抗氧化劑(11項),109,新北市,121.2473337,24.8781342
得意的一天葵花油,桃園市大園區店家,桃園市大園區和平西路1段369號,合格,抗氧化劑(11項),109,新北市,121.1992623,25.05994
大豆沙拉油,台南市東區店家,台南市東區生產路68號,合格,抗氧化劑(11項),109,新北市,120.2216471,22.9636366
椰子油,台中市清水區店家,台中市清水區鎮南街72-1號,合格,抗氧化劑(11項),109,新北市,120.5728643,24.2682759
有機冷壓初榨椰子油,桃園市桃園區店家,桃園市桃園區建國路61巷31號9樓之1,合格,抗氧化劑(11項),109,新北市,121.3156697,24.9851048
全國漁會─彌陀區漁會虱目魚丸,新北市三重區店家,新北市三重區力行路一段6號,合格,二氧化硫未檢出去水醋酸未檢出己二烯酸未檢出苯甲酸未檢出,107,新北市,121.4874136,25.0675552
鹹水虱目魚丸,臺北市松山區店家,臺北市松山區忠孝東路5段689號8樓,合格,己二烯酸未檢出苯甲酸未檢出去水醋酸未檢出二氧化硫未檢出,107,新北市,121.543347,25.041995
花枝丸,花枝,新北市蘆洲區集賢路396號,合格,己二烯酸未檢出苯甲酸未檢出去水醋酸未檢出二氧化硫未檢出,107,新北市,121.4801362,25.0823968
南門魚丸店特級花枝丸,臺北市松山區店家,臺北市松山區羅斯福路1段8號地下一樓82攤,合格,二氧化硫未檢出去水醋酸未檢出苯甲酸未檢出己二烯酸未檢出,107,新北市,121.531919,25.0166334
虱目魚丸,嘉義縣布袋鎮店家,嘉義縣布袋鎮復興里新塭11-11號,合格,二氧化硫未檢出去水醋酸未檢出己二烯酸未檢出苯甲酸未檢出,107,新北市,120.1604114,23.3235585
小湯圓,台南市安南區店家,台南市安南區安通路 2段2號,合格,苯甲酸己二烯酸去水醋酸順丁烯二酸與順丁烯二酸酐總量,108,新北市,120.2255448,23.0454213
日盛可口圓,新北市新店區店家,新北市新店區中正路538巷6號 5樓,合格,苯甲酸己二烯酸去水醋酸二氧化硫順丁烯二酸與順丁烯二酸酐總量,108,新北市,121.5343805,24.9844273
客家湯圓,客家,新北市板橋區市場內 172號攤號,合格,苯甲酸己二烯酸去水醋酸二氧化硫順丁烯二酸與順丁烯二酸酐總量,108,新北市,121.4618415,25.0114095
紅白小湯圓,新北市板橋區店家,新北市板橋區民生路3段115號,合格,苯甲酸己二烯酸去水醋酸二氧化硫順丁烯二酸與順丁烯二酸酐總量,108,新北市,121.4662381,25.025442
冷凍小湯圓,新北市中和區店家,新北市中和區橋和路 60號,合格,去水醋酸順丁烯二酸與順丁烯二酸酐總量羅丹明B(玫瑰紅B)己二烯酸苯甲酸,108,新北市,121.4897034,25.0051693
義美豬肉貢丸,義美,臺北市大安區信義路2段88號10樓,合格,苯甲酸己二烯酸去水醋酸二氧化硫硼酸及其鹽類過氧化氫,108,新北市,121.526813,25.0339597
澎湖魷魚羹,高雄市前鎮店家,高雄市前鎮區漁港南一路31號,合格,苯甲酸己二烯酸去水醋酸二氧化硫硼酸及其鹽類過氧化氫,108,新北市,120.3162932,22.5673561
虱目魚丸,雲林縣元長鄉店家,雲林縣元長鄉元長工業區興工街3號,合格,苯甲酸己二烯酸去水醋酸二氧化硫硼酸及其鹽類過氧化氫,108,新北市,120.3326635,23.6137575
蝦球(蝦肉風味),基隆市七堵區店家,基隆市七堵區自強路102號,合格,苯甲酸己二烯酸去水醋酸二氧化硫硼酸及其鹽類過氧化氫,108,新北市,121.7130589,25.1101077
富士蘋果,台中市大雅區店家,台中市大雅區中山八路90號,合格,二硫代胺基甲酸鹽類未檢出農藥多重殘留分析(373項)未檢出,107,新北市,120.6480845,24.2079117
屏東紅肉火龍果,新北市泰山區店家,新北市泰山區全興路235-1號,合格,二硫代胺基甲酸鹽類未檢出農藥多重殘留分析(373項)未檢出,107,新北市,121.4354065,25.0541094
愛文芒果,新北市新店區店家,新北市新店區寶中路95號之12,合格,二硫代胺基甲酸鹽類未檢出芬化利(Fenvalerate)0.08農藥多重殘留分析(373項)檢出細項益達胺(Imidacloprid)0.02賽洛寧(λ-Cyhalothrin)0.03貝芬替(Carbendazim)0.19,107,新北市,121.5492254,24.9822203
蘋果,蘋果,新北市新店區安康路1段283巷1號,合格,農藥多重殘留分析(373項)檢出細項二硫代胺基甲酸鹽類未檢出派美尼(Pyrimethanil)1.07,107,新北市,121.5167146,24.9636882
金奇異果,臺北市士林區店家,臺北市士林區華齡街175號2樓,合格,二硫代胺基甲酸鹽類未檢出農藥多重殘留分析(373項)未檢出,107,新北市,121.5192471,25.0871324
紐西蘭奇異果,紐西,新北市新店區寶中路95-4號,合格,農藥多重殘留分析(373項)未檢出二硫代胺基甲酸鹽類未檢出,107,新北市,121.5479635,24.9813826
金煌芒果,新北市中和區店家,新北市中和區連城路194巷4號,合格,農藥多重殘留分析(373項)未檢出二硫代胺基甲酸鹽類未檢出,107,新北市,121.4920767,24.9977225
清心優多活菌發酵乳飲品,新北市土城區店家,新北市土城區民權街14號,合格,大腸桿菌未檢出大腸桿菌群未檢出單核球增多性李斯特菌陰性沙門氏桿菌陰性食品中金黃色葡萄球菌腸毒素未檢出,107,新北市,121.4157643,24.9643288
悅氏礦泉水,宜蘭縣頭城鎮店家,宜蘭縣頭城鎮吉祥路236巷1號,合格,砷未檢出銻未檢出鎘未檢出汞未檢出鉛未檢出,108,新北市,121.814445,24.861942
台鹽小分子海洋活水,苗栗縣通霄鎮店家,苗栗縣通霄鎮內島里122號,合格,砷未檢出銻未檢出鎘未檢出汞未檢出鉛未檢出,108,新北市,120.7148767,24.5537351
義美海洋純水,義美,臺北市信義區信義路2段88號10樓,合格,砷未檢出銻未檢出鎘未檢出汞未檢出鉛未檢出,108,新北市,121.526813,25.0339597
味丹多喝水微鹼性竹炭離子水,味丹多喝,台中市沙鹿區興安路81號1F,合格,砷未檢出銻未檢出鎘未檢出汞未檢出鉛未檢出,108,新北市,120.5494418,24.228405
波爾天然水(包裝飲用水),宜蘭縣員山鄉店家,宜蘭縣員山鄉員山路2段326號,合格,砷未檢出銻未檢出鎘未檢出汞未檢出鉛未檢出,108,新北市,121.6911055,24.7136119
泰山TWISTWATER環保包裝水(包裝飲用水),泰山,彰化縣田中鎮興工路6號,合格,砷未檢出銻未檢出鎘未檢出汞未檢出鉛未檢出,108,新北市,120.5927671,23.8482281
鹼單加薪水海洋深層水,花蓮縣新城鄉店家,花蓮縣新城鄉康樂村加灣1-16號,合格,砷未檢出銻未檢出鎘未檢出汞未檢出鉛未檢出,108,新北市,121.610786,24.090317
湧泉竹炭水(包裝飲用水),苗栗縣銅鑼鄉店家,苗栗縣銅鑼鄉民享路3號,合格,砷未檢出銻未檢出鎘未檢出汞未檢出鉛未檢出,108,新北市,120.7917483,24.4729512
統一PH9.0鹼性離子水,統一,新北市瑞芳區濱工路27-3號,合格,砷未檢出銻未檢出鎘未檢出汞未檢出鉛未檢出,108,新北市,121.822098,25.103052
台鹽海洋鹼性離子水,苗栗縣通霄鎮店家,苗栗縣通霄鎮內烏里122號,合格,砷未檢出銻未檢出鎘未檢出汞未檢出鉛未檢出,108,新北市,120.679904,24.4892174
泰山純水(包裝飲用水),泰山,彰化縣田中鎮興工路6號,合格,砷未檢出銻未檢出鎘未檢出汞未檢出鉛未檢出,108,新北市,120.5927671,23.8482281
舒跑鹼性離子水,台中市北區店家,台中市北區雙十路1段121號1樓,合格,砷未檢出銻未檢出鎘未檢出汞未檢出鉛未檢出,108,新北市,120.6880613,24.1512787
山內博雪來(包裝飲用水),南投縣埔里鎮店家,南投縣埔里鎮武界路23號,合格,砷未檢出銻未檢出鎘未檢出汞未檢出鉛未檢出,108,新北市,121.0042318,23.9246657
鮮葉碳水(包裝飲用水),南投縣埔里鎮店家,南投縣埔里鎮榮光路63號,合格,砷未檢出銻未檢出鎘未檢出汞未檢出鉛未檢出,108,新北市,121.0069327,23.9699004
eska 愛斯卡天然冰川水 1L,桃園市蘆竹區店家,桃園市蘆竹區大竹北路15巷11弄15號之1,合格,砷未檢出銻未檢出鎘未檢出汞未檢出鉛未檢出,108,新北市,121.2532382,25.0286105
悅氏Light鹼性水,宜蘭縣頭城鎮店家,宜蘭縣頭城鎮吉祥路93號,合格,砷未檢出銻未檢出鎘未檢出汞未檢出鉛未檢出,108,新北市,121.814505,24.861
清境竹炭水(包裝飲用水),高雄市仁武區店家,高雄市仁武區竹工三巷33-7號,合格,砷未檢出銻未檢出鎘未檢出汞未檢出鉛未檢出,108,新北市,120.3319181,22.7133659
味丹【多喝水】(包裝飲用水),味丹,南投縣埔里鎮牛眠里內埔路1-1號,合格,砷未檢出銻未檢出鎘未檢出汞未檢出鉛未檢出,108,新北市,121.0028354,23.9820682
頂好牌天然水,臺北市士林區店家,臺北市士林區華齡街175號2F,合格,砷未檢出銻未檢出鎘未檢出汞未檢出鉛未檢出,108,新北市,121.5192471,25.0871324
老船長天然水(包裝飲用水),南投縣埔里鎮店家,南投縣埔里鎮武界路23號,合格,砷未檢出銻未檢出鎘未檢出汞未檢出鉛未檢出,108,新北市,121.0042318,23.9246657
一日野菜-和風海藻,雲林縣褒忠鄉店家,雲林縣褒忠鄉復興路17-2號,合格,大腸桿菌群7.4大腸桿菌陰性,107,新北市,120.285347,23.7079888
柚香雞肉麵沙拉,新竹縣新豐鄉店家,新竹縣新豐鄉中崙村9鄰中崙289-3號,合格,大腸桿菌陰性大腸桿菌群3.6,107,新北市,121.0068266,24.887495
白玉蛋洋芋沙拉,新竹縣新豐鄉店家,新竹縣新豐鄉中崙村9鄰中崙289-3號,合格,大腸桿菌陰性大腸桿菌群陰性,107,新北市,121.0068266,24.887495
凱撒沙拉,新北市淡水區店家,新北市淡水區中山北路1段105號,合格,大腸桿菌群9.2大腸桿菌陰性,107,新北市,121.5226127,25.0526041
千島沙拉,新北市淡水區店家,新北市淡水區中山北路1段105號,合格,大腸桿菌陰性大腸桿菌群3.6,107,新北市,121.5226127,25.0526041
享樂十蔬田園沙拉,嘉義縣太保市店家,嘉義縣太保市梅埔里1鄰梅子厝6-8號,合格,大腸桿菌陰性大腸桿菌群陰性,107,新北市,120.33735,23.4441677
蔬菜好棒棒,嘉義縣太保市店家,嘉義縣太保市梅埔里1鄰梅子厝6-8號,合格,大腸桿菌群陰性大腸桿菌陰性,107,新北市,120.33735,23.4441677
和風洋蔥綠沙拉,嘉義縣太保市店家,嘉義縣太保市梅埔里1鄰梅子厝6-8號,合格,大腸桿菌陰性大腸桿菌群3.6,107,新北市,120.33735,23.4441677
凱薩沙拉,新竹縣新豐鄉店家,新竹縣新豐鄉中崙村9鄰中崙289-3號,合格,大腸桿菌陰性大腸桿菌群陰性,107,新北市,121.0068266,24.887495
活力甜玉米沙拉,新竹縣新豐鄉店家,新竹縣新豐鄉中崙村9鄰中崙289-3號,合格,大腸桿菌陰性大腸桿菌群9.2,107,新北市,121.0068266,24.887495
一日野菜一農夫十蔬,雲林縣褒忠鄉店家,雲林縣褒忠鄉新湖村復興路17-2號,合格,大腸桿菌群陰性大腸桿菌陰性,107,新北市,120.285347,23.7079888
四季沙拉,四季,新北市汐止區中興路168之10號,合格,大腸桿菌陰性大腸桿菌群陰性,107,新北市,121.6319695,25.065599
鮮蝦芒果沙拉,新北市汐止區店家,新北市汐止區大同路1段158號,合格,大腸桿菌陰性大腸桿菌群陰性,107,新北市,121.3789988,24.9293019
綠竹筍沙拉,新北市汐止區店家,新北市汐止區大同路1段158號,合格,大腸桿菌陰性大腸桿菌群陰性,107,新北市,121.3789988,24.9293019
泰式海鮮沙拉,泰式,新北市中和區中山路2段347號2-3樓,合格,大腸桿菌群3.6大腸桿菌陰性,107,新北市,121.4924664,25.0025603
鮮蝦芒果沙拉,新北市中和區店家,新北市中和區中山路2段347號2-3樓,合格,大腸桿菌陰性大腸桿菌群陰性,107,新北市,121.4924664,25.0025603
一日野菜-凱薩沙拉,雲林縣褒忠鄉店家,雲林縣褒忠鄉勤湖村復興路17-2號,合格,大腸桿菌陰性大腸桿菌群陰性,107,新北市,120.285347,23.7079888
鮮蝦冷麵沙拉,桃園市中壢區店家,桃園市中壢區自強一路111號,合格,大腸桿菌群陰性大腸桿菌陰性,107,新北市,121.2434609,24.9767585
青蔬洋芋雙饗沙拉,新竹縣新豐鄉店家,新竹縣新豐鄉中崙村9鄰中崙289-3號,合格,大腸桿菌群7.4大腸桿菌陰性,107,新北市,121.0068266,24.887495
藜麥地瓜烤雞沙拉,新北市新店區店家,新北市新店區北新路2段258號1樓,合格,大腸桿菌群460大腸桿菌陰性,107,新北市,121.5429058,24.9781466
火腿洋芋沙拉,火腿,桃園市中壢區自強一路111號,合格,大腸桿菌陰性大腸桿菌群陰性,107,新北市,121.2434609,24.9767585
鮮蝦芒果沙拉,新北市新莊區店家,新北市新莊區建國一路138號,合格,大腸桿菌陰性大腸桿菌群陰性,107,新北市,121.4341972,25.0271307
泰式海鮮沙拉,泰式,新北市新莊區建國一路138號,合格,大腸桿菌陰性大腸桿菌群93,107,新北市,121.4341972,25.0271307
綠竹筍沙拉,新北市新莊區店家,新北市新莊區建國一路138號,合格,大腸桿菌陰性大腸桿菌群陰性,107,新北市,121.4341972,25.0271307
凱薩烤地瓜沙拉,新北市新店區店家,新北市新店區北新路2段61號,合格,大腸桿菌群陰性大腸桿菌陰性,107,新北市,121.5427427,24.973354
鮮蔬沙拉,新北市新店區店家,新北市新店區北新路2段61號,合格,大腸桿菌陰性大腸桿菌群陰性,107,新北市,121.5427427,24.973354
紅藜鮮蔬沙拉,新北市板橋區店家,新北市板橋區府中路39號,合格,大腸桿菌群23大腸桿菌陰性,107,新北市,121.4585966,25.008903
紅藜燻雞沙拉,新北市板橋區店家,新北市板橋區府中路39號,合格,大腸桿菌群20大腸桿菌陰性,107,新北市,121.4585966,25.008903
凱薩烤地瓜沙拉,新北市蘆洲區店家,新北市蘆洲區三民路116號,合格,大腸桿菌陰性大腸桿菌群陰性,107,新北市,121.4715304,25.0872612
凱薩雞米花沙拉,新北市蘆洲區店家,新北市蘆洲區三民路116號,合格,大腸桿菌陰性大腸桿菌群陰性,107,新北市,121.4715304,25.0872612
藜麥地瓜烤雞沙拉,新北市板橋區店家,新北市板橋區館前東路60號,合格,大腸桿菌陰性大腸桿菌群460,107,新北市,121.4610859,25.0072045
香草嫩雞鮮蔬沙拉,香草,苗栗縣竹南鎮公館里公館仔75-1號,合格,大腸桿菌群23大腸桿菌陰性,107,新北市,120.8754797,24.6630852
一日野菜一農夫十蔬,雲林縣褒忠鄉店家,雲林縣褒忠鄉新湖村復興路17-2號,合格,大腸桿菌陰性大腸桿菌群陰性,107,新北市,120.285347,23.7079888
石安牧場溏心蛋洋芋沙拉,桃園市中壢區店家,桃園市中壢區自強一路111號,合格,大腸桿菌陰性大腸桿菌群陰性,107,新北市,121.2434609,24.9767585
一日野菜一農夫十蔬,雲林縣褒忠鄉店家,雲林縣褒忠鄉新湖村復興路17-2號,合格,大腸桿菌陰性大腸桿菌群陰性,107,新北市,120.285347,23.7079888
蔬菜沙拉,新北市新店區店家,新北市新店區民權路21之1號,合格,大腸桿菌陰性大腸桿菌群460,107,新北市,121.5417776,24.9827487
鮪魚飯糰,新北市土城區店家,新北市土城區中興路16號,合格,大腸桿菌陰性大腸桿菌群240,107,新北市,121.4248913,24.9657726
豆皮壽司,豆皮,新北市新莊區新莊路595號,合格,大腸桿菌陰性大腸桿菌群陰性,107,新北市,121.4461746,25.0331516
肉鬆飯糰,肉鬆,桃園市蘆竹區海湖里2鄰海山中街71號,合格,大腸桿菌陰性大腸桿菌群460,107,新北市,121.2614626,25.1079918
豆皮壽司,豆皮,新北市鶯歌區中正一路63號,合格,大腸桿菌陰性大腸桿菌群陰性,107,新北市,121.3521629,24.9544096
海苔壽司,海苔,新北市鶯歌區中正一路63號,合格,大腸桿菌陰性大腸桿菌群陰性,107,新北市,121.3521629,24.9544096
珍饌雙手捲(燻雞鮪魚),新北市五股區店家,新北市五股區五權路49號,合格,大腸桿菌陰性大腸桿菌群陰性,107,新北市,121.4526846,25.0693221
海陸雙手卷,桃園市大溪區店家,桃園市大溪區松樹21-8號,合格,大腸桿菌陰性大腸桿菌群陰性,107,新北市,121.2969674,24.8658422
稻荷,新北市新店區店家,新北市新店區中正路233號,合格,大腸桿菌陰性大腸桿菌群陰性,107,新北市,121.5393537,24.9730855
智利銀鮭飯糰,智利,新北市土城區中央路16號,合格,大腸桿菌陰性大腸桿菌群陰性,107,新北市,121.448764,24.991566
肉鬆飯團,肉鬆,新北市板橋區南雅南路2段144巷8號,合格,大腸桿菌陰性大腸桿菌群陰性,107,新北市,121.4511639,24.996095
海洋珍珠堡,新北市三重區店家,新北市三重區重新路1段104號,合格,大腸桿菌陰性大腸桿菌群陰性,107,新北市,121.4722764,25.0467166
碗粿,新北市三重區店家,新北市三重區正義北路2號,合格,大腸桿菌群陰性大腸桿菌陰性,107,新北市,121.4975719,25.0623992
傳統原味飯糰,傳統,新北市淡水區北新路82巷3弄1號,合格,大腸桿菌陰性大腸桿菌群陰性,107,新北市,121.4467335,25.1782415
旗魚鬆細卷壽司,新北市淡水區店家,新北市淡水區中正東路35號,合格,大腸桿菌群陰性大腸桿菌陰性,107,新北市,121.4459345,25.1685597
黃瓜細卷壽司,新北市淡水區店家,新北市淡水區中正東路35號,合格,大腸桿菌群9.2大腸桿菌陰性,107,新北市,121.4459345,25.1685597
海苔壽司,海苔,新北市新莊區四維路205號,合格,大腸桿菌陰性大腸桿菌群陰性,107,新北市,121.4221186,25.0202172
飯糰,新北市新莊區店家,新北市新莊區四維路153號,合格,大腸桿菌陰性大腸桿菌群陰性,107,新北市,121.4226864,25.0219234
糯米珍珠丸,新北市三重區店家,新北市三重區忠孝路1段183號,合格,大腸桿菌陰性大腸桿菌群陰性,107,新北市,121.482574,25.068641
肉鬆飯糰,肉鬆,新北市板橋區文化路1段421巷,合格,大腸桿菌群陰性大腸桿菌陰性,107,新北市,121.4618415,25.0114095
飯糰,新北市板橋區店家,新北市板橋區自由路13號,合格,大腸桿菌群陰性大腸桿菌陰性,107,新北市,121.4653028,25.0227732
飯糰,新北市永和區店家,新北市永和區永和路2段92巷,合格,大腸桿菌陰性大腸桿菌群陰性,107,新北市,121.5149889,25.0116537
?鹽烤肉飯糰,新北市土城區店家,新北市土城區中興路16號,合格,大腸桿菌陰性大腸桿菌群陰性,107,新北市,121.4248913,24.9657726
鹹飯糰,新北市永和區店家,新北市永和區永和路2段284號,合格,大腸桿菌陰性大腸桿菌群陰性,107,新北市,121.5161145,25.0154903
甜飯糰,新北市永和區店家,新北市永和區永和路2段284號,合格,大腸桿菌陰性大腸桿菌群陰性,107,新北市,121.5161145,25.0154903
鮮蝦握壽司,新北市汐止區店家,新北市汐止區中興路168號,合格,大腸桿菌陰性大腸桿菌群陰性,107,新北市,121.632174,25.0652979
海洋珍珠堡,新北市汐止區店家,新北市汐止區新台五路1段93號B1樓之6,合格,大腸桿菌陰性大腸桿菌群陰性,107,新北市,121.6397184,25.0616059
糯米腸,新北市五股區店家,新北市五股區御成路150號,合格,大腸桿菌陰性大腸桿菌群陰性,107,新北市,121.4409499,25.0945998
顆粒花生醬,桃園市龍潭區店家,桃園市龍潭區烏樹林里中豐路268.268-2號,合格,黃麴毒素B10.2黃麴毒素B20.1黃麴毒素G1未檢出黃麴毒素G2未檢出,108,新北市,121.2117896,24.8812389
細滑花生醬,桃園市龍潭區店家,桃園市龍潭區烏樹林里中豐路268.268-2號,合格,黃麴毒素B2未檢出黃麴毒素B10.1黃麴毒素G1未檢出黃麴毒素G2未檢出,108,新北市,121.2117896,24.8812389
花生酥,花生,新北市板橋區民有街5號,合格,黃麴毒素G1未檢出黃麴毒素G2未檢出黃麴毒素B1未檢出黃麴毒素B2未檢出,108,新北市,121.4663753,25.0243342
吉比顆粒花生醬,臺北市內湖區店家,臺北市內湖區堤頂大道二段407巷22號10樓,合格,黃麴毒素B2未檢出黃麴毒素G1未檢出黃麴毒素G2未檢出黃麴毒素B10.1,108,新北市,121.5637103,25.0811548
吉比柔滑花生醬,臺北市內湖區店家,臺北市內湖區堤頂大道二段407巷22號10樓,合格,黃麴毒素B1未檢出黃麴毒素B2未檢出黃麴毒素G1未檢出黃麴毒素G2未檢出,108,新北市,121.5637103,25.0811548
豆太郎花生-蜂蜜醬油口味,新北市淡水區店家,新北市淡水區中正東路1段3巷29號7樓,合格,黃麴毒素B20.2黃麴毒素B11.2黃麴毒素G2未檢出黃麴毒素G1未檢出,108,新北市,121.4454578,25.1687226
義美狀元煎餅(花生),義美,桃園市龍潭區中興路九龍段129巷91號,合格,黃麴毒素G1未檢出黃麴毒素G2未檢出黃麴毒素B1未檢出黃麴毒素B2未檢出,108,新北市,121.2473337,24.8781342
五香大土豆,五香,新北市三峽區嘉添里嘉添181-22號,合格,黃麴毒素B1未檢出黃麴毒素G1未檢出黃麴毒素G2未檢出黃麴毒素B2未檢出,108,新北市,121.3695338,24.9105397
五香花生,五香,新北市三芝區中山路1段55號,合格,黃麴毒素B2未檢出黃麴毒素G1未檢出黃麴毒素G2未檢出黃麴毒素B1未檢出,108,新北市,121.5024439,25.2558123
新康營極-顆粒花生醬,臺北市士林區店家,臺北市士林區華齡街175號2樓,合格,黃麴毒素B10.2黃麴毒素B20.1黃麴毒素G1未檢出黃麴毒素G2未檢出,108,新北市,121.5192471,25.0871324
蓮子,台中市南屯區店家,台中市南屯區文心路1段218號8樓之3,合格,黃麴毒素(B1+B2+G1+G2)總黃麴毒素 未檢出,108,新北市,120.6362896,24.1441477
卡洛塔妮優質米精,臺北市大安區店家,臺北市大安區復興路一段368號7F,合格,黃麴毒素(B1+B2+G1+G2)總黃麴毒素 未檢出玉米赤黴毒素未檢出脫氧雪腐鐮刀菌烯醇未檢出黃麴毒素B1未檢出赭麴毒素 A未檢出,108,新北市,121.5433783,25.0249441
愛斯康纖活什錦果麥,臺北市大安區店家,臺北市大安區復興路1段368號7F,合格,黃麴毒素B1未檢出赭麴毒素 A未檢出玉米赤黴毒素未檢出脫氧雪腐鐮刀菌烯醇未檢出黃麴毒素(B1+B2+G1+G2)總黃麴毒素 未檢出,108,新北市,121.532099,24.9896876
桂格有機米精,桃園市大園區店家,桃園市大園區和平西路1段369號,合格,玉米赤黴毒素未檢出脫氧雪腐鐮刀菌烯醇未檢出黃麴毒素(B1+B2+G1+G2)總黃麴毒素 未檢出黃麴毒素B1未檢出赭麴毒素 A未檢出,108,新北市,121.1992623,25.05994
Blevit貝樂維強鈣麥精,彰化縣員林鎮店家,彰化縣員林鎮員東路2段189號3樓,合格,黃麴毒素(B1+B2+G1+G2)總黃麴毒素 未檢出玉米赤黴毒素未檢出脫氧雪腐鐮刀菌烯醇未檢出黃麴毒素B1未檢出赭麴毒素 A未檢出,108,新北市,120.5916458,23.9631028
有機紅薏仁,南投縣草屯鎮店家,南投縣草屯鎮北勢里玉屏巷15-1號,合格,黃麴毒素B10.6 μg/kg (2μg/kg)玉米赤黴毒素未檢出黃麴毒素(B1+B2+G1+G2)總黃麴毒素 0.6 μg/kg (4μg/kg)脫氧雪腐鐮刀菌烯醇未檢出赭麴毒素 A未檢出,108,新北市,120.744083,23.9932795
敏兒HA麥精,桃園市大園區店家,桃園市大園區和平西路1段369號,合格,黃麴毒素(B1+B2+G1+G2)未檢出玉米赤黴毒素未檢出脫氧雪腐鐮刀菌烯醇未檢出黃麴毒素B1未檢出赭麴毒素 A未檢出,108,新北市,121.1992623,25.05994
造飛機,臺北市松山區店家,臺北市松山區八德路4段245巷13弄10號1樓,合格,黃麴毒素(B1+B2+G1+G2)總黃麴毒素 未檢出玉米赤黴毒素未檢出脫氧雪腐鐮刀菌烯醇未檢出黃麴毒素B1未檢出赭麴毒素 A未檢出,108,新北市,121.5650757,25.0492536
新泰皇蓮子,新北市三芝區店家,新北市三芝區中山路1段55號,合格,黃麴毒素(B1+B2+G1+G2)總黃麴毒素 未檢出,108,新北市,121.5024439,25.2558123
中立蘇打餅,新北市新莊區店家,新北市新莊區思源路92號,合格,脫氧雪腐鐮刀菌烯醇未檢出黃麴毒素B1未檢出黃麴毒素(B1+B2+G1+G2)總黃麴毒素 未檢出玉米赤黴毒素未檢出赭麴毒素 A未檢出,108,新北市,121.4603784,25.0456533
有機紅藜麥,新北市土城區店家,新北市土城區裕民路259巷12號10樓,合格,黃麴毒素B1未檢出赭麴毒素 A未檢出玉米赤黴毒素未檢出脫氧雪腐鐮刀菌烯醇未檢出黃麴毒素(B1+B2+G1+G2)總黃麴毒素 未檢出,108,新北市,121.4555268,24.9827769
有機三色藜麥,新北市土城區店家,新北市土城區裕民路259巷12號10樓,合格,赭麴毒素 A未檢出玉米赤黴毒素未檢出脫氧雪腐鐮刀菌烯醇未檢出黃麴毒素B1未檢出黃麴毒素(B1+B2+G1+G2)總黃麴毒素 未檢出,108,新北市,121.4555268,24.9827769
焦糖手工脆皮爆米花(全素),臺北市南港區店家,臺北市南港區向陽路106號,合格,黃麴毒素(B1+B2+G1+G2)總黃麴毒素 未檢出伏馬毒素伏馬毒素B1+B2未檢出玉米赤黴毒素未檢出脫氧雪腐鐮刀菌烯醇未檢出黃麴毒素B1未檢出赭麴毒素 A未檢出,108,新北市,121.595287,25.053547
高麗菜,新北市蘆洲區店家,新北市蘆洲區復興路410巷8號,合格,二硫代胺基甲酸鹽類0.19普拔克(Propamocarbhydrochloride)0.02農藥多重殘留分析(373項)檢出細項,107,新北市,121.4860729,25.0913455
新興梨,台中市東勢區店家,台中市東勢區東崎街丞山莊11號,合格,二硫代胺基甲酸鹽類未檢出農藥多重殘留分析(373項)檢出細項待克利(Difenoconazole)0.05百利普芬(Pyriproxyfen)0.06,107,新北市,120.8804004,24.2613413
有機福山萵苣250g,桃園市龍潭區店家,桃園市龍潭區凌雲里聖亭路155號,合格,二硫代胺基甲酸鹽類未檢出農藥多重殘留分析(373項)未檢出,107,新北市,121.206252,24.8680165
有機甜菜心,桃園市楊梅區店家,桃園市楊梅區楊湖路一段654巷81弄62號,合格,農藥多重殘留分析(373項)未檢出二硫代胺基甲酸鹽類未檢出,107,新北市,121.126151,24.9158475
有機十穀米,新北市板橋區店家,新北市板橋區信義路163巷5號10樓,合格,二硫代胺基甲酸鹽類未檢出農藥多重殘留分析(373項)未檢出,107,新北市,121.4591859,24.9931245
水梨,苗栗縣卓蘭鎮店家,苗栗縣卓蘭鎮老庄里信義路23號,合格,農藥多重殘留分析(373項)檢出細項貝芬替(Carbendazim)0.07得克利(Tebuconazole)0.02待克利(Difenoconazole)0.02二硫代胺基甲酸鹽類未檢出賽洛寧(λ-Cyhalothrin)0.02,107,新北市,120.8294369,24.3116476
青江菜,新北市中和區店家,新北市中和區建八路167-3號,合格,氟比來(Fluopicolide)0.03二硫代胺基甲酸鹽類0.15農藥多重殘留分析(373項)檢出細項達特南(Dinotefuran)0.02待克利(Difenoconazole)0.13,107,新北市,121.4911616,24.9999153
茄子,彰化縣永靖鄉店家,彰化縣永靖鄉...,合格,二硫代胺基甲酸鹽類未檢出氟克殺(Fluxapyroxad)0.02益達胺(Imidacloprid)0.20農藥多重殘留分析(373項)檢出細項克凡派(Chlorfenapyr)0.09芬普?(Fenpyroximate)0.08待克利(Difenoconazole)0.12,107,新北市,120.5451797,23.9202279
有機青江菜,新北市五股區店家,新北市五股區五權路54號2樓,合格,二硫代胺基甲酸鹽類未檢出農藥多重殘留分析(373項)未檢出,107,新北市,121.4542115,25.0689908
高麗菜,基隆市中正區店家,基隆市中正區麥金路127巷8-1號,合格,毆殺松(Acephate)0.08達馬松(Methamidophos)0.02二硫代胺基甲酸鹽類0.32農藥多重殘留分析(373項)檢出細項撲滅寧(Procymidone)0.02,107,新北市,121.7212323,25.1203533
釋迦,新北市三重區店家,新北市三重區中正北路111號,合格,農藥多重殘留分析(373項)檢出細項普拔克(Propamocarbhydrochloride)0.03二硫代胺基甲酸鹽類未檢出,107,新北市,121.4853918,25.0659487
新興梨,台中市東勢區店家,台中市東勢區東關路7段171號,合格,二硫代胺基甲酸鹽類未檢出農藥多重殘留分析(373項)未檢出,107,新北市,120.8295477,24.2490476
進口有機玫瑰花,臺北市中山區店家,臺北市中山區南京東路2段76號9樓,合格,二硫代胺基甲酸鹽類未檢出農藥多重殘留分析(373項)未檢出,107,新北市,121.5281835,25.051898
青江菜,雲林縣西螺鎮店家,雲林縣西螺鎮市場南路261號,合格,農藥多重殘留分析(373項)檢出細項待克利(Difenoconazole)0.02普拔克(Propamocarbhydrochloride)0.03第滅寧(Deltamethrin)0.02二硫代胺基甲酸鹽類未檢出,107,新北市,120.4512465,23.7817861
茄子,臺北市萬華區店家,臺北市萬華區萬大路533號,合格,農藥多重殘留分析(373項)未檢出二硫代胺基甲酸鹽類未檢出,107,新北市,121.4984156,25.0185059
青江白菜,雲林縣二崙鄉店家,雲林縣二崙鄉大華村華北路15之3號,合格,氟比來(Fluopicolide)0.04撲滅寧(Procymidone)0.25達滅芬(Dimethomorph)0.03二硫代胺基甲酸鹽類未檢出農藥多重殘留分析(373項)檢出細項百克敏(Pyraclostrobin)0.04待克利(Difenoconazole)0.06克凡派(Chlorfenapyr)0.11四氯異苯?(Chlorothalonil)0.06,107,新北市,120.4187904,23.8023923
洛神花,新北市新莊區店家,新北市新莊區新北大道四段185號11樓,合格,二硫代胺基甲酸鹽類未檢出農藥多重殘留分析(373項)未檢出,107,新北市,121.4451315,25.0581004
生機洛神花,生機,高雄市鹽埕區富野路621號2樓,合格,二硫代胺基甲酸鹽類未檢出農藥多重殘留分析(373項)未檢出,107,新北市,120.2838122,22.6283293
TYPHDD洋甘菊茶,新北市永和區店家,新北市永和區民權路53號7樓,合格,二硫代胺基甲酸鹽類未檢出農藥多重殘留分析(373項)未檢出,107,新北市,121.5201917,24.9966733
臺灣契作-台東洛神花,臺北市大同區店家,臺北市大同區迪化街1段64號,合格,農藥多重殘留分析(373項)未檢出二硫代胺基甲酸鹽類未檢出,107,新北市,121.5097974,25.0564363
台灣菊花(沖泡專用),高雄市鹽埕區店家,高雄市鹽埕區富野路67-1號2樓,合格,百克敏(Pyraclostrobin)0.12陶斯松(Chlorpyrifos)0.34農藥多重殘留分析(373項)檢出細項可尼丁(Clothianidin)0.07益達胺(Imidacloprid)1.21二硫代胺基甲酸鹽類未檢出,107,新北市,120.2842511,22.6278954
生機杭白菊,生機,臺北市中正區和平西路2段152號2樓,合格,農藥多重殘留分析(373項)未檢出二硫代胺基甲酸鹽類未檢出,107,新北市,121.5055671,25.0329713
洛神花,臺北市大同區店家,臺北市大同區甘州街11號1樓,合格,二硫代胺基甲酸鹽類未檢出農藥多重殘留分析(373項)未檢出,107,新北市,121.5129577,25.0585688
德國恬康樂洋甘菊花茶,臺北市北投區店家,臺北市北投區大業露416號1F,合格,農藥多重殘留分析(373項)未檢出二硫代胺基甲酸鹽類未檢出,107,新北市,121.4976367,25.1285423
德國洋甘chamomileFlowers,新北市永和區店家,新北市永和區保福路2段88巷19號,合格,農藥多重殘留分析(373項)未檢出二硫代胺基甲酸鹽類未檢出,107,新北市,121.5115752,25.0137327
大馬士革玫瑰花瓣,新北市永和區店家,新北市永和區保福路2段88巷19號,合格,農藥多重殘留分析(373項)未檢出二硫代胺基甲酸鹽類未檢出,107,新北市,121.5115752,25.0137327
百香果,百香果,南投縣埔里鎮西安路三段249巷9號,合格,亞托敏(Azoxystrobin)0.08二硫代胺基甲酸鹽類未檢出農藥多重殘留分析(373項)檢出細項普拔克(Propamocarbhydrochloride)0.17待克利(Difenoconazole)0.09,107,新北市,120.9251053,24.0372743
水耕香菜,雲林縣西螺鎮店家,雲林縣西螺鎮市場北路258號,合格,農藥多重殘留分析(373項)未檢出二硫代胺基甲酸鹽類未檢出,107,新北市,120.4539682,23.7850243
木瓜,新北市三重區店家,新北市三重區中正北路111號,合格,依普同(Iprodione)0.14第滅寧(Deltamethrin)0.04二硫代胺基甲酸鹽類未檢出賽芬?(Cyflumetofen)0.03益達胺(Imidacloprid)0.09農藥多重殘留分析(373項)檢出細項氟比來(Fluopicolide)0.02,107,新北市,121.4853918,25.0659487
池上米,臺東縣池上鄉店家,臺東縣池上鄉新興村7鄰85-6號,合格,二硫代胺基甲酸鹽類未檢出農藥多重殘留分析(373項)檢出細項布芬淨(Buprofezin)0.02,107,新北市,121.1996708,23.11461
百香果,百香果,臺北市中山區民族東路336號,合格,貝芬替(Carbendazim)0.02亞托敏(Azoxystrobin)0.04凡殺同(Famoxadone)0.02待克利(Difenoconazole)0.12二硫代胺基甲酸鹽類1.23氟比來(Fluopicolide)0.08農藥多重殘留分析(373項)檢出細項,107,新北市,121.5373211,25.067861
百香果,百香果,臺北市士林區華齡街175號2樓,合格,亞托敏(Azoxystrobin)0.02賽普洛(Cyprodinil)0.09二硫代胺基甲酸鹽類0.77益達胺(Imidacloprid)0.03第滅寧(Deltamethrin)0.02農藥多重殘留分析(373項)檢出細項護汰寧(Fludioxonil)0.05三落松(Triazophos)0.49待克利(Difenoconazole)0.33氟比來(Fluopicolide)0.05克凡派(Chlorfenapyr)0.03賽洛寧(λ-Cyhalothrin)0.06,107,新北市,121.5192471,25.0871324
進口白蘿蔔,臺北市士林區店家,臺北市士林區華齡街175號2樓,合格,農藥多重殘留分析(373項)檢出細項普拔克(Propamocarbhydrochloride)0.04二硫代胺基甲酸鹽類0.32,107,新北市,121.5192471,25.0871324
白米,臺東縣關山鎮店家,臺東縣關山鎮德高里東庄路30-33號,合格,二硫代胺基甲酸鹽類未檢出農藥多重殘留分析(373項)未檢出,107,新北市,121.179472,23.075016
智利蘋果,智利,新北市蘆洲區國道路2段30巷,合格,農藥多重殘留分析(373項)檢出細項二硫代胺基甲酸鹽類未檢出派美尼(Pyrimethanil)0.96,107,新北市,121.4739893,25.0730425
南非蘋果,新北市蘆洲區店家,新北市蘆洲區國道路2段30巷,合格,芬殺?(Fenazaquin)0.03二硫代胺基甲酸鹽類0.15農藥多重殘留分析(373項)檢出細項,107,新北市,121.4739893,25.0730425
智利蘋果,智利,新北市泰山區新生路163號,合格,派美尼(Pyrimethanil)0.29農藥多重殘留分析(373項)檢出細項二硫代胺基甲酸鹽類未檢出,107,新北市,121.432248,25.0421692
蓮藕,新北市板橋區店家,新北市板橋區板城路1000號,合格,農藥多重殘留分析(373項)未檢出二硫代胺基甲酸鹽類未檢出,107,新北市,121.449148,25.0202341
木瓜,屏東縣長治鄉店家,屏東縣長治鄉繁華村(路)170巷5弄7號,合格,賽座滅(Cyazofamid)0.06氟派瑞(Fluopyram)0.29農藥多重殘留分析(373項)檢出細項亞滅培(Acetamiprid)0.10二硫代胺基甲酸鹽類未檢出賜派芬(Spirodiclofen)0.02三氟敏(Trifloxystrobin)0.02,107,新北市,120.5710804,22.6963346
蓮藕,嘉義縣新港鄉店家,嘉義縣新港鄉福德村登惠路111巷2號,合格,農藥多重殘留分析(373項)未檢出二硫代胺基甲酸鹽類未檢出,107,新北市,120.3421093,23.555652
蓮藕,嘉義縣新港鄉店家,嘉義縣新港鄉福德村登惠路111巷2號,合格,二硫代胺基甲酸鹽類未檢出農藥多重殘留分析(373項)未檢出,107,新北市,120.3421093,23.555652
木瓜,雲林縣土庫鎮店家,雲林縣土庫鎮建國路374號,合格,農藥多重殘留分析(373項)檢出細項芬普寧(Fenpropathrin)0.04二硫代胺基甲酸鹽類未檢出賽普洛(Cyprodinil)0.05,107,新北市,120.397849,23.6796004
白蘿蔔,白蘿,臺北市萬華區保興路13號,合格,農藥多重殘留分析(373項)未檢出二硫代胺基甲酸鹽類0.32,107,新北市,121.4970294,25.0262857
高麗菜,雲林縣西螺鎮店家,雲林縣西螺鎮市場南路261號,合格,農藥多重殘留分析(373項)未檢出二硫代胺基甲酸鹽類0.20,107,新北市,120.4512465,23.7817861
珍珠芭樂,珍珠,高雄市燕巢區中華路200號,合格,農藥多重殘留分析(373項)未檢出二硫代胺基甲酸鹽類未檢出,107,新北市,120.3660463,22.7958533
秋黃梨,台中市東勢區店家,台中市東勢區東琦路5段100號,合格,農藥多重殘留分析(373項)未檢出二硫代胺基甲酸鹽類未檢出,107,新北市,120.8418508,24.2515821
新興梨,苗栗縣卓蘭鎮店家,苗栗縣卓蘭鎮老庄里河北街48號,合格,二硫代胺基甲酸鹽類未檢出農藥多重殘留分析(373項)未檢出,107,新北市,120.8308222,24.3114961
溫室花瓜,雲林縣四湖鄉店家,雲林縣四湖鄉中山西路94號,合格,農藥多重殘留分析(373項)檢出細項芬普?(Fenpyroximate)0.02賽福座(Triflumizole)0.06氟尼胺(Flonicamid)0.12二硫代胺基甲酸鹽類未檢出賽座滅(Cyazofamid)0.02,107,新北市,120.2226555,23.6377404
花瓜,彰化縣埤頭鄉店家,彰化縣埤頭鄉崙子村埤頭路765號,合格,二硫代胺基甲酸鹽類未檢出白克列(Boscalid)0.05達特南(Dinotefuran)0.08農藥多重殘留分析(373項)檢出細項,107,新北市,120.4674267,23.9007502
菠菜,雲林縣二崙鄉店家,雲林縣二崙鄉油東村32號,合格,農藥多重殘留分析(373項)檢出細項福多寧(Flutolanil)0.03二硫代胺基甲酸鹽類未檢出達滅芬(Dimethomorph)0.03,107,新北市,120.4062196,23.8155793
珍珠芭樂,珍珠,台中市和平區達觀里東崎一路桃山巷39之11號,合格,二硫代胺基甲酸鹽類未檢出亞滅培(Acetamiprid)0.02陶斯松(Chlorpyrifos)0.02農藥多重殘留分析(373項)檢出細項,107,新北市,120.9363847,24.336678
奇異果(進口農產品),奇異,臺北市大安區仁愛路3段18之1號3樓,合格,農藥多重殘留分析(373項)未檢出二硫代胺基甲酸鹽類未檢出,107,新北市,121.5342553,25.0377017
美國富士蘋果(進口農產品),臺北市松山區店家,臺北市松山區敦化北路238巷10號,合格,二硫代胺基甲酸鹽類未檢出護汰寧(Fludioxonil)0.40農藥多重殘留分析(373項)檢出細項腐絕(Thiabendazole)0.15,107,新北市,121.5486429,25.060136
有機白米,新北市永和區店家,新北市永和區永貞路287巷1號1樓,合格,二硫代胺基甲酸鹽類未檢出農藥多重殘留分析(373項)未檢出,107,新北市,121.5109933,25.0051443
高麗菜,台中市西區店家,台中市西區台灣大道2段218號29F,合格,農藥多重殘留分析(373項)未檢出二硫代胺基甲酸鹽類未檢出,107,新北市,120.6690962,24.1521048
紅玫瑰花,高雄市三民區店家,高雄市三民區建國三路112號,不合格,貝芬替(Carbendazim)0.99賽洛寧(λ-Cyhalothrin)0.09二硫代胺基甲酸鹽類未檢出農藥多重殘留分析(373項)檢出細項,107,新北市,120.2948348,22.6375559
釋迦,臺北市松山區店家,臺北市松山區民族東路336號,不合格,農藥多重殘留分析(373項)檢出細項二硫代胺基甲酸鹽類未檢出芬佈賜(Fenbutatin-oxide)0.03,107,新北市,121.5373211,25.067861
玫瑰花朵,桃園市平鎮店家,桃園市平鎮區快速路二段616巷6號,不合格,三泰芬(Triadimefon)0.26亞素靈(Monocrotophos)0.18二硫代胺基甲酸鹽類未檢出農藥多重殘留分析(373項)檢出細項三泰隆(Triadimenol)0.88,107,新北市,121.2259653,24.9159974
玫瑰花瓣,新北市五股區店家,新北市五股區五權五路31號,不合格,畢芬寧(Bifenthrin)0.08佈飛松(Profenophos)0.15二硫代胺基甲酸鹽類未檢出農藥多重殘留分析(373項)檢出細項,107,新北市,121.452171,25.0659564
台灣香菜,彰化縣溪湖鎮店家,彰化縣溪湖鎮榕樹路108號,不合格,二硫代胺基甲酸鹽類未檢出農藥多重殘留分析(373項)檢出細項佈飛松(Profenophos)0.22撲滅松(Fenitrothion)0.02賓克隆(Pencycuron)0.56陶斯松(Chlorpyrifos)0.02亞托敏(Azoxystrobin)0.09待克利(Difenoconazole)0.02三泰隆(Triadimenol)0.16,107,新北市,120.5100574,23.9576861
青江菜,雲林縣二崙鄉店家,雲林縣二崙鄉中興路118號,不合格,達特南(Dinotefuran)0.46待克利(Difenoconazole)0.28二硫代胺基甲酸鹽類0.46農藥多重殘留分析(373項)檢出細項阿巴汀(Abamectin)0.02亞滅培(Acetamiprid)0.72因滅汀(Emamectin benzoateB1b)0.04因滅汀(Emamectin benzoateB1a)0.10佈飛松(Profenophos)1.34,107,新北市,120.4124805,23.7730692
進口柑桔,新北市中和區店家,新北市中和區興南路2段261巷6號之25,不合格,達特南(Dinotefuran)0.09克凡派(Chlorfenapyr)0.04二硫代胺基甲酸鹽類未檢出農藥多重殘留分析(373項)檢出細項貝芬替(Carbendazim)0.16得克利(Tebuconazole)0.03布芬淨(Buprofezin)0.02滅大松(Methidathion)0.24,107,新北市,121.503357,24.9793325
澳洲茂谷柑,新北市中和區店家,新北市中和區連城路194巷4號,不合格,益達胺(Imidacloprid)0.12依滅列(Imazalil)0.74芬普尼(Fipronil)0.002依普同(Iprodione)0.07二硫代胺基甲酸鹽類未檢出農藥多重殘留分析(373項)檢出細項,107,新北市,121.4920767,24.9977225
大薏仁,南投縣南投市店家,南投縣南投市自強三路28號,合格,黃麴毒素(B1+B2+G1+G2)總黃麴毒素 :未檢出(10 ppb 以下),107,新北市,120.6658078,23.9266711
玉米粉,玉米,南投縣南投市自強三路28號,合格,黃麴毒素(B1+B2+G1+G2)總黃麴毒素 :未檢出(15 ppb 以下),107,新北市,120.6658078,23.9266711
金愛斯佳黑棗麥精,臺北市大安區店家,臺北市大安區復興南路一段368號7樓,合格,黃麴毒素(B1+B2+G1+G2)總黃麴毒素 :未檢出(10 ppb 以下)赭麴毒素 A未檢出(0.50 ppb 以下)黃麴毒素B1未檢出(0.1 ppb 以下)脫氧雪腐鐮刀菌烯醇未檢出(200 ppb以下)玉米赤黴毒素未檢出(20 ppb 以下),107,新北市,121.5433221,25.0349429
台灣竹薑粉,南投縣名間鄉店家,南投縣名間鄉豐柏路77號,合格,黃麴毒素(B1+B2+G1+G2)總黃麴毒素 :未檢出(10 ppb 以下),107,新北市,120.6324151,23.8333663
韓國泡菜辣椒片,韓國,南投縣南投市成功三路178號,合格,黃麴毒素(B1+B2+G1+G2)總黃麴毒素 :未檢出(10 ppb 以下),107,新北市,120.658663,23.9213402
正宗韓國辣椒粉,新北市三芝區店家,新北市三芝區中山路1段55號,合格,黃麴毒素(B1+B2+G1+G2)總黃麴毒素 :未檢出(10 ppb 以下),107,新北市,121.5024439,25.2558123
桂格優護HA麥精,桃園市大園區店家,桃園市大園區和平西路1段369號,合格,赭麴毒素 A未檢出(0.50 ppb 以下)玉米赤黴毒素未檢出(20 ppb 以下)黃麴毒素B1未檢出(0.1 ppb 以下)黃麴毒素(B1+B2+G1+G2)總黃麴毒素 :未檢出(10 ppb 以下)脫氧雪腐鐮刀菌烯醇未檢出(200 ppb以下),107,新北市,121.1992623,25.05994
永偉鮮嫩玉米醬,新北市新莊區店家,新北市新莊區化成路382巷18號,合格,黃麴毒素(B1+B2+G1+G2)總黃麴毒素 :未檢出(15 ppb 以下),107,新北市,121.4673113,25.0500461
低筋麵粉,新北市新莊區店家,新北市新莊區新樹路67巷40弄3號,合格,赭麴毒素 A未檢出(5 ppb 以下)黃麴毒素(B1+B2+G1+G2)總黃麴毒素 :未檢出(10 ppb 以下),107,新北市,121.4408118,25.0302757
芬蘭有機中筋麵粉,桃園市龜山區店家,桃園市龜山區華亞二路23號4樓,合格,黃麴毒素(B1+B2+G1+G2)總黃麴毒素 :未檢出(10 ppb 以下)赭麴毒素 A未檢出(5 ppb 以下),107,新北市,121.3779153,25.0501199
100%台灣在來米粉,新北市樹林區店家,新北市樹林區八德街280巷3號,合格,黃麴毒素(B1+B2+G1+G2)總黃麴毒素 :未檢出(10 ppb 以下)赭麴毒素 A未檢出(5 ppb 以下),107,新北市,121.4105554,24.9706559
國產紅薏仁粒,彰化縣芳苑鄉店家,彰化縣芳苑鄉芳苑鄉後寮村工區路32號,合格,黃麴毒素(B1+B2+G1+G2)總黃麴毒素 :未檢出(10 ppb 以下),107,新北市,120.3478459,23.9161845
紅薏仁,新北市土城區店家,新北市土城區忠誠路95號12F土城區忠誠路95號12F,合格,黃麴毒素(B1+B2+G1+G2)總黃麴毒素 :未檢出(10 ppb 以下),107,新北市,121.5339217,25.1161013
冷凍去骨羊肉BONELESS LAMB,新北市三重區店家,新北市三重區中正北路530巷18號,合格,動物用藥多重殘留(48項)動物用藥殘留量-多重殘留分析(二) 未檢出乙型受體素類(β-agonist)(20項)乙型受體素類多重殘留分析 未檢出四環黴素類(7項)未檢出氯黴素類抗生素(4項)未檢出,107,新北市,121.4721731,25.069386
美胸腹肉,台中市西屯區店家,台中市西屯區工業8路6號,合格,氯黴素類抗生素(4項)未檢出四環黴素類(7項)未檢出乙型受體素類(β-agonist)(20項)乙型受體素類多重殘留分析 Ractopamine檢出0.001(法規值0.01)其餘未檢出動物用藥多重殘留(48項)動物用藥殘留量-多重殘留分析(二) 未檢出,107,新北市,120.6424333,24.1769764
台灣檸檬雞柳條,新北市三重區店家,新北市三重區中正北路530巷18號,合格,防腐劑(14項)防腐劑 13 項 未檢出,107,新北市,121.4721731,25.069386
雞肉,雞肉,新北市中和區建康路262號,合格,乙型受體素類(β-agonist)(20項)乙型受體素類多重殘留分析 未檢出抗生物質(1項)動物用藥殘留量-多重殘留分析(二) 未檢出氯黴素類抗生素(4項)未檢出四環黴素類(7項)未檢出,107,新北市,121.4928107,24.9992571
熱狗,新北市三重區店家,新北市三重區中興北街153之5號,合格,亞硝酸鹽0.024 g/kg (法規值 0.07 g/kg),107,新北市,121.4691218,25.0534614
雞皮,屏東縣內埔鄉店家,屏東縣內埔鄉工業區建國路16號,合格,動物用藥多重殘留(48項)動物用藥殘留量-多重殘留分析(二) 未檢出四環黴素類(7項)未檢出氯黴素類抗生素(4項)未檢出乙型受體素類(β-agonist)(20項)乙型受體素類多重殘留分析 未檢出,107,新北市,120.5429478,22.6400858
前腿絞肉,前腿,臺北市萬華區環河南路2段250巷60號,合格,四環黴素類(7項)未檢出乙型受體素類(β-agonist)(20項)乙型受體素類多重殘留分析 未檢出氯黴素類抗生素(4項)未檢出動物用藥多重殘留(48項)動物用藥殘留量-多重殘留分析(二) 未檢出,107,新北市,121.4901249,25.034179
弘爺特級漢堡肉,新北市三重區店家,新北市三重區光復路2段42巷39號5樓,合格,防腐劑(14項)防腐劑13項 未檢出,107,新北市,121.4693379,25.0546898
Agromex68後腿肉,台中市清水區店家,台中市清水區吳厝三街119巷9號,合格,Zilpaterol未檢出Terbutaline未檢出Tulobuterol未檢出Ractopamine未檢出氯黴素類抗生素(4項)未檢出Clenbuterol未檢出Salbutamol未檢出四環黴素類(7項)未檢出動物用藥多重殘留(48項)未檢出Cimaterol未檢出,107,新北市,120.604074,24.274084
AI後腿肉0/M(藍)冷藏,屏東縣屏東市店家,屏東縣屏東市前造里前進51之3號,合格,四環黴素類(7項)未檢出動物用藥多重殘留(48項)未檢出Clenbuterol未檢出Salbutamol未檢出Zilpaterol未檢出Terbutaline未檢出Ractopamine未檢出氯黴素類抗生素(4項)未檢出Cimaterol未檢出Tulobuterol未檢出,107,新北市,120.4892658,22.6710655
黑胡椒豬排,黑胡,新北市新莊區民安西路482號1、2樓,合格,亞硝酸鹽0.005苯甲酸未檢出去水醋酸未檢出己二烯酸未檢出,107,新北市,121.4321709,25.0072569
招牌豬肉鬆,新北市三重區店家,新北市三重區興德路131巷32號1、2樓,合格,防腐劑(14項)防腐劑 13項 未檢出,107,新北市,121.4696704,25.0540241
寶寶專用肉酥(肉鬆)/(原味),新北市三峽區店家,新北市三峽區介壽路1段338巷12號,合格,己二烯酸未檢出苯甲酸未檢出去水醋酸未檢出,107,新北市,121.3876805,24.9336707
新力香熟肉,彰化縣埤頭鄉店家,彰化縣埤頭鄉斗苑東路525號,合格,氯黴素類抗生素(4項)未檢出乙型受體素類(β-agonist)(20項)未檢出四環黴素類(7項)未檢出動物用藥多重殘留(48項)未檢出,107,新北市,120.4801064,23.8881862
粹魯,新北市五股區店家,新北市五股區五工一路106號,合格,防腐劑(14項)未檢出,107,新北市,121.4571929,25.0699838
清肉鬍,桃園市桃園市店家,桃園市桃園市永安路1063號,合格,四環黴素類(7項)未檢出氯黴素類抗生素(4項)未檢出乙型受體素類(β-agonist)(20項)乙型受體素類多重殘留分析 未檢出動物用藥多重殘留(48項)動物用藥殘留量-多重殘留分析(二) 未檢出,107,新北市,121.2833065,25.0095756
小排,新北市新莊區店家,新北市新莊區環漢路三段529號,合格,氯黴素類抗生素(4項)未檢出動物用藥多重殘留(48項)動物用藥殘留量-多重殘留分析(二) 未檢出四環黴素類(7項)未檢出乙型受體素類(β-agonist)(20項)乙型受體素類多重殘留分析 未檢出,107,新北市,121.4354023,25.0011905
BONELESS BEEF(牛),臺北市內湖區店家,臺北市內湖區民善街76號2樓,合格,四環黴素類(7項)未檢出動物用藥多重殘留(48項)動物用藥殘留量-多重殘留分析(二) 未檢出氯黴素類抗生素(4項)未檢出乙型受體素類(β-agonist)(20項)乙型受體素類多重殘留分析 未檢出,107,新北市,121.5754413,25.0594699
BONELESSLAMB(羊),臺北市松山區店家,臺北市松山區羅斯路5段176巷17號1樓,合格,乙型受體素類(β-agonist)(20項)乙型受體素類多重殘留分析 未檢出氯黴素類抗生素(4項)未檢出動物用藥多重殘留(48項)動物用藥殘留量-多重殘留分析(二) 未檢出四環黴素類(7項)未檢出,107,新北市,121.573968,25.0331125
豬肉胚(A8力25),豬肉,雲林縣土庫鎮東平里忠孝街135號,合格,苯甲酸未檢出去水醋酸未檢出己二烯酸未檢出,107,新北市,120.3555488,23.714392
豬肉胚(A10力25),豬肉,雲林縣土庫鎮東平里忠孝街135號,合格,去水醋酸未檢出己二烯酸未檢出苯甲酸未檢出,107,新北市,120.3555488,23.714392
豬肉鬆,豬肉,"新北市三峽區嘉添181之32號1,3樓",合格,去水醋酸未檢出己二烯酸未檢出苯甲酸未檢出,107,新北市,121.3695338,24.9105397
五香豬肉乾,五香,新北市五股區五權三路24號,合格,己二烯酸0.70對羥苯甲酸丁酯未檢出水楊酸未檢出對羥苯甲酸未檢出苯甲酸未檢出對羥苯甲酸丙酯未檢出去水醋酸未檢出對羥苯甲酸異丙酯未檢出對羥苯甲酸甲酯未檢出對羥苯甲酸乙酯未檢出對羥苯甲酸第二丁酯未檢出對羥苯甲酸異丁酯未檢出亞硝酸鹽0.002,107,新北市,121.4530805,25.0652495
後腿肉(油膜修清),後腿,高雄市路竹區中山南路47號,合格,四環黴素類(7項)未檢出Zilpaterol未檢出Terbutaline未檢出Ractopamine未檢出氯黴素類抗生素(4項)未檢出Cimaterol未檢出Tulobuterol未檢出Clenbuterol未檢出Salbutamol未檢出動物用藥多重殘留(48項)未檢出,107,新北市,120.2653038,22.8362098
後腿原料肉,後腿,台南市東區生產路68號,合格,氯黴素類抗生素(4項)未檢出動物用藥多重殘留(48項)動物用藥殘留量-多重殘留分析(二) 未檢出四環黴素類(7項)未檢出乙型受體素類(β-agonist)(20項)乙型受體素類多重殘留分析 未檢出,107,新北市,120.2216471,22.9636366
06後腿肉(壓),屏東縣萬丹鄉店家,屏東縣萬丹鄉萬丹路3段311號,合格,氯黴素類抗生素(4項)未檢出乙型受體素類(β-agonist)(20項)乙型受體素類多重殘留分析 未檢出四環黴素類(7項)未檢出動物用藥多重殘留(48項)動物用藥殘留量-多重殘留分析(二) 未檢出,107,新北市,120.4798769,22.623836
叉燒肉,新北市土城區店家,新北市土城區承天路71巷4弄21號,合格,防腐劑(14項)防腐劑 13項 未檢出,107,新北市,121.4416501,24.9632479
厚燒肉干,新北市三重區店家,新北市三重區中興北街204巷11號,合格,己二烯酸未檢出苯甲酸未檢出去水醋酸未檢出,107,新北市,121.4683534,25.0591643
後腿肉3/M(箱)冷藏,後腿,屏東縣屏東市前進里前進51之3號,合格,氯黴素類抗生素(4項)未檢出乙型受體素類(β-agonist)(20項)乙型受體素類多重殘留分析 未檢出四環黴素類(7項)未檢出動物用藥多重殘留(48項)動物用藥殘留量-多重殘留分析(二) 未檢出,107,新北市,120.4639282,22.6508471
黑胡椒肉排,黑胡,新北市三重區興德路141巷12號,合格,防腐劑(14項)防腐劑13項。 苯甲酸檢出0.54g/kg(法規值1.0g/kg)，其餘未檢出,107,新北市,121.4694305,25.0533031
後腿肉,後腿,新北市中和區建康路262號2樓,合格,四環黴素類(7項)未檢出Zilpaterol未檢出Salbutamol未檢出Cimaterol未檢出Ractopamine未檢出氯黴素類抗生素(4項)未檢出動物用藥多重殘留(48項)未檢出Clenbuterol未檢出Tulobuterol未檢出Terbutaline未檢出,107,新北市,121.4928107,24.9992571
前腿肉,前腿,新北市中和區建康路262號2樓,合格,Clenbuterol未檢出四環黴素類(7項)未檢出動物用藥多重殘留(48項)未檢出Terbutaline未檢出Ractopamine未檢出氯黴素類抗生素(4項)未檢出Salbutamol未檢出Zilpaterol未檢出Cimaterol未檢出Tulobuterol未檢出,107,新北市,121.4928107,24.9992571
肉醬,新北市新莊區店家,新北市新莊區化成路382巷18號,合格,去水醋酸未檢出對羥苯甲酸第二丁酯未檢出對羥苯甲酸異丁酯未檢出己二烯酸未檢出苯甲酸未檢出對羥苯甲酸未檢出對羥苯甲酸丁酯未檢出水楊酸未檢出對羥苯甲酸甲酯未檢出對羥苯甲酸乙酯未檢出對羥苯甲酸異丙酯未檢出對羥苯甲酸丙酯未檢出亞硝酸鹽未檢出,107,新北市,121.4673113,25.0500461
火腿雞蛋沙拉,火腿,桃園市楊梅區高獅路813巷22弄6號,合格,大腸桿菌陰性大腸桿菌群陰性沙門氏桿菌陰性金黃色葡萄球菌陰性,109,新北市,121.1643584,24.9276342
肉鬆麵包,肉鬆,新北市三重區三和路4段360之3號,合格,大腸桿菌陰性大腸桿菌群3.6沙門氏桿菌陰性金黃色葡萄球菌陰性,109,新北市,121.483005,25.0784985
雙起司蛋沙拉土司,新北市新店區店家,新北市新店區寶興路3號,合格,大腸桿菌陰性大腸桿菌群陰性沙門氏桿菌陰性金黃色葡萄球菌陰性,109,新北市,121.5500134,24.9719232
火腿起司蛋沙拉土司,火腿,新北市新店區寶興路3號,合格,大腸桿菌陰性大腸桿菌群240沙門氏桿菌陰性金黃色葡萄球菌1700金黃色葡萄球菌腸毒素陰性,109,新北市,121.5500134,24.9719232
蔥捲麵包,新北市新莊區店家,新北市新莊區化成路410號,合格,大腸桿菌陰性大腸桿菌群陰性沙門氏桿菌陰性金黃色葡萄球菌陰性,109,新北市,121.466198,25.050771
肉鬆麵包,肉鬆,新北市新莊區化成路410號,合格,大腸桿菌陰性大腸桿菌群陰性沙門氏桿菌陰性金黃色葡萄球菌陰性,109,新北市,121.466198,25.050771
肉鬆沙拉麵包,肉鬆,新北市土城區裕民路52之1號,合格,大腸桿菌陰性大腸桿菌群陰性沙門氏桿菌陰性金黃色葡萄球菌陰性,109,新北市,121.4483902,24.9880684
葱捲沙拉麵包,新北市土城區店家,新北市土城區裕民路52之1號,合格,大腸桿菌陰性大腸桿菌群43沙門氏桿菌陰性金黃色葡萄球菌陰性,109,新北市,121.4483902,24.9880684
洋芋沙拉三明治,桃園市蘆竹區店家,桃園市蘆竹區海山中街71號,合格,大腸桿菌陰性大腸桿菌群3.6沙門氏桿菌陰性金黃色葡萄球菌陰性,109,新北市,121.2614626,25.1079918
肉鬆麵包,肉鬆,新北市三重區自強路3段10號1樓,合格,大腸桿菌陰性大腸桿菌群陰性沙門氏桿菌陰性金黃色葡萄球菌陰性,109,新北市,121.4869383,25.0719166
熱狗麵包,新北市汐止區店家,新北市汐止區福德一路342巷2弄5號4樓,合格,大腸桿菌陰性大腸桿菌群陰性沙門氏桿菌陰性金黃色葡萄球菌陰性,109,新北市,121.6294511,25.063498
火腿雞蛋沙拉,火腿,新北市汐止區福德一路342巷2弄5號4樓,合格,大腸桿菌陰性大腸桿菌群陰性沙門氏桿菌陰性金黃色葡萄球菌陰性,109,新北市,121.6294511,25.063498
肉鬆麵包,肉鬆,新北市新店區中正路104號,合格,大腸桿菌陰性大腸桿菌群陰性沙門氏桿菌陰性金黃色葡萄球菌陰性,109,新北市,121.5431935,24.9708194
肉鬆麵包,肉鬆,新北市土城區青雲路232號1樓,合格,大腸桿菌陰性大腸桿菌群3.6沙門氏桿菌陰性金黃色葡萄球菌陰性,109,新北市,121.4589609,24.9807242
薯餅麵包,新北市淡水區店家,新北市淡水區民族路8號1樓,合格,大腸桿菌陰性大腸桿菌群陰性沙門氏桿菌陰性金黃色葡萄球菌陰性,109,新北市,121.4603749,25.1368746
香蔥德式香腸麵包,新北市淡水區店家,新北市淡水區民族路8號1樓,合格,大腸桿菌陰性大腸桿菌群陰性沙門氏桿菌陰性金黃色葡萄球菌陰性,109,新北市,121.4603749,25.1368746
乳酪條,新北市汐止區店家,新北市汐止區建成路37巷1號,合格,大腸桿菌陰性大腸桿菌群陰性沙門氏桿菌陰性金黃色葡萄球菌陰性,109,新北市,121.6637461,25.072753
招牌三明治,新北市板橋區店家,新北市板橋區雙十路2段144號,合格,大腸桿菌陰性大腸桿菌群20沙門氏桿菌陰性金黃色葡萄球菌陰性,109,新北市,121.4735529,25.0293175
法式三明治(火腿),法式,新北市板橋區松柏街2之1號,合格,大腸桿菌陰性大腸桿菌群3.6沙門氏桿菌陰性金黃色葡萄球菌陰性,109,新北市,121.4753149,25.0300101
法式三明治(起士),法式,新北市板橋區松柏街2之1號,合格,大腸桿菌陰性大腸桿菌群7.4沙門氏桿菌陰性金黃色葡萄球菌陰性,109,新北市,121.4753149,25.0300101
肉鬆麵包,肉鬆,新北市泰山區仁愛路130號,合格,大腸桿菌陰性大腸桿菌群陰性沙門氏桿菌陰性金黃色葡萄球菌陰性,109,新北市,121.434043,25.055862
蔥花火腿麵包,新北市淡水區店家,新北市淡水區中山北路2段383號,合格,大腸桿菌陰性大腸桿菌群陰性沙門氏桿菌陰性金黃色葡萄球菌陰性,109,新北市,121.4436338,25.1879709
火腿三明治,火腿,新北市新店區安康路2段144號,合格,大腸桿菌陰性大腸桿菌群陰性沙門氏桿菌陰性金黃色葡萄球菌陰性,109,新北市,121.5123649,24.9617432
起士三明治,新北市新店區店家,新北市新店區安康路2段144號,合格,大腸桿菌陰性大腸桿菌群陰性沙門氏桿菌陰性金黃色葡萄球菌陰性,109,新北市,121.5123649,24.9617432
蔥花肉鬆卷,新北市永和區店家,新北市永和區保福路2段92號,合格,大腸桿菌陰性大腸桿菌群陰性,109,新北市,121.510483,25.013475
菜豆,廣誠素食/臺北市松山區店家,廣誠素食/臺北市松山區八德路3段140號,不合格,"殺蟲劑3-羥基加保扶(3-OH Carbofuran)0.02ppm、加保扶(Carbofuran)0.03ppm(標準：不得檢出)
殺蟎劑Ethion 愛殺松0.30ppm(標準：不得檢出) 
殺蟲劑Etofenprox 依芬寧0.06ppm(標準：不得檢出) 
殺蟲劑Indoxacarb 因得克0.09ppm(標準：0.01ppm以下) 
殺菌劑Propamocarb hydrochloride 普拔克0.3ppm(標準：0.1ppm以下) 
殺菌劑Thifluzamide 賽氟滅0.05(標準：不得檢出) ",112,台北市,121.5545592,25.0478956
大湖草莓（中）（180g/盒）,惠康百貨股份有限公司天母分公司(Mia C'bon)/臺北市士林區店家,惠康百貨股份有限公司天母分公司(Mia C'bon)/臺北市士林區天母西路3號2樓,不合格,"殺蟲劑Abamectin 阿巴汀0.07ppm(標準：0.02ppm以下) 
殺蟲劑Deltamethrin 第滅寧0.6ppm(標準：0.2ppm以下) 
殺菌劑Fludioxonil 護汰寧3.2ppm(標準：2.0ppm以下) 
殺菌劑Propamocarb hydrochloride 普拔克14.8ppm(標準：9.0ppm以下)
殺蟲劑Spiromesifen 賜滅芬2.9ppm(標準：1.0ppm以下) ",112,台北市,121.5292944,25.1185981
結球白菜,全聯實業股份有限公司天母天玉分公司/臺北市士林區店家,全聯實業股份有限公司天母天玉分公司/臺北市士林區天母西路3號地下室,不合格,"殺蟲劑3-酮基加保扶（ 3-keto Carbofuran） 0.03ppm、3-羥基加保扶（ 3 -O H C a rb o fu ra n ） 0 .1 3 p p m 、加保扶（C arbofuran ） 0.04ppm （ 標準： 0.1ppm 以下） 
殺蟲劑Diflubenzuron二福隆1.3ppm（標準：1.0ppm以下）
殺蟲劑Pyriproxyfen百利普芬0.29ppm（標準：0.01ppm以下）
殺蟲劑Tolfenpyrad脫芬瑞0.7ppm（標準：0.5ppm以下）",112,台北市,121.529675,25.11898
茼蒿,築間幸福鍋物/臺北市大安區店家,築間幸福鍋物/臺北市大安區忠孝東路4段120號2樓,不合格,"殺菌劑Chlorothalonil 四氯異苯腈13.7ppm(標準：2.0ppm以下) 
殺菌劑Difenoconazole 待克利1.4ppm(標準：1.0ppm以下) 
殺菌劑Propiconazole 普克利0.02ppm(標準：0.01ppm以下) ",112,台北市,121.5532471,25.0409786
紅莓-佐賀紅盒莓桑7玉(草莓),一級鮮果商行/臺北市大安區店家,一級鮮果商行/臺北市大安區仁愛路4段408號,不合格,"殺蟲劑Cyantraniliprole 賽安勃0.05ppm(標準：不得檢出) 
殺蟲劑Flonicamid 氟尼胺0.06ppm(標準：0.01ppm以下) ",112,台北市,121.5568023,25.037409
青江菜,築間幸福鍋物/臺北市大安區店家,築間幸福鍋物/臺北市大安區忠孝東路4段120號2樓,不合格,"殺線蟲劑Oxamyl 毆殺滅1.4ppm(標準：0.5ppm以下) 
殺蟲劑Profenophos 佈飛松1.8ppm(標準：1.0ppm以下) ",112,台北市,121.5532471,25.0409786
刈菜,謝O枚/臺北市萬華區店家,謝O枚/臺北市萬華區萬大路533號地號812,不合格,殺蟲劑Tetraniliprole 特安勃0.59ppm(標準：不得檢出) ,112,台北市,121.4984156,25.0185059
日本熊本草莓600g,微風超市股份有限公司(Breeze Super)/臺北市店家,微風超市股份有限公司(Breeze Super)/臺北市松山區南京東路3段337號2樓,不合格,殺蟎劑亞醌蟎代謝物(Acequinocyl-hydroxyl)0.06ppm(標準：不得檢出) ,112,台北市,121.5575367,25.0517504
長年菜,天香/臺北市松山區店家,天香/臺北市松山區八德路3段76號/中崙市場24號攤,不合格,殺蟲劑Tetraniliprole 特安勃0.04ppm(標準：不得檢出) ,112,台北市,121.5526422,25.0477374
草莓,草莓,梅林水果行/臺北市中正區開封街1段81、83號1樓,不合格,殺蟎劑Acrinathrin 阿納寧0.03ppm(標準：不得檢出) ,112,台北市,121.5146126,25.0460573
冷凍草莓(製造日期1110923),延柔商行(七盞茶林森店)/臺北市中山區店家,延柔商行(七盞茶林森店)/臺北市中山區林森北路302號,不合格,殺蟲劑Pirimicarb 比加普0.04ppm(標準：0.01ppm以下) ,112,台北市,121.5252919,25.0558905
青蔥,築間幸福鍋物/臺北市大安區店家,築間幸福鍋物/臺北市大安區忠孝東路4段120號2樓,不合格,殺蟲劑Metaflumizone 美氟綜0.02ppm(標準：0.01ppm以下) ,112,台北市,121.5532471,25.0409786
泰山干絲,泰山,北投中繼市場-麗萍豆干美食(72號攤)/臺北市北投區磺港路33號,不合格,檢出過氧化氫為陽性(不得檢出),112,台北市,121.5034198,25.13236
特選涼拌干絲,聰明素食批發行(聰明食品總匯)/臺北市萬華區店家,聰明素食批發行(聰明食品總匯)/臺北市萬華區西藏路552號,不合格,檢出過氧化氫為陽性(不得檢出),112,台北市,121.4920784,25.0288451
豆干絲,豆干,阿弘潤餅/臺北市信義區吳興街189號,不合格,檢出苯甲酸0.71 g/kg(標準：0.6 g/kg以下),112,台北市,121.5625397,25.0285459
豆干,豆干,豪棧小吃店(潤餅、刈包)/臺北市內湖區內湖路1段285巷59弄1號,不合格,檢出過氧化氫為陽性(不得檢出),112,台北市,121.5683655,25.0823089
台灣新鮮草莓2號,美味達人股份有限公司內湖文德分公司(85°C BAKERY CAFÉ)/臺北市內湖區店家,美味達人股份有限公司內湖文德分公司(85°C BAKERY CAFÉ)/臺北市內湖區文德路2號,不合格,"殺蟎劑Bifenazate 必芬蟎7.6ppm(標準：2.0ppm以下) 
殺蟲劑Deltamethrin 第滅寧0.4ppm(標準：0.2ppm以下) 
殺蟲劑Spiromesifen 賜滅芬2.1ppm(標準：1.0ppm以下) ",112,台北市,121.5788477,25.0784832
大芥菜(包心芥菜),湖光市場無市店家,湖光市場無市招菜攤(葉O雲)/臺北市內湖區康寧路1段26巷1號旁,不合格,"殺蟲劑Abamectin 阿巴汀0.12ppm(標準：0.05ppm以下) 
殺蟲劑Chlorfenapyr 克凡派1.5ppm(標準：1.0ppm以下) 
殺蟲劑Methomyl 納乃得0.8ppm(標準：0.7以下) ",112,台北市,121.592353,25.080129
刈菜(包心芥菜),吳O玲/承銷號：2601/榮濱市場路邊攤/臺北市店家,吳O玲/承銷號：2601/榮濱市場路邊攤/臺北市中山區民族東路410巷2弄10號前,不合格,"殺蟲劑Dimethoate 大滅松0.07ppm(標準：0.02ppm以下) 
殺蟲劑Omethoate 歐滅松0.10ppm(標準：不得檢出) ",112,台北市,121.537744,25.0667309
菠菜,湖光市場無市店家,湖光市場無市招菜攤(葉O雲)/臺北市內湖區康寧路1段26巷1號旁,不合格,殺蟲劑Indoxacarb 因得克0.28ppm(標準： 0.01ppm以下) ,112,台北市,121.592353,25.080129
日本福岡 甘王草莓(盒),台台灣泛亞零售管理顧問股份有限公司西門分公司（DON DON DONKI) /臺北市萬華區店家,台台灣泛亞零售管理顧問股份有限公司西門分公司（DON DON DONKI) /臺北市萬華區西寧南路123號、123之1號、123號2樓、123號2樓之1、123號3樓、123號3樓之1；武昌街2段50巷2號、2之1號、2之2號、2之3號、2之5號、2之6號、2之7號、2之8號、2之9號、2之10號、2之11號、6號及西寧南路123號2樓、2樓之1、3樓、3樓之1,不合格,殺蟲劑Flonicamid 氟尼胺0.14ppm(標準：0.01ppm以下) ,112,台北市,121.5065687,25.0444936
空運日本草莓,好市多股份有限公司內湖分公司(COSTCO)/臺北市店家,好市多股份有限公司內湖分公司(COSTCO)/臺北市內湖區舊宗路1段268號、民善街255號,不合格,殺蟲劑Flonicamid 氟尼胺0.10ppm(標準：0.01ppm以下) ,112,台北市,121.5750237,25.0637515
菠菜,士林市場-菜攤(曹O良)/臺北市店家,士林市場-菜攤(曹O良)/臺北市士林區基河路101號(豪大大雞排正對面),不合格,殺菌劑Flutriafol 護汰芬0.02ppm(標準：0.01ppm以下) ,112,台北市,121.524157,25.0878373
茼蒿,榮濱市場路邊攤/臺北市店家,榮濱市場路邊攤/臺北市中山區民族東路410巷55號門口前,不合格,殺菌劑Flutriafol 護汰芬0.02ppm(標準：0.01ppm以下) ,112,台北市,121.5383762,25.0651309
釋迦,環南市場蔬菜區店家,環南市場蔬菜區青果攤0003號/臺北市萬華區環河南路2段245號,不合格,殺蟲劑Diflubenzuron 二福隆0.02ppm(標準：0.01ppm以下) ,112,台北市,121.4897587,25.0286603
茼蒿,環南坤廷蔬菜/臺北市萬華區店家,環南坤廷蔬菜/臺北市萬華區環河南路2段245號/環南市場蔬菜區150號攤,不合格,殺菌劑Difenoconazole 待克利1.9ppm(標準：1.0ppm以下) ,112,台北市,121.4897587,25.0286603
茼蒿,湖光市場無市店家,湖光市場無市招菜攤(葉O雲)/臺北市內湖區康寧路1段26巷1號旁,不合格,殺菌劑Difenoconazole 待克利1.4ppm(標準：1.0ppm以下) ,112,台北市,121.592353,25.080129
芥菜(包心芥菜),我是你的菜/臺北市萬華區店家,我是你的菜/臺北市萬華區環河南路2段245號環南市場蔬菜區152號攤,不合格,殺蟲劑Terbufos 托福松0.06ppm(標準：0.05ppm以下) ,112,台北市,121.4897587,25.0286603
福壽100%純芥花油(有效日期：2024/10/31 ),全聯實業股份有限公司台北東門分公司/臺北市大安區店家,全聯實業股份有限公司台北東門分公司/臺北市大安區金山南路2段12號地下,不合格,營養標示反式脂肪含量為「每份：0公克」，惟檢出每100公克反式脂肪酸含量0.56公克，依據「包裝食品營養標示應遵行事項」，每100公克固體（半固體）反式脂肪酸含量不超過0.3公克得標示為0，案內產品應依實際數值標示。,112,台北市,121.5270137,25.0334641
檳城阿來白咖哩麵(有效日期：2023/8/25 ),全聯實業股份有限公司大安延吉分公司/臺北市大安區店家,全聯實業股份有限公司大安延吉分公司/臺北市大安區市民大道4段190號1.2樓,不合格,麵條檢出環氧乙烷0.065mg/kg(標準：不得檢出)、醬料包檢出環氧乙烷0.084mg/kg(標準：不得檢出),112,台北市,121.5539481,25.0441119
Indomie特色雞肉風味湯麵(有效日期：2023/8/7 ),宇林興業有限公司台北分公司/臺北市中山區店家,宇林興業有限公司台北分公司/臺北市中山區中山北路3段37號,不合格,"調味粉包檢出環氧乙烷0.187mg/kg
(標準：不得檢出)",112,台北市,121.5227372,25.0650931
廣大利松花溏心皮蛋,家福股份有限公司台北錦州分公司/臺北市中山區店家, 家福股份有限公司台北錦州分公司/臺北市中山區錦州街276號,不合格,銅6mg/kg (標準:5mg/kg),112,台北市,121.53502,25.0601132
日本熊本草莓2盤/箱,未知店家,"新鮮屋
https://www.fresco.casa/",不合格,"滅派林-1.3ppm
(標準:1.0ppm)
",112,台北市,121.537286,25.024377
黃魚,六廚有限公司(六廚川客料理)/臺北市大安區店家,六廚有限公司(六廚川客料理)/臺北市大安區信義路3段7號2樓,不合格,"恩氟喹啉羧酸(enrofloxacin)：0.03ppm
 (標準：不得檢出)",112,台北市,121.5333309,25.0337972
CRISTORY魔力水晶-咖啡風味,163冷飲店(163 Lane)/臺北市中正區店家,163冷飲店(163 Lane)/臺北市中正區延平南路163巷4號,不合格,"己二烯酸：0.70g/kg
(標準：不得檢出)",112,台北市,121.5079528,25.0350338
粉玫瑰,米卡餐坊(燒杯咖啡藝廚)/臺北市萬華區店家,米卡餐坊(燒杯咖啡藝廚)/臺北市萬華區西園路1段236號1樓,不合格,殺菌劑Penconazole 平克座0.08ppm(其他(茶類)*:0.05ppm),112,台北市,121.5000823,25.0399013
蝶豆花,時時展餐飲有限公司(泰讚了內湖瑞光店)/臺北市內湖區店家,時時展餐飲有限公司(泰讚了內湖瑞光店)/臺北市內湖區瑞光路317號1樓,不合格,"殺蟲劑Flubendiamide 氟大滅0.09ppm(其他(茶類)*:0.05ppm)
殺蟲劑Thiacloprid 賽果培0.08ppm(其他(茶類)*:0.05ppm)",112,台北市,121.5752868,25.0763188
玫瑰花瓣,享美學國際股份有限公司(享當下)/臺北市士林區店家,享美學國際股份有限公司(享當下)/臺北市士林區德行西路36號,不合格,殺蟲劑Permethrin 百滅寧0.29ppm(其他(茶類)*:0.05ppm),112,台北市,121.5231183,25.1053222
蝶豆花,享美學國際股份有限公司(享當下)/臺北市士林區店家,享美學國際股份有限公司(享當下)/臺北市士林區德行西路36號,不合格,"殺蟲劑Chlorpyrifos 陶斯松0.18ppm(其他(茶類)*:0.05ppm)
殺菌劑Metalaxyl 滅達樂0.06ppm(其他(茶類)*:0.05ppm)",112,台北市,121.5231183,25.1053222
美耐加賀筷 黑,利吉利商行/臺北市松山區店家,利吉利商行/臺北市松山區復興北路3號,不合格,"1.甲醛：43.0ppm
(標準:不得檢出)
2.蒸發殘渣：74ppm
(標準:30ppm以下)
3.未標示淨重、容量或數量",112,台北市,121.5442294,25.0481084
日風美耐筷,勝越企業社/臺北市中山區店家,勝越企業社/臺北市中山區吉林路133號1樓,不合格,"甲醛：24.0ppm
(標準:不得檢出)",112,台北市,121.5303426,25.0582455
迷迭香,3446何O獅/臺北市萬華區店家,3446何O獅/臺北市萬華區萬大路533號蔬菜區地號930,不合格,"殺菌劑Dimethomorph 達滅芬0.06ppm(標準：0.01ppm以下) 
殺蟲劑Imidacloprid 益達胺0.03ppm(標準：0.01ppm以下) 
殺草劑Oxadiazon 樂滅草0.04ppm(標準：0.01ppm以下) 
殺線蟲劑Oxamyl 毆殺滅0.04ppm(標準：0.01ppm以下) 
殺草劑Pendimethalin 施得圃0.06ppm(標準：0.01ppm以下) 
殺蟲劑Phenthoate 賽達松0.02ppm(標準：0.01ppm以下) ",112,台北市,121.4984156,25.0185059
芥蘭菜,欣盛小吃店(晴光精緻自助餐)/臺北市士林區店家,欣盛小吃店(晴光精緻自助餐)/臺北市士林區中正路363號,不合格,"殺蟲劑Chlorpyrifos 陶斯松0.02ppm(標準：0.01ppm以下) 
殺蟲劑Fipronil 芬普尼0.012ppm、Fipronil-sulfone芬普尼代謝物0.016ppm(標準：0.001ppm以下) 
殺蟲劑Pyriproxyfen 百利普芬0.51ppm(標準：0.01ppm以下) 
殺蟲劑Tolfenpyrad 脫芬瑞0.8ppm(標準：0.5ppm以下) ",112,台北市,121.5220472,25.094227
韭菜花,王黃O彫/臺北市萬華區店家,王黃O彫/臺北市萬華區萬大路533號蔬菜中繼零批場地號410,不合格,"殺蟲劑3-酮基加保扶(3-keto Carbofuran)0.01ppm、3-羥基加保扶(3-OH Carbofuran)0.18ppm、加保扶(Carbofuran)0.38ppm(標準：0.2ppm以下) 
殺蟲劑Acetamiprid 亞滅培0.08ppm(標準：0.01ppm以下) 
殺蟲劑Chlorpyrifos 陶斯松0.39ppm(標準：0.01ppm以下) ",112,台北市,121.4984156,25.0185059
白蘿蔔,白蘿,全國食養創作全自助餐復興店/臺北市大安區復興南路2段314號,不合格,"殺蟲劑Dinotefuran 達特南0.09ppm(標準：0.05ppm以下) 
殺蟲劑Fipronil-sulfone芬普尼代謝物0.002ppm(標準：0.001ppm以下) ",112,台北市,121.5431817,25.0234666
百香果,百香果,家福股份有限公司台北內湖分公司(家樂福內湖店)/臺北市內湖區民善街88 號,不合格,殺菌劑Metrafenone 滅芬農0.02ppm(標準：不得檢出) ,112,台北市,121.5748964,25.0600645
彰化韭菜花,大潤發流通事業股份有限公司南湖分公司(大潤發內湖二店) /臺北市內湖區店家, 大潤發流通事業股份有限公司南湖分公司(大潤發內湖二店) /臺北市內湖區舊宗路1段188號,不合格,殺蟎劑Spirodiclofen 賜派芬0.14ppm(標準： 0.01ppm以下) ,112,台北市,121.5789859,25.0598147
茄子,祥和小吃店(祥和蔬食精緻料理)/臺北市中正區店家,祥和小吃店(祥和蔬食精緻料理)/臺北市中正區鎮江街1巷1號,不合格,殺蟎劑Fenazaquin 芬殺蟎0.09ppm(標準：0.01ppm以下) ,112,台北市,121.5217918,25.0443616
茄子,全國食養創作全自助餐復興店/臺北市大安區店家,全國食養創作全自助餐復興店/臺北市大安區復興南路2段314號,不合格,殺蟎劑Spirodiclofen 賜派芬0.08ppm(標準：0.01ppm以下) ,112,台北市,121.5431817,25.0234666
敏豆,祥和小吃店(祥和蔬食精緻料理)/臺北市中正區店家,祥和小吃店(祥和蔬食精緻料理)/臺北市中正區鎮江街1巷1號,不合格,殺蟎劑Etoxazole 依殺蟎0.05ppm(標準：0.01ppm以下) ,112,台北市,121.5217918,25.0443616
韭菜,欣盛小吃店(晴光精緻自助餐)/臺北市士林區店家,欣盛小吃店(晴光精緻自助餐)/臺北市士林區中正路363號,不合格,殺菌劑Boscalid 白克列0.02ppm(標準：0.01ppm以下) ,112,台北市,121.5220472,25.094227
小白菜(優植),家福股份有限公司台北內湖分公司(家樂福內湖店) /臺北市內湖區店家,家福股份有限公司台北內湖分公司(家樂福內湖店) /臺北市內湖區民善街88 號,不合格,殺線蟲劑Oxamyl 毆殺滅0.7ppm(標準：0.5ppm以下) ,112,台北市,121.5748964,25.0600645
茉香綠茶(不含冰塊),品安甜品店(清原芋圓台北天津店)/臺北市中山區店家,品安甜品店(清原芋圓台北天津店)/臺北市中山區天津街41號1樓,不合格,"腸桿菌科：8.6x10^2 CFU/mL
(標準：10 CFU/mL)",112,台北市,121.523076,25.04991
原山青茶(含冰塊),海堂國際股份有限公司(珊瑚橘)/臺北市信義區店家,海堂國際股份有限公司(珊瑚橘)/臺北市信義區松高路12號B2,不合格,"腸桿菌科：2.2x10^3 CFU/mL
(標準：10 CFU/mL)",112,台北市,121.5666758,25.0380379
北海道牛奶風味(冰淇淋),北海,樂多多世界股份有限公司肉多多台北重慶南營業所(肉多多)/臺北市中正區重慶南路1段58號3樓,不合格,"腸桿菌科：50 CFU/mL
(標準：10 CFU/mL)",112,台北市,121.5134147,25.0468814
阿里山青茶(含冰塊),福餐聯餐飲股份有限公司吉龍糖石牌裕民門市/臺北市店家,福餐聯餐飲股份有限公司吉龍糖石牌裕民門市/臺北市北投區石牌路2段42號1樓,不合格,"腸桿菌科：1.6x10^5 CFU/mL
(標準：10 CFU/mL)",112,台北市,121.5158403,25.1157032
紅茶雪泥,頂呱呱股份有限公司忠孝東路店/臺北市大安區店家,頂呱呱股份有限公司忠孝東路店/臺北市大安區忠孝東路4段175之1號,不合格,"腸桿菌科：7.0x10^2 CFU/mL
(標準：10 CFU/mL)",112,台北市,121.5335165,25.0419925
蘋果野莓冰沙,蘋果,覺旅股份有限公司覺旅咖啡陽光分公司/臺北市內湖區陽光街321巷42號,不合格,"腸桿菌科：1.1x10^4 CFU/mL
(標準：10 CFU/mL)",112,台北市,121.5778053,25.0715682
巧克力香蕉冰沙,覺旅股份有限公司覺旅咖啡陽光分公司/臺北市內湖區店家,覺旅股份有限公司覺旅咖啡陽光分公司/臺北市內湖區陽光街321巷42號,不合格,"腸桿菌科：2.2x10^2 CFU/mL
(標準：10 CFU/mL)",112,台北市,121.5778053,25.0715682
麻荸茄茄子,嘉年華小吃店/臺北市南港區店家,嘉年華小吃店/臺北市南港區同德路72號1樓,不合格,"殺蟲劑Imidacloprid 益達胺0.6ppm(標準：0.5ppm以下) 
殺蟎劑Spirodiclofen 賜派芬0.20ppm(標準：0.01ppm以下) ",112,台北市,121.5852785,25.0456971
香菜(芫荽),百特蔬果行/臺北市松山區店家,百特蔬果行/臺北市松山區民生東路5段20號1樓,不合格,"殺蟲劑Fenitrothion 撲滅松0.02ppm(標準：0.01ppm以下) 
殺草劑Pendimethalin 施得圃0.6ppm(標準：0.1ppm以下)",112,台北市,121.5556082,25.0584343
紅辣椒,瓦城泰統股份有限公司西湖分公司(時時香美麗華店)/臺北市中山區店家,瓦城泰統股份有限公司西湖分公司(時時香美麗華店)/臺北市中山區敬業三路20號5樓,不合格,"殺蟲劑Imidacloprid 益達胺1.6ppm(標準：0.5ppm以下) 
殺菌劑Pyraclostrobin 百克敏0.8ppm(標準：0.5ppm以下) ",112,台北市,121.5577454,25.083201
紅辣椒,鼎皇麻辣火鍋店/臺北市中山區店家,鼎皇麻辣火鍋店/臺北市中山區民權東路2段1號,不合格,"殺蟲劑Chlorpyrifos 陶斯松0.02ppm(標準：0.01ppm以下) 
殺菌劑Prochloraz 撲克拉0.03ppm(標準：0.01ppm以下) ",112,台北市,121.5279769,25.0623355
(久)韭黃,無市招蔬果行(高O志)/臺北市店家,無市招蔬果行(高O志)/臺北市士林區德行東路109巷4號,不合格,殺蟎劑Ethion 愛殺松0.09ppm(標準：不得檢出) ,112,台北市,121.5284308,25.1080451
台灣特選韭黃,幸福品味實業股份有限公司(美福食集)/臺北市內湖區店家,幸福品味實業股份有限公司(美福食集)/臺北市內湖區民善街128號,不合格,殺菌劑Thifluzamide 賽氟滅0.03ppm(標準：不得檢出) ,112,台北市,121.5747831,25.0612911
東山絲瓜,幸幸越南素食館(越南蔬食)/臺北市南港區店家,幸幸越南素食館(越南蔬食)/臺北市南港區成福路28號,不合格,殺蟲劑3-OH Carbofuran 3-羥基加保扶0.02ppm(標準：不得檢出) ,112,台北市,121.5862459,25.0451087
台灣特選九層塔(羅勒),幸福品味實業股份有限公司(美福食集)/臺北市內湖區店家,幸福品味實業股份有限公司(美福食集)/臺北市內湖區民善街128號,不合格,殺菌劑Pyraclostrobin 百克敏0.92ppm(標準：0.01ppm以下) ,112,台北市,121.5747831,25.0612911
九層塔(羅勒),欣葉台菜信義新天地A9館/臺北市信義區店家,欣葉台菜信義新天地A9館/臺北市信義區松壽路9號8樓,不合格,殺菌劑Pyraclostrobin 百克敏0.73ppm(標準：0.01ppm以下) ,112,台北市,121.5668588,25.0363104
麻荸茄,鼎好小吃店/臺北市南港區店家,鼎好小吃店/臺北市南港區同德路56號,不合格,殺蟎劑Spirodiclofen 賜派芬0.17ppm(標準：0.01ppm以下) ,112,台北市,121.5848708,25.045423
特選辣椒,永祥蔬果行/臺北市南港區店家,永祥蔬果行/臺北市南港區同德路77號,不合格,殺蟲劑Clothianidin 可尼丁0.15ppm(標準：0.05ppm以下) ,112,台北市,121.585395,25.0459689
水蜜桃,靚青蔬果行/臺北市信義區店家,靚青蔬果行/臺北市信義區吳興街174號1樓,不合格,殺蟲劑Fenvalerate 芬化利1.8ppm(標準：1.0ppm以下) ,112,台北市,121.5621519,25.0286654
香脆花生蜜芋雪花冰(不含配料),思慕昔餐飲有限公司/臺北市大安區店家,思慕昔餐飲有限公司/臺北市大安區永康街15號、15號之1,不合格,"腸桿菌科：3.4x10^4 CFU/g
(標準：10 CFU/g)",112,台北市,121.5298132,25.0325219
芋頭芋圓牛奶雪花冰(不含配料),芋頭,思慕昔餐飲有限公司/臺北市大安區永康街15號、15號之1,不合格,"腸桿菌科：35 CFU/g
(標準：10 CFU/g)",112,台北市,121.5298132,25.0325219
探春(含冰塊),玖仰茶食文化有限公司永康分公司/臺北市大安區店家,玖仰茶食文化有限公司永康分公司/臺北市大安區永康街9-1號1樓,不合格,"腸桿菌科：1.1x10^5 CFU/mL
(標準：10 CFU/mL)",112,台北市,121.5299598,25.0329362
紅烏龍(含冰塊),玖仰茶食文化有限公司永康分公司/臺北市大安區店家,玖仰茶食文化有限公司永康分公司/臺北市大安區永康街9-1號1樓,不合格,"腸桿菌科：3.3x10^4 CFU/mL
(標準：10 CFU/mL)",112,台北市,121.5299598,25.0329362
黑巧克力霜淇淋,GODIVA巧克力微風南京/臺北市松山區店家,GODIVA巧克力微風南京/臺北市松山區南京東路3段337號1樓,不合格,"腸桿菌科：1.8x10^3 CFU/g
(標準：10 CFU/g)",112,台北市,121.5575367,25.0517504
歐利歐巧克力冰酷樂,百富通股份有限公司慶城店(莫凡彼)/臺北市松山區店家,百富通股份有限公司慶城店(莫凡彼)/臺北市松山區慶城街12號1樓,不合格,"腸桿菌科：1.4x10^2 CFU/g
(標準：10 CFU/g)",112,台北市,121.5464547,25.0531679
麥香紅茶,厚舖牛排館(人从众厚切牛排)/臺北市松山區店家,厚舖牛排館(人从众厚切牛排)/臺北市松山區光復北路146號1樓,不合格,"腸桿菌科：1.0x10^3 CFU/mL
(標準：10 CFU/mL)",112,台北市,121.5568894,25.052439
祖傳綠豆沙,金好家股份有限公司台北大安分公司(進發家大安店)/臺北市大安區店家,金好家股份有限公司台北大安分公司(進發家大安店)/臺北市大安區大安路1段53號,不合格,"腸桿菌科：4.6x10^2 CFU/g
(標準：10 CFU/g)",112,台北市,121.5463538,25.0419631
萬丹紅豆沙,金好家股份有限公司台北大安分公司(進發家大安店)/臺北市大安區店家,金好家股份有限公司台北大安分公司(進發家大安店)/臺北市大安區大安路1段53號,不合格,"腸桿菌科：1.5x10^2 CFU/g
(標準：10 CFU/g)",112,台北市,121.5463538,25.0419631
100%綠豆沙沙(不含配料),三良品茶/臺北市信義區店家,三良品茶/臺北市信義區永吉路263號,不合格,"腸桿菌科：58 CFU/mL
(標準：10 CFU/mL)",112,台北市,121.5752173,25.045718
霜淇淋,錢都火鍋/臺北市內湖區店家,錢都火鍋/臺北市內湖區成功路4段147號,不合格,"腸桿菌科：1.3x10^2 CFU/g
(標準：10 CFU/g)",112,台北市,121.5939019,25.083037
四季青茶(含冰塊),四季,甯臻恩飲料店(黑丸嫩仙草古亭店)/臺北市中正區同安街65號1樓,不合格,"腸桿菌科：5.8x10^3 CFU/g
(標準：10 CFU/g)",112,台北市,121.5216567,25.023817
天鵝醬油,怡樂國際有限公司(EEC GLOBAL TK)/臺北市中山區店家,怡樂國際有限公司(EEC GLOBAL TK)/臺北市中山區中山北路3段39號1樓,不合格,營養標示未如實標示,112,台北市,121.522663,25.0662818
花生粉,花生,老翁家/臺北市松山區新東街19號,不合格,"黃麴毒素B1：4.8μg/kg(2μg/kg以下)
總黃麴毒素B1+B2+G1+G2：5.5μg/kg(4μg/kg以下)",112,台北市,121.5658852,25.0586727
JA高知土佐番茶PET500ML,遠東都會股份有限公司天母店(市招: City super)/臺北市店家,遠東都會股份有限公司天母店(市招: City super)/臺北市士林區中山北路6段77號B1,不合格,原產地標示不實,112,台北市,121.5243331,25.1049953
甜豆(豌豆),果粉水果行/臺北市中正區店家,果粉水果行/臺北市中正區汀州路2段335號,不合格,"殺菌劑Diniconazole 達克利0.21ppm(標準：不得檢出) 
殺菌劑Fluopicolide 氟比來0.06ppm(標準：0.01ppm以下) 
殺菌劑Prochloraz 撲克拉0.08ppm(標準：0.01ppm以下) 
殺菌劑Propamocarb hydrochloride 普拔克0.42ppm(標準：0.1ppm以下) ",112,台北市,121.525185,25.0213595
豌豆,詠鑽蔬果專賣店(新天地蔬果量販店)/臺北市士林區店家,詠鑽蔬果專賣店(新天地蔬果量販店)/臺北市士林區美崙街18號1樓,不合格,"殺蟲劑Clothianidin 可尼丁0.23ppm(標準：0.02ppm以下) 
殺菌劑Dimethomorph 達滅芬2.4ppm(標準：2.0ppm以下) 
殺菌劑Tebuconazole 得克利1.8ppm(標準：1.0ppm以下) 
殺蟲劑Tolfenpyrad 脫芬瑞0.62ppm(標準：0.01ppm以下) ",112,台北市,121.5232868,25.0973427
台灣特選玉荷包800g(荔枝),幸福品味實業股份有限公司(美福食集)/臺北市內湖區店家,幸福品味實業股份有限公司(美福食集)/臺北市內湖區民善街128號,不合格,"殺蟲劑Chlorpyrifos 陶斯松0.02ppm(標準：0.01ppm以下) 
殺蟲劑Phosmet 益滅松0.8ppm(標準：0.2ppm以下) ",112,台北市,121.5747831,25.0612911
百香果,百香果,詠鑽蔬果專賣店(新天地蔬果量販店)/臺北市士林區美崙街18號1樓,不合格,殺蟲劑Cyromazine 賽滅淨0.03ppm(標準：不得檢出) ,112,台北市,121.5232868,25.0973427
進口青花菜,Mia C'bon超市台北大葉店/臺北市店家,Mia C'bon超市台北大葉店/臺北市士林區忠誠路2段55號B1,不合格,殺線蟲劑Fosthiazate 福賽絕0.02ppm(標準：不得檢出) ,112,台北市,121.5315215,25.1118264
玉荷包(荔枝),双喜臨門水果行(双囍臨門水果行)/臺北市大安區店家,双喜臨門水果行(双囍臨門水果行)/臺北市大安區和平東路3段228巷35號,不合格,殺蟲劑Chlorpyrifos 陶斯松 0.30ppm(標準：0.01ppm以下) ,112,台北市,121.5249224,25.0270958
百香果,百香果,翡翠綠水果專賣店/臺北市士林區美崙街14號1樓,不合格,殺蟲劑Fluvalinate 福化利0.06ppm(標準：0.01ppm以下) ,112,台北市,121.5233765,25.097265
綠無籽葡萄,辣十九國際開發股份有限公司(馬辣)/臺北市信義區店家,辣十九國際開發股份有限公司(馬辣)/臺北市信義區松壽路22號3樓,不合格,殺蟲劑Fipronil 芬普尼0.002ppm、Fipronil-sulfone芬普尼代謝物0.001ppm(標準：0.001ppm以下) ,112,台北市,121.5678884,25.0355732
醜豆(菜豆),双喜臨門水果行(双囍臨門水果行)/臺北市大安區店家,双喜臨門水果行(双囍臨門水果行)/臺北市大安區和平東路3段228巷35號,不合格,殺蟲劑Clothianidin 可尼丁0.06ppm(標準：0.02ppm以下) ,112,台北市,121.5249224,25.0270958
紅龍果-履歷紅龍果,安星水果行/臺北市松山區店家,安星水果行/臺北市松山區南京東路291巷32之3號,不合格,殺蟎劑Spirodiclofen 賜派芬0.02ppm(標準：0.01ppm以下) ,112,台北市,121.5661332,25.0514246
芒果,芒果,益成蔬果行/臺北市士林區德行東路109巷110號,不合格,殺蟲劑陶斯松(Chlorpyrifos)：0.23 ppm（0.01 ppm）,112,台北市,121.5289851,25.1113482
草仔粿,中山手工麻糬（紅豆湯）(中山市場第28號攤)/臺北市店家,中山手工麻糬（紅豆湯）(中山市場第28號攤)/臺北市中山區長安西路3號,不合格,防腐劑己二烯酸：1.3 g/kg(1.0 g/kg),112,台北市,121.5209664,25.0501018
黑鮪魚腹肉排,遠東都會股份有限公司復興店(city super復興SOGO店)/臺北市大安區店家,遠東都會股份有限公司復興店(city super復興SOGO店)/臺北市大安區忠孝東路3段300號B3樓,不合格,檢出一氧化碳,112,台北市,121.5432417,25.0408932
水梨,艋舺夜市-男哥現削水果(無市店家,艋舺夜市-男哥現削水果(無市招)/臺北市萬華區廣州街182號前,不合格,甜味劑糖精(Saccharin)：0.02 g/kg,112,台北市,121.4985771,25.0366509
毛綠豆,遠百企業股份有限公司忠孝分公司/臺北市信義區店家,遠百企業股份有限公司忠孝分公司/臺北市信義區忠孝東路5段297號地下1、2、3樓,不合格,"芬普尼(Fipronil)0.001ppm (標準:0.001ppm)
賽速安(Thiamethoxam)0.03(標準:0.02ppm)",112,台北市,121.5733669,25.0411189
黑芝麻(特級品),太平洋崇光百貨股份有限公司/臺北市大安區店家,太平洋崇光百貨股份有限公司/臺北市大安區忠孝東路4段45號地下2樓,不合格,"芬化利(Fenvalerate)0.04 ppm (標準:0.1ppm)
環氧乙烷(Ethylene Oxide)1.34mg/kg (標準:不得檢出)",112,台北市,121.5335165,25.0419925
百香果,百香果,四季甜工作坊/臺北市松山區三民路101巷2之1號(新東市場外）,不合格,"殺蟲劑Cyromazine 賽滅淨0.01ppm(標準：不得檢出) 
殺蟲劑Pyrimidifen 畢汰芬0.02ppm(標準：不得檢出) 
殺蟲劑Pyriproxyfen 百利普芬0.4ppm(標準：0.2ppm以下) ",112,台北市,121.563396,25.0576483
白蘿蔔,白蘿,蔬菜攤/臺北市萬華區環河南路2段245號蔬菜攤0068號(環南市場),不合格,"殺蟲劑Clothianidin 可尼丁0.04ppm(標準：0.02ppm以下) 
殺蟎劑Pyridaben 畢達本0.07ppm(標準：不得檢出) ",112,台北市,121.4897587,25.0286603
辣椒,辣椒,當季平價快餐店/臺北市大安區忠孝東路4段216巷19弄10號1樓,不合格,"殺菌劑Difenoconazole 待克利1.5ppm(標準：0.5ppm以下) 
殺菌劑Pydiflumetofen 派滅芬0.05ppm(標準：不得檢出) ",112,台北市,121.5530693,25.0405097
高海拔套袋葡萄,全聯實業股份有限公司敦南分公司(全聯福利中心敦南分公司)/臺北市大安區店家,全聯實業股份有限公司敦南分公司(全聯福利中心敦南分公司)/臺北市大安區忠孝東路4段126之1號房屋地下1層,不合格,"生長調節劑Chlormequat 克美素0.04ppm(標準：不得檢出) 
殺菌劑Boscalid 白克列1.4ppm(標準：1.0ppm以下) ",112,台北市,121.5441208,25.0414095
芥藍菜,卿卿鮮果/臺北市北投區店家,卿卿鮮果/臺北市北投區磺港路33號(北投中繼市場A27.A28.A29號攤),不合格,"殺蟲劑Emamectin benzoate 因滅汀0.07ppm(標準：0.05ppm以下)
殺蟲劑 Permethrin 百滅寧2.5ppm(標準：2.0ppm以下) ",112,台北市,121.502742,25.1327569
特選百香果,青果攤/臺北市萬華區店家,青果攤/臺北市萬華區環河南路2段245號蔬菜攤0005號,不合格,殺蟲劑Cyromazine賽滅淨0.11ppm(標準：不得檢出),112,台北市,121.4897587,25.0286603
波蘿蜜,上奕商行(INDEX)/臺北市萬華區店家,上奕商行(INDEX)/臺北市萬華區國興路32號,不合格,生長調節劑Gibberellic acid 勃激素A3 0.07ppm(標準：不得檢出),112,台北市,121.5080868,25.0246863
特選百香果,我家蔬果園/臺北市萬華區店家,我家蔬果園/臺北市萬華區中華路2段416巷56號,不合格,殺蟲劑Cyromazine賽滅淨0.03ppm(標準：不得檢出),112,台北市,121.5044299,25.0274614
九層塔(羅勒),五常市場第17攤/臺北市店家,五常市場第17攤/臺北市中山區民族東路410巷2弄18-20號前,不合格,殺菌劑Pyraclostrobin 百克敏0.70ppm(標準：0.01ppm以下) ,112,台北市,121.5370111,25.0666721
糯米荔枝,青果攤/臺北市萬華區店家,青果攤/臺北市萬華區環河南路2段245號蔬菜攤0005號,不合格,殺蟲劑Chlorpyrifos陶斯松0.24ppm(標準：0.01ppm以下),112,台北市,121.4897587,25.0286603
香菜(芫荽),當季平價快餐店/臺北市大安區店家,當季平價快餐店/臺北市大安區忠孝東路4段216巷19弄10號1樓,不合格,殺蟲劑Chlorpyrifos 陶斯松0.14ppm(標準：0.01ppm以下),112,台北市,121.5530693,25.0405097
進口白蘿蔔600G,家福股份有限公司台北天母分公司/臺北市士林區店家,家福股份有限公司台北天母分公司/臺北市士林區德行西路47號,不合格,殺蟲劑Thiamethoxam 賽速安0.51ppm(標準：0.25ppm以下) ,112,台北市,121.5226374,25.1055633
荔枝,粘O福/臺北市中山區店家,粘O福/臺北市中山區民族東路410巷2弄18-20號前(五常市場),不合格,殺蟲劑Cyhalothrin 賽洛寧0.6ppm(標準：0.5ppm以下) ,112,台北市,121.5370111,25.0666721
甜豆豌豆,日鮮蔬果專賣店/臺北市萬華區店家,日鮮蔬果專賣店/臺北市萬華區貴陽街2段137號,不合格,"殺菌劑Bupirimate 布瑞莫0.03ppm(標準：0.01ppm以下) 
殺蟲劑Chlorpyrifos 陶斯松0.04ppm(標準：0.01ppm以下) 
殺菌劑Diniconazole 達克利0.30ppm(標準：不得檢出) 
殺線蟲劑Fosthiazate 福賽絕0.01ppm(標準：不得檢出)
殺菌劑Prochloraz 撲克拉0.10ppm(標準：0.01ppm以下) 
殺蟲劑Thiamethoxam 賽速安0.09ppm(標準：0.02ppm以下) ",112,台北市,121.501226,25.040286
荷仁豆(豌豆),永祥蔬果行/臺北市南港區店家,永祥蔬果行/臺北市南港區同德路77號,不合格,"殺蟲劑Chlorpyrifos 陶斯松0.19ppm(標準：0.01ppm以下) 
殺蟲劑Thiamethoxam 賽速安0.11ppm(標準：0.02ppm以下) ",112,台北市,121.585395,25.0459689
芹菜,為福樓餐廳有限公司/臺北市南港區店家,為福樓餐廳有限公司/臺北市南港區忠孝東路5段996號,不合格,"殺蟲劑Chlorfenapyr 克凡派1.6ppm(標準：1.0ppm以下) 
殺草劑Thiobencarb 殺丹0.14ppm(標準：0.01ppm以下) ",112,台北市,121.566819,25.0405415
百香果,百香果,富安蔬果行/臺北市信義區吳興街208號1樓,不合格,殺蟲劑Cyromazine 賽滅淨0.48ppm(標準：不得檢出) ,112,台北市,121.5628105,25.0280187
紅辣椒,昌虹/臺北市萬華區店家,昌虹/臺北市萬華區環河南路2段245號環南市場蔬菜區89號攤,不合格,殺菌劑Difenoconazole 待克利6.3ppm(標準：0.5ppm以下) ,112,台北市,121.4897587,25.0286603
青蔥,小吳蔬菜行（臺北市士林區店家,小吳蔬菜行（臺北市士林區士東路100號1樓/士東市場第72號攤）,不合格,殺菌劑Mepronil 滅普寧0.10ppm(標準：0.01ppm以下) ,112,台北市,121.529548,25.1118424
紅鳳菜,日鮮蔬果專賣店/臺北市萬華區店家,日鮮蔬果專賣店/臺北市萬華區貴陽街2段137號,不合格,殺草劑Oxadiazon 樂滅草0.05ppm(標準：0.01ppm以下) ,112,台北市,121.501226,25.040286
中國白蘿蔔600g(M),惠康百貨股份有限公司美麗華分公司（Mia C'bon/臺北市中山區店家,惠康百貨股份有限公司美麗華分公司（Mia C'bon/臺北市中山區敬業三路20號地下1樓之1）,不合格,殺蟲劑Thiamethoxam 賽速安0.84ppm(標準：0.25ppm以下) ,112,台北市,121.5575157,25.0835013
檸檬,檸檬,大苑子開發股份有限公司士林文林分公司(大苑子士林文林店)/臺北市士林區文林路20號,不合格,殺蟲劑Chlorpyrifos 陶斯松0.02ppm(標準：0.01ppm以下) ,112,台北市,121.5256149,25.0864719
芥蘭花,王邱月紅（臺北市中山區店家,王邱月紅（臺北市中山區民族東路336號/第二果菜批發市場蔬菜零批場/濱江市場19-08攤）,不合格,殺蟲劑Deltamethrin 第滅寧0.3ppm(標準：0.2ppm以下) ,112,台北市,121.5372687,25.0677665
絲瓜,我是你的菜/臺北市萬華區店家,我是你的菜/臺北市萬華區環河南路2段245號152號攤,不合格,殺蟲劑Emamectin benzoate 因滅汀0.010ppm(標準：0.007ppm以下) ,112,台北市,121.4897587,25.0286603
"日本NAKAYA輕便方形保鮮盒380ml三入
（2022/11/6）",達旺商行/臺北市大安區店家,達旺商行/臺北市大安區忠孝東路4段216巷40弄3號,不合格,未依規定以印刷、打印或壓印方式標示材質於主要本體,112,台北市,121.5528008,25.0391883
401L左右四格,士東企業社(士東免洗餐具總匯)/臺北市士林區店家,士東企業社(士東免洗餐具總匯)/臺北市士林區士東路120巷20弄7號,不合格,未標示製造日期,112,台北市,121.5294377,25.1114324
飲用水,信泰股份有限公司(麵屋一燈)/臺北市中山區店家,信泰股份有限公司(麵屋一燈)/臺北市中山區南京東路1段29號,不合格,"大腸桿菌群：57CFU/100mL
(標準：陰性)",112,台北市,121.5281004,25.0523164
生機龍牙百合（有效日期：20250302）,生機,心元蔘藥行/臺北市松山區南京東路5段291巷20弄6號1樓,不合格,"(1)公告禁用農藥五氯苯胺（Pentachloroaniline）0.04ppm、五氯硝苯（Quintozene（PCNB））0.04ppm
(2)產品外包裝標示「嚴選安心產品合格」、「通過多項農殘檢驗合格」等字樣，涉標示不實",112,台北市,121.5574266,25.0518277
白木耳（有效日期：20250301）,白木,育仁藥行/臺北市松山區八德路3段152號1樓,不合格,"殺蟲劑Methomyl	納乃得0.12ppm(標準：不得檢出)	
殺蟎劑Propargite	毆蟎多0.05ppm(標準：不得檢出)	",112,台北市,121.5548798,25.0479768
白木耳（有效日期：20260218）,白木,萬安堂蔘藥行/臺北市大同區迪化街1段84號,不合格,"(1)生長調節劑Chlormequat克美素0.58 ppm（標準：不得檢出）
(2)產品外包裝標示「多項農藥殘留檢驗合格」、「國家多項農殘檢驗合格」等字樣，涉標示不實",112,台北市,121.5098777,25.0559168
太陽農場生機銀耳(有效日期：20240330),迪隆蔘藥行/臺北市大同區店家,迪隆蔘藥行/臺北市大同區歸綏街220號1樓,不合格,"(1)生長調節劑Chlormequat克美素0.34ppm(標準:不得檢出)
(2)產品外包裝標示「通過SGS農藥殘留檢驗符合國家標準」字樣，涉標示不實",112,台北市,121.510073,25.058137
銀耳（有效日期：20240806）,家福股份有限公司台北天母分公司/臺北市士林區店家,家福股份有限公司台北天母分公司/臺北市士林區德行西路47號,不合格,生長調節劑Chlormequat克美素0.24 ppm（標準：不得檢出）,112,台北市,121.5226374,25.1055633
白木耳（有效日期：20250301）,白木,旭和藥行/臺北市北投區明德路111號,不合格,殺蟲劑Methomyl納乃得0.10ppm（標準：不得檢出）,112,台北市,121.5197664,25.1097961
生機烏棗（馬牙棗）（有效日期：20260202）,生機,龍源中藥行/臺北市大同區迪化街1段172號1樓,不合格,"(1)殺菌劑2-Phenylphenol 0.07 ppm（標準：不得檢出）
(2)產品外包裝標示「合格 安心使用」字樣，涉標示不實",112,台北市,121.5095347,25.0582753
手工板豆腐,臺北市成淵高級中學(寬盈國際企業股份有限公司)/臺北市店家,臺北市成淵高級中學(寬盈國際企業股份有限公司)/臺北市大同區承德路2段235號,不合格,防腐劑苯甲酸：1.42 g/kg（標準：不得添加）,112,台北市,121.5185263,25.0612557
青蔥,明煬四方有限公司(丰明殿)/臺北市北投區店家,明煬四方有限公司(丰明殿)/臺北市北投區東華街1段362號1樓,不合格,殺蟲劑賽安勃(Cyantraniliprole)：0.07ppm(標準：不得檢出),112,台北市,121.5201889,25.1085978
蔥,寒順企業社(寒聚精緻鍋物)/臺北市北投區店家,寒順企業社(寒聚精緻鍋物)/臺北市北投區石牌路2段97巷8號1樓,不合格,"殺菌劑腐絕(Thiabendazole)：
0.13ppm (標準：0.01ppm)",112,台北市,121.5162476,25.1178079
花生粉,花生,百世佳興業有限公司石牌分公司/臺北市北投區石牌路2段335號,不合格,黃麴毒素B1：5.0μg/kg(標準：2μg/kg),112,台北市,121.5244173,25.12282
花生粉,花生,天椒小吃店(天辣麻辣火鍋)/臺北市大安區復興南路2段84號,不合格,黃麴毒素B1：6.5μg/kg(標準：2μg/kg),112,台北市,121.543353,25.030866
豆腐,昕殿有限公司(辛殿麻辣鍋)/臺北市信義區店家,昕殿有限公司(辛殿麻辣鍋)/臺北市信義區松壽路12號1樓,不合格,苯甲酸：1.94g/kg(標準：不得檢出),112,台北市,121.5660665,25.03531
青江菜,三澧企業股份有限公司(MoMo Paradise南港潤泰牧場)/臺北市南港區店家,三澧企業股份有限公司(MoMo Paradise南港潤泰牧場)/臺北市南港區忠孝東路7段369號10樓,不合格,"1.殺菌劑芬普尼(Fipronil)：0.472ppm(標準：0.001ppm)
2.殺菌劑芬普尼代謝物(Fipronil-sulfone)：0.06ppm(標準：0.001ppm)
3.殺蟲劑百利普芬(Pyriproxyfen)：1.81ppm(標準：0.01ppm)",112,台北市,121.595822,25.0507014
豆腐,錦德錩餐飲股份有限公司(土狗樂市)/臺北市店家,錦德錩餐飲股份有限公司(土狗樂市)/臺北市中山區建國北路2段3巷17號,不合格,苯甲酸：0.91g/kg(標準：不得檢出),112,台北市,121.5378876,25.0525744
手工板豆腐,八海國際餐飲股份有限公司(八海食潮當代鍋物)/臺北市中正區店家,八海國際餐飲股份有限公司(八海食潮當代鍋物)/臺北市中正區北平西路3號2樓,不合格,苯甲酸：0.75g/kg(標準：不得檢出),112,台北市,121.5164514,25.0478855
青江菜,格萊思美國際餐飲股份有限公司(心心麻辣鍋)/臺北市萬華區店家,格萊思美國際餐飲股份有限公司(心心麻辣鍋)/臺北市萬華區成都路141號,不合格,殺菌劑四氯異苯腈(Chlorothalonil)：16.1ppm(標準：5ppm),112,台北市,121.5031587,25.0435509
青江菜,欣鍋園小吃店(欣鍋園涮涮鍋)/臺北市中正區店家,欣鍋園小吃店(欣鍋園涮涮鍋)/臺北市中正區和平西路1段34號1樓,不合格,"1.殺蟲劑賽滅寧(Cypermethrin)：2.9ppm(標準：2ppm)
2.殺蟲劑芬普尼(Fipronil)：0.013ppm(標準：0.001ppm)
3.殺蟲劑芬普尼代謝物(Fipronil-sulfone)：0.049ppm(標準：0.001ppm)",112,台北市,121.5192071,25.0626318
"豆乾
(進貨日期：2023/8/22)",俊華豆腐店/臺北市中山區店家,俊華豆腐店/臺北市中山區安東街5之6號,不合格,殺菌劑過氧化氫：陽性（不得檢出）,112,台北市,121.5418045,25.0462939
"豆干絲(非基因改造)
(進貨日期：2023/8/19)",豆干,國鴻蔬菜號/臺北市中山區長春路299號1樓長春市場37號攤,不合格,殺菌劑過氧化氫：陽性（不得檢出）,112,台北市,121.5423372,25.0547706
"泰山白干絲
(進貨日期：2023/8/22)",泰山,環南素食大批發(環南素食行)/臺北市萬華區西藏路295號1樓,不合格,殺菌劑過氧化氫：陽性（不得檢出）,112,台北市,121.4918107,25.0285776
"泰山五香干絲
(進貨日期：2023/8/22)",泰山,環南素食大批發(環南素食行)/臺北市萬華區西藏路295號1樓,不合格,殺菌劑過氧化氫：陽性（不得檢出）,112,台北市,121.4918107,25.0285776
"泰山干絲(白絲)
(進貨日期：2023/8/20)",泰山,木柵市場-素食專賣/臺北市文山區保儀路13巷3號1樓59號攤,不合格,殺菌劑過氧化氫：陽性（不得檢出）,112,台北市,121.5692133,24.9885632
"豆干
(進貨日期：2023/8/20)",豆干,木柵市場-阿貞豆腐店/臺北市文山區保儀路13巷3號1樓54號攤,不合格,殺菌劑過氧化氫：陽性（不得檢出）,112,台北市,121.5692133,24.9885632
"白干絲
(進貨日期：2023/8/22)",成德市場-佳家用品/臺北市店家,成德市場-佳家用品/臺北市南港區同德路100號144號攤,不合格,殺菌劑過氧化氫：陽性（不得檢出）,112,台北市,121.586785,25.046125
"四分豆干
(進貨日期：2023/8/22)",泰和素食豆干/臺北市內湖區店家,泰和素食豆干/臺北市內湖區康寧路1段33巷15號,不合格,殺菌劑過氧化氫：陽性（不得檢出）,112,台北市,121.592353,25.080129
"豆干絲
(進貨日期：2023/8/23)",豆干,裕民便當店(老師傅精緻餐盒)/臺北市大安區復興南路2段151巷53號1樓,不合格,殺菌劑過氧化氫：陽性（不得檢出）,112,台北市,121.5458601,25.0284576
"泰山干絲
(進貨日期：2023/8/24)",泰山,尚揚蔬果行/臺北市松山區南京東路5段291巷30號1樓,不合格,殺菌劑過氧化氫：陽性（不得檢出）,112,台北市,121.5574266,25.0518277
"干絲
(進貨日期：2023/8/24)",中崙市場-元味素食/臺北市店家,中崙市場-元味素食/臺北市松山區八德路3段76號1號攤,不合格,殺菌劑過氧化氫：陽性（不得檢出）,112,台北市,121.5526422,25.0477374
"豆干
(進貨日期：2023/8/24)",豆干,中崙市場-元味素食/臺北市松山區八德路3段76號1號攤,不合格,殺菌劑過氧化氫：陽性（不得檢出）,112,台北市,121.5526422,25.0477374
"泰山干絲
(進貨日期：2023/8/25)",泰山,莊綉華攤/臺北市中山區龍江路412巷61號,不合格,殺菌劑過氧化氫：陽性（不得檢出）,112,台北市,121.538469,25.067731
冰紅茶,茄子餐飲事業股份有限公司(茄子咖哩)/臺北市南港區店家,茄子餐飲事業股份有限公司(茄子咖哩)/臺北市南港區忠孝東路7段369號9樓C棟,不合格,"初抽：腸桿菌科:43(標準:10 CFU/mL)
複抽：腸桿菌科:5.7×10^2(標準:10 CFU/mL)",112,台北市,121.595822,25.0507014
青蒜,道緣小吃店(寶飽煲)/臺北市士林區店家,道緣小吃店(寶飽煲)/臺北市士林區福壽街3、5、7號1樓,不合格,"殺菌劑Azoxystrobin亞托敏0.5ppm（標準：0.1ppm以下）
殺菌劑Famoxadone凡殺同0.04ppm（標準：0.01ppm以下）
殺菌劑Flutolanil福多寧2.4ppm（標準：2.0ppm以下）",112,台北市,121.52565,25.0956192
香菜(芫荽),陳O訓(承銷號：2159)/臺北市中山區店家,陳O訓(承銷號：2159)/臺北市中山區民族東路336號(濱江果菜市場第21-09攤),不合格,"殺草劑Atrazine草脫淨0.01 ppm（標準：不得檢出）
殺草劑Linuron理有龍0.01 ppm（標準：不得檢出）",112,台北市,121.5372687,25.0677665
白蘿蔔,白蘿,遠東都會股份有限公司復興店(city'super復興店)/臺北市大安區忠孝東路3段300號B3樓(遠東SOGO),不合格,殺蟲劑Fipronil 芬普尼0.007、Fipronil-sulfone芬普尼代謝物0.007 ppm（標準：0.001 ppm以下）,112,台北市,121.543247,25.0410522
九層塔(羅勒),全國健康素食(士林素食館)/臺北市士林區店家,全國健康素食(士林素食館)/臺北市士林區中正路281號,不合格,"殺菌劑Azoxystrobin亞托敏3.8 ppm（標準：1.0 ppm以下）
殺菌劑Dimethomorph達滅芬4.8 ppm（標準：2.5 ppm以下）",112,台北市,121.52424,25.0947245
朝天椒,楊O嵐（臺北農產運銷股份有限公司第一果菜批發市場零批場地號1017/臺北市店家,楊O嵐（臺北農產運銷股份有限公司第一果菜批發市場零批場地號1017/臺北市萬華區萬大路533號）,不合格,"殺菌劑Difenoconazole待克利0.8 ppm（標準：0.5ppm以下）
殺蟲劑Profenophos佈飛松1.1 ppm（標準：1.0 ppm以下）",112,台北市,121.497064,25.017135
紅寶蜜露百香果,全聯實業股份有限公司北投吉利分公司/臺北市北投區店家,全聯實業股份有限公司北投吉利分公司/臺北市北投區吉利街125號1樓,不合格,殺蟲劑Cyromazine賽滅淨0.15 ppm（標準：不得檢出）,112,台北市,121.5067749,25.1189713
越南甜豌豆,大潤發流通事業股份有限公司南湖分公司(大潤發)/臺北市內湖區店家,大潤發流通事業股份有限公司南湖分公司(大潤發)/臺北市內湖區舊宗路1段188號1至4樓,不合格,殺菌劑Diniconazole達克利0.03ppm（標準：不得檢出）,112,台北市,121.5789859,25.0598147
香菜(芫荽),果然匯明曜店/臺北市大安區店家,果然匯明曜店/臺北市大安區忠孝東路4段200號12樓,不合格,殺草劑Atrazine草脫淨0.01 ppm（標準：不得檢出）,112,台北市,121.5335165,25.0419925
杏菜,濱江果菜市場第17-08攤（承銷號：2054/臺北市店家,濱江果菜市場第17-08攤（承銷號：2054/臺北市中山區民族東路336號）,不合格,殺菌劑Pyraclostrobin 百克敏0.32 ppm（標準：0.01 ppm以下）,112,台北市,121.5373211,25.067861
青蔥,22號蔬果園/臺北市萬華區店家,22號蔬果園/臺北市萬華區西藏路125巷22號1樓,不合格,殺蟲劑Fipronil-sulfone芬普尼代謝物0.016 ppm（標準：0.001 ppm以下）,112,台北市,121.5031875,25.0271016
進口白蘿蔔,惠康百貨股份有限公司松山光復分公司(家樂福)/臺北市松山區店家,惠康百貨股份有限公司松山光復分公司(家樂福)/臺北市松山區光復北路198號,不合格,殺蟲劑Clothianidin可尼丁0.11 ppm（標準：0.02 ppm以下）,112,台北市,121.5555611,25.0550013
白蘿蔔,白蘿,阿郎蔬菜產通門市部(濱江果菜市場第20-03攤)/臺北市中山區民族東路336號,不合格,殺蟲劑Trichlorfon三氯松0.03ppm（標準：0.01ppm以下）,112,台北市,121.5372687,25.0677665
芥藍芽,濱江果菜市場第21-06號攤（承銷號：2030/臺北市店家,濱江果菜市場第21-06號攤（承銷號：2030/臺北市中山區民族東路336號）,不合格,殺線蟲劑Oxamyl毆殺滅1.1 ppm（標準：0.5 ppm以下）,112,台北市,121.5373211,25.067861
四季豆(菜豆),四季,唯椿企業股份有限公司(miacucina信義店)/臺北市信義區松壽路11號2樓(新光三越),不合格,殺蟲劑Fenvalerate芬化利0.2 ppm（標準：0.1 ppm 以下）,112,台北市,121.5671425,25.0361873
芫荽(香菜),遠東都會股份有限公司復興店(city'super復興店)/臺北市大安區店家,遠東都會股份有限公司復興店(city'super復興店)/臺北市大安區忠孝東路3段300號B3樓(遠東SOGO),不合格,殺蟲劑Fenitrothion 撲滅松0.02 ppm（標準：0.01 ppm以下）,112,台北市,121.543247,25.0410522
台灣茄子400 g,遠百企業股份有限公司忠孝分公司(愛買忠孝店)/臺北市信義區店家,遠百企業股份有限公司忠孝分公司(愛買忠孝店)/臺北市信義區忠孝東路5段297號地下1.2.3樓,不合格,殺蟎劑Spirodiclofen 賜派芬0.02 ppm（標準：0.01ppm以下）,112,台北市,121.5733669,25.0411189
進口蘿蔔600公克,全聯實業股份有限公司北投吉利分公司/臺北市北投區店家,全聯實業股份有限公司北投吉利分公司/臺北市北投區吉利街125號1樓,不合格,殺蟲劑Chlorfenapyr克凡派0.07 ppm（標準：0.05 ppm以下）,112,台北市,121.5067749,25.1189713
青江菜,兄弟大飯店股份有限公司(兄弟大飯店)/臺北市松山區店家,兄弟大飯店股份有限公司(兄弟大飯店)/臺北市松山區南京東路3段255號,不合格,殺蟲劑Chlorfenapyr	克凡派1.3ppm(標準：1.0ppm以下)	,112,台北市,121.5445961,25.0520507
百香果,百香果,遠百企業股份有限公司忠孝分公司(愛買忠孝店)/臺北市信義區忠孝東路5段297號地下1.2.3樓,不合格,殺蟲劑Triazophos三落松0.6 ppm（標準：0.5 ppm以下）,112,台北市,121.5733669,25.0411189
冷凍澳洲穀飼雪花火鍋肉片(有效日期：2024年1月24日),GREEN&SAFE 公館店/臺北市大安區店家,GREEN&SAFE 公館店/臺北市大安區羅斯福路3段297號,不合格,檢出殘留Ractopamine (未超過標準)，惟產品外包裝標示「定期檢驗無動物用藥殘留」，且業者無法確認該產品確切原產地。,112,台北市,121.5317058,25.0176294
新鮮秋季黑松露,未知店家,"歐陸食材小舖
(https://www.theeupantry.com/)",不合格,"鎘-4mg/kg
(標準: 2 mg/kg)",112,台北市,120.2845815,22.6523056
"野生川耳(純素)
(有效日期：2024/05/03)",未知店家,"蝦皮購物-豐產香菇行
(https://shopee.tw/feng_chan)",不合格,1.檢驗符合規定2.標示不符規定,112,台北市,120.9685437,23.966416
"野生黑松露
(有效日期：2024/08/13)",未知店家,"蝦皮購物-啟陞食品行
(https://shopee.tw/an0919566338an)",不合格,未向中央主管機關申請查驗並申報其產品有關資訊。,112,台北市,121.509901,25.0557025
冷凍三點蟹,六福開發股份有限公司南港分公司/臺北市南港區店家,六福開發股份有限公司南港分公司/臺北市南港區忠孝東路7段359號7樓,不合格,鎘：1.3 mg/kg(標準：0.5 mg/kg),112,台北市,121.595822,25.0507014
美奶滋沙拉,意欽早餐店（早安美芝城圓山捷運概念店）/臺北市大同區店家,意欽早餐店（早安美芝城圓山捷運概念店）/臺北市大同區酒泉街22號,不合格,營養標示反式脂肪含量為「0.5公克/每100公克」，惟檢出每100公克反式脂肪酸含量0.71公克，依據「包裝食品營養標示應遵行事項」，反式脂肪含量標示值誤差允許範圍為「小於或等於標示值之120%」（經換算為0.6公克/每100公克），案內產品應依實際數值標示。,112,台北市,121.5195664,25.0705476
厚奶精(非乳為主),弘如小吃店（弘爺漢堡如意店）/臺北市松山區店家,弘如小吃店（弘爺漢堡如意店）/臺北市松山區南京東路5段123巷41號,不合格,產品包裝標示宣稱「本產品不含反式脂肪酸」，惟檢驗結果檢出每100毫升之飽和脂肪酸含量11.82公克及反式脂肪酸含量0.05公克，每100毫升之液體所含飽和脂肪及反式脂肪合計超過0.75公克，依據「包裝食品營養宣稱應遵行事項」該產品不得宣稱不含反式脂肪。,112,台北市,121.5607093,25.0532731
白沙拉,叁拾捌號朝食所/臺北市大安區店家,叁拾捌號朝食所/臺北市大安區和平東路2段311巷38號,不合格,營養標示反式脂肪含量為「0.11公克/每100公克」，惟檢出每100公克反式脂肪酸含量0.44公克，依據「包裝食品營養標示應遵行事項」，反式脂肪含量標示值誤差允許範圍為「小於或等於標示值之120%」（經換算為0.132公克/每100公克），案內產品應依實際數值標示。,112,台北市,121.5229719,25.0267596
辣椒,辣椒,東和蔬果行/臺北市內湖區五分街16號1樓,不合格,"殺菌劑Difenoconazole待克利
1.6ppm（ 標準：0.5ppm以下）
殺蟲劑Imidacloprid益達胺 1.2ppm（標準：0.5ppm以下）殺菌劑Pyraclostrobin百克敏 0.8ppm（標準：0.5ppm以下）",112,台北市,121.6137935,25.0674255
芥藍芽,東和蔬果行/臺北市內湖區店家,東和蔬果行/臺北市內湖區五分街16號1樓,不合格,"殺菌劑Isoprothiolane亞賜圃
0.09 ppm（標準：0.01 ppm以下）
殺菌劑Thifluzamide賽氟滅0.07 ppm（標準：不得檢出）",112,台北市,121.6137935,25.0674255
茄子,三商家購股份有限公司萬華環河南分公司(美廉社萬華環河南路店)/臺北市萬華區店家,三商家購股份有限公司萬華環河南分公司(美廉社萬華環河南路店)/臺北市萬華區環河南路2段250巷28弄4號1樓,不合格,殺菌劑 Pencycuron 賓克隆 0.09ppm(標準：0.05ppm以下)殺菌劑Zoxamide座賽胺 0.02ppm(標準：不得檢出),112,台北市,121.4920665,25.0331063
皇宮菜(落葵),陳O溪(蔬菜承銷號2031)/臺北市第二果菜批發市店家,陳O溪(蔬菜承銷號2031)/臺北市第二果菜批發市場/臺北市中山區民族東路336號1樓 18-02號攤,不合格,"殺菌劑Dimethomorph達滅芬
0.21 ppm（標準：0.01 ppm以下）",112,台北市,121.5371787,25.06741
嚴選白蘿蔔,誠果蔬果店/臺北市大安區店家,誠果蔬果店/臺北市大安區敦化南路1段233巷65號,不合格,殺蟲劑Trichlorfon三氯松 0.06ppm（標準：0.01ppm以下）,112,台北市,121.5492185,25.0403395
進口白蘿蔔,唐龍國際餐飲股份有限公司 (龍軒傳承)/臺北市中山區店家,唐龍國際餐飲股份有限公司 (龍軒傳承)/臺北市中山區長春路90號2樓,不合格,殺蟲劑Clothianidin 可尼丁0.11 ppm（標準：0.02 ppm以下）,112,台北市,121.5271927,25.0546833
台灣水洗白蘿蔔,統康生活事業股份有限公司農安二分公司(家樂福超市)/臺北市店家,統康生活事業股份有限公司農安二分公司(家樂福超市)/臺北市中山區農安街26號、 26-1號,不合格,殺蟲劑Dinotefuran 達特南0.21 ppm（標準：0.05 ppm以下）,112,台北市,121.5259532,25.0648072
茄子,全國食養創作全自助餐復興店/臺北市大安區店家,全國食養創作全自助餐復興店/臺北市大安區復興南路2段314號,不合格,殺蟲劑Cyazofamid賽座滅0.03 ppm（標準：0.01ppm以下）,112,台北市,121.5431817,25.0234666
紅鳳菜,菜攤/臺北市北投區店家,菜攤/臺北市北投區西安街1段281巷11號前/自強市場外,不合格,殺蟲劑Chlorfenapyr克凡派2.8 ppm（標準：1.0 ppm以下）,112,台北市,121.5415461,25.0598917
美濃香瓜,美濃,森豪蔬果行/臺北市中山區遼寧街257號,不合格,殺菌劑Pencycuron賓克隆0.02 ppm（標準：0.01ppm以下）,112,台北市,121.5422432,25.056403
紅辣椒,唐龍國際餐飲股份有限公司 (龍軒傳承)/臺北市中山區店家,唐龍國際餐飲股份有限公司 (龍軒傳承)/臺北市中山區長春路90號2樓,不合格,殺蟲劑Flonicamid 氟尼胺0.02 ppm（標準：0.01 ppm以下）,112,台北市,121.5271927,25.0546833
白蘿蔔,白蘿,錢都市民大道店/臺北市大安區市民大道4段196號,不合格,殺蟲劑Lufenuron祿芬隆0.02 ppm（標準：0.01 ppm以下）,112,台北市,121.5551067,25.0442194
白蘿蔔-長條型本產,白蘿,好膳企業股份有限公司(PRESERVE．FOR OUR FUTURE)/臺北市士林區天母東路43巷3號,不合格,"殺蟲劑Dinotefuran達特南0.06 ppm（標準：0.05 ppm以下）
殺蟲劑Emamectin benzoate因滅汀0.011 ppm（標準：不得檢出）
殺蟲劑Profenophos佈飛松0.48 ppm（標準：0.05 ppm以下）
殺蟲劑Terbufos托福松0.51 ppm（標準：不得檢出）",112,台北市,121.532277,25.1184752
大陸妹,好鍋有限公司/臺北市士林區店家,好鍋有限公司/臺北市士林區天母西路43號1樓,不合格,"殺菌劑Boscalid白克列5.6 ppm（標準：4.0 ppm以下）
殺蟲劑Emamectin benzoate因滅汀0.06 ppm（標準：0.05 ppm以下）
殺菌劑Pyraclostrobin百克敏2.2ppm（標準：2.0 ppm以下）",112,台北市,121.5271668,25.1186067
紅辣椒,呂O越/臺北市萬華區店家,呂O越/臺北市萬華區萬大路533號中繼蔬菜零批場地號2002,不合格,"殺菌劑 Difenoconazole待克利1.2 ppm（標準：0.5 ppm以下） 
殺蟎劑Fenazaquin芬殺蟎0.4 ppm（標準：0.1ppm以下 ）",112,台北市,121.4984156,25.0185059
蔥,老李港式扒飯(優米自助餐)/臺北市內湖區店家,老李港式扒飯(優米自助餐)/臺北市內湖區成功路2段325號B1,不合格,殺菌劑Fluopyram	氟派瑞0.04ppm(標準：不得檢出)	,112,台北市,121.5942295,25.0721197
格藍芽,謝O寶/臺北市萬華區店家,謝O寶/臺北市萬華區萬大路533號中繼蔬菜零批場地號2004,不合格,殺菌劑Fluopyram氟派瑞0.02 ppm（標準：不得檢出）,112,台北市,121.4984156,25.0185059
木瓜,世界城水果店/臺北市北投區店家,世界城水果店/臺北市北投區石牌路1段166巷117號1樓,不合格,殺蟲劑Methomyl納乃得0.01 ppm（標準：不得檢出）,112,台北市,121.515574,25.1119212
白蘿蔔,白蘿,明德素食園/臺北市內湖區成功路2段325號B1,不合格,殺蟎劑Pyridaben畢達本0.01 ppm（標準：不得檢出）,112,台北市,121.5939837,25.0723884
菠菜,三軍總醫院營養部/臺北市內湖區店家,三軍總醫院營養部/臺北市內湖區成功路2段325號B1,不合格,殺蟲劑Indoxacarb因得克0.11 ppm（標準：0.01ppm以下）,112,台北市,121.5924282,25.0716466
香菜(芫荽),董O興蔬菜攤/臺北市大同區店家,董O興蔬菜攤/臺北市大同區錦西街38巷18號,不合格,殺菌劑Hexaconazole菲克利0.03 ppm（標準：0.01 ppm以下）,112,台北市,121.520313,25.059675
青蔥,全聯實業股份有限公司朱崙分公司/臺北市中山區店家,全聯實業股份有限公司朱崙分公司/臺北市中山區龍江路15號1-2樓,不合格,殺蟲劑芬普尼代謝物（ Fipronil-sulfone） 0.002ppm（標準：0.001 ppm以下）,112,台北市,121.5404867,25.0476293
芥藍,白毫素食天地/臺北市士林區店家,白毫素食天地/臺北市士林區天母西路13巷10號1樓,不合格,殺草劑Pendimethalin施得圃0.2 ppm（標準：0.1ppm以下）,112,台北市,121.5284493,25.1189015
"酸菜
(2024/3/10)",酸菜,吟興商行(吟興雜糧行)/臺北市萬華區桂林路74號1樓,不合格,檢出二氧化硫0.15g/kg (標準：0.030 g/kg以下),112,台北市,121.5013112,25.0383185
醃漬鳥梨,哈林水果專賣店/臺北市士林區店家,哈林水果專賣店/臺北市士林區士東路100號士東市場80號攤,不合格,"環己基(代)磺醯胺酸鹽1.18g/kg(標準：不得檢出)
糖精0.06g/kg(標準：不得檢出)",112,台北市,121.5294176,25.1119217
"漬の菜
(2024/3/10)",士東南北雜貨店/臺北市士林區店家,士東南北雜貨店/臺北市士林區士東路100號士東市場35號攤,不合格,二氧化硫0.19g/kg(標準：0.030g/kg以下),112,台北市,121.529548,25.1118424
"酸菜
(2024/10/14)",酸菜,臺北市第二果菜批發市場第18-16攤葉爾旺(蔬菜承銷人2154)/臺北市中山區民族東路336號/v18-16,不合格,"苯甲酸 1.2g/kg(標準：0.6 g/kg以下)
二氧化硫 0.35g/kg(標準：0.030g/kg以下)",112,台北市,121.5373211,25.067861
"鳥梨
",果鮮一品商行/臺北市中山區店家,果鮮一品商行/臺北市中山區吉林路176號,不合格,"環己基(代)磺醯胺酸鹽 0.90g/kg(標準：不得檢出)
糖精 0.10  g/kg(標準：不得檢出)",112,台北市,121.529967,25.0572189
酸菜,酸菜,石家割包(源石石家刈包)/臺北市中山區中吉里民生東路2段138號1樓,不合格,二氧化硫 0.19g/kg(標準：0.030g/kg以下),112,台北市,121.537442,25.0576301
特花椒粒（有效日期：20251005）（產地：中國大陸）,興長生蔘藥行/臺北市信義區店家,興長生蔘藥行/臺北市信義區吳興街197號,不合格,"殺蟲劑Acetamiprid亞滅培0.87ppm（標準：0.05ppm以下）
殺蟲劑Carbofuran加保扶0.37ppm（標準：不得檢出）
殺蟲劑Chlorpyrifos陶斯松0.26ppm（標準：0.03ppm以下）
殺蟲劑Clothianidin可尼丁0.06ppm（標準：0.03ppm以下）
殺菌劑Difenoconazole待克利0.10ppm（標準：0.05ppm以下）
殺蟲劑Imidacloprid益達胺0.23ppm（標準：0.05ppm以下）
殺菌劑Pyraclostrobin百克敏0.13ppm（標準：0.05ppm以下）
殺菌劑Tebuconazole得克利0.34ppm（標準：0.05ppm以下）",112,台北市,121.5627716,25.0283403
花椒（有效日期： 20260202）（產地：中國大陸）,康鮮食品股份有限公司/臺北市南港區店家,康鮮食品股份有限公司/臺北市南港區重陽路263巷3號4樓,不合格,"殺蟲劑Acetamiprid亞滅培0.31 ppm（標準：0.05 ppm以下）
殺蟲劑Carbofuran加保扶0.11 ppm（標準：不得檢出）
殺蟲劑Imidacloprid益達胺0.10 ppm（標準：0.05ppm以下）
殺菌劑Tebuconazole得克利0.20ppm（標準：0.05 ppm以下）
產品外包裝標示「嚴選安心產品 合格 敬請民眾安心使用」等字樣，涉易生誤解",112,台北市,121.6032742,25.0581609
陝西花椒（有效日期：20250202）（產地：中國大陸）,泰生堂參藥行/臺北市中正區店家,泰生堂參藥行/臺北市中正區開封街1段100號,不合格,"殺蟲劑Acetamiprid亞滅培0.18ppm（標準：0.05ppm以下）
殺蟲劑Chlorpyrifos 陶斯松0.05ppm（標準：0.03ppm以下）
殺蟲劑Imidacloprid益達胺0.07ppm（標準：0.05ppm以下）
殺菌劑Tebuconazole 得克利0.06ppm（標準：0.05 ppm以下）
外包裝標示「合格」、「安心使用」等字樣，涉易生誤解",112,台北市,121.5146126,25.0460573
B.B.漢源花椒（有效日期：20250415）（產地：中國大陸）,振農食品行/臺北市大同區店家,振農食品行/臺北市大同區迪化街1段283號,不合格,殺菌劑Tebuconazole得克利0.06 ppm（標準：0.05ppm以下）,112,台北市,121.5094088,25.0614998
刈菜,紀O丞蔬果攤/臺北市中山區店家,紀O丞蔬果攤/臺北市中山區民族東路410巷61號,不合格,"殺蟲劑Cypermethrin賽滅寧1.3ppm（標準:1.0 ppm以下）
殺菌劑Dimethomorph達滅芬2 .8ppm（ 標準： 2 .5ppm以下）
殺蟲劑Dinotefuran達特南7.6ppm（標準：2.0ppm以下）",112,台北市,121.5384113,25.0649748
大芥菜,葉O雲/臺北市內湖區店家,葉O雲/臺北市內湖區康寧路1段26巷1號旁(湖光市場無市招蔬菜攤),不合格,"殺蟎劑Fenpyroximate芬普蟎0.26ppm（標準：0.01ppm 以下）
殺蟲劑Methoxyfenozide滅芬諾2.06ppm（標準：0.01ppm以下 ）",112,台北市,121.592353,25.080129
白蘿蔔,白蘿,純香食品行/臺北市內湖區南京東路6段330巷18弄15號,不合格,殺蟲劑芬普尼(Fipronil)0.012ppm、芬普尼代謝物(Fipronil-sulfone)0.008ppm(標準:0.001ppm以下),112,台北市,121.5838787,25.0577302
大辣椒（FV）,林O鴦3499/臺北市萬華區店家,林O鴦3499/臺北市萬華區萬大路533號(第一果菜批發市場零批場地號2215),不合格,殺菌劑Pencycuron賓克隆0.15 ppm（標準：0.05 ppm以下）,112,台北市,121.497064,25.017135
農產白蘿蔔,台北市農會蔬果舖子/臺北市店家,台北市農會蔬果舖子/臺北市大安區復興南路1段340巷旁空地,不合格,殺蟲劑Cyhalothrin賽洛寧 0.02 ppm（標準：0.01 ppm以下）,112,台北市,121.5434442,25.0363527
大刈菜,第一果菜批發市場零批場地號1610/臺北市店家,第一果菜批發市場零批場地號1610/臺北市萬華區萬大路533號,不合格,殺蟲劑Dinotefuran達特南2.8ppm（標準：2.0ppm以下）,112,台北市,121.497064,25.017135
竹笙(有效日期：20250130),竹笙,顏素眞號（上海火腿公司/臺北市中正區南海路2巷16號1樓）,不合格,"漂白劑二氧化硫0.99g/kg（標準：0.50g/kg以下）
殺蟲劑Acetamiprid亞滅培0.08ppm（標準：0.05ppm以下）
殺蟲劑Chlorfenapyr克凡派0.14ppm（標準：0.05ppm以下）
殺蟲劑Chlorpyrifos陶斯松0.06ppm（標準：0.03ppm以下）
殺蟲劑Clothianidin可尼丁0.16ppm（標準：0.05ppm以下）
殺菌劑Propiconazole普克利0.12ppm（標準：0.05ppm以下）",112,台北市,121.5180692,25.031843
竹笙,竹笙,雅苑粵菜海鮮樓股份有限公司(雅苑粵菜港式飲茶)/臺北市大安區光復南路202號2樓,不合格,"鎘5mg/kg（標準：2mg/kg以下）
殺蟲劑Chlorpyrifos陶斯松0.18ppm（標準：0.03ppm以下）
殺蟲劑Clothianidin可尼丁0.19pm（標準：0.05ppm以下）",112,台北市,121.5574752,25.0418291
竹笙一級(有效日期：20240427)(產地：中國大陸),竹笙,京老滿餐飲股份有限公司(餡老滿)/臺北市內湖區成功路4段188號2樓,不合格,"殺蟲劑Fipronil芬普尼0.012ppm（標準：0.002ppm以下）
殺蟲劑Propoxur安丹2.56ppm（標準：0.05ppm以下）",112,台北市,121.5941665,25.0842145
白木耳（有效日期20240516）（產地：中國）,白木,興長生蔘藥行/臺北市信義區吳興街197號,不合格,生長調節劑Chlormequat 克美素0.32 ppm（標準：不得檢出）,112,台北市,121.5627716,25.0283403
白木耳（產地：中國大陸）,白木,萬年興商行/臺北市內湖區內湖路3段107號1樓,不合格,生長調節劑Chlormequat 克美素0.08ppm（標準：不得檢出）,112,台北市,121.590768,25.086434
茶樹菇,東杰商行/臺北市士林區店家,東杰商行/臺北市士林區社中街33巷4號,不合格,"殺蟲劑Chlorpyrifos	陶斯松0.14ppm(標準：0.03ppm以下)	
殺蟲劑Fipronil	芬普尼0.068ppm、Fipronil-sulfone芬普尼代謝物0.020ppm(標準：0.002ppm以下)	",112,台北市,121.5100102,25.0880898
猴頭菇（產地：中國大陸）,萬年興商行/臺北市內湖區店家,萬年興商行/臺北市內湖區內湖路3段107號1樓,不合格,生長調節劑Chlormequat 克美素0.33ppm（標準：不得檢出）,112,台北市,121.590768,25.086434
非基改秘製豆干（製造日期：2023年12月3日）,八玖食小食樂趣/臺北市大同區店家,八玖食小食樂趣/臺北市大同區迪化街1段21號永樂市場1019攤,不合格,防腐劑己二烯酸4.7g/kg（標準：2.0g/kg以下），且該產品為包裝食品，惟未依相關規定標示,112,台北市,121.5103053,25.0552408
黃日香休閒片(有效日期：20240229),正祥食品行(黃日香豆干台北總店)/臺北市萬華區店家,正祥食品行(黃日香豆干台北總店)/臺北市萬華區中華路2段66號1樓/實際抽驗地為64號,不合格,防腐劑己二烯酸2.2 g/kg（標準：2.0g/kg以下）,112,台北市,121.5045361,25.032266
蝦米AAA(有效日期：202506)（產地：中國大陸）,蝦米,麗庭莊園有限公司88號樂章婚宴會館/臺北市內湖區民善街88號5樓,不合格,檢出漂白劑二氧化硫0.05g/kg，惟外包裝成份未標示,112,台北市,121.5751745,25.0603164
青龍椒,全聯實業股份有限公司大直北安分公司(全聯)/臺北市中山區店家,全聯實業股份有限公司大直北安分公司(全聯)/臺北市中山區北安路588巷8、10號1樓,不合格,殺蟎劑Spirodiclofen 賜派芬0.52(標準：0.01ppm以下) ,111,台北市,121.5493225,25.0809832
包心白菜,古意人水果專賣店/臺北市北投區店家,古意人水果專賣店/臺北市北投區中央南路1段159、161號,不合格,"殺蟲劑Abamectin 阿巴汀0.07ppm(標準：0.05ppm以下) 
殺蟲劑Emamectin benzoate 因滅汀1.76ppm(標準：0.05ppm以下) ",111,台北市,121.501159,25.129451
格藍芽(芥藍),復興市場菜攤/臺北市店家,復興市場菜攤/臺北市北投區中和街320巷14號對面,不合格,殺線蟲劑Oxamyl 毆殺滅1.3ppm(標準：0.5ppm以下) ,111,台北市,121.5002054,25.1413187
日本熊本草莓,農果水果行/臺北市士林區店家,農果水果行/臺北市士林區士東路95號1樓,不合格,殺菌劑Fluopyram 氟派瑞2.5ppm(標準：1.5ppm以下) ,111,台北市,121.5292865,25.1122911
日本排站金桔,農果水果行/臺北市士林區店家,農果水果行/臺北市士林區士東路95號1樓,不合格,殺蟎劑Bifenazate 必芬蟎0.08ppm(標準：不得檢出) ,111,台北市,121.5292865,25.1122911
茼蒿,小農市集/臺北市店家,小農市集/臺北市中山區北安路458巷41弄3號/大直市場F03號攤,不合格,殺菌劑Difenoconazole 待克利1.2ppm(標準：1.0ppm以下) ,111,台北市,121.545384,25.0785869
芥藍,小農市集/臺北市店家,小農市集/臺北市中山區北安路458巷41弄3號/大直市場F03號攤,不合格,殺菌劑Carbendazim 貝芬替1.3ppm(標準：1.0ppm以下) ,111,台北市,121.545384,25.0785869
日本草莓,一級鮮果商行/臺北市大安區店家,一級鮮果商行/臺北市大安區仁愛路4段408號,不合格,殺蟲劑Flonicamid 氟尼胺0.04ppm(標準：0.01ppm以下) ,111,台北市,121.5568023,25.037409
鹿兒島金桔,一級鮮果商行/臺北市大安區店家,一級鮮果商行/臺北市大安區仁愛路4段408號,不合格,"殺蟲劑Flubendiamide 氟大滅0.02ppm(標準：不得檢出) 
殺菌劑Iprodione 依普同0.04ppm(標準：0.01ppm以下) ",111,台北市,121.5568023,25.037409
苳萵（茼蒿）,兆洋餐飲事業股份有限公司台北忠孝二分公司(築間幸福鍋物)/臺北市大安區店家,兆洋餐飲事業股份有限公司台北忠孝二分公司(築間幸福鍋物)/臺北市大安區忠孝東路4段120號2樓、120號2樓之1,不合格,"殺菌劑Boscalid 白克列14.9ppm(標準：4.0ppm以下) 
殺菌劑Difenoconazole 待克利3.5ppm(標準：1.0ppm以下) 
殺菌劑Dimethomorph 達滅芬4.9ppm(標準：2.5ppm以下) ",111,台北市,121.5335165,25.0419925
包心白菜,第一果菜批發市場蔬菜零批場地號108/臺北市店家,第一果菜批發市場蔬菜零批場地號108/臺北市萬華區萬大路533號 ,不合格,殺蟲劑Fenvalerate 芬化利0.6ppm(標準：0.5ppm以下) ,111,台北市,121.4984156,25.0185059
日本櫻桃草莓,梅林水果行/臺北市中正區店家,梅林水果行/臺北市中正區開封街1段81、83號1樓,不合格,殺蟲劑Flonicamid 氟尼胺0.16ppm(標準：0.01ppm以下) ,111,台北市,121.5146126,25.0460573
豆干絲,豆干,茂億食品行(天然素食批發商)/臺北市中山區民族東路410巷2弄16號1號,不合格,檢出過氧化氫為陽性(不得檢出),111,台北市,121.5375817,25.0667446
花生粉,花生,77潤餅刈包/臺北市內湖區內湖路1段737巷50弄41號,不合格,檢出總黃麴毒素(B1+B2+G1+G2) 6.2 μg/kg(4μg/kg以下)、黃麴毒素B1 5.1μg/kg(2μg/kg以下),111,台北市,121.5683655,25.0823089
豆干丁,豆干,正宗現做潤餅/臺北市信義區松山路541巷1號,不合格,檢出苯甲酸1.68 g/kg(標準：0.6 g/kg)、過氧化氫為陽性(不得檢出),111,台北市,121.5783343,25.0378349
豆干絲(基因改造),豆干,高發豆腐店/臺北市北投區新市街30號(200攤號),不合格,檢出過氧化氫為陽性(不得檢出),111,台北市,121.5026592,25.1328136
PC-福岡草莓s,新光三越百貨股份有限公司台北南西分公司/臺北市中山區店家,新光三越百貨股份有限公司台北南西分公司/臺北市中山區南京西路12號地下2層,不合格,"殺菌劑Isopyrazam 亞派占0.50ppm(標準：不得檢出) 
殺蟎劑Spirotetramat 賜派滅0.04ppm(標準：不得檢出) 
殺蟲劑Thiacloprid 賽果培0.11ppm(標準：0.01ppm以下) ",111,台北市,121.5211081,25.0522182
金桔,森林森水果行(農林水果)/臺北市中正區店家,森林森水果行(農林水果)/臺北市中正區衡陽路36號1樓,不合格,殺蟎劑Bifenazate 必芬蟎0.13ppm(標準：不得檢出) ,111,台北市,121.5124817,25.0421953
粉紅玫瑰,懷結堂藥行有限公司/臺北市大同區店家,懷結堂藥行有限公司/臺北市大同區迪化街1段107號,不合格,殺菌劑Penconazole 平克座0.14ppm(標準:0.05ppm以下),111,台北市,121.5098855,25.0571419
粉玫瑰,馬東小吃店〈馬辣忠孝店〉/臺北市大安區店家,馬東小吃店〈馬辣忠孝店〉/臺北市大安區忠孝東路4段223巷10弄4號,不合格,殺蟲劑Phosalone 裕必松0.07ppm(標準:不得檢出),111,台北市,121.5433783,25.0249441
玫瑰花(粉紅),勝元堂參藥行/臺北市大同區店家,勝元堂參藥行/臺北市大同區民生西路330號1樓,不合格,"殺蟲劑Indoxacarb 因得克0.09ppm(標準:0.01ppm)	
殺菌劑Iprodione 依普同0.16ppm(標準:0.05ppm)	",111,台北市,121.5112309,25.0567565
薄荷葉,崔志光/臺北市士林區店家,崔志光/臺北市士林區菁山路101巷8號,不合格,"殺蟲劑Indoxacarb 因得克0.42ppm(標準:其他蔬果*0.01ppm)
殺菌劑Metalaxyl 滅達樂0.03ppm(標準:不得檢出)",111,台北市,121.5571642,25.1433002
牧草酵素蛋,台北市農會蔬果舖子/臺北市店家,台北市農會蔬果舖子/臺北市大安區復興南路1段340巷旁空地,不合格,磺胺喹啉(sulfaquinoxaline) 0.3ppm (標準:0.1ppm),111,台北市,121.5434442,25.0363527
港式蘿蔔糕,港式,六六製麵/臺北市士林區德行東路109巷107號(士東市場旁),不合格,苯甲酸 0.57 g/kg(標準：1.0 /g/kg),111,台北市,121.5287849,25.1112554
一口小章魚,太平洋崇光百貨股份有限公司(Fresh Mart)/臺北市大安區店家,太平洋崇光百貨股份有限公司(Fresh Mart)/臺北市大安區忠孝東路4段45號B2樓,不合格,"鎘：3 mg/kg
(標準：1 mg/kg)",111,台北市,121.5335264,25.0420393
九層塔(羅勒),壹舍國際股份有限公司(真心台菜餐廳)/臺北市信義區店家,壹舍國際股份有限公司(真心台菜餐廳)/臺北市信義區松智路17號4樓,不合格,殺蟲劑Chlorpyrifos 陶斯松0.07ppm(標準： 0.01ppm以下),111,台北市,121.567424,25.0344052
春姫金柑,新潔水菓行(新豐水果店)/臺北市士林區店家,新潔水菓行(新豐水果店)/臺北市士林區天母西路69號,不合格,殺菌劑Iprodione 依普同0.03ppm(標準：0.01ppm以下) ,111,台北市,121.5254701,25.1186083
香菜(芫荽),百特蔬果行/臺北市松山區店家,百特蔬果行/臺北市松山區民生東路5段20號,不合格,殺蟲劑Phenthoate 賽達松0.05ppm(標準：0.01ppm以下) ,111,台北市,121.5556082,25.0584343
九層塔(羅勒),惠民蔬果量販店/臺北市信義區店家,惠民蔬果量販店/臺北市信義區吳興街157號,不合格,殺蟲劑Chlorfenapyr 克凡派1.4ppm(標準： 1.0ppm以下) ,111,台北市,121.562198,25.0289886
絲瓜,全聯實業股份有限公司台北吉林分公司/臺北市中山區店家,全聯實業股份有限公司台北吉林分公司/臺北市中山區吉林路213、215、217、219號1樓,不合格,殺菌劑Procymidone 撲滅寧3.1ppm(標準：2.0ppm以下) ,111,台北市,121.5304435,25.0605003
栗子南瓜,茂昌菓菜行(茂昌蔬果)/臺北市萬華區店家,茂昌菓菜行(茂昌蔬果)/臺北市萬華區富民路155巷27號1樓,不合格,殺菌劑Tebuconazole 得克利0.10ppm(標準：0.01ppm以下) ,111,台北市,121.5007311,25.0183013
家樂福綠豆(有效日期1120426),家樂福,家福股份有限公司三民分公司/臺北市松山區三民路160號,不合格,殺蟲劑Diflubenzuron 二福隆0.03ppm(標準：0.01ppm以下) ,111,台北市,121.5639048,25.0615926
經典紅韻(含冰塊),經典,錫安商行(波囍)/臺北市中正區羅斯福路3段316巷2號1樓,不合格,衛生標準,111,台北市,121.5327622,25.0159626
紅水烏龍(含冰塊),鼎茶飲品店(龜記北投石牌店)/臺北市北投區店家,鼎茶飲品店(龜記北投石牌店)/臺北市北投區石牌路2段124號1樓,不合格,衛生標準,111,台北市,121.517351,25.117864
三韻紅萱(含冰塊),鼎茶飲品店(龜記北投石牌店)/臺北市北投區店家,鼎茶飲品店(龜記北投石牌店)/臺北市北投區石牌路2段124號1樓,不合格,衛生標準,111,台北市,121.517351,25.117864
全鵝,鵝城餐飲有限公司/臺北市中山區店家,鵝城餐飲有限公司/臺北市中山區吉林路105號,不合格,Doxycycline 1.0 ppm(標準:0.1 ppm) ,111,台北市,121.5304049,25.0563881
台灣臘肉,上海火腿食品(南門市場B57攤)/臺北市店家,上海火腿食品(南門市場B57攤)/臺北市大安區杭州南路2段55號,不合格,"已二烯酸 2.22 g/kg
(標準2.0 g/kg)",111,台北市,121.522821,25.0325548
台灣臘肉,上海火腿食品(南門市場B57攤)/臺北市店家,上海火腿食品(南門市場B57攤)/臺北市大安區杭州南路2段55號,不合格,"已二烯酸 2.22 g/kg
(標準2.0 g/kg)",111,台北市,121.522821,25.0325548
朝天椒(超市用)(辣椒),魚金貿易有限公司民族營業所(上引水產)/臺北市中山區店家,魚金貿易有限公司民族營業所(上引水產)/臺北市中山區民族東路410巷2弄18號,不合格,殺菌劑Pyraclostrobin 百克敏1.0ppm(標準：0.5ppm以下) ,111,台北市,121.5370059,25.0667079
青江,宜新蔬果行/臺北市萬華區店家,宜新蔬果行/臺北市萬華區富民路155巷49之3號,不合格,殺蟲劑Chlorfenapyr 克凡派1.7ppm(標準：1.0ppm以下) ,111,台北市,121.501283,25.0186398
亞洲甲等醬油,萬泰醬園/台北市中正區店家,萬泰醬園/台北市中正區永春街292、294號,不合格,總氮量1.26g/100ml(CNS423：甲等醬油總氮量需1.4g/100ml以上),111,台北市,121.5281706,25.01241
甜椒-履歷彩色甜椒,全聯實業股份有限公司西門町分公司(萬華長沙店)/臺北市萬華區店家,全聯實業股份有限公司西門町分公司(萬華長沙店)/臺北市萬華區長沙街2段110.112號1樓,不合格,扶吉胺Fluazinam 0.07ppm(標準：不得檢出),111,台北市,121.5032256,25.0404668
進口蘿蔔(白蘿蔔),全聯實業股份有限公司台北北投分公司(全聯福利中心)/臺北市北投區店家,全聯實業股份有限公司台北北投分公司(全聯福利中心)/臺北市北投區北投路2段11號,不合格,殺蟲劑Thiamethoxam 賽速安0.37ppm(標準：0.25ppm以下) ,111,台北市,121.498809,25.130532
百香果-產銷履歷百香果,百香果,全聯實業股份有限公司台北北投分公司(全聯福利中心)/臺北市北投區北投路2段11號,不合格,殺蟲劑Cyromazine 賽滅淨0.25ppm(標準：不得檢出) ,111,台北市,121.498809,25.130532
芹菜,為福樓餐廳有限公司/臺北市南港區店家,為福樓餐廳有限公司/臺北市南港區忠孝東路5段996號,不合格,殺菌劑Procymidone 撲滅寧5.6ppm(標準：5.0ppm以下) ,111,台北市,121.566819,25.0405415
青江菜,永祥蔬果行/臺北市南港區店家,永祥蔬果行/臺北市南港區同德路77號,不合格,殺蟲劑Chlorfenapyr 克凡派1.4ppm(標準：1.0ppm以下),111,台北市,121.585395,25.0459689
冷凍青花菜（有效日期：20231201）,八方行食品股份有限公司(八方行)/臺北市中山區店家,八方行食品股份有限公司(八方行)/臺北市中山區民族東路410巷23弄1號1樓,不合格,生長調節劑Chlormequat 克美素0.04ppm(標準：不得檢出),111,台北市,121.538631,25.0669762
芥藍芽,暢記蔬果行(蔬果行)/臺北市中山區店家,暢記蔬果行(蔬果行)/臺北市中山區德惠街112號1樓,不合格,殺蟲劑Emamectin benzoate 因滅汀0.10ppm(標準：0.05ppm以下) ,111,台北市,121.5295848,25.0664788
檸檬,檸檬,大苑子士林文林店/臺北市士林區文林路20號,不合格,殺蟲劑Chlorpyrifos 陶斯松0.02ppm(標準：0.01ppm以下) ,111,台北市,121.5256149,25.0864719
敏豆(菜豆),日鮮蔬果專賣店/臺北市萬華區店家,日鮮蔬果專賣店/臺北市萬華區貴陽街2段137號,不合格,殺蟲劑Metaflumizone 美氟綜0.13ppm(標準：0.01ppm以下) ,111,台北市,121.501226,25.040286
青江菜,涮乃葉統一時代市府店/臺北市店家,涮乃葉統一時代市府店/臺北市信義區忠孝東路5段8號3樓,不合格,殺蟲劑Abamectin 阿巴汀0.16ppm(標準：0.05ppm以下) ,111,台北市,121.5652968,25.0406521
芹菜,鎮饌股份有限公司(台北彭園會館)/臺北市信義區店家,鎮饌股份有限公司(台北彭園會館)/臺北市信義區忠孝東路5段297號5樓,不合格,殺蟲劑Chlorpyrifos 陶斯松0.03ppm(標準：0.01ppm以下) ,111,台北市,121.5652968,25.0406521
龍眼,阿一蔬果有限公司/臺北市南港區店家,阿一蔬果有限公司/臺北市南港區忠孝東路6段85號,不合格,殺蟲劑Pyriproxyfen 百利普芬0.09ppm(標準：0.01ppm以下) ,111,台北市,121.5846872,25.0481837
大辣椒,美麗華城市發展股份有限公司(時時香美麗華店)/臺北市店家,美麗華城市發展股份有限公司(時時香美麗華店)/臺北市中山區敬業三路20號5樓,不合格,殺蟲劑Chlorfenapyr 克凡派0.6ppm(標準：0.5ppm以下) ,111,台北市,121.5577454,25.083201
埔里百香果,富安蔬果行/臺北市信義區店家,富安蔬果行/臺北市信義區吳興街208號1樓,不合格,殺菌劑Difenoconazole 待克利0.6ppm(標準：0.5ppm以下) ,111,台北市,121.5628105,25.0280187
龍眼,富安蔬果行/臺北市信義區店家,富安蔬果行/臺北市信義區吳興街208號1樓,不合格,殺蟲劑Chlorpyrifos 陶斯松0.03ppm(標準：0.01ppm以下) ,111,台北市,121.5628105,25.0280187
青江菜,東京牛角股份有限公司(溫野菜日本涮涮鍋誠品信義店)/臺北市信義區店家,東京牛角股份有限公司(溫野菜日本涮涮鍋誠品信義店)/臺北市信義區松高路11號4樓,不合格,殺蟲劑Chlorfenapyr 克凡派1.6ppm(標準：1.0ppm以下) ,111,台北市,121.5658739,25.0397197
冷凍三點蟹,六福開發股份有限公司南港分公司(台北六福萬怡酒店)/臺北市南港區店家,六福開發股份有限公司南港分公司(台北六福萬怡酒店)/臺北市南港區忠孝東路7段359號7樓,不合格,初抽不符合規定，鎘：2.3mg/kg(標準：0.5mg/kg),111,台北市,121.595822,25.0507014
"檸檬水
(註：為盛裝飲用水加檸檬片及葡萄柚片)",檸檬,宜日和餐飲股份有限公司(糀日和Kouji Cafe)/臺北市中山區中山北路2段27巷14號1樓,不合格,"大腸桿菌群：陽性
(標準：陰性)",111,台北市,121.5239853,25.0531016
涼夏俱樂部矽膠製冰器(大圓球),台隆手創館天母店/臺北市士林區店家,台隆手創館天母店/臺北市士林區中山北路6段77號2樓,不合格,標示,111,台北市,121.5245943,25.105306
(OMORY)氣炸鍋圓形烘焙紙20cm-50入,台隆手創館天母店/臺北市士林區店家,台隆手創館天母店/臺北市士林區中山北路6段77號2樓,不合格,標示,111,台北市,121.5245943,25.105306
毅典易樂捲食物調理紙,亨奇食品器具行/臺北市北投區店家,亨奇食品器具行/臺北市北投區明德路277號,不合格,標示,111,台北市,121.5223373,25.1148453
焙蒂絲聖誕節12連矽膠模1組,亨奇食品器具行/臺北市北投區店家,亨奇食品器具行/臺北市北投區明德路277號,不合格,標示,111,台北市,121.5223373,25.1148453
米諾諾氣炸專用紙圓形專用紙圓形8吋有洞50入,文山聯股份有限公司/臺北市文山區店家,文山聯股份有限公司/臺北市文山區木柵路2段57號,不合格,標示,111,台北市,121.5639589,24.990564
萱之愛矽膠副食品分裝盒/L,台灣卡多摩嬰童館股份有限公司木柵分公司/臺北市文山區店家,台灣卡多摩嬰童館股份有限公司木柵分公司/臺北市文山區木柵路2段92號,不合格,標示,111,台北市,121.5711331,24.99168
折疊矽膠保鮮盒GY 540ML,潤泰創新國際股份有限公司中崙分公司/臺北市中山區店家,潤泰創新國際股份有限公司中崙分公司/臺北市中山區八德路2段306號地下3樓地下2樓之3,不合格,標示,111,台北市,121.5425268,25.0470921
萬用調理紙,幸福美滿生活館有限公司/臺北市中山區店家,幸福美滿生活館有限公司/臺北市中山區龍江路356號10、12號,不合格,標示,111,台北市,121.5408107,25.0658871
摺疊保鮮盒,幸福美滿生活館有限公司/臺北市中山區店家,幸福美滿生活館有限公司/臺北市中山區龍江路356號10、12號,不合格,標示,111,台北市,121.5408107,25.0658871
Reynolds萬用烘焙調理紙30SF,特力屋股份有限公司和樂內湖分公司/臺北市內湖區店家,特力屋股份有限公司和樂內湖分公司/臺北市內湖區新湖三路23號1樓,不合格,標示,111,台北市,121.5743171,25.0622554
美味關係/氣炸鍋用紙/7吋/50枚,勝立生活百貨/臺北市大安區店家,勝立生活百貨/臺北市大安區復興南路2段291號,不合格,標示,111,台北市,121.5436669,25.0250716
K-537 BK/Y耐熱矽膠平鏟,City's Super 復興店/臺北市大安區店家,City's Super 復興店/臺北市大安區忠孝東路3段300號B3,不合格,標示,111,台北市,121.5432417,25.0408932
多功能料理紙(捲式),棋軒實業有限公司/臺北市大安區店家,棋軒實業有限公司/臺北市大安區復興南路2段292號1樓,不合格,標示,111,台北市,121.5432403,25.0239169
白木耳(有效日期：20231210),白木,正大蔘藥行/臺北市大安區忠孝東路4段216巷51號1樓,不合格,"生長調節劑Chlormequat克美素0.18ppm(標準：不得檢出) 
產品外包裝標示「符合國家檢驗標準」字樣",111,台北市,121.5531069,25.0388441
白木耳(有效日期：20240510),白木,育仁藥行/臺北市松山區八德路3段152號1樓,不合格,生長調節劑Chlormequat 克美素0.26ppm(標準：不得檢出) ,111,台北市,121.5548798,25.0479768
台灣菊花(有效日期：20250425),德展蔘藥行/臺北市士林區店家,德展蔘藥行/臺北市士林區大東路113號,不合格,檢出殘留農藥殺蟲劑Chlorpyrifos陶斯松0.05ppm，惟與產品所附加110年11月23日農藥殘留檢驗報告之檢驗結果「未檢出」不符；產品標示「包裝日期：2022.04.25」、「有效期限：3年」，與所附檢驗報告之「採收日期：110/11/20」、「採樣日期：110/11/12」推算明顯不符；另案內產品是否屬具啟封辨識性之包裝食品，如屬包裝食品，該產品標示已涉違反食品安全衛生管理法第22條規定,111,台北市,121.5255257,25.0913796
白木耳(有效日期：20230808),白木,家福股份有限公司台北天母分公司/臺北市士林區德行西路47號,不合格,生長調節劑Chlormequat克美素0.23ppm(標準：不得檢出) ,111,台北市,121.5226374,25.1055633
白木耳(有效日期：1140810),白木,旺泰藥材貿易股份有限公司(旺泰蔘藥公司)/臺北市大同區迪化街1段137號,不合格,"殺蟎劑Propargite 毆蟎多0.16ppm(標準：不得檢出) 
生長調節劑Chlormequat 克美素0.48ppm(標準：不得檢出) 
外包裝標示「通過SGS檢驗無農藥殘留」、「安心使用」等字樣",111,台北市,121.5098222,25.0576933
馬牙棗（有效日期：20240430）,龍源中藥行/臺北市大同區店家,龍源中藥行/臺北市大同區迪化街1段172號1樓,不合格,"殺菌劑2-Phenylphenol 0.06ppm（標準：不得檢出）
產品外包裝標示「通過農藥殘留檢驗合格」、「合格養生食品合格安心」、「符合國家檢測標準敬請安心使用」等字樣",111,台北市,121.5095347,25.0582753
芫荽(香菜),遠東都會股份有限公司復興店(city’super復興店)/臺北市大安區店家,遠東都會股份有限公司復興店(city’super復興店)/臺北市大安區忠孝東路3段300號B3,不合格,殺菌劑Flutolanil福多寧1.12ppm（標準：0.01ppm以下）,111,台北市,121.5432417,25.0408932
帶蒂甜豆(豌豆),唯椿企業股份有限公司(miacucina信義店)/臺北市信義區店家,唯椿企業股份有限公司(miacucina信義店)/臺北市信義區松壽路11號2樓,不合格,殺菌劑Flusilazole護矽得0.07ppm（標準：不得檢出）,111,台北市,121.5671425,25.0361873
百香果,百香果,遠百企業股份有限公司忠孝分公司(愛買忠孝店)/臺北市信義區忠孝東路5段297號地下1、2、3樓,不合格,殺蟲劑Cyromazine賽滅淨0.26ppm（標準：不得檢出）,111,台北市,121.5652968,25.0406521
青江菜/中,兄弟大飯店股份有限公司/臺北市松山區店家,兄弟大飯店股份有限公司/臺北市松山區南京東路3段255號,不合格,"殺蟲劑Fipronil 芬普尼0.004ppm、 芬普尼代謝物Fipronil-sulfone 0.011ppm(標準：0.001ppm以下) 
殺蟲劑Pyriproxyfen 百利普芬0.36ppm(標準：0.01ppm以下) ",111,台北市,121.5445961,25.0520507
蘋果,蘋果,"長鑫水果行/承銷號1165/臺北市中山區
民族東路336號（6-13）",不合格,"生長調節劑2,6-DIPN 0.05ppm(標準：不得檢出) ",111,台北市,121.5361042,25.067097
青蒜,吳哲維/濱江果菜市場18-07攤/臺北市店家,吳哲維/濱江果菜市場18-07攤/臺北市中山區民族東路336號,不合格,"殺菌劑Boscalid 白克列0.12ppm(標準：0.01ppm以下) 
殺菌劑Fluxapyroxad 氟克殺0.02ppm(標準：不得檢出) ",111,台北市,121.5372687,25.0677665
"豆干
(進貨日期：2022/8/24)",豆干,俊華豆腐店/臺北市中山區安東街5之6號,不合格,防腐劑苯甲酸：0.74 g/kg(標準：0.6 g/kg以下),111,台北市,121.5418045,25.0462939
"泰山干絲(白)
(進貨日期：2022/8/24)",泰山,佳家用品(成德市場第144攤)/臺北市南港區同德路100號,不合格,殺菌劑過氧化氫：陽性(標準：不得殘留),111,台北市,121.586785,25.046125
"泰山干絲(白)
(進貨日期：2022/8/24)",泰山,無市招豆干攤(曹O麗)/臺北市松山區八德路3段106巷17號旁,不合格,殺菌劑過氧化氫：陽性(標準：不得殘留),111,台北市,121.5540173,25.0472686
"豆干絲(基因改造)(黃)
(進貨日期：2022/8/19)",豆干,阿貞豆腐店(木柵市場第54攤)/臺北市文山區保儀路13巷3號,不合格,殺菌劑過氧化氫：陽性(標準：不得殘留),111,台北市,121.5692133,24.9885632
"白干絲
(進貨日期：2022/8/26)",環南市場調理加工食品類第58號攤/臺北市店家,環南市場調理加工食品類第58號攤/臺北市萬華區環河南路2段245號,不合格,"殺菌劑過氧化氫：陽性(標準：不得殘留)
防腐劑苯甲酸：1.81 g/kg(標準：0.6 g/kg以下)",111,台北市,121.4897587,25.0286603
水梨,艋舺夜市-男哥現削水果/臺北市店家,艋舺夜市-男哥現削水果/臺北市萬華區廣州街182號前,不合格,"甜味劑糖精：0.03 g/kg
(標準：不得添加)",111,台北市,121.4985771,25.0366509
櫻桃小丸子美耐皿水杯-學校‧藍,樂恩仕國際有限公司士林門市部/臺北市店家,樂恩仕國際有限公司士林門市部/臺北市士林區中正路235巷33號、35號,不合格,"三聚氰胺:4.6ppm
(標準:2.5ppm以下)",111,台北市,121.5262775,25.0944015
酵速蔬果清洗劑,特力屋股份有限公司士林分公司/臺北市士林區店家,特力屋股份有限公司士林分公司/臺北市士林區基河路258號,不合格,"
甲醇：4.09 mg/mL 
(標準 : 1 mg/mL)",111,台北市,121.5204962,25.0929719
白蘿蔔,白蘿,長春素食有限公司(長春食素名人館)/臺北市中山區長春路90號2樓、90號2樓之1至42、90號2樓之68至之69、90號2樓之71至之94、新生北路2段38號1樓、林森北路259巷117號1樓、119號1樓、121號1樓、123號1樓,不合格,殺蟲劑Fipronil-sulfone芬普尼代謝物0.002ppm(標準：0.001ppm以下) ,111,台北市,121.5271927,25.0546833
日昇甜木瓜,楊淑美水果攤/臺北市中山區店家,楊淑美水果攤/臺北市中山區遼寧街160號/公有長春市場外,不合格,殺蟎劑Bifenazate 必芬蟎0.02ppm(標準：不得檢出) ,111,台北市,121.5420439,25.0552112
甜豌莢(豌豆),微風超市股份有限公司(微風超市店家,"微風超市股份有限公司(微風超市Breeze Super)/臺北市松山區復興南路1段39號B2
",不合格,"殺蟲劑Indoxacarb 因得克0.23ppm(標準：0.01ppm以下) 
殺蟲劑Spinetoram 賜諾特0.06ppm(標準：0.05ppm以下) ",111,台北市,121.5448303,25.0461572
青蔥,全聯實業股份有限公司南港旗艦分公司(全聯福利中心南港旗艦店)/臺北市南港區店家,全聯實業股份有限公司南港旗艦分公司(全聯福利中心南港旗艦店)/臺北市南港區南港路2段20巷5號B1,不合格,殺蟲劑Fipronil-sulfone芬普尼代謝物0.003ppm(標準：0.001ppm以下) ,111,台北市,121.6055174,25.0547902
百香果,百香果,大潤發流通事業股份有限公司南湖分公司(大潤發內湖二店)/臺北市內湖區舊宗路1段188號,不合格,殺菌劑Carbendazim 貝芬替1.2ppm(標準：1.0ppm以下) ,111,台北市,121.5789859,25.0598147
白蘿蔔,白蘿,福家莊小吃店(全國健康素食)/臺北市北投區裕民一路25號,不合格,"殺蟲劑Fipronil 芬普尼0.002ppm、Fipronil-sulfone芬普尼代謝物0.004ppm(標準：0.001ppm以下)
殺蟲劑Cyhalothrin 賽洛寧0.02ppm(標準：0.01ppm以下) ",111,台北市,121.5170657,25.1167711
芹菜(LG2),梁炎煌/自強市場無市店家,梁炎煌/自強市場無市招菜攤/臺北市北投區西安街1段281巷19號,不合格,"殺蟲劑Chlorpyrifos 陶斯松0.06ppm(標準：0.01ppm以下) 
殺蟲劑Terbufos 托福松0.09ppm(標準：0.05ppm以下) ",111,台北市,121.5418751,25.059918
 LD1(青江菜),3291洪黃熟(實際營業者：洪嘉茂)/第一果菜批發市場零批場攤號3291/臺北市店家,3291洪黃熟(實際營業者：洪嘉茂)/第一果菜批發市場零批場攤號3291/臺北市萬華區萬大路533號地號：1413,不合格,殺蟲劑Cyhalothrin 賽洛寧2.3ppm(標準：1.0ppm以下) ,111,台北市,121.4984156,25.0185059
百香果,百香果,延桔行(延桔水果行)/臺北市中正區愛國西路52號1樓,不合格,"殺菌劑Fluxapyroxad 氟克殺0.05ppm(標準：不得檢出) 
殺蟲劑Pyriproxyfen 百利普芬0.4ppm(標準：0.2ppm以下) 
殺蟲劑Cyromazine 賽滅淨0.50ppm(標準：不得檢出) ",111,台北市,121.5072602,25.0368024
百香果,百香果,豐有蔬果行/臺北市中正區杭州南路1段69號,不合格,殺蟲劑Cyromazine 賽滅淨0.05ppm(標準：不得檢出) ,111,台北市,121.5269184,25.0436513
龍眼,通化水果行/臺北市大安區店家,通化水果行/臺北市大安區通化街39巷50弄33號,不合格,"殺蟲劑Carbaryl 加保利0.9ppm(標準：0.5ppm以下) 
殺菌劑Carbendazim 貝芬替4.9ppm(標準：2.0ppm以下) 
殺蟲劑Chlorpyrifos 陶斯松0.12ppm(標準：0.01ppm以下) ",111,台北市,121.5553928,25.0302069
白蘿蔔,白蘿,全國食養創作全自助餐復興店(復興小吃店/全國健康素食)/臺北市大安區復興南路2段314號,不合格,殺蟲劑Fipronil 芬普尼0.001ppm、Fipronil-sulfone芬普尼代謝物0.001ppm(標準：0.001ppm以下) ,111,台北市,121.5432184,25.023492
豆腐(素),八海國際餐飲股份有限公司(八海食潮當代鍋物)/臺北市中正區店家,八海國際餐飲股份有限公司(八海食潮當代鍋物)/臺北市中正區北平西路3號3樓,不合格,苯甲酸：1.39g/kg(標準：不得檢出),111,台北市,121.5164514,25.0478855
青江菜,英屬開曼群島商撈王餐飲國際股份有限公司臺灣分公司信義營業處/臺北市信義區店家,英屬開曼群島商撈王餐飲國際股份有限公司臺灣分公司信義營業處/臺北市信義區松壽路12號9樓,不合格,"1.殺蟲劑芬普尼(Fipronil)：0.046ppm、芬普尼代謝物(Fipronil-sulfone)：0.011ppm(標準：0.001ppm)
2.殺蟲劑百利普芬(Pyriproxyfen)：0.73ppm(標準：0.01ppm)",111,台北市,121.5660665,25.03531
青蔥,小鍋南港店/臺北市南港區店家,小鍋南港店/臺北市南港區忠孝東路7段369號A棟3樓(A4703櫃),不合格,"1.殺蟲劑芬普尼代謝物(Fipronil-sulfone)：0.003ppm(標準：0.001ppm)
2.殺菌劑賽氟滅(Thifluzamide)：0.04ppm(標準：不得檢出)",111,台北市,121.595822,25.0507014
白蘿蔔,白蘿,新加坡商海底撈事業股份有限公司臺灣第一分公司(海底撈火鍋京站店)/臺北市大同區承德路一段1號4樓,不合格,殺蟲劑芬普尼(Fipronil)：0.001ppm、芬普尼代謝物(Fipronil-sulfone)：0.001ppm(標準：0.001ppm),111,台北市,121.5169766,25.0496268
芫荽,人杰老四川餐飲管理顧問有限公司臺北南京東分公司(老四川巴蜀麻辣燙)/臺北市中山區店家,人杰老四川餐飲管理顧問有限公司臺北南京東分公司(老四川巴蜀麻辣燙)/臺北市中山區南京東路2段45號1、2樓；47號1、2樓,不合格,殺草劑草脫淨(Atrazine)：0.02ppm(標準：不得檢出),111,台北市,121.5281835,25.051898
"沙拉醬
(有效日期：2022/12/8)",饗樂餐飲實業股份有限公司中山錦州分公司/臺北市中山區店家,饗樂餐飲實業股份有限公司中山錦州分公司/臺北市中山區吉林路205號1樓,不合格,營養標示反式脂肪含量為「每份：0公克/每100公克：0公克」，惟檢出每100公克反式脂肪酸含量0.40公克，依據「包裝食品營養標示應遵行事項」，每100公克固體（半固體）反式脂肪酸含量不超過0.3公克得標示為0，案內產品應依實際數值標示。,111,台北市,121.5303598,25.0601262
"西式千島沙拉醬
(有效日期：2023/4/6)",粉紅色的門早午餐坊(品客多Coffee house)/臺北市松山區店家,粉紅色的門早午餐坊(品客多Coffee house)/臺北市松山區八德路4段789號1樓,不合格,營養標示反式脂肪含量為「每份：0公克/每100公克：0公克」，惟檢出每100公克反式脂肪酸含量0.49公克，依據「包裝食品營養標示應遵行事項」，每100公克固體（半固體）反式脂肪酸含量不超過0.3公克得標示為0，案內產品應依實際數值標示。,111,台北市,121.5784668,25.0512826
"乳瑪琳440人造奶油
(有效日期：2023/8/25)",惠康百貨股份有限公司雨聲分公司(家樂福)/臺北市士林區店家,惠康百貨股份有限公司雨聲分公司(家樂福)/臺北市士林區雨聲街52號、52之1號、50巷1號,不合格,營養標示反式脂肪含量為「每份：0.06公克/每10公克（經換算為0.6公克/每100公克）」，惟檢出每100公克反式脂肪酸含量0.87公克，依據「包裝食品營養標示應遵行事項」，反式脂肪含量標示值誤差允許範圍為「小於或等於標示值之120%」（經換算為0.72公克/每100公克），案內產品應依實際數值標示。,111,台北市,121.5288302,25.1028261
"日久奶精(非乳為主)
(有效日期：2022/10/27)",民祥餐飲店(巨林美而美民和店)/臺北市萬華區店家,民祥餐飲店(巨林美而美民和店)/臺北市萬華區民和街2號1樓,不合格,未標示原產地（國）及「有效日期」字樣,111,台北市,121.5001916,25.026412
改良種百香果,無市招攤販-謝愛玉/臺北市店家,無市招攤販-謝愛玉/臺北市內湖區康寧路1段33巷13號,不合格,"殺菌劑Procymidone 撲滅寧0.02ppm(標準：0.01ppm以下) 
殺蟲劑Cyromazine 賽滅淨0.12ppm(標準：不得檢出) ",111,台北市,121.592353,25.080129
芥藍菜(中),開泰豐國際股份有限公司(台北文華東方酒店)/臺北市松山區店家,開泰豐國際股份有限公司(台北文華東方酒店)/臺北市松山區敦化北路158號,不合格,"殺菌劑Dimethomorph 達滅芬3.9ppm(標準：2.5ppm以下) 
殺蟲劑Profenophos 佈飛松3.8ppm(標準：1.0ppm以下) ",111,台北市,121.5481485,25.0557416
白蘿蔔SA3,白蘿,蔬菜攤/臺北市大同區錦西街38巷18號前,不合格,"殺蟲劑Cypermethrin 賽滅寧0.02ppm(標準：0.01ppm以下) 
殺蟲劑Fipronil-sulfone芬普尼代謝物0.002ppm(標準：0.001ppm以下)",111,台北市,121.520313,25.059675
特選百香果,樂樂水果/臺北市內湖區店家,樂樂水果/臺北市內湖區成功路4段20巷6號,不合格,殺蟲劑Cyromazine 賽滅淨0.15ppm(標準：不得檢出) ,111,台北市,121.5910271,25.0817943
絲瓜,白毫素食天地/臺北市士林區店家,白毫素食天地/臺北市士林區天母西路13巷10號1樓,不合格,殺菌劑Tebuconazole 得克利0.09ppm(標準：0.01ppm以下) ,111,台北市,121.5284493,25.1189015
大陸妹,好鍋有限公司/臺北市士林區店家,好鍋有限公司/臺北市士林區天母西路43號1樓/28743731,不合格,殺菌劑Propiconazole 普克利0.08ppm(標準：0.01ppm以下) ,111,台北市,121.5271668,25.1186067
茼蒿,無市招攤販-施O樺(承銷號：0615)/臺北市店家,無市招攤販-施O樺(承銷號：0615)/臺北市松山區南京東路5段291巷跟健康路400號之巷口,不合格,殺蟲劑Chlorpyrifos 陶斯松0.08ppm(標準：0.01ppm以下) ,111,台北市,121.5661087,25.0541291
水洗白蘿蔔,家福股份有限公司台北桂林分公司(家樂福桂林店)/臺北市萬華區店家,家福股份有限公司台北桂林分公司(家樂福桂林店)/臺北市萬華區桂林路1號1-4樓,不合格,殺蟲劑Fipronil 芬普尼0.001ppm、Fipronil-sulfone芬普尼代謝物0.004ppm(標準：0.001ppm以下) ,111,台北市,121.5058635,25.03789
蘿美生菜-進口,好膳企業股份有限公司(MIOPANE)/臺北市士林區店家,好膳企業股份有限公司(MIOPANE)/臺北市士林區天母東路43巷3號,不合格,殺菌劑Propiconazole 普克利0.03ppm(標準：0.01ppm以下) ,111,台北市,121.434423,25.0244993
香菜,遠百企業股份有限公司忠孝分公司(愛買)/臺北市信義區店家,遠百企業股份有限公司忠孝分公司(愛買)/臺北市信義區忠孝東路5段297號地下1.2.3樓,不合格,殺蟲劑Chlorpyrifos陶斯松0.02ppm（標準：0.01ppm以下）,111,台北市,121.5733669,25.0411189
青江白菜,遠東都會股份有限公司復興店(city super復興店)/臺北市大安區店家,遠東都會股份有限公司復興店(city super復興店)/臺北市大安區忠孝東路3段300號B3,不合格,殺蟲劑Chlorfenapyr 克凡派1.2ppm(標準：1.0ppm以下) ,111,台北市,121.5432417,25.0408932
良農綠豆(有效日期：20230801),家福股份有限公司台北桂林分公司(家樂福桂林店)/臺北市萬華區店家,家福股份有限公司台北桂林分公司(家樂福桂林店)/臺北市萬華區桂林路1號1-4樓,不合格,殺草劑Glyphosate嘉磷塞2.1ppm（標準：2.0ppm以下）,111,台北市,121.5058635,25.03789
碧苜素優視膠囊,佳祈健保藥局/臺北市北投區店家,佳祈健保藥局/臺北市北投區明德路144號,不合格,"DBP:1.4ppm
(指標值:0.6ppm)
",111,台北市,121.520757,25.110445
苦茶油,惠康百貨股份有限公司(Mia C'bon 臺北寶慶店)/臺北市中正區店家,惠康百貨股份有限公司(Mia C'bon 臺北寶慶店)/臺北市中正區寶慶路32號B1,不合格,"DEHP:6ppm
(指標值:3ppm)",111,台北市,121.5090412,25.0416016
【達摩本草】90% Omega-3 專利深海魚油膠囊,臺灣屈臣氏個人用品商店股份有限公司寧波分公司/臺北市中正區店家,臺灣屈臣氏個人用品商店股份有限公司寧波分公司/臺北市中正區寧波西街46號1、2樓,不合格," DINP:24ppm
 (指標值:9ppm)",111,台北市,121.5179271,25.0308163
白木耳,白木,旭日昇雜糧行/臺北市內湖區內湖路1段285巷65弄15號1樓,不合格,"殺蟲劑Methomyl納乃得0.08ppm（標準：不得檢出）
生長調節劑Chlormequat克美素0.29ppm（標準：不得檢出）",111,台北市,121.5676517,25.0844398
白木耳(有效日期：1140905)(原產地:中國),白木,偉順蔘藥行/臺北市信義區吳興街202號1樓,不合格,"殺蟎劑Propargite毆蟎多0.07ppm（標準：不得檢出）
生長調節劑Chlormequat克美素0.26ppm（標準：不得檢出）
外包裝標示外包裝標示「通過SGS檢驗無農藥殘留」、「安心使用」等字樣",111,台北市,121.5626891,25.0281065
白木耳(調理用)(有效日期：20230821)(原產地:中國),白木,全聯實業股份有限公司士林中正分公司(全聯福利中心)/臺北市士林區中正路115號1樓,不合格,生長調節劑Chlormequat 克美素0.37ppm(標準：不得檢出) ,111,台北市,121.529031,25.0957715
白大花級合格乾銀耳（DRIED JELLY FUNGI）（雪耳）（產地：中國）,合泰雜糧行/臺北市萬華區店家,合泰雜糧行/臺北市萬華區和平西路3段202號1樓,不合格,生長調節劑Chlormequat克美素0.31ppm（標準：不得檢出），另外箱標示「合格」字樣,111,台北市,121.4970443,25.03519
白木耳,白木,宏德雜糧行/臺北市大安區安居街117號1樓,不合格,生長調節劑Chlormequat 克美素0.29ppm(標準：不得檢出) ,111,台北市,121.5520752,25.018356
白木耳(有效日期：20231011)（產地：中國）,白木,全聯實業股份有限公司士林中正分公司(全聯福利中心)/臺北市士林區中正路115號1樓,不合格,生長調節劑Chlormequat 克美素0.26ppm(標準：不得檢出) ,111,台北市,121.529031,25.0957715
白木耳（產地：中國）,白木,無市招業者/臺北市萬華區富民路145巷44號,不合格,生長調節劑Chlormequat 克美素0.18ppm(標準：不得檢出) ,111,台北市,121.5010365,25.0188622
竹笙,竹笙,上海鄉村股份有限公司濟南分公司/臺北市中正區濟南路2段37號1樓及37之1號1樓,不合格,"殺蟲劑Dinotefuran達特南0.18ppm（標準：不得檢出）
殺菌劑Propiconazole普克利0.09ppm（標準：0.05ppm以下）",111,台北市,121.5297456,25.0408708
特級竹笙(有效日期：20230720)（產地：中國）,特級,京老滿餐飲股份有限公司(餡老滿)/臺北市內湖區成功路4段188號2樓,不合格,"殺蟲劑Fipronil芬普尼0.015ppm(標準:0.002ppm以下)
殺蟲劑Propoxur安丹2.70ppm(標準:0.05ppm以下)",111,台北市,121.5941665,25.0842145
竹笙,竹笙,麗庭莊園有限公司(88號樂章婚宴會館)/臺北市內湖區民善街88號5樓,不合格,殺蟲劑Fipronil 芬普尼0.042ppm(標準：0.002ppm以下) ,111,台北市,121.5751745,25.0603164
竹笙（產地：中國）,竹笙,元忠商店/臺北市文山區集英街30號,不合格,重金屬鎘5mg/kg（標準：2mg/kg以下）,111,台北市,121.569349,24.988347
竹笙（有效日期：20231024）（產地：中國）,竹笙,全向雜糧商行/臺北市內湖區五分街51號,不合格,重金屬鎘5mg/kg（標準：2mg/kg以下）,111,台北市,121.6145553,25.067541
巴西蘑菇（有效日期：20231009）（產地：中國）,國裕開發股份有限公司（台北凱撤大飯店王朝餐廳)/臺北市中正區店家,國裕開發股份有限公司（台北凱撤大飯店王朝餐廳)/臺北市中正區忠孝西路1段38號3樓,不合格,重金屬鎘18mg/kg（標準：2mg/kg以下）,111,台北市,121.5192071,25.0626318
巴西蘑菇,有哆創意蔬食洋食館有限公司(有哆創意蔬食洋食館)/臺北市松山區店家,有哆創意蔬食洋食館有限公司(有哆創意蔬食洋食館)/臺北市松山區南京東路5段33號,不合格,重金屬鎘4mg/kg（標準：2mg/kg以下）,111,台北市,121.5574266,25.0518277
黃日香沙茶豆乾（有效日期：20230209）,正祥食品行(黃日香股份有限公司)/臺北市萬華區店家,正祥食品行(黃日香股份有限公司)/臺北市萬華區中華路2段66號1樓/實際抽驗地為64號）,不合格,防腐劑己二烯酸2.4g/kg（標準：2.0g/kg以下）,111,台北市,121.5045361,25.032266
黃日香休閒片（有效日期：20230216）,正祥食品行(黃日香股份有限公司)/臺北市萬華區店家,正祥食品行(黃日香股份有限公司)/臺北市萬華區中華路2段66號1樓/實際抽驗地為64號）,不合格,防腐劑己二烯酸2.1g/kg（標準：2.0g/kg以下）,111,台北市,121.5045361,25.032266
有機乾姬松茸（有效日期：20230810）,有限責任台灣主婦聯盟生活消費合作社/臺北市士林區店家,有限責任台灣主婦聯盟生活消費合作社/臺北市士林區福志路50號,不合格,檢出重金屬鉛及鎘分別為0.3mg/kg，惟外包裝標示「無重金屬殘留」字樣,111,台北市,121.5305131,25.0990811
"醃漬烏梨
(進貨日期2022/11/3)",菓之鄉水果專賣店/臺北市南港區店家,菓之鄉水果專賣店/臺北市南港區同德路60號,不合格,"己二烯酸0.76 g/kg(標準：不得檢出)
醋磺內酯鉀0.09 g/kg(標準：不得檢出)
環己基(代)磺醯胺酸鹽0.58 g/kg(標準：不得檢出)
糖精0.08g/kg(標準：不得檢出)",111,台北市,121.584972,25.045464
"黃金酸白菜
(2023/4/28 )",黃金,元順商行 (小石鍋北投石牌店)/臺北市北投區石牌路1段166巷97號1樓,不合格,"二氧化硫0.09 g/kg(漂白劑標準：0.030 g/kg以下)
標示添加物：偏亞硫酸鈉(抗氧化劑)(標準：不得檢出) ",111,台北市,121.5152267,25.112294
"酸菜
(2023/9/8 )",酸菜,臺北市第二果菜批發市場第18-16攤葉爾旺(蔬菜承銷人2154)/臺北市中山區民族東路336號,不合格,"苯甲酸1.33g/kg(標準：0.6 g/kg)
二氧化硫0.06g/kg(標準：0.030 g/kg以下) ",111,台北市,121.5373211,25.067861
"酸菜葉
(進貨日期2022/10/31)",酸菜,臺北市第二果菜批發市場第18-16攤葉爾旺(蔬菜承銷人2154)/臺北市中山區民族東路336號,不合格,"苯甲酸1.17 g/kg(標準：0.6 g/kg)
二氧化硫0.48 g/kg(標準：0.030 g/kg以下) ",111,台北市,121.5373211,25.067861
"碳燻清甘化應子
(2023/8/2)",巧群企業有限公司/臺北市南港區店家,巧群企業有限公司/臺北市南港區永吉路601號,不合格,"1.檢出蔗糖素0.58 g/kg，內容
   物未標示。
2.內容物標示「糖精鈉鹽」及
  「環己基(代)磺醯胺酸鈉」
   ，檢驗結果未檢出。",111,台北市,121.5823042,25.0454968
"法式肩羊排
(進貨日期2022/11/12)",法式,大王軍糰早午餐店(Jans Arabian Bistro 中東人的私房菜)/臺北市士林區忠義街117-3號1樓,不合格,未有中文標示,111,台北市,121.5327883,25.1074578
"帶筋牛肉丸
(未標示有效日期)",黎凡特國際企業行/臺北市中山區店家,黎凡特國際企業行/臺北市中山區遼寧街209巷25號,不合格,"1.產品無完整中文標示
2.動物性成分檢出牛雞成分，惟僅標示牛成分",111,台北市,121.542935,25.0550935
"雞肉水餃
(未標示有效日期)",雞肉,黎凡特國際企業行/臺北市中山區遼寧街209巷25號,不合格,產品無完整中文標示,111,台北市,121.542935,25.0550935
大豆調理製品 干貝柱,阿玉素食(B136北投阿玉素食)/臺北市北投區店家,阿玉素食(B136北投阿玉素食)/臺北市北投區磺港路33號(北投中繼市場),不合格,檢出動物性成分陽性(魚),111,台北市,121.5036057,25.1323237
金棗,旺旺水果行(龍江水果行)/臺北市中山區店家,旺旺水果行(龍江水果行)/臺北市中山區龍江路189號,不合格,"殺蟲劑Chlorpyrifos	陶斯松0.03ppm(標準：0.01ppm以下)	
殺菌劑Famoxadone	凡殺同0.68ppm(標準：0.01ppm以下)	
殺蟲劑Fenvalerate	芬化利2.8ppm(標準：2.0ppm以下)		",113,台北市,121.5407159,25.055778
九層塔(羅勒),龍來餐飲有限公司(儂來美食)/臺北市中山區店家,龍來餐飲有限公司(儂來美食)/臺北市中山區民生東路2段147巷11弄2-1號,不合格,"殺菌劑Boscalid	白克列21.87ppm(標準：0.01ppm以下)	
殺菌劑Procymidone	撲滅寧10.3ppm(標準：5.0ppm以下)	",113,台北市,121.5427093,25.0792018
大湖草莓,一級鮮果商行/臺北市大安區店家,一級鮮果商行/臺北市大安區仁愛路4段408號,不合格,"殺蟲劑Methomyl	納乃得3.1ppm(標準：2.0ppm以下)	
殺菌劑Pyraclostrobin	百克敏1.4ppm(標準0.5ppm以下)	",113,台北市,121.5568023,25.037409
芥菜(包心芥菜),無市招菜攤(陳O宏)/臺北市店家,無市招菜攤(陳O宏)/臺北市松山區八德路3段74巷3弄22號,不合格,"殺蟲劑Cypermethrin	賽滅寧1.6ppm(標準：1.0ppm以下)	
殺蟲劑Dinotefuran	達特南4.6ppm(標準：2.0ppm以下)	",113,台北市,121.5530763,25.0475893
日本福岡草莓,微風超市股份有限公司(Breeze Super)/臺北市店家,微風超市股份有限公司(Breeze Super)/臺北市松山區南京東路3段337號2樓,不合格,殺蟲劑Flonicamid	氟尼胺0.22ppm(標準：0.01ppm以下)	,113,台北市,121.5575367,25.0517504
結球白菜,全聯實業股份有限公司天母天玉分公司/臺北市士林區店家,全聯實業股份有限公司天母天玉分公司/臺北市士林區天母西路3號地下,不合格,殺蟲劑Pyriproxyfen	百利普芬0.08ppm(標準：0.01ppm以下)	,113,台北市,121.529675,25.11898
刈菜(包心芥菜),臺北市第二果菜批發市店家,臺北市第二果菜批發市場18-09號攤/臺北市中山區民族東路336號,不合格,殺菌劑Flutolanil	福多寧0.05ppm(標準：0.01ppm以下)	,113,台北市,121.5371787,25.06741
日本熊本草莓,阿一蔬果有限公司/臺北市南港區店家,阿一蔬果有限公司/臺北市南港區忠孝東路6段85號,不合格,殺蟲劑Flonicamid	氟尼胺0.04ppm(標準：0.01ppm以下)	,113,台北市,121.5846872,25.0481837
日本MOMO草莓,梅林水果行/臺北市中正區店家,梅林水果行/臺北市中正區開封街1段81、83號1樓,不合格,殺蟲劑Flonicamid	氟尼胺0.03ppm(標準：0.01ppm以下)	,113,台北市,121.5146126,25.0460573
芥蘭花,天香/臺北市松山區店家,天香/臺北市松山區八德路3段76號中崙市場第24號攤,不合格,殺蟲劑Emamectin benzoate	因滅汀0.12ppm(標準：0.05ppm以下)	,113,台北市,121.5526422,25.0477374
茼蒿,林O省(蔬菜承銷人3067)/臺北市萬華區店家,林O省(蔬菜承銷人3067)/臺北市萬華區萬大路533號(第一果菜批發市場地號1610),不合格,殺菌劑Difenoconazole	待克利2.1ppm(標準：1.0ppm以下)	,113,台北市,121.497064,25.017135
茼蒿,錢儷小吃店(錢都日式涮涮鍋)/臺北市士林區店家,錢儷小吃店(錢都日式涮涮鍋)/臺北市士林區福國路71號1樓,不合格,殺菌劑Chlorothalonil四氯異苯腈4.1ppm(標準：2.0ppm以下)	,113,台北市,121.5231745,25.1017102
茼蒿,三商家購股份有限公司大安樂業門市(美廉社)/臺北市店家,三商家購股份有限公司大安樂業門市(美廉社)/臺北市大安區樂業街141號,不合格,殺菌劑Chlorothalonil	四氯異苯腈3.9ppm(標準：2.0ppm以下)	,113,台北市,121.5533474,25.0199751
青江菜,鼎王國際餐飲股份有限公司無老台北中華分公司(無老鍋西門町店)/臺北市中正區店家,鼎王國際餐飲股份有限公司無老台北中華分公司(無老鍋西門町店)/臺北市中正區中華路1段55號2樓,不合格,殺蟲劑Tolfenpyrad	脫芬瑞0.9ppm(標準：0.5ppm以下)	,113,台北市,121.5101649,25.0474822
大湖草莓,旺旺水果行（龍江水果行）/臺北市中山區店家,旺旺水果行（龍江水果行）/臺北市中山區龍江路189號,不合格,殺菌劑Fludioxonil	護汰寧2.2ppm(標準：2.0ppm以下)	,113,台北市,121.5407159,25.055778
細粉紅辣椒,遠百企業股份有限公司景美分公司/臺北市文山區店家,遠百企業股份有限公司景美分公司/臺北市文山區景中街30巷12號1.2樓,不合格,"克美素-0.08ppm
(標準：不得檢出)",113,台北市,121.5422633,24.9921961
豆干碎丁,豆干,阿泓潤餅/臺北市信義區吳興街189號,不合格,苯甲酸1.25g/kg(標準：0.6g/kg以下),113,台北市,121.5625397,25.0285459
花生粉,花生,豪棧小吃店/臺北市內湖區內湖路1段285巷59弄1號,不合格,總黃麴毒素30.8ug/kg(標準：4ug/kg以下)、黃麴毒素B1 25.2ug/kg (標準：2ug/kg以下),113,台北市,121.575196,25.0800142
豆干絲,豆干,麗山市場第70攤/臺北市內湖區內湖路1段737巷50弄6號	,不合格,苯甲酸1.3g/kg(標準：0.6g/kg以下),113,台北市,121.5683655,25.0823089
烏骨雞,新東南海鮮餐廳松山館/臺北市松山區店家,新東南海鮮餐廳松山館/臺北市松山區八德路4段656號1樓、2樓,不合格,"三甲氧芐氨嘧啶(trimethoprim): 0.1ppm
（標準：0.05ppm）",113,台北市,121.5755806,25.0498562
烏骨雞,武昌市場-無市店家,武昌市場-無市招攤販/臺北市松山區南京東路5段59巷27弄27號,不合格,"三甲氧芐氨嘧啶(trimethoprim): 0.1ppm
（標準：0.05ppm）",113,台北市,121.5600558,25.0525998
烏骨雞,環南市場家禽區店家,環南市場家禽區-健業生鮮肉品(13號攤)/臺北市萬華區環河南路二段245號 - 家禽區13號攤,不合格,"三甲氧芐氨嘧啶(trimethoprim): 0.09ppm
（標準：0.05ppm）",113,台北市,121.4897587,25.0286603
雞胗,南門市場-光揚家禽畜產(7.8號攤)/臺北市店家,南門市場-光揚家禽畜產(7.8號攤)/臺北市中正區羅斯福路一段8號B103-06,不合格,"脫氧羥四環黴素(Doxycycline): 0.4ppm
（標準：0.3 ppm）",113,台北市,121.5180034,25.0324803
雞胗,永春市場65號攤-專售花東的雞/臺北市店家,永春市場65號攤-專售花東的雞/臺北市信義區松山路294號,不合格,"脫氧羥四環黴素(Doxycycline): 0.8ppm
（標準：0.3 ppm）",113,台北市,121.5774477,25.0431291
心樸冷藏鮮雞蛋(白蛋),三商家購股份有限公司(美廉社萬華雙園店)/臺北市萬華區店家,三商家購股份有限公司(美廉社萬華雙園店)/臺北市萬華區雙園街13號1樓,不合格,"乃卡巴精(nicarbazin):
0.016 ppm
(標準:不得檢出)",113,台北市,121.4951281,25.0291648
紅蛋,有利蛋行/臺北市中山區店家,有利蛋行/臺北市中山區新生北路3段11巷49號,不合格,"甲磺氯黴素(Thiamphenicol):
0.005 ppm(標準:不得檢出)
氟滅菌(flumequine):
0.07 ppm(標準:不得檢出)",113,台北市,121.5294756,25.0636574
日清葡萄籽油,微風超市股份有限公司(Breeze Super)/臺北市店家,微風超市股份有限公司(Breeze Super)/臺北市信義區松智路17號B1F,不合格,檢出反式脂肪酸甲基酯(15項) 0.88 g/100 mL，惟案內產品外包裝營養標示每份(10毫升)反式脂肪含量為「0」，標示不實。,113,台北市,121.5661991,25.0345019
薰衣草,湘帝蔘茸有限公司/臺北市大同區店家,湘帝蔘茸有限公司/臺北市大同區迪化街1段58號1樓	,不合格,"殺蟲劑Acetamiprid	亞滅培
0.21ppm(標準：0.05ppm以下)	",113,台北市,121.50998,25.0552712
蝶豆花,閤家生活開發有限公司民權店(8% ice CAFÉ)/臺北市中山區店家,閤家生活開發有限公司民權店(8% ice CAFÉ)/臺北市中山區民權東路1段79號1樓,不合格,"殺菌劑Carbendazim	貝芬替
0.21ppm(標準：0.05ppm以下)	
殺蟲劑Cypermethrin	賽滅寧
0.21ppm(標準：0.03ppm以下)	
殺蟲劑Fipronil	芬普尼
0.006ppm(標準：0.002ppm以下)	
殺蟲劑Imidacloprid	益達胺
0.29ppm(標準：0.05ppm以下)	
殺菌劑Isoprothiolane	亞賜圃
0.18ppm(標準：0.05ppm以下)	",113,台北市,121.539393,25.0628576
粉紅玫瑰,牙口義大利麵館/臺北市北投區店家,牙口義大利麵館/臺北市北投區大興街9巷45號,不合格,"殺蟲劑Phosalone裕必松 
0.19 pm（標準：不得檢出）",113,台北市,121.4971597,25.1309108
乾燥蝶豆花20G,棋軒實業有限公司(棋美點心屋)/臺北市大安區店家,棋軒實業有限公司(棋美點心屋)/臺北市大安區復興南路2段292號,不合格,"殺蟲劑Cypermethrin	賽滅寧
0.11ppm(標準：0.03ppm以下)",113,台北市,121.5432403,25.0239169
大馬士革玫瑰花茶,運立國際有限公司/臺北市內湖區店家,運立國際有限公司/臺北市內湖區基湖路35巷16號4樓,不合格,"殺蟲劑Cypermethrin	賽滅寧
0.04ppm(標準：0.03ppm以下)	
殺蟲劑Deltamethrin	第滅寧
0.04ppm(標準：0.03ppm以下)
殺菌劑Tebuconazole	得克利
0.72ppm(標準：0.05ppm以下)	",113,台北市,121.5663037,25.0792719
紫玫瑰花,燒杯咖啡餐坊(燒杯咖啡藝廚)/臺北市萬華區店家,燒杯咖啡餐坊(燒杯咖啡藝廚)/臺北市萬華區西園路1段240號1樓,不合格,"殺蟲劑Omethoate	歐滅松
0.07ppm(標準：不得檢出)	",113,台北市,121.5000823,25.0399013
蝶豆花,象泰泰手工泰式奶茶店(象泰泰)/臺北市萬華區店家,象泰泰手工泰式奶茶店(象泰泰)/臺北市萬華區武昌街2段100號1樓,不合格,"殺蟲劑Bifenthrin	畢芬寧
0.07ppm(標準：0.03ppm以下)
殺蟲劑Cypermethrin	賽滅寧
0.06ppm(標準：0.03ppm以下)
殺蟲劑Fipronil	芬普尼
0.003ppm(標準：0.002ppm以下)	
殺蟲劑Triazophos	三落松
0.08ppm(標準：0.05ppm以下)	",113,台北市,121.505515,25.0450015
洋甘菊花茶,非凡品樂有限公司(HERITAGE)/臺北市中正區店家,非凡品樂有限公司(HERITAGE)/臺北市中正區漢口街1段73之2號1樓,不合格,"
殺菌劑Triadimenol	三泰隆
0.27ppm(標準：0.05ppm以下)	",113,台北市,121.5146888,25.0452642
蝶豆花,伍五伍商行(泰讚了thai like tea市民店)/臺北市店家,伍五伍商行(泰讚了thai like tea市民店)/臺北市松山區市民大道5段37號,不合格,殺蟲劑Cypermethrin	賽滅寧0.04ppm(標準：0.03ppm以下)	,113,台北市,121.5597737,25.0461301
義大利芹菜(歐芹)(巴西利),3446何O獅/臺北市萬華區店家,3446何O獅/臺北市萬華區萬大路533號地號930,不合格,"殺蟲劑Acetamiprid	亞滅培0.37ppm(標準：0.01ppm以下)	
殺菌劑Dimethomorph	達滅芬0.62ppm(標準：0.01ppm以下)	
殺蟲劑Dinotefuran	達特南0.03ppm(標準：不得檢出)	
殺蟲劑Methomyl	納乃得2.28ppm(標準：不得檢出)	
殺菌劑Pyraclostrobin	百克敏0.12ppm(標準：0.01ppm以下)	
殺蟲劑Thiodicarb	硫敵克0.03ppm(標準：0.01ppm以下)	",113,台北市,121.4984156,25.0185059
香菜(芫荽),陳O明（臺北市中山區店家,陳O明（臺北市中山區民族東路410巷55號門口前/榮濱市場路邊攤）,不合格,"殺菌劑Dimethomorph	達滅芬0.02ppm(標準：0.01ppm以下)	
殺菌劑Propamocarb hydrochloride	普拔克0.21ppm(標準：0.01ppm以下)	
殺蟲劑Terbufos	托福松0.05ppm(標準：不得檢出)",113,台北市,121.5383762,25.0651309
青菜豆(豇豆),天寶小吃店(全國健康素食)/臺北市士林區店家,天寶小吃店(全國健康素食)/臺北市士林區天母西路32號,不合格,"殺蟎劑Formetanate	覆滅蟎0.40ppm(標準：不得檢出)	
殺蟲劑Thiamethoxam	賽速安0.04ppm(標準：0.02ppm以下)	",113,台北市,121.5292029,25.1189305
韭菜花,大地美饌有限公司(KiKi餐廳)/臺北市信義區店家,大地美饌有限公司(KiKi餐廳)/臺北市信義區松壽路12號6樓,不合格,"殺菌劑Cyproconazole	環克座0.3ppm(標準：0.2ppm以下)	
殺蟎劑Spirodiclofen	賜派芬0.81ppm(標準：0.01ppm以下)	",113,台北市,121.5660703,25.0354713
白蘿蔔5A3,白蘿,吳O玲/臺北市中山區民族東路410巷2弄10號前榮濱市場路邊攤	,不合格,"殺蟲劑Dinotefuran	達特南0.17ppm(標準：0.05ppm以下)	
殺蟲劑Malathion	馬拉松0.02ppm(標準：0.01ppm以下)	",113,台北市,121.537744,25.0667309
日本熊本草莓(2入/箱),未知店家,新鮮屋（https://www.fresco.casa）,不合格,殺蟎劑Acrinathrin 阿納寧0.01 ppm（標準：不得檢出）,113,台北市,121.537286,25.024377
九層塔(羅勒),天寶小吃店(全國健康素食)/臺北市士林區店家,天寶小吃店(全國健康素食)/臺北市士林區天母西路32號,不合格,殺蟲劑Chlorpyrifos	陶斯松0.28ppm(標準：0.01ppm以下)	,113,台北市,121.5292029,25.1189305
青蔥粉蔥,無市招菜攤（邵O祥/臺北市店家,無市招菜攤（邵O祥/臺北市信義區虎林街122號）,不合格,殺蟎劑Spirodiclofen	賜派芬0.08ppm(標準：0.01ppm以下)	,113,台北市,121.5767547,25.0419683
白花椰菜,3232林O梅/臺北市萬華區店家,3232林O梅/臺北市萬華區萬大路533號地號216,不合格,殺蟲劑Emamectin benzoate	因滅汀0.34ppm(標準：0.05ppm以下)	,113,台北市,121.4984156,25.0185059
青蔥,3576陳O利/臺北市萬華區店家,3576陳O利/臺北市萬華區萬大路533號地號327,不合格,殺草劑Oxadiazon	樂滅草0.03ppm(標準：0.01ppm以下)	,113,台北市,121.4984156,25.0185059
大芥菜,無市招菜攤(邵O祥)/臺北市店家,無市招菜攤(邵O祥)/臺北市信義區虎林街122號,不合格,殺蟲劑Diflubenzuron二福隆2.4 ppm（標準：1.0 ppm以下）,113,台北市,121.5767547,25.0419683
九層塔(羅勒),欣盛小吃店(晴光精緻自助餐)/臺北市士林區店家,欣盛小吃店(晴光精緻自助餐)/臺北市士林區中正路363號,不合格,"殺菌劑Azoxystrobin	亞托敏1.2ppm(標準：1.0ppm以下)	
殺蟲劑Chlorpyrifos	陶斯松0.04ppm(標準：不得檢出)			
殺菌劑Cyazofamid	賽座滅0.04ppm(標準：0.01pm以下)	
殺草劑Oxadiazon	樂滅草0.02ppm(標準：0.01ppm以下)	",113,台北市,121.5220472,25.094227
九層塔(羅勒),全國食養創作全自助餐復興店(全國素食精緻全自助餐)/臺北市大安區店家,全國食養創作全自助餐復興店(全國素食精緻全自助餐)/臺北市大安區復興南路2段314號,不合格,"殺蟲劑Chlorpyrifos陶斯松0.45ppm(標準：不得檢出)
殺菌劑Cyazofamid	賽座滅0.03ppm(標準：0.01ppm以下)	
殺蟲劑Imidacloprid	益達胺1.2ppm(標準：1.0ppm以下)	",113,台北市,121.5431817,25.0234666
韭菜花,第一果菜批發市場王黃O彫/臺北市店家,第一果菜批發市場王黃O彫/臺北市萬華區萬大路533號地號410,不合格,"殺蟲劑3-羥基加保扶(3-OH Carbofuran)0.11ppm、加保扶(Carbofuran)0.41ppm、丁基加保扶(Carbosulfan)0.08ppm(標準：0.5ppm以下)
殺蟎劑Spirodiclofen	賜派芬0.02ppm(標準：0.01ppm以下)	
殺蟲劑	Tolfenpyrad	脫芬瑞0.20ppm(標準：0.01ppm以下)	",113,台北市,121.4984156,25.0185059
九層塔(羅勒),祥和小吃店(祥和蔬食精緻料理)/臺北市中正區店家,祥和小吃店(祥和蔬食精緻料理)/臺北市中正區鎮江街1巷1號,不合格,"殺草劑Ametryn草殺淨0.06ppm（ 標準： 不得檢出） 
殺菌劑Propamocarb hydrochloride普拔克13.9ppm（標準：10.0ppm以下）",113,台北市,121.5217918,25.0443616
朝天椒(辣椒),佰芸蔬菜行/臺北市松山區店家,佰芸蔬菜行/臺北市松山區八德路3段74巷3弄18號,不合格,"殺蟲劑Buprofezin布芬淨0.02ppm（標準：不得檢出）
殺菌劑Pyraclostrobin百克敏0.8ppm（標準：0.5ppm以下）",113,台北市,121.5529859,25.047606
韭菜花,川妹子小吃店/臺北市大安區店家,川妹子小吃店/臺北市大安區光復南路240巷52號,不合格,"殺蟲劑3-酮基加保扶（ 3-keto Carbofuran） 0.04ppm、3-羥基加保扶（ 3-OH Carbofuran）0.54ppm、加保扶（Carbofuran）1.06ppm、丁基加保扶（Carbosulfan）0.20ppm（標準：0.5ppm以下）
殺蟎劑Spirodiclofen賜派芬0.11ppm（標準：0.01ppm以下）",113,台北市,121.555145,25.040862
青蒜,丁O江蔬果行/臺北市北投區店家,丁O江蔬果行/臺北市北投區清江路35號,不合格,殺菌劑Fluxapyroxad	氟克殺0.03ppm(標準：不得檢出)	,113,台北市,121.5020531,25.1311754
白蘿蔔,白蘿,陳O溪(第二果菜批發市場23-12號攤)/臺北市中山區民族東路336號1樓,不合格,殺蟲劑Fipronil芬普尼0.006ppm、Fipronilsulfone芬普尼代謝物0.013ppm（標準：0.001ppm以下）,113,台北市,121.5371787,25.06741
九層塔(羅勒),全國食養創作全自助餐/臺北市松山區店家,全國食養創作全自助餐/臺北市松山區南京東路5段123巷31號,不合格,殺菌劑Azoxystrobin亞托敏5.4ppm（標準：1.0ppm以下）,113,台北市,121.5574266,25.0518277
青蔥,瓦城泰統股份有限公司天母SOGO店(非常泰)/臺北市士林區店家,瓦城泰統股份有限公司天母SOGO店(非常泰)/臺北市士林區中正路6段77號8樓,不合格,殺蟲劑Fipronil-sulfone芬普尼代謝物0.004ppm（標準：0.001ppm以下）,113,台北市,121.5308078,25.0964289
青蔥,高O松/臺北市中山區店家,高O松/臺北市中山區民族東路336號1樓第二果菜批發市場11-08號攤,不合格,殺蟎劑	Spirodiclofen	賜派芬0.02ppm(標準：0.01ppm以下)	,113,台北市,121.5371787,25.06741
韭菜花,陳O宏(第二果菜批發市場23-11號攤/臺北市店家,陳O宏(第二果菜批發市場23-11號攤/臺北市中山區民族東路336號）,不合格,殺蟲劑3-keto Carbofuran3-酮基加保扶0.02ppm、3-O H C arbofuran3-羥基加保扶0.22ppm 、Carbofuran加保扶0.51ppm、Carbosulfan丁基加保扶0.05ppm（標準：0.5ppm以下）,113,台北市,121.5371787,25.06741
辣椒條,辣椒,全國食養創作全自助餐復興店(全國素食精緻全自助餐)/臺北市大安區復興南路2段314號,不合格,殺蟲劑Chlorfenapyr	克凡派0.7ppm(標準：0.5ppm以下)	,113,台北市,121.5431817,25.0234666
蘿蔔糕,蘿蔔,田中湯圓/臺北市松山區南京東路5段291巷10號,不合格,"苯甲酸：2.9g/kg
（標準：1.0g/kg）",113,台北市,121.5574266,25.0518277
九層塔(羅勒),欣葉台菜信義新天地A9館/臺北市信義區店家,欣葉台菜信義新天地A9館/臺北市信義區松壽路9號8樓,不合格,"殺菌劑Mandipropamid	曼普胺0.06ppm(標準：不得檢出)
殺菌劑Oxathiapiprolin	歐西比0.01ppm(標準：不得檢出)	",113,台北市,121.5668588,25.0363104
羅勒(九層塔),第一果菜批發市場地號433/臺北市店家,第一果菜批發市場地號433/臺北市萬華區萬大路533號,不合格,"殺草劑Ametryn	草殺淨0.01ppm(標準：不得檢出)	
殺菌劑Dimethomorph	達滅芬2.6ppm(標準：2.5ppm以下)	",113,台北市,121.497064,25.017135
白蘿蔔,白蘿,上禾食堂(潮味決湯滷專門店士林中正店)/臺北市士林區中正路358號,不合格,"殺蟲劑Thiamethoxam	賽速安0.48ppm(標準：0.25ppm以下)	
殺蟲劑Trichlorfon	三氯松0.04ppm(標準：0.01ppm以下)	",113,台北市,121.5213304,25.0944263
加州紅櫻桃,協豐水果行/臺北市中山區店家,協豐水果行/臺北市中山區民族東路336號6-08攤,不合格,殺菌劑Mefentrifluconazole	滅芬座0.12ppm(標準：不得檢出)	,113,台北市,121.5371787,25.06741
木瓜,菓之鄉水果專賣店/臺北市南港區店家,菓之鄉水果專賣店/臺北市南港區同德路60號,不合格,殺蟎劑Bifenazate	必芬蟎0.07ppm(標準：不得檢出)	,113,台北市,121.584972,25.045464
台灣特選韭菜花,幸福品味實業股份有限公司(美福食集)/臺北市內湖區店家,幸福品味實業股份有限公司(美福食集)/臺北市內湖區民善街128號,不合格,殺蟎劑Fenbutatin-oxide	芬佈賜0.03ppm(標準：不得檢出)	,113,台北市,121.5747831,25.0612911
百香果,百香果,鼎皇麻辣火鍋店(天外天麻辣火鍋)/臺北市中山區民權東路2段1號,不合格,殺蟲劑Cyromazine	賽滅淨0.02ppm(標準：不得檢出)	,113,台北市,121.5279805,25.0624438
紅鳳菜,嘉年華小吃店/臺北市南港區店家,嘉年華小吃店/臺北市南港區同德路72號1樓,不合格,殺菌劑Fenoxanil	芬諾尼0.01ppm(標準：不得檢出),113,台北市,121.5852785,25.0456971
韭菜花,田心蔬果(田進和)/臺北市萬華區店家,田心蔬果(田進和)/臺北市萬華區環河南路2段245號環南綜合市場蔬菜攤250號攤,不合格,殺菌劑Cyprodinil	賽普洛0.04ppm(標準：0.01ppm以下)	,113,台北市,121.4897587,25.0286603
台灣特選九層塔,幸福品味實業股份有限公司(美福食集)/臺北市內湖區店家,幸福品味實業股份有限公司(美福食集)/臺北市內湖區民善街128號,不合格,殺菌劑Pyraclostrobin	百克敏0.03ppm(標準：0.01ppm以下)	,113,台北市,121.5747831,25.0612911
白蘿蔔,白蘿,微風超市股份有限公司(微風超市南山店/Breeze Super)/臺北市信義區松智路17號B1,不合格,殺蟲劑Dinotefuran	達特南0.15ppm(標準：0.05ppm以下)	,113,台北市,121.5661836,25.0341997
韭菜花,蔬菜攤/臺北市中山區店家,蔬菜攤/臺北市中山區龍江路179巷15之5號,不合格,殺蟲劑Pyriproxyfen	百利普芬0.19ppm(標準：0.01ppm以下)	,113,台北市,121.5414771,25.0551727
扁蟹,六福開發股份有限公司南港分公司/臺北市南港區店家,六福開發股份有限公司南港分公司/臺北市南港區忠孝東路7段359號7樓,不合格,"鎘：0.6mg/kg
(標準：0.5mg/kg)",113,台北市,121.595822,25.0507014
黃魚,李碧綺號(南門鮮魚號)/臺北市中正區店家,李碧綺號(南門鮮魚號)/臺北市中正區羅斯福路1路8號(南門市場B1-47),不合格,"還原型結晶紫（leucocrystal violet, LCV） 0.6 ppb（標準
：不得檢出）",113,台北市,121.5182931,25.0321522
辣椒粉,辣椒,民友商行（民友超級商店）/臺北市士林區中正路586巷20號,不合格,"二‧四地（2,4-D）:0.1ppm
（標準:0.05ppm）",113,台北市,121.5101012,25.0876645
101-1（2031）敦煌豆油池,一加一五金行/臺北市北投區店家,一加一五金行/臺北市北投區中央南路1段154號,不合格,本體未以印刷、打印或壓印方式標示耐熱溫度。,113,台北市,121.500915,25.129596
美耐皿餐具(湯匙),嘉政國際有限公司/臺北市萬華區店家,嘉政國際有限公司/臺北市萬華區環河南路1段181-6、181-7號1樓,不合格,"1.未標示淨重、容量或數量。
2.未標示湯匙耐熱溫度。",113,台北市,121.5088501,25.0635865
四季青茶(含冰塊),四季,甯臻恩飲料店(黑丸嫩仙草古亭店)/臺北市中正區同安街65號,不合格,"腸桿菌科：1.6x10^3 CFU/mL
(標準：10 CFU/mL)",113,台北市,121.5216567,25.023817
橙香鮮茶(原汁含冰塊不含配料),珍煮丹股份有限公司內湖江南分公司/臺北市內湖區店家,珍煮丹股份有限公司內湖江南分公司/臺北市內湖區江南街108號1樓,不合格,"腸桿菌科：18 CFU/mL
(標準：10 CFU/mL)",113,台北市,121.5765574,25.0768482
魔法水晶,崑成商行(酷加飲品)/臺北市中山區店家,崑成商行(酷加飲品)/臺北市中山區龍江路342巷23號,不合格,"己二烯酸：0.33g/kg
(標準：不得檢出)",113,台北市,121.5397549,25.0656422
金麥文火烏龍(含冰),沐鑫國際餐飲有限公司(烈奶茶忠孝復興店)/臺北市大安區店家,沐鑫國際餐飲有限公司(烈奶茶忠孝復興店)/臺北市大安區復興南路1段133號,不合格,"腸桿菌科：4.6x10^4 CFU/mL
(標準：10 CFU/mL)",113,台北市,121.5433687,25.0367328
紅豆牛奶冰(不含配料),紅豆,杏玥冰坊/臺北市萬華區寶興街129號1樓,不合格,"腸桿菌科：2.6x10^3 CFU/g
(標準：10 CFU/g)",113,台北市,121.4949462,25.0250224
香草霜淇淋,香草,橫濱牛排南京微風店/臺北市松山區南京東路3段337號3樓,不合格,"腸桿菌科：5.4x10^2 CFU/g
(標準：10 CFU/g)",113,台北市,121.5575876,25.0517827
馬祖奶茶(不含冰塊不含配料),馬祖奶茶(文山木新店)/臺北市文山區店家,馬祖奶茶(文山木新店)/臺北市文山區木新路3段33號,不合格,"腸桿菌科：1.7x10^4 CFU/mL
(標準：10 CFU/mL)",113,台北市,121.5645275,24.9824552
巧克力香蕉冰沙,Journey Kaffe覺旅咖啡-陽光分公司/臺北市內湖區店家,Journey Kaffe覺旅咖啡-陽光分公司/臺北市內湖區陽光街321巷42號,不合格,"腸桿菌科：3.2x10^2 CFU/g
(標準：10 CFU/g)",113,台北市,121.5778053,25.0715682
豌豆,果粉水果行(果粉水果超市汀州店)/臺北市店家,果粉水果行(果粉水果超市汀州店)/臺北市中正區汀州路2段335號,不合格,"殺菌劑Bupirimate	布瑞莫0.02ppm(標準：0.01ppm以下)	
殺菌劑Prochloraz	撲克拉0.69ppm(標準：0.01ppm以下)	
殺蟲劑Pyriproxyfen	百利普芬0.6ppm(標準：0.2ppm以下)	
殺蟲劑Spinetoram	賜諾特0.08ppm(標準：0.05ppm以下)	
殺蟲劑Tolfenpyrad	脫芬瑞0.07ppm(標準：0.01ppm以下)	",113,台北市,121.525185,25.0213595
豌豆,詠鑽蔬果專賣店(新天地蔬果量販店)/臺北市士林區店家,詠鑽蔬果專賣店(新天地蔬果量販店)/臺北市士林區美崙街18號1樓,不合格,"殺菌劑Diniconazole	達克利0.05ppm(標準：不得檢出)	
殺線蟲劑Fosthiazate	福賽絕0.01ppm(標準：不得檢出)	
殺蟲劑Thiamethoxam	賽速安0.06ppm(標準：0.02ppm以下)	",113,台北市,121.5232868,25.0973427
玉荷包(荔枝),果粉水果行(果粉水果超市汀州店)/臺北市店家,果粉水果行(果粉水果超市汀州店)/臺北市中正區汀州路2段335號,不合格,"殺蟲劑Chlorpyrifos陶斯松1.14ppm(標準：不得檢出) 
殺蟲劑Fenvalerate	芬化利1.2ppm(標準：1.0ppm以下)	
殺蟲劑Permethrin	百滅寧0.97ppm(標準：0.01ppm以下)	",113,台北市,121.525185,25.0213595
韭菜花,臺北市萬華區店家,臺北市萬華區萬大路533號第一果菜批發市場地號137,不合格,"殺蟲劑Acetamiprid	亞滅培0.29ppm(標準：0.01ppm以下)	
殺蟎劑Hexythiazox	合賽多0.17ppm(標準：0.01ppm以下)	
殺蟎劑Spirodiclofen	賜派芬0.13ppm(標準：0.01ppm以下)	",113,台北市,121.497064,25.017135
韭菜花,太平洋崇光百貨股份有限公司(Fresh Mart忠孝店)/臺北市大安區店家,太平洋崇光百貨股份有限公司(Fresh Mart忠孝店)/臺北市大安區忠孝東路4段45號B2,不合格,"殺蟲劑3-OH Carbofuran 3-羥基加保扶0.13ppm、Carbofuran加保扶0.18ppm(標準：0.2ppm以下)	
殺蟲劑Etofenprox	依芬寧0.05ppm(標準：不得檢出)	",113,台北市,121.5335264,25.0420393
芹菜,臺北市萬華區店家,臺北市萬華區萬大路533號第一果菜批發市場地號1314,不合格,"殺菌劑Iprobenfos	丙基喜樂松0.05ppm(標準：0.01ppm以下)	
殺菌劑Tricyclazole	三賽唑0.03ppm(標準：不得檢出)	",113,台北市,121.497064,25.017135
香菜(芫荽),双喜臨門水果行(双囍臨門水果行)/臺北市大安區店家,双喜臨門水果行(双囍臨門水果行)/臺北市大安區和平東路3段228巷35號,不合格,"殺菌劑Dimethomorph	達滅芬0.28ppm(標準：0.01ppm以下)	
殺菌劑Flutolanil	福多寧0.64ppm(標準：0.01ppm以下)	",113,台北市,121.5249224,25.0270958
香菜(芫荽),國賓大飯店股份有限公司遼寧營業所(國賓大飯店股份有限公司中餐廳)/臺北市中山區店家,國賓大飯店股份有限公司遼寧營業所(國賓大飯店股份有限公司中餐廳)/臺北市中山區遼寧街177號,不合格,"殺菌劑Isoprothiolane	亞賜圃0.05ppm(標準：0.01ppm以下)	
殺蟲劑Phenthoate	賽達松0.03ppm(標準：0.01ppm以下)	",113,台北市,121.5427093,25.0792018
秀珍菇,信遠國際開發股份有限公司/臺北市信義區店家,信遠國際開發股份有限公司/臺北市信義區松仁路58號14樓,不合格,殺蟲劑Chlorpyrifos陶斯松0.03ppm(標準：不得檢出) ,113,台北市,121.5681278,25.0368001
蒜苗,双喜臨門水果行(双囍臨門水果行)/臺北市大安區店家,双喜臨門水果行(双囍臨門水果行)/臺北市大安區和平東路3段228巷35號,不合格,殺菌劑Pydiflumetofen	派滅芬0.01ppm(標準：不得檢出)	,113,台北市,121.5249224,25.0270958
豌豆,翡翠綠水果專賣店/臺北市士林區店家,翡翠綠水果專賣店/臺北市士林區美崙街14號1樓,不合格,殺蟲劑Thiamethoxam	賽速安0.17ppm(標準：0.02ppm以下)	,113,台北市,121.5233765,25.097265
芒果,芒果,水果行/臺北市松山區南京東路5段291巷3之2號前,不合格,殺菌劑Dimethomorph	達滅芬0.04ppm(標準：0.01ppm以下)	,113,台北市,121.5574266,25.0518277
台灣特選玉荷包(荔枝),幸福品味實業股份有限公司(美福食集)/臺北市內湖區店家,幸福品味實業股份有限公司(美福食集)/臺北市內湖區民善街128號,不合格,殺蟲劑Phosmet	益滅松0.6ppm(標準：0.2ppm以下)	,113,台北市,121.5747831,25.0612911
百香果,百香果,無市招水果攤/臺北市士林區社中街12號對面,不合格,殺蟲劑Fenvalerate	芬化利0.03ppm(標準：0.01ppm以下)	,113,台北市,121.5093263,25.087666
芹菜,双喜臨門水果行(双囍臨門水果行)/臺北市大安區店家,双喜臨門水果行(双囍臨門水果行)/臺北市大安區和平東路3段228巷35號,不合格,殺菌劑Iprobenfos	丙基喜樂松0.03ppm(標準：0.01ppm以下)	,113,台北市,121.5249224,25.0270958
玉荷包荔枝,太平洋崇光百貨股份有限公司(Fresh Mart忠孝店)/臺北市大安區店家,太平洋崇光百貨股份有限公司(Fresh Mart忠孝店)/臺北市大安區忠孝東路4段45號B2,不合格,殺菌劑Difenoconazole	待克利1.4ppm(標準：0.5ppm以下)	,113,台北市,121.5335264,25.0420393
小麥藥膳丸,阿玉素食(北投中繼市場133號攤)/臺北市店家,阿玉素食(北投中繼市場133號攤)/臺北市北投區磺港路33號,不合格,"1.動物性成分陽性、動物性成分陽性(豬、雞)陽性。
2.植物性成分陽性、五辛(洋蔥)陽性。",113,台北市,121.5034198,25.13236
塔香燒球,張阿姨蔬食/臺北市松山區店家,張阿姨蔬食/臺北市松山區八德路4段673巷6號,不合格,"1.動物性成分陽性、動物性成分陽性(豬、雞、魚)陽性。
2.植物性成分陽性、五辛(洋蔥)陽性。",113,台北市,121.5762746,25.0500218
黑葉荔枝,果鮮一品商行(果鮮蔬果超市)/臺北市店家,果鮮一品商行(果鮮蔬果超市)/臺北市中山區吉林路176號,不合格,"殺蟲劑Deltamethrin 第滅寧1.0ppm(標準：0.5ppm以下) 
殺菌劑Difenoconazole 待克利3.4ppm(標準：0.5ppm以下) ",113,台北市,121.529967,25.0572189
荔枝,臺北市中山區店家,臺北市中山區民族東路410巷2弄18-20號前(五常市場),不合格,"殺蟲劑Deltamethrin 第滅寧1.4ppm(標準：0.5ppm以下) 
殺菌劑Pyraclostrobin 百克敏0.6ppm(標準：0.5ppm以下) ",113,台北市,121.5370111,25.0666721
粉殼K3(龍眼),我家蔬果園/臺北市萬華區店家,我家蔬果園/臺北市萬華區中華路2段416巷56號,不合格,"殺菌劑Difenoconazole 待克利1.0ppm(標準：0.5ppm以下) 
殺蟎劑Spirodiclofen 賜派芬0.8ppm(標準：0.5ppm以下) ",113,台北市,121.5044299,25.0274614
百香果,百香果,辣十九國際開發股份有限公司(馬辣頂級鴛鴦鍋信義店)/臺北市信義區松壽路22號3樓,不合格,殺蟲劑Cyromazine 賽滅淨0.12ppm(標準：不得檢出) ,113,台北市,121.5678884,25.0355732
波蘿蜜,上奕商行(INDEX)/臺北市萬華區店家,上奕商行(INDEX)/臺北市萬華區國興路32號,不合格,生長調節劑Gibberellic acid 勃激素A3 0.05ppm(標準：不得檢出),113,台北市,121.5080868,25.0246863
九層塔(羅勒),粒粒鮮股份有限公司(粒粒鮮)/臺北市中山區店家,粒粒鮮股份有限公司(粒粒鮮)/臺北市中山區吉林路146號146之1號,不合格,殺草劑Ametryn 草殺淨0.03ppm(標準：不得檢出),113,台北市,121.5300527,25.0561274
九層塔(羅勒),豪光回田實業有限公司(回田蔬苑)/臺北市士林區店家,豪光回田實業有限公司(回田蔬苑)/臺北市士林區中正路357號1樓,不合格,殺蟲劑Spinetoram 賜諾特0.02ppm(標準：不得檢出),113,台北市,121.5221867,25.094282
香菜(芫荽),璞園餐飲事業有限公司(台南海鮮會館)/臺北市士林區店家,璞園餐飲事業有限公司(台南海鮮會館)/臺北市士林區基河路130號地下一層,不合格,殺菌劑Pencycuron 賓克隆0.04ppm(標準0.01ppm以下) ,113,台北市,121.5227728,25.0889724
白蘿蔔,白蘿,臺北市萬華區環河南路2段245號蔬菜攤0068號,不合格,殺蟲劑Clothianidin 可尼丁0.07ppm(標準：0.02ppm以下) ,113,台北市,121.4897587,25.0286603
九層塔(羅勒),臺北市中山區店家,臺北市中山區民族東路410巷2弄20號前,不合格,殺草劑Oxadiazon 樂滅草0.02ppm(標準：0.01ppm以下) ,113,台北市,121.5367315,25.0666951
荔枝,明欣鮮果專賣店/臺北市松山區店家,明欣鮮果專賣店/臺北市松山區南京東路5段123巷27號1樓,不合格,殺蟲劑Cyhalothrin 賽洛寧1.0ppm(標準：0.5ppm以下) ,113,台北市,121.5574266,25.0518277
九層塔(羅勒),臺北市萬華區店家,臺北市萬華區環河南路2段245號蔬菜攤0032號,不合格,殺菌劑Dimethomorph 達滅芬4.1ppm(標準：2.5ppm以下) ,113,台北市,121.4897587,25.0286603
麥香紅茶(不含冰塊及配料),厚鋪牛排館(人从众厚切牛排)/臺北市松山區店家,厚鋪牛排館(人从众厚切牛排)/臺北市松山區光復北路146號1樓,不合格,"腸桿菌科：5.4x10^3 CFU/mL
(標準：10 CFU/mL)",113,台北市,121.5568894,25.052439
北海道牛奶霜淇淋,北海,總柴日式氷菓專賣(CEO ICE CREAM)/臺北市中山區中山北路2段26巷18號,不合格,"腸桿菌科：40 CFU/g
(標準：10 CFU/g)",113,台北市,121.5214607,25.0538597
紅豆牛奶雪花冰(不含配料),紅豆,冰讚飲食店/臺北市大同區雙連街2號1樓,不合格,"腸桿菌科：2.0x10^3 CFU/g
(標準：10 CFU/g)",113,台北市,121.5191843,25.0579379
招牌甘蔗冰沙(不含配料),金霖企業社(甘蔗媽媽)/臺北市中正區店家,金霖企業社(甘蔗媽媽)/臺北市中正區信陽街5之1號,不合格,"腸桿菌科：2.1x10^3 CFU/mL
(標準：10 CFU/mL)",113,台北市,121.5167,25.0447108
圓圓圓(雪花冰)(不含冰塊不含配料),喜客冰品店(冰封仙果)/臺北市萬華區店家,喜客冰品店(冰封仙果)/臺北市萬華區中華路1段114巷18號1樓,不合格,"腸桿菌科：30 CFU/g
(標準：10 CFU/g)",113,台北市,121.5075519,25.0438968
杏仁雪花冰,森昱食品有限公司(夏樹甜品)/臺北市大同區店家,森昱食品有限公司(夏樹甜品)/臺北市大同區迪化街1段240號,不合格,"腸桿菌科：3.2x10^2 CFU/g
(標準：10 CFU/g)",113,台北市,121.509283,25.059966
清香黑糖冰(不含配料),廣安階/臺北市士林區店家,廣安階/臺北市士林區中山北路6段77號8樓,不合格,"腸桿菌科：88 CFU/mL
(標準：10 CFU/mL)",113,台北市,121.5245943,25.105306
霜淇淋(不含配料),金探吉事業有限公司(荖子鍋)/臺北市內湖區店家,金探吉事業有限公司(荖子鍋)/臺北市內湖區民善街88號,不合格,"腸桿菌科：1.5x10^3 CFU/g
(標準：10 CFU/g)",113,台北市,121.5752978,25.0604149
芭樂梅,芭樂,水龍堂(大苑子)/臺北市中正區南昌路1段80號,不合格,"腸桿菌科：70 CFU/mL
(標準：10 CFU/mL)",113,台北市,121.5198716,25.0421407
速清魚油,吳興春天藥局/臺北市信義區店家,吳興春天藥局/臺北市信義區吳興街137號1樓,不合格,"DINP:54 ppm
(指標值:9 ppm)",113,台北市,121.5617694,25.0294842
綠芙特級高單位蜂膠軟膠囊,啄木鳥藥師藥局八德店/臺北市松山區店家,啄木鳥藥師藥局八德店/臺北市松山區八德路4段211號,不合格,"DBP:6.0ppm
(指標值:0.6ppm)",113,台北市,121.5641955,25.0489815
精選毛綠豆-紅線,鴻璂雜糧行/臺北市北投區店家,鴻璂雜糧行/臺北市北投區中央南路1段163號1樓,不合格,"賽速安(Thiamethoxam):0.09 ppm
(標準:0.02 ppm)
磷化氫(Phosphine):0.02 ppm
(標準:0.01 ppm)",113,台北市,121.501166,25.129368
大毛綠(毛綠豆),利民雜糧行/臺北市內湖區店家,利民雜糧行/臺北市內湖區內湖路2段300號,不合格,"賽果培(Thiacloprid):0.04 ppm
(標準:0.02 ppm)",113,台北市,121.5865643,25.0810483
綠豆,綠豆,永利食品有限公司/臺北市大同區迪化街1段143號,不合格,"芬普尼(Fipronil):0.001 ppm、芬普尼代謝物(Fipronil-sulfone)0.001 ppm=0.002 ppm
(標準:0.001 ppm)
賽速安(Thiamethoxam):0.16 ppm
(標準:0.02 ppm)",113,台北市,121.5097974,25.0564363
四季豆,四季,雙連市場來于蔬菜35號攤/臺北市中山區民生西路45巷,不合格,"Indoxacarb因得克 0.02ppm
(標準:0.01ppm以下)
",113,台北市,121.5209069,25.0584514
豪紀芋頭餡 ,米泉食品行(米哥烘焙坊)/臺北市北投區店家,米泉食品行(米哥烘焙坊)/臺北市北投區光明路158號1樓,不合格,己二烯酸 1.0g/kg (標準:不得檢出),113,台北市,121.5026515,25.1348914
豆沙半蛋酥,金橞食品股份有限公司/臺北市中山區店家,金橞食品股份有限公司/臺北市中山區松江路297巷5號1樓,不合格,"(一)內容物為二種以上混合物未依其含量多寡由高至低分別標示。
(二)未標示「淨重、容量或數量」及「原產地（國）」。
(三)內容物含有麩質之穀類、蛋、奶、大豆及其製品，未標示食品過敏原資訊等。",113,台北市,121.5340035,25.0611171
"
芋火鳳凰酥
",金橞食品股份有限公司/臺北市中山區店家,金橞食品股份有限公司/臺北市中山區松江路297巷5號1樓,不合格,"(一)內容物為二種以上混合物未依其含量多寡由高至低分別標示。
(二)未標示「淨重、容量或數量」及「原產地（國）」。
(三)內容物含有麩質之穀類、蛋、奶、大豆及其製品，未標示食品過敏原資訊等。",113,台北市,121.5340035,25.0611171
金Q芋頭酥(葷),金橞食品股份有限公司/臺北市中山區店家,金橞食品股份有限公司/臺北市中山區松江路297巷5號1樓,不合格,"(一)內容物為二種以上混合物未依其含量多寡由高至低分別標示。
(二)未標示「淨重、容量或數量」及「原產地（國）」。
(三)內容物含有麩質之穀類、蛋、奶、大豆及其製品，未標示食品過敏原資訊等。",113,台北市,121.5340035,25.0611171
夏豆堅果塔(蛋奶素),慧上癮/臺北市中山區店家,慧上癮/臺北市中山區建國北路2段226巷42號,不合格,未標示原產地（國）、有效日期標示單獨黏貼未依規定印刷於外包裝上。,113,台北市,121.5354244,25.0609508
 慧上癮鳳梨酥,慧上癮/臺北市中山區店家,慧上癮/臺北市中山區建國北路2段226巷42號,不合格,未標示有效日期。,113,台北市,121.5354244,25.0609508
油菜,宜新蔬果行/臺北市萬華區店家,宜新蔬果行/臺北市萬華區富民路155巷49之3號1樓,不合格,"殺蟲劑Abamectin 阿巴汀0.06ppm(標準：0.05ppm以下) 
殺蟲劑Chlorfenapyr 克凡派1.4ppm(標準：1.0ppm以下) 
殺蟲劑Cyantraniliprole 賽安勃0.05ppm(標準：不得檢出) 
殺蟲劑Fipronil 芬普尼0.210ppm、Fipronil-sulfone芬普尼代謝物0.048ppm(標準：0.001ppm以下) 
殺蟲劑Pyriproxyfen 百利普芬1.54ppm(標準：0.01ppm以下) 
殺蟲劑Tolfenpyrad 脫芬瑞0.7ppm(標準：0.5ppm以下) ",113,台北市,121.501283,25.0186398
白蘿蔔,白蘿,霸王川菜餐廳股份有限公司/臺北市大同區長安西路287號1-2樓,不合格,"殺蟲劑Clothianidin 可尼丁0.08ppm(標準：0.02ppm以下) 
殺蟲劑Dichlorvos二氯松0.04ppm(標準：不得檢出)
殺蟲劑Trichlorfon 三氯松0.19ppm(標準：0.01ppm以下) ",113,台北市,121.509506,25.052128
芥蘭菜,為福樓餐廳有限公司/臺北市南港區店家,為福樓餐廳有限公司/臺北市南港區忠孝東路5段996號1樓,不合格,"殺蟲劑Chlorfenapyr 克凡派2.4ppm(標準：1.0ppm以下) 
殺蟲劑Indoxacarb 因得克2.4ppm(標準：2.0ppm以下) 
殺菌劑Pyraclostrobin 百克敏2.7ppm(標準：2.0ppm以下) ",113,台北市,121.566819,25.0405415
辣椒條,辣椒,復興小吃店(全國食養創作全自助餐復興店)/臺北市大安區復興南路2段314號,不合格,"殺菌劑Difenoconazole 待克利1.2ppm(標準：0.5ppm以下) 
殺菌劑Zoxamide 座賽胺0.13ppm(標準：不得檢出)",113,台北市,121.5431817,25.0234666
芹菜,優市大安店/臺北市店家, 優市大安店/臺北市大安區敦化南路2段11巷38弄15號,不合格,"殺菌劑Dimethomorph 達滅芬2.9ppm(標準：2.5ppm以下) 
殺蟲劑Indoxacarb 因得克0.03ppm(標準：0.01ppm以下) ",113,台北市,121.5506538,25.032107
百香果,百香果,無名水果攤/臺北市大同區長安西路218之1號旁,不合格,殺蟲劑Cyromazine 賽滅淨0.14ppm(標準：不得檢出) ,113,台北市,121.5147531,25.0513239
日本北海道大根(白蘿蔔),統康生活事業股份有限公司美麗華分公司(Mia C'bon MARKET)/臺北市中山區店家,統康生活事業股份有限公司美麗華分公司(Mia C'bon MARKET)/臺北市中山區敬業三路20號地下1樓之1,不合格,殺線蟲劑Fosthiazate 福賽絕0.02ppm(標準：不得檢出) ,113,台北市,121.5575157,25.0835013
菜豆,秋香蔬菜商行/臺北市大安區店家,秋香蔬菜商行/臺北市大安區臨江街29-1號,不合格,殺草劑Ametryn 草殺淨0.02ppm(標準：不得檢出) ,113,台北市,121.5562995,25.0297462
網室栽培特選台農二號紅肉木瓜,日鮮蔬果專賣店/臺北市萬華區店家,日鮮蔬果專賣店/臺北市萬華區貴陽街2段137號,不合格,殺蟎劑Fenbutatin-oxide 芬佈賜0.02ppm(標準：不得檢出) ,113,台北市,121.501226,25.040286
芹菜,臺北市第二果菜批發市店家,臺北市第二果菜批發市場蔬菜零批場21-08號攤/臺北市中山區民族東路336號,不合格,殺草劑Thiobencarb 殺丹0.08ppm(標準：0.01ppm以下) ,113,台北市,121.5371787,25.06741
大紅辣(辣椒),為福樓餐廳有限公司/臺北市南港區店家,為福樓餐廳有限公司/臺北市南港區忠孝東路5段996號1樓,不合格,殺蟲劑Flonicamid 氟尼胺0.02ppm(標準：0.01ppm以下) ,113,台北市,121.566819,25.0405415
白蘿蔔,白蘿, 優市大安店/臺北市大安區敦化南路2段11巷38弄15號,不合格,殺蟲劑Thiamethoxam 賽速安0.46ppm(標準：0.25ppm以下) ,113,台北市,121.5506538,25.032107
白蘿蔔,白蘿,順豐蔬果行/臺北市北投區清江路22號,不合格,殺蟲劑Thiamethoxam 賽速安0.38ppm(標準：0.25ppm以下) ,113,台北市,121.501729,25.1314076
生機菊花（有效日期：20260620）,生機,心元蔘藥行/臺北市松山區南京東路5段291巷20弄6號,不合格,"1.殺蟲劑Cypermethrin賽滅寧0.14ppm（標準：0.03ppm以下）、殺草劑Pendimethalin施得圃0.07ppm（ 標準： 0.05ppm 以下）、殺菌劑Pydiflumetofen派滅芬0.10ppm（標準：不得檢出）
2.產品外包裝標示「檢驗合格」字樣及附有農藥殘留檢驗合格之檢驗報告，標示不實且易生誤解",113,台北市,121.5574266,25.0518277
台灣菊花（有效日期：1160722）,利隆貿易有限公司(利隆行)/臺北市大同區店家,利隆貿易有限公司(利隆行)/臺北市大同區迪化街1段46巷18弄6號,不合格,"1.殺蟲劑Chlorfenapyr	克凡派11.0ppm(標準：2.0ppm以下)、Methomyl	納乃得1.5ppm(標準：1.0ppm以下)	
2.產品內附有未檢出農藥殘留之檢驗報告與外包裝標示「安心使用」字樣，標示不實且易生誤解",113,台北市,121.5113064,25.0627243
乾白木耳（干白木耳）（有效日期：20261115）,迪隆蔘藥行/臺北市大同區店家,迪隆蔘藥行/臺北市大同區歸綏街220號1樓,不合格,生長調節劑Chlormequat	克美素0.08ppm(標準：不得檢出)	,113,台北市,121.510073,25.058137
台灣菊花（有效日期：20261123）,慶峰參藥行/臺北市北投區店家,慶峰參藥行/臺北市北投區懷德街6-6號,不合格,"1.殺蟲劑Acetamiprid亞滅培3.9ppm（標準：2.0ppm以下）
2.產品外包裝標示「天然生機」字樣及產品內附有未檢出農藥殘留之檢驗報告，標示不實且易生誤解",113,台北市,121.5198616,25.110664
香菜(芫荽),全興蔬菜行/臺北市萬華區店家,全興蔬菜行/臺北市萬華區環河南路2段245號環南市場33號攤,不合格,"殺菌劑Dimethomorph 達滅芬0.03ppm(標準：0.01ppm以下) 
殺菌劑Diniconazole 達克利0.05ppm(標準：不得檢出)
殺菌劑Fluopicolide 氟比來0.05ppm(標準：0.01ppm以下) 
殺菌劑Flusilazole 護矽得0.05ppm(標準：不得檢出) 
殺菌劑Prochloraz 撲克拉0.27ppm(標準：0.01ppm以下) 
殺草劑Prometryn 佈滅淨0.04ppm(標準：不得檢出) 
殺菌劑Propiconazole 普克利4.54ppm(標準：0.01ppm以下) 
殺菌劑Pydiflumetofen 派滅芬0.12ppm(標準：不得檢出) 
殺蟲劑Thiamethoxam 賽速安0.36ppm(標準：0.01ppm以下) ",113,台北市,121.4897587,25.0286603
芫荽(香菜),遠東都會股份有限公司復興店（city super復興店）/臺北市大安區店家,遠東都會股份有限公司復興店（city super復興店）/臺北市大安區忠孝東路3段300號B3樓,不合格,"殺菌劑Dimethomorph 達滅芬0.07ppm(標準：0.01ppm以下) 
殺菌劑Diniconazole 達克利0.02ppm(標準：不得檢出) 
殺菌劑Fluopicolide 氟比來0.02ppm(標準：0.01ppm以下) 
殺菌劑Flusilazole 護矽得0.09ppm(標準：不得檢出)
殺菌劑Prochloraz 撲克拉0.10ppm(標準：0.01ppm以下) 
殺菌劑Procymidone 撲滅寧0.02ppm(標準：0.01ppm以下) 
殺菌劑Propiconazole 普克利1.98ppm(標準：0.01ppm以下) 
殺菌劑Pydiflumetofen 派滅芬0.03ppm(標準：不得檢出) 
殺蟲劑Thiamethoxam 賽速安0.11ppm(標準：0.01ppm以下) ",113,台北市,121.5432417,25.0408932
青江菜,無市招菜攤(李O立)/臺北市店家,無市招菜攤(李O立)/臺北市士林區文林路101巷26號前攤販,不合格,"殺蟲劑Chlorfenapyr 克凡派1.1ppm(標準：1.0ppm以下) 
殺蟲劑Cyantraniliprole 賽安勃0.13ppm(標準：不得檢出) 
殺蟲劑Fipronil 芬普尼0.237ppm、Fipronil-sulfone芬普尼代謝物0.070ppm(標準：0.001ppm以下) 
殺蟲劑Pyriproxyfen 百利普芬0.59ppm(標準：0.01ppm以下) ",113,台北市,121.525552,25.0878609
芹菜,第二果菜批發市場第23-13號攤(張O淳)/臺北市店家,第二果菜批發市場第23-13號攤(張O淳)/臺北市中山區民族東路336號,不合格,"除草劑Metolachlor 莫多草0.04ppm(標準：0.01ppm以下) 
殺草劑Pendimethalin 施得圃0.2ppm(標準：0.1ppm以下) 
殺菌劑Pyraclostrobin 百克敏2.5ppm(標準：2.0ppm以下) 
殺蟲劑Terbufos 托福松0.07ppm(標準：0.05ppm以下)  ",113,台北市,121.5373211,25.067861
香菜(芫荽),易長泓有限公司石牌營業所（旺佳佳越法新麵包石牌店）/臺北市北投區店家,易長泓有限公司石牌營業所（旺佳佳越法新麵包石牌店）/臺北市北投區石牌路2段72號,不合格,"殺蟲劑3-OH Carbofuran3羥基加保扶0.01ppm、Carbofuran 加保扶0.01ppm(標準：不得檢出) 
殺蟲劑Chlorpyrifos 陶斯松0.01ppm(標準：不得檢出) 
殺菌劑Pencycuron 賓克隆0.02ppm(標準：0.01ppm以下) ",113,台北市,121.5162219,25.1164799
香菜(芫荽),第二果菜批發市場第17-11號攤(莊O逸)/臺北市店家,第二果菜批發市場第17-11號攤(莊O逸)/臺北市中山區民族東路336號,不合格,"殺草劑Ametryn 草殺淨0.04ppm(標準：不得檢出) 
殺菌劑Hexaconazole 菲克利0.02ppm(標準：0.01ppm以下) ",113,台北市,121.5373211,25.067861
青蔥,22號蔬果園/臺北市萬華區店家,22號蔬果園/臺北市萬華區西藏路125巷22號1樓,不合格,"殺蟲劑Fipronil-sulfone芬普尼代謝物0.007ppm(標準：0.001ppm以下) 
殺菌劑Fluxapyroxad 氟克殺0.7ppm(標準：0.6ppm以下) ",113,台北市,121.5031875,25.0271016
青江菜,兄弟大飯店股份有限公司(兄弟大飯店)/臺北市松山區店家,兄弟大飯店股份有限公司(兄弟大飯店)/臺北市松山區南京東路3段255號,不合格,殺蟲劑Cyantraniliprole 賽安勃0.34ppm(標準：不得檢出) ,113,台北市,121.5445961,25.0520507
青蔥,蘇杭企業股份有限公司天母分公司(蘇杭365)/臺北市北投區店家,蘇杭企業股份有限公司天母分公司(蘇杭365)/臺北市北投區明德路365號,不合格,殺菌劑Thifluzamide 賽氟滅0.16ppm(標準：不得檢出) ,113,台北市,121.5210206,25.1185042
青蔥,第二果菜批發市場第19-13號攤(胡O傑)/臺北市店家,第二果菜批發市場第19-13號攤(胡O傑)/臺北市中山區民族東路336號,不合格,殺蟎劑Ethion 愛殺松0.04ppm(標準：不得檢出) ,113,台北市,121.5373211,25.067861
進口西洋芹,遠百企業股份有限公司忠孝分公司(愛買忠孝店)/臺北市信義區店家,遠百企業股份有限公司忠孝分公司(愛買忠孝店)/臺北市信義區忠孝東路5段297號地下3樓,不合格,殺蟲劑Cyantraniliprole 賽安勃0.02ppm(標準：不得檢出) ,113,台北市,121.5733669,25.0411189
九層塔(羅勒),士林素食館(士林健康素食)/臺北市士林區店家,士林素食館(士林健康素食)/臺北市士林區中正路281號,不合格,殺菌劑Pyraclostrobin 百克敏0.48ppm(標準：0.01ppm以下) ,113,台北市,121.52424,25.0947245
油菜,阿一蔬果有限公司(阿一蔬果)/臺北市南港區店家,阿一蔬果有限公司(阿一蔬果)/臺北市南港區忠孝東路6段85號1樓,不合格,殺草劑Oxadiazon 樂滅草0.03ppm(標準：0.01ppm以下) ,113,台北市,121.5829816,25.0453509
進口蘿蔔600公克,全聯實業股份有限公司北投吉利分公司/臺北市北投區店家,全聯實業股份有限公司北投吉利分公司/臺北市北投區吉利街125號1樓,不合格,殺蟲劑Lufenuron 祿芬隆0.02ppm(標準：0.01ppm以下) ,113,台北市,121.5067749,25.1189713
朝天椒(辣椒),第一果菜批發市場/臺北市店家,第一果菜批發市場/臺北市萬華區萬大路533號地號919,不合格,殺蟲劑Flonicamid 氟尼胺0.02ppm(標準：0.01ppm以下) ,113,台北市,121.497064,25.017135
大黃瓜(胡瓜),遠東都會股份有限公司復興店（city super復興店）/臺北市大安區店家,遠東都會股份有限公司復興店（city super復興店）/臺北市大安區忠孝東路3段300號B3樓,不合格,殺蟲劑Trichlorfon 三氯松0.02ppm(標準：0.01ppm以下) ,113,台北市,121.5432417,25.0408932
台灣敏豆,大潤發流通事業股份有限公司南湖分公司(大潤發)/臺北市內湖區店家,大潤發流通事業股份有限公司南湖分公司(大潤發)/臺北市內湖區舊宗路1段188號,不合格,殺菌劑Pyraclostrobin百克敏0.8ppm(標準：0.5ppm以下) ,113,台北市,121.5789859,25.0598147
中國白蘿蔔600G,惠康百貨股份有限公司松山光復公司(家樂福超市)/臺北市店家,惠康百貨股份有限公司松山光復公司(家樂福超市)/臺北市松山區光復北路198號,不合格,殺蟲劑Thiamethoxam賽速安0.27ppm(標準：0.25ppm以下) ,113,台北市,121.5555611,25.0550013
珍茶柚,惠香食品有限公司/新北市板橋區店家,惠香食品有限公司/新北市板橋區民有街5號,不合格,檢出甜味劑「甜菊糖」及「蔗糖素」，惟未於成分內容物標示。,113,台北市,121.4663753,25.0243342
八仙果佛手金磚塊,八仙,金德恩國際貿易有限公司/新北市蘆洲區中山一路282號2樓,不合格,檢出著色劑「食用色素紅色六號」、「食用色素黃色五號」及「食用色素藍色一號」及甜味劑「甘草素」，惟未於成分內容物標示。,113,台北市,121.4709068,25.0790583
自然優烏梅八仙果,自然,宏宇農產生技企業有限公司/臺南市官田區建業路3號,不合格,檢出甜味劑「甘草素」惟未於成分內容物標示。,113,台北市,120.3302445,23.2073184
化應子,維元食品有限公司/新北市板橋區店家,維元食品有限公司/新北市板橋區和平路10之1號3樓,不合格,檢出甜味劑「蔗糖素」惟未於成分內容物標示。,113,台北市,121.45898,24.994197
酸菜絲,酸菜,澤鋐實業有限公司/嘉義縣梅山鄉梅北村三美庄17號附6,不合格,檢出防腐劑「苯甲酸」惟未於成分內容物標示。,113,台北市,120.543666,23.588377
情人果,新百果山蜜餞專賣店/彰化縣員林市店家,新百果山蜜餞專賣店/彰化縣員林市出水巷15-30號,不合格,檢出甜味劑「醋磺內酯鉀」及「蔗糖素」，惟未於成分內容物標示。,113,台北市,120.605489,23.9466392
油切菓,新百果山蜜餞專賣店/彰化縣員林市店家,新百果山蜜餞專賣店/彰化縣員林市出水巷15-30號,不合格,檢出甜味劑「紐甜」及「蔗糖素」，惟未於成分內容物標示。,113,台北市,120.605489,23.9466392
脫水李,甜園小舖/臺中市南屯區店家,甜園小舖/臺中市南屯區文昌街222號,不合格,檢出甜味劑「醋磺內酯鉀」及「蔗糖素」，惟未於成分內容物標示。,113,台北市,120.6359069,24.1385865
八仙果(赤小柚),八仙,甜園小舖/臺中市南屯區文昌街222號,不合格,檢出甜味劑「醋磺內酯鉀」惟未於成分內容物標示。,113,台北市,120.6359069,24.1385865
青芒果(情人果),甜園小舖/臺中市南屯區店家,甜園小舖/臺中市南屯區文昌街222號,不合格,檢出甜味劑「蔗糖素」惟未於成分內容物標示。,113,台北市,120.6359069,24.1385865
動物性鮮奶油,燈燦食品有限公司/臺北市大同區店家,燈燦食品有限公司/臺北市大同區民樂街125號1樓,不合格,營養標示反式脂肪含量為「每份：0公克/每100公克：0公克」，惟檢出每100公克反式脂肪酸含量0.41公克，依據「包裝食品營養標示應遵行事項」，每100公克固體（半固體）反式脂肪酸含量不超過0.3公克得標示為0，案內產品應依實際數值標示。,113,台北市,121.510719,25.057816
永新烘焙沙拉醬,喜之坊食品有限公司(光復店)/臺北市大安區店家,喜之坊食品有限公司(光復店)/臺北市大安區光復南路422號,不合格,營養標示反式脂肪含量為「每份：0公克/每100公克：0公克」，惟檢出每100公克反式脂肪酸含量0.40公克，依據「包裝食品營養標示應遵行事項」，每100公克固體（半固體）反式脂肪酸含量不超過0.3公克得標示為0，案內產品應依實際數值標示。,113,台北市,121.5573102,25.0364265
香菜(芫荽),萬日蔬果行/臺北市內湖區店家,萬日蔬果行/臺北市內湖區五分街臨16之10號,不合格,"殺草劑Ametryn 草殺淨0.01ppm(標準：不得檢出)
殺蟲劑 Chlorpyrifos 陶斯松0.02ppm(標準：不得檢出) 
殺蟲劑Fenitrothion 撲滅松0.02ppm(標準：0.01ppm以下) 
殺草劑Pendimethalin 施得圃0.2ppm(標準：0.1ppm以下) ",113,台北市,121.6148813,25.0673647
香菜(芫荽),黃O玉/臺北市萬華區店家,黃O玉/臺北市萬華區萬大路533號地號928,不合格,"殺蟲劑Chlorpyrifos 陶斯松0.01ppm(標準：不得檢出)
殺蟲劑Fenitrothion 撲滅松0.03ppm(標準：0.01ppm以下) 
殺草劑Oxadiazon 樂滅草0.02ppm(標準：0.01ppm以下) 
殺草劑Pendimethalin 施得圃0.2ppm(標準：0.1ppm以下) ",113,台北市,121.4984156,25.0185059
青蔥,御鼎屋食品股份有限公司/臺北市士林區店家,御鼎屋食品股份有限公司/臺北市士林區中山北路6段711號,不合格,"殺蟲劑Chlorfenapyr 克凡派4.6ppm(標準：1.0ppm以下) 
生長調節劑Paclobutrazol 巴克素0.09ppm(標準：0.01ppm以下) 
殺蟲劑Pyriproxyfen 百利普芬0.05ppm(標準：0.01ppm以下) ",113,台北市,121.5275367,25.1149558
特選百香果,菓之鄉水果專賣店/臺北市南港區店家,菓之鄉水果專賣店/臺北市南港區同德路60號,不合格,"殺蟲劑Cyromazine 賽滅淨0.48ppm(標準：不得檢出) 
殺蟎劑Pyridaben 畢達本0.04ppm(標準：不得檢出) ",113,台北市,121.584972,25.045464
香菜(芫荽),王O鴻/臺北市大安區店家,王O鴻/臺北市大安區臨江街70號前,不合格,"殺草劑Linuron 理有龍0.02ppm(標準：不得檢出)
殺菌劑Thifluzamide 賽氟滅0.03ppm(標準：不得檢出) ",113,台北市,121.5555893,25.0297886
紅鳳菜,輝哥蔬菜批發行/臺北市萬華區店家,輝哥蔬菜批發行/臺北市萬華區環河南路2段245號環南市場蔬菜區第184號,不合格,"殺草劑Ametryn 草殺淨0.12ppm(標準：不得檢出) 
殺蟲劑Indoxacarb 因得克0.06ppm(標準：0.01ppm以下) ",113,台北市,121.4897587,25.0286603
紅鳳菜,茂盛蔬菜商行/臺北市萬華區店家,茂盛蔬菜商行/臺北市萬華區環河南路2段245號環南市場第198號攤,不合格,"殺草劑Ametryn 草殺淨0.02ppm(標準：不得檢出) 
殺蟲劑Indoxacarb 因得克0.05ppm( 標準：0.01ppm以下) ",113,台北市,121.4897587,25.0286603
茄子,台灣產健股份有限公司台北2店(良食生活)/臺北市大安區店家,台灣產健股份有限公司台北2店(良食生活)/臺北市大安區敦化南路1段233巷68號,不合格,"殺蟲劑Imidacloprid 益達胺0.9ppm(標準：0.5ppm以下) 
殺菌劑Thifluzamide 賽氟滅0.02ppm(標準：不得檢出) ",113,台北市,121.5492185,25.0403395
白蘿蔔(包),白蘿,御鼎屋食品股份有限公司/臺北市士林區中山北路6段711號,不合格,"殺蟲劑Clothianidin 可尼丁0.20ppm(標準：0.02ppm以下) 
殺蟲劑Lufenuron 祿芬隆0.02ppm(標準：0.01ppm以下) ",113,台北市,121.5275367,25.1149558
芫荽(香菜),果菜俗賣/臺北市北投區店家,果菜俗賣/臺北市北投區自強街119號,不合格,"殺菌劑Dimethomorph 達滅芬0.02ppm(標準：0.01ppm以下) 
殺菌劑Procymidone 撲滅寧0.09ppm(標準：0.01ppm以下) ",113,台北市,121.5154747,25.1108918
辣椒條,辣椒,唐龍國際餐飲股份有限公司(龍軒傳承)/臺北市中山區長春路90號2樓,不合格,"殺菌劑Difenoconazole 待克利2.7ppm(標準：0.5ppm以下) 
殺蟎劑Pyridaben 畢達本0.8ppm(標準：0.5ppm以下) ",113,台北市,121.5271927,25.0546833
香菜(芫荽),吉晟蔬果行/臺北市中山區店家,吉晟蔬果行/臺北市中山區錦州街222號松江市場69,不合格,"殺蟲劑Fenitrothion 撲滅松0.03ppm(標準：0.01ppm以下) 
殺菌劑Procymidone 撲滅寧0.02ppm(標準：0.01ppm以下) ",113,台北市,121.5321816,25.0601175
網室木瓜台農2號,菓之鄉水果專賣店/臺北市南港區店家,菓之鄉水果專賣店/臺北市南港區同德路60號,不合格,殺蟲劑Pyriproxyfen 百利普芬0.04ppm(標準：0.01ppm以下) ,113,台北市,121.584972,25.045464
青蔥,全聯實業股份有限公司中山吉林分公司/臺北市中山區店家,全聯實業股份有限公司中山吉林分公司/臺北市中山區吉林路213、215、217、219號1樓,不合格,殺蟲劑Fipronil-sulfone芬普尼代謝物0.003ppm(標準：0.001ppm以下) ,113,台北市,121.5304435,25.0605003
青江白菜,御鼎屋食品股份有限公司/臺北市士林區店家,御鼎屋食品股份有限公司/臺北市士林區中山北路6段711號,不合格,殺蟲劑Tolfenpyrad 脫芬瑞1.2ppm(標準：0.5ppm以下) ,113,台北市,121.5275367,25.1149558
木瓜(台農2號),東和蔬果行/臺北市內湖區店家,東和蔬果行/臺北市內湖區五分街16號1樓,不合格,殺菌劑Famoxadone 凡殺同0.02ppm(標準：0.01ppm以下) ,113,台北市,121.6137935,25.0674255
青江菜,統康生活事業股份有限公司台北農安二店分公司（家樂福超市）/臺北市店家,統康生活事業股份有限公司台北農安二店分公司（家樂福超市）/臺北市中山區農安街26號、26-1號,不合格,殺草劑Oxadiazon 樂滅草0.02ppm(標準：0.01ppm以下) ,113,台北市,121.5259532,25.0648072
香菜(芫荽),臺北市第二果菜批發市店家,臺北市第二果菜批發市場20-14攤/臺北市中山區民族東路336號1樓,不合格,殺蟲劑Fenitrothion 撲滅松0.02ppm(標準：0.01ppｍ以下) ,113,台北市,121.5371787,25.06741
白蘿蔔,白蘿,茂盛蔬菜商行/臺北市萬華區環河南路2段245號環南市場第198號攤,不合格,殺蟲劑Fipronil-sulfone芬普尼代謝物0.002ppm(標準：0.001ppm以下) ,113,台北市,121.4897587,25.0286603
蔥,昕殿有限公司（辛殿麻辣鍋信義店）/臺北市信義區店家,昕殿有限公司（辛殿麻辣鍋信義店）/臺北市信義區松壽路28號1樓,不合格,1.殺蟲劑滅芬諾(Methoxyfenozide)：0.29ppm(標準：0.01ppm) 2.殺菌劑賽氟滅(Thifluzamide)：0.55ppm(標準：不得檢出),113,台北市,121.5680923,25.0353786
青江菜,旨王開發有限公司（王鍋屋新京都風味鍋物）/臺北市信義區店家,旨王開發有限公司（王鍋屋新京都風味鍋物）/臺北市信義區松壽路12號5樓,不合格,"1.殺蟲劑克凡派(Chlorfenapyr)：1.8ppm(標準：1.0ppm)
2.殺蟲劑賽安勃(Cyantraniliprole)：0.43ppm(標準：不得檢出) 3.殺蟲劑芬普尼（Fipronil）：0.077ppm、芬普尼代謝物（ Fipronil-sulfone）：0.027ppm，共計檢出0.104 ppm（標準： 0.001ppm 以下）",113,台北市,121.5660561,25.035259
青江菜,三澧企業股份有限公司（Mo- Mo-Paradise南港潤泰牧場）/臺北市南港區店家,三澧企業股份有限公司（Mo- Mo-Paradise南港潤泰牧場）/臺北市南港區忠孝東路7段369號C棟10樓,不合格,"1.殺蟲劑克凡派(Chlorfenapyr)：1.1ppm(標準：1.0ppm)
2.殺蟲劑賽安勃(Cyantraniliprole)：0.77ppm(標準：不得檢出) 3.殺蟲劑芬普尼（Fipronil）：0.144ppm、芬普尼代謝物（ Fipronil-sulfone）：0.047ppm，共計0.191 ppm（標準：0.001ppm以下）",113,台北市,121.604518,25.0525582
青江菜,格萊思美國際餐飲股份有限公司(心心麻辣鍋)/臺北市萬華區店家,格萊思美國際餐飲股份有限公司(心心麻辣鍋)/臺北市萬華區成都路141號,不合格,"1.殺蟲劑芬普尼(Fipronil)：0.372ppm、芬普尼代謝物(Fipronil- sulfone)：0.039ppm，共計0.411 ppm（標準：0.001ppm以下）
2.殺蟲劑托福松(Terbufos)：1.42ppm (標準：0.05ppm)",113,台北市,121.5031587,25.0435509
白蘿蔔,白蘿,辣之王麻辣火鍋店(夯麻辣火鍋燒肉)/臺北市萬華區昆明街76號2樓,不合格,1.殺蟲劑賽洛寧(λ-Cyhalothrin)：0.02ppm (標準：0.01ppm),113,台北市,121.5055397,25.0457947
青蔥,明煬四方有限公司（丰明殿）/臺北市北投區店家,明煬四方有限公司（丰明殿）/臺北市北投區東華街1段362號1樓,不合格,1.殺菌劑賽氟滅(Thifluzamide)：0.14ppm(標準：不得檢出),113,台北市,121.5201889,25.1085978
花生粉,花生,寒順企業社（寒聚精緻鍋物）/臺北市北投區石牌路2段97巷8號1樓,不合格,"1.黃麴毒素B1：19.0 μg/kg（標準：2 μg/kg以下）
2.總黃麴毒素B1+B2+G1+G2：21.7μg/kg（標準：4 μg/kg以下）",113,台北市,121.5162476,25.1178079
青蔥,百世佳興業有限公司石牌分公司（火鍋世家）/臺北市北投區店家,百世佳興業有限公司石牌分公司（火鍋世家）/臺北市北投區石牌路2段335號,不合格,1.殺菌劑四克利(Tetraconazole)：0.09ppm(標準：0.01ppm),113,台北市,121.51761,25.114555
三星青蔥 SE1,富樂台式有限公司(富樂台式涮涮鍋)/臺北市士林區店家,富樂台式有限公司(富樂台式涮涮鍋)/臺北市士林區承德路4段 75-1號,不合格,1.殺蟲劑克凡派(Chlorfenapyr)：2.2ppm(標準：1.0ppm),113,台北市,121.5234635,25.0819994
豆腐,富樂台式有限公司(富樂台式涮涮鍋)/臺北市士林區店家,富樂台式有限公司(富樂台式涮涮鍋)/臺北市士林區承德路4段 75-1號,不合格,1.苯甲酸：0.5 g/kg(標準：不得檢出),113,台北市,121.5234635,25.0819994
芥藍,同學の店/臺北市信義區店家,同學の店/臺北市信義區仁愛路4段496巷19號,不合格,"殺蟲劑Emamectin benzoate 因滅汀總量0.13ppm(標準：0.05ppm以下) 
殺蟲劑Fenvalerate 芬化利5.1ppm(標準：2.0ppm以下) 
殺蟲劑Methomyl 納乃得5.1ppm(標準：3.0ppm以下) 
殺蟲劑Profenophos 佈飛松1.3ppm(標準：1.0ppm以下) 
殺菌劑Pyraclostrobin 百克敏3.2ppm(標準：2.0ppm以下) 
殺蟲劑Pyriproxyfen 百利普芬0.98ppm(標準：0.01ppm以下) 
殺蟲劑Thiodicarb 硫敵克4.4ppm(標準：1.0ppm以下) ",113,台北市,121.5604108,25.0364044
油菜,丰明殿涮涮鍋殿堂信義店(丰明殿)/臺北市信義區店家,丰明殿涮涮鍋殿堂信義店(丰明殿)/臺北市信義區信義路4段393號,不合格,"殺蟲劑Acetamiprid 亞滅培9.1ppm(標準：2.0ppm以下) 
殺菌劑Carbendazim 貝芬替1.3ppm(標準：1.0ppm以下) 
殺蟲劑Chlorfenapyr 克凡派3.8ppm(標準：1.0ppm以下) 
殺蟲劑Cyantraniliprole 賽安勃0.34ppm(標準：不得檢出) 
殺蟲劑Fipronil 芬普尼0.002ppm及芬普尼代謝物Fipronil-sulfone0.002ppm，合計共0.004ppm(標準0.001ppm以下) 
殺菌劑Propamocarb hydrochloride 普拔克10.9ppm(標準：10.0ppm以下) ",113,台北市,121.5585386,25.033316
香菜(芫荽),阿萬青菜號/臺北市中正區店家,阿萬青菜號/臺北市中正區羅斯福路1段8號南門市場B1-17、63、64號攤,不合格,"殺蟲劑Fenitrothion 撲滅松0.02ppm(標準：0.01ppm以下) 
殺蟲劑Imidacloprid 益達胺0.03ppm(標準：0.01ppm以下) 
殺菌劑Iprodione 依普同0.03ppm(標準：0.01ppm以下) 
殺菌劑Mandipropamid 曼普胺0.01ppm(標準：不得檢出)  ",113,台北市,121.51824,25.0324904
油菜,三軍總醫院營養部/臺北市內湖區店家,三軍總醫院營養部/臺北市內湖區成功路2段325號B1,不合格,"殺蟲劑Chlorfenapyr 克凡派2.2ppm(標準：1.0ppm以下) 
殺蟲劑Fipronil 芬普尼0.435ppm及芬普尼代謝物Fipronil-sulfone0.083ppm，合計共0.518ppm(標準：0.001ppm以下) 
殺蟲劑Indoxacarb 因得克3.7ppm(標準：2.0ppm以下) 
殺蟲劑Pyriproxyfen 百利普芬1.53ppm(標準：0.01ppm以下) ",113,台北市,121.5924282,25.0716466
青江菜,統康生活事業股份有限公司天母分公司（Mia C'bon）/臺北市士林區店家,統康生活事業股份有限公司天母分公司（Mia C'bon）/臺北市士林區天母西路3號2樓,不合格,"殺蟲劑Chlorfenapyr 克凡派2.0ppm(標準：1.0ppm以下) 
殺蟲劑Indoxacarb 因得克2.4ppm(標準：2.0ppm以下) ",113,台北市,121.5292944,25.1185981
菠菜,灃群物流有限公司/臺北市萬華區店家,灃群物流有限公司/臺北市萬華區環河南路3段117、119號,不合格,"殺菌劑Flutolanil福多寧2.9ppm（標準：2.0ppm以下）
殺蟲劑Methomyl納乃得5.8ppm（標準：3.0ppm以下）",113,台北市,121.491099,25.0242639
香菜(芫荽),蔬菜攤(程O明)/臺北市中山區店家,蔬菜攤(程O明)/臺北市中山區錦西街26號,不合格,殺草劑Linuron 理有龍0.03ppm(標準：不得檢出) ,113,台北市,121.5209438,25.0601745
蔥,人杰老四川餐飲管理顧問股份有限公司台北南京東分公司（老四川巴蜀麻辣燙）/臺北市中山區店家,人杰老四川餐飲管理顧問股份有限公司台北南京東分公司（老四川巴蜀麻辣燙）/臺北市中山區南京東路2段45號1-2樓、47號1-3樓,不合格,殺菌劑Thifluzamide賽氟滅0.02ppm（標準：不得檢出）,113,台北市,121.5281835,25.051898
特選香菜(芫荽),全聯實業股份有限公司天母天玉分公司(全聯福利中心)/臺北市士林區店家,全聯實業股份有限公司天母天玉分公司(全聯福利中心)/臺北市士林區天母西路3號地下,不合格,殺草劑Linuron理有龍0.02ppm（標準：不得檢出）,113,台北市,121.529675,25.11898
芫荽(香菜),尚揚蔬果行/臺北市松山區店家,尚揚蔬果行/臺北市松山區南京東路5段291巷30號1樓,不合格,殺蟲劑Diazinon 大利松0.01ppm(標準：不得檢出) ,113,台北市,121.5574266,25.0518277
蔥,第二果菜批發市場18-08號攤/臺北市店家,第二果菜批發市場18-08號攤/臺北市中山區民族東路336號,不合格,殺蟎劑Spirodiclofen 賜派芬0.07ppm(標準：0.01ppm以下) ,113,台北市,121.5371787,25.06741
白蘿蔔,白蘿,景O文/臺北市萬華區環河南路2段245號115號攤,不合格,殺蟲劑Fipronil芬普尼0.001ppm、Fipronil-sulfone芬普尼代謝物0.003ppm，合計共0.004ppm（標準：0.001ppm以下）,113,台北市,121.4897587,25.0286603
菠菜,景O文/臺北市萬華區店家,景O文/臺北市萬華區環河南路2段245號115號攤,不合格,殺草劑Oxadiazon 樂滅草0.04ppm(標準：0.01ppm以下) ,113,台北市,121.4897587,25.0286603
彩色甜椒,彩色,第二果菜批發市場19-09號攤/臺北市中山區民族東路336號1樓,不合格,殺蟲劑Profenophos 佈飛松1.8ppm(標準：1.0ppm以下) ,113,台北市,121.5371787,25.06741
菠菜,同學の店/臺北市信義區店家,同學の店/臺北市信義區仁愛路4段496巷19號,不合格,殺蟲劑Imidacloprid益達胺1.7pm（標準：1.0ppm以下）,113,台北市,121.5604108,25.0364044
茼蒿,三商家購股份有限公司中正汀州分公司（美廉社中正汀州店）/臺北市中正區店家,三商家購股份有限公司中正汀州分公司（美廉社中正汀州店）/臺北市中正區汀州路1段220號,不合格,殺菌劑Flutolanil 福多寧2.7ppm(標準：2.0ppm以下) ,113,台北市,121.5097277,25.0276214
青江菜,築間餐飲事業股份有限公司信義世貿營業所(築間幸福鍋物)/臺北市信義區店家,築間餐飲事業股份有限公司信義世貿營業所(築間幸福鍋物)/臺北市信義區基隆路1段426號1樓,不合格,殺蟲劑Chlorfenapyr 克凡派1.3ppm(標準：1.0ppm以下) ,113,台北市,121.5653136,25.0419415
白蘿蔔(SA9),白蘿,捷達農產企業社/臺北市萬華區萬大路424巷151號環南市場甲棟1樓第121號攤,不合格,"殺蟲劑Clothianidin可尼丁0.15 ppm（標準：0.02 ppm以下）
殺蟲劑Thiamethoxam賽速安0.91 ppm（標準：0.25 ppm
以下）
殺蟲劑Trichlorfon三氯松0.08 ppm（標準：0.01 ppm以下）
殺蟲劑Cyhalothrin賽洛寧0.08 ppm（標準：0.01 ppm以下）",113,台北市,121.49419,25.020705
白蘿蔔,白蘿,純香食品行/臺北市內湖區南京東路6段330巷18弄15號2樓,不合格,"殺蟲劑Chlorfenapyr克凡派0.08 ppm（標準：0.05 ppm以下）
殺蟲劑Chlorpyrifos陶斯松0.01 ppm（標準：不得檢出）殺蟲劑Fipronil-sulfone芬普尼代謝物0.004 ppm（標準： 0.001ppm以下）",113,台北市,121.5838787,25.0577302
包心芥菜,吉米蔬果行/臺北市信義區店家,吉米蔬果行/臺北市信義區中坡南路257號及261號,不合格,"殺蟲劑Acetamiprid亞滅培2.5 ppm（標準：2.0 ppm以下）
殺菌劑Dimethomorph達滅芬3.7 ppm（標準：2.5ppm以下）
殺菌劑Tebuconazole得克利1.47 ppm（標準：0.05ppm以下）",113,台北市,121.5845198,25.0396413
大刈菜,第一果菜批發市場/臺北市店家,第一果菜批發市場/臺北市萬華區萬大路533號地號1209,不合格,"殺菌劑Propamocarb hydrochloride普拔克6.6ppm（標準： 5.0ppm以下）
殺菌劑Tebuconazole得克利0.23ppm（標準：0.05 ppm以下）",113,台北市,121.497064,25.017135
刈菜,謝O壹/臺北市中山區店家,謝O壹/臺北市中山區民族東路410巷2弄O號前,不合格,"殺菌劑Propam ocarb hydrochloride普拔克11.6ppm（標準：5.0ppm以下）
殺菌劑Tebuconazole得克利0.16ppm（標準：0.05ppm以下）",113,台北市,121.5374028,25.0668501
農產白蘿蔔,台北市農會蔬果舖子/臺北市店家,台北市農會蔬果舖子/臺北市大安區復興南路1段340巷旁空地,不合格,殺蟲劑Thiamethoxam賽速安0.52ppm（標準：0.25ppm以下）,113,台北市,121.5434442,25.0363527
辣椒(FV1小紅),辣椒,3499林O鴦/臺北市萬華區萬大路533號第一果菜批發市場地號2215,不合格,殺菌劑Cyprodinil賽普洛0.8ppm（標準：0.5ppm以下）,113,台北市,121.497064,25.017135
"竹荪(製造日期：
20240903)",未知店家,蝦皮購物-台瑞格(美食&日用品),不合格,"1.殺蟲劑克凡派0.09ppm（標準：0.05ppm以下）
2.產品外包裝未依規定以中文標示",113,台北市,120.960515,23.69781
竹笙,竹笙,鼎昌雜糧行(易順興雜糧行)/臺北市信義區仁愛路4段452巷21號,不合格,重金屬鎘5mg/kg(標準：2mg/kg以下),113,台北市,121.5592925,25.0364253
"竹荪(製造日期：
20241010)",未知店家,蝦皮購物-台瑞格(美食&日用品),不合格,"1.重金屬鎘5mg/kg（標準：2mg/kg以下）
2.產品屬包裝食品惟未依規定以中文標示",113,台北市,120.960515,23.69781
竹笙,竹笙,鼎旺麻辣有限公司(鼎旺麻辣鍋)/臺北市大安區大安路1段 251號,不合格,重金屬鎘3mg/kg(標準：2mg/kg以下),113,台北市,121.5460728,25.0309894
大豆干（不辣）,八玖食小食樂趣/臺北市大同區店家,八玖食小食樂趣/臺北市大同區迪化街1段21號永樂市場 1019攤,不合格,"1.防腐劑苯甲酸1.0g/kg（標準：0.6g/kg以下）、己二烯酸4.0g/kg（標準：2.0g/kg以下）
2.產品屬包裝食品惟未依規定以中文標示",113,台北市,121.5103053,25.0552408
"休閒片（有效日期：
20250213）",正祥食品行（黃日香豆干台北總店）/臺北市萬華區店家,正祥食品行（黃日香豆干台北總店）/臺北市萬華區中華路2段66號1樓/實際抽驗地址為64號,不合格,防腐劑己二烯酸2.3g/kg（標準：2.0g/kg以下）,113,台北市,121.5045361,25.032266
猴頭菇,大福慧素食食品商行/臺北市萬華區店家,大福慧素食食品商行/臺北市萬華區西藏路293號1樓,不合格,生長調節劑Chlormequat克美素0.13ppm（標準：不得檢出）,113,台北市,121.4919085,25.0284476
巴西蘑菇,勝隆南北雜貨行/臺北市大同區店家,勝隆南北雜貨行/臺北市大同區迪化街1段258號1樓,不合格,重金屬鎘9mg/kg（標準：2mg/kg以下）,113,台北市,121.5092662,25.0604034
"特花椒粒（有效日期：
20261019）",興長生蔘藥行/臺北市信義區店家,興長生蔘藥行/臺北市信義區吳興街197號,不合格,"殺蟲劑Acetamiprid亞滅培1.08ppm（標準：0.05ppm以下）
殺蟲劑Bifenthrin畢芬寧0.07ppm（標準：0.03ppm以下）
殺蟲劑Carbofuran加保扶0.82ppm（標準：不得檢出）殺蟲劑Chlorpyrifos陶斯松0.35ppm（標準：不得檢出）殺蟲劑Clothianidin可尼丁0.08ppm（標準：0.03ppm以下）
殺菌劑Difenoconazole待克利0.32ppm（標準：0.05ppm以下）
殺蟲劑Imidacloprid益達胺0.27ppm（標準：0.05ppm以下）
殺菌劑Pyraclostrobin百克敏0.57ppm（標準：0.05ppm以下）
殺菌劑Tebuconazole得克利0.85ppm（標準：0.05ppm以下
殺蟲劑Cyhalothrin賽洛寧0.08ppm（標準：0.03ppm以下）",113,台北市,121.5627716,25.0283403
白木耳,白木,趙不金號(協盛福州商店)/臺北市中正區羅斯福路1段8號 1樓南門市場1F-20,不合格,"殺蟲劑Imidacloprid益達胺0.50ppm(標準：0.05ppm以下)殺蟲劑Methomyl納乃得0.10ppm(標準：不得檢出)
殺蟲劑Phoxim巴賽松0.09ppm(標準：不得檢出)",113,台北市,121.531919,25.0166334
"竹笙(有效日期：
20260616)",竹笙,萬年興商行/臺北市內湖區內湖路3段107號1樓,不合格,產品屬包裝食品惟未依規定以中文標示,113,台北市,121.590768,25.086434
